Pharo Clean VM - Image Loader Test
===================================

=== Oop Tagging Tests ===
SmallInteger 42:  0x151 isSmallInteger=1 value=42
SmallInteger -100: 0xfffffffffffffce1 value=-100
Character 'A':    0x20b isCharacter=1 codepoint=65
nil:              0x0 isNil=1

SmallFloat tests:
  1 -> 0x7f00000000000005 -> 1 OK
  168 -> 0x8650000000000005 -> 168 OK
  80 -> 0x8540000000000005 -> 80 OK
  -42.5 -> 0x845400000000000d -> -42.5 OK
  0 -> 0x5 -> 0 OK
  1024 -> 0x8900000000000005 -> 1024 OK
  0.5 -> 0x7e00000000000005 -> 0.5 OK

Decoding known SmallFloat values from Pharo:
  0x8540000000000005 -> 80
  0x8650000000000005 -> 168
  0x8000000000000005 -> 2

Tag verification (should use low 3 bits only):
  SmallInteger tag: 1 (expected 1)
  Character tag:    3 (expected 3)

Loading image: /tmp/harness/Pharo-jit.image
Working directory: /private/tmp/harness
Memory initialized successfully
Image loaded successfully!
=== Image Header ===
Format:            68021 (Spur 64-bit)
Header size:       128 bytes
Image size:        59062072 bytes (56 MB)
Old base address:  0x10000000000
Special objects:   0x100010f1838
Last hash:         2479426907823963612
Screen size:       0 x 0
Flags:             0x2
First segment:     59062072 bytes
Free old space:    0 bytes
Eden bytes:        22003584

=== Special Objects ===
Special objects array: 0x3010f1838
  Raw header: 0x3c00000002000033
  Slot count (bits 0-7): 51
  Hash (bits 8-29): 131072
  Format (bits 30-34): 0
  Class index (bits 35-56): 0
  Flags (bits 57-63): 30
  Computed slot count: 60

First 20 special objects:
  [0]: 0x300000000 (object, class: 3075)
  [1]: 0x300000010 (object, class: 3077)
  [2]: 0x300000020 (object, class: 3079)
  [3]: 0x30006d468 (object, class: 3139)
  [4]: 0x3009258e8 (object, class: 7589)
  [5]: 0x300366d28 (object, class: 3080)
  [6]: 0x3000162d0 (object, class: 3086)
  [7]: 0x3000164b0 (object, class: 3092)
  [8]: 0x300020ce8 (object, class: 3135)
  [9]: 0x3000167d0 (object, class: 3102)
  [10]: 0x300016870 (object, class: 3104)
  [11]: 0x300000000 (object, class: 3075)
  [12]: 0x300016cd0 (object, class: 3118)
  [13]: 0x300016690 (object, class: 3098)
  [14]: 0x300000000 (object, class: 3075)
  [15]: 0x300016af0 (object, class: 3112)
  [16]: 0x300000000 (object, class: 3075)
  [17]: 0x30381a6f0 (object, class: 48)
  [18]: 0x300016b90 (object, class: 3114)
  [19]: 0x300366cc0 (object, class: 3082)

=== Memory Layout ===
Old space:  0x300000000 - 0x400000000
Allocated:  0 MB
Free:       4039 MB

First 128 bytes of old space (raw):
  [0]: 0x25c97500800c03
  [8]: 0x0
  [16]: 0x106b2800800c05
  [24]: 0x0
  [32]: 0x2b1f8100800c07
  [40]: 0x0
  [48]: 0x4000000009000013
  [56]: 0x0
  [64]: 0x0
  [72]: 0x0
  [80]: 0x0
  [88]: 0x0
  [96]: 0x0
  [104]: 0x0
  [112]: 0x0
  [120]: 0x0

First object header analysis:
  Raw: 0x25c97500800c03
  Slot count: 3
  Format: 20
  Class index: 309550

=== Object Statistics ===
Total objects:    741393
Pointer objects:  437613
Byte objects:     127367
Compiled methods: 175938
Total size:       56 MB

=== Checking iOS Classes ===
  OSWorldRenderer: found
  OSiOSDriver: NOT FOUND
  OSiOSBackendWindow: NOT FOUND
  NullWorldRenderer: found
  OSWindowDriver: found
  OSWindow: found
  WorldMorph: found
  WorldState: found
  Display: NOT FOUND

=== Display Surface Setup ===
Created 1024x768 test display surface

=== Interpreter Initialization ===
Event callback registered
[RESUME] ctx[0]: SnapshotOperation>>doSnapshot
[RESUME] ctx[1]: SnapshotOperation>>doSnapshot
[RESUME] ctx[2]: FullBlockClosure>>on:do:
[RESUME] ctx[3]: FullBlockClosure>>onErrorDo:
[RESUME] ctx[4]: SnapshotOperation>>executeStoringError:
[RESUME] ctx[5]: SnapshotOperation>>performSnapshot
[RESUME] ctx[6]: SessionManager>>launchSnapshot:andQuit:
[RESUME] ctx[7]: SessionManager>>signal
[RESUME] ctx[8]: FullBlockClosure>>terminateRealActive
[RESUME] inSnapshotCode=1 chainDepth=9
[RESUME] Initial context: method=#doSnapshot pc=55
[RESUME] Patching: stackp=1 stackTopSlot=6 oldVal=true(0x300000020) -> true
[RESUME] Found SnapshotOperation 0x30382dc30 at ctx depth 0, isImageStarting=false
[RESUME] Found SnapshotOperation 0x30382dc30 at ctx depth 1, isImageStarting=true
[RESUME] Found SnapshotOperation 0x30382dc30 at ctx depth 4, isImageStarting=true
[RESUME] Found SnapshotOperation 0x30382dc30 at ctx depth 5, isImageStarting=true
[RESUME] Patched isImageStarting on 1 SnapshotOperation(s)
[STARTUP] Boosting startup process 0x30381e618 from P79 to P80
[JIT] Initialized: 16 MB code zone at 0x10a218000
[STARTUP] Headless mode: deferring timer semaphore signal
Interpreter initialized successfully!
Active method: 0x300339380

=== Creating Display ===
[ensureDisplayForm] Created 1024x768x32 Form, setGlobal=true
[ensureDisplayForm] Verify: findGlobal(Display)=found raw=0x303e53748 formObj=0x303e53748
Display after ensureDisplayForm: created!

=== Direct BitBlt Test ===
Display bits: object width: 1024 height: 768 depth: 32
Bitmap format: 9 byteSize: 6291456
Filling display with gradient (1572864 pixels)...
Wrote gradient to display bitmap
Heartbeat will start after startup completes...

=== Forced GC Test ===
Before GC: used=62MB free=4033MB
After GC: used=62MB free=4033MB
Freed: 159KB
GC reclaimed: 163776 bytes, moved: 0 objects, took: 94ms

=== Execution Test ===
Running up to 60000000000 bytecode steps...
[SISTA] compile=0 dispatch=1 hook active
[SISTA] hits=0/1 cache=1 disp=0 ret=0 send=0 unk=0
[CACHE-1] #keys -> getter=-1 setter=-1 retSelf=0 prim=0 cls=0x3000173c8 method=0x3003040d0
[CACHE-2] #keysDo: -> getter=-1 setter=-1 retSelf=0 prim=0 cls=0x3000173c8 method=0x300304048
[SISTA-SPLICE-DIAG] doBC=12 litIdx=0 icCls=0 verdict=REJECT reject=no hints provided rejOp=return
[SISTA-SPLICE-DIAG] doBC=4 litIdx=0 icCls=0 verdict=REJECT reject=no hints provided rejOp=return
[SISTA-SPLICE-DIAG] doBC=4 litIdx=0 icCls=0 verdict=REJECT reject=no hints provided rejOp=return
[SISTA-SPLICE-DIAG] doBC=5 litIdx=0 icCls=0 verdict=REJECT reject=no hints provided rejOp=return
[SISTA-ACCUM-DIAG] pfbBC=2 blockLen=11 lead=40 (want 9-10, lead=fb)
[SEM-SIGNAL-2] sem=0x3037f28c0 active-pri=80 waiter=0x302c61398 waiter-pri=80
[CACHE-3] #methodDict -> getter=-1 setter=-1 retSelf=0 prim=0 cls=0x3000168d8 method=0x3003aa4d8
[CACHE-4] #methodDict -> getter=-1 setter=-1 retSelf=0 prim=0 cls=0x300016b58 method=0x3003aa4d8
[JIT] AUTO-EXCLUDED exception infra #findContextSuchThat:
[JIT] AUTO-EXCLUDED exception infra #findContextSuchThat:
[XFER-1] old=0x3037f6668 pri=80 -> new=0x302c61398 pri=80
[SISTA-SPLICE-DIAG] doBC=18 litIdx=1 icCls=0 verdict=REJECT reject=numCopied > 1 rejOp=return
[SISTA-SPLICE-DIAG] doBC=8 litIdx=1 icCls=0 verdict=REJECT reject=no hints provided rejOp=return
[SISTA-ACCUM-DIAG] pfbBC=5 blockLen=11 lead=40 (want 9-10, lead=fb)
[XFER-2] old=0x302c61398 pri=80 -> new=0x3037f28e0 pri=80
[SEM-SIGNAL-3] sem=0x42f018e78 active-pri=80 waiter=0x3037f6668 waiter-pri=80
[XFER-3] old=0x3037f28e0 pri=80 -> new=0x3037f6668 pri=80
[XFER-4] old=0x3037f6668 pri=80 -> new=0x3037f2938 pri=80
[SEM-SIGNAL-4] sem=0x42f01faf8 active-pri=80 waiter=0x3037f6668 waiter-pri=80
[XFER-5] old=0x3037f2938 pri=80 -> new=0x3037f6668 pri=80
[SISTA-SPLICE-DIAG] doBC=6 litIdx=0 icCls=0 verdict=REJECT reject=numCopied > 1 rejOp=return
[asmjit-t1] code.code_size=3720 out of [1, 3584]
[asmjit-t1] code.code_size=5764 out of [1, 4608]
[asmjit-t1] code.code_size=3944 out of [1, 3584]
[asmjit-t1] code.code_size=3708 out of [1, 3584]
[asmjit-t1] code.code_size=5804 out of [1, 5632]
[SLOW-EXIT-SEND #1] method=#next ic=0xa570d5e00
[IC-PATCH] #at: J2J=1 key=0x32 extra=0x100e00010a21ca70
[SLOW-EXIT-SEND #2] method=#nextPut: ic=0xa56dcc5a0
[SLOW-EXIT-SEND #3] method=#contents ic=0xa56dccc80
[IC-PATCH] #max: J2J=1 key=0x80000001 extra=0x100000010a21b130
[SLOW-EXIT-SEND #4] method=#copyFrom:to: ic=0xa56dccdc0
[SLOW-EXIT-SEND #5] method=#new: ic=0xa5708e000
[SLOW-EXIT-SEND #6] method=#= ic=0xa587fca00
[SLOW-EXIT-SEND #7] method=#compare:with: ic=0xa5708f000
[SLOW-EXIT-SEND #8] method=#install ic=0xa56dcfac0
[IC-PATCH] #platformName J2J=1 key=0xc3f extra=0x100000010a2bf630
[SLOW-EXIT-SEND #9] method=#vm ic=0xa56dcd180
[SLOW-EXIT-SEND #10] method=#getSystemAttribute: ic=0xa587fc780
[IC-PATCH] #utf8 J2J=1 key=0x139c extra=0x100000010a251ab0
[IC-PATCH] #readStream J2J=1 key=0x32 extra=0x100000010a2547b0
[IC-PATCH] #new:streamContents: J2J=1 key=0xc4c extra=0x100000010a227b70
[IC-PATCH] #max: J2J=1 key=0x80000001 extra=0x100000010a21b130
[IC-PATCH] #decodeBytes: J2J=1 key=0x1409 extra=0x100000010a253a70
[IC-PATCH] #size J2J=1 key=0x34 extra=0x101000010a218070
[IC-PATCH] #reset J2J=1 key=0xc79 extra=0x100000010a21a7b0
[IC-PATCH] #at: J2J=1 key=0x32 extra=0x100e00010a21ca70
[IC-PATCH] #findElementOrNil: J2J=1 key=0xc41 extra=0x100000010a22edb0
[SISTA-SPLICE-DIAG] doBC=5 litIdx=1 icCls=0 verdict=REJECT reject=no hints provided rejOp=return
[IC-PATCH] #== J2J=1 key=0x80000001 extra=0x100a00010a2c14f0
[CACHE-5] #superclass -> getter=0 setter=-1 retSelf=0 prim=264 cls=0x300016478 method=0x3003aa468
[CACHE-6] #superclass -> getter=0 setter=-1 retSelf=0 prim=264 cls=0x30001a1f0 method=0x3003aa468
[IC-PATCH] #reset J2J=1 key=0xc57 extra=0x100000010a23deb0
[IC-PATCH] #asContextWithSender: J2J=1 key=0x26 extra=0x100000010a28a370
[IC-PATCH] #header J2J=1 key=0xc2d extra=0x100000010a267d30
[IC-PATCH] #vm J2J=1 key=0xc3f extra=0x100000010a245c30
[IC-PATCH] #header J2J=1 key=0xc2d extra=0x100000010a267d30
[IC-PATCH] #activeProcess J2J=1 key=0xc31 extra=0x100000010a2743b0
[IC-PATCH] #new J2J=1 key=0xc22 extra=0x100000010a28ee30
[IC-PATCH] #lowestPriority J2J=1 key=0xc31 extra=0x100000010a292230
[IC-PATCH] #size J2J=1 key=0x33 extra=0x101000010a218070
[IC-PATCH] #isActive J2J=1 key=0xc23 extra=0x100000010a2751f0
[IC-PATCH] #== J2J=1 key=0xc8f extra=0x100a00010a2c14f0
[IC-PATCH] #findElementOrNil: J2J=1 key=0xc8f extra=0x100000010a22edb0
[IC-PATCH] #state J2J=1 key=0xc23 extra=0x100000010a275ef0
[IC-PATCH] #effectiveProcess J2J=1 key=0xc23 extra=0x100000010a2748f0
[IC-PATCH] #== J2J=1 key=0xc5b extra=0x100a00010a2c14f0
[IC-PATCH] #== J2J=1 key=0x24 extra=0x100a00010a2c14f0
[IC-PATCH] #activeProcess J2J=1 key=0xc31 extra=0x100000010a2743b0
[INIT-RESOLVER] #1 Resolver class var set non-nil at step 445040 (value=0x42f0d1b48) — defer will lift after buffer
[P63] idx=1 arrIdx=0 byte=0x32($2) str='2026-04-06 12:00:00 '(25)
[P63] idx=1 arrIdx=0 byte=0x79($y) str='y-mm-dd'(7)
[SISTA-SPLICE-DIAG] doBC=8 litIdx=1 icCls=0 verdict=REJECT reject=no hints provided rejOp=return
[SISTA-ACCUM-DIAG] pfbBC=5 blockLen=13 lead=4c (want 9-10, lead=fb)
[P63] idx=1 arrIdx=0 byte=0x79($y) str='yyy'(3)
[P63] idx=2 arrIdx=1 byte=0x2d($-) str='y-mm-dd'(7)
[P63] idx=2 arrIdx=1 byte=0x2d($-) str='y-mm-dd'(7)
[P63] idx=1 arrIdx=0 byte=0x32($2) str='2026-04-06 12:00:00 '(25)
[P63] idx=1 arrIdx=0 byte=0x32($2) str='2026-04-06 12:00:00 '(25)
[P63] idx=1 arrIdx=0 byte=0x32($2) str='2026-04-06 12:00:00 '(25)
[P63] idx=2 arrIdx=1 byte=0x30($0) str='2026-04-06 12:00:00 '(25)
[P63] idx=2 arrIdx=1 byte=0x30($0) str='2026-04-06 12:00:00 '(25)
[P63] idx=3 arrIdx=2 byte=0x32($2) str='2026-04-06 12:00:00 '(25)
[P63] idx=3 arrIdx=2 byte=0x32($2) str='2026-04-06 12:00:00 '(25)
[P63] idx=4 arrIdx=3 byte=0x36($6) str='2026-04-06 12:00:00 '(25)
[P63] idx=4 arrIdx=3 byte=0x36($6) str='2026-04-06 12:00:00 '(25)
[P63] idx=5 arrIdx=4 byte=0x2d($-) str='2026-04-06 12:00:00 '(25)
[P63] idx=5 arrIdx=4 byte=0x2d($-) str='2026-04-06 12:00:00 '(25)
[P63] idx=2 arrIdx=1 byte=0x2d($-) str='y-mm-dd'(7)
[P63] idx=5 arrIdx=4 byte=0x2d($-) str='2026-04-06 12:00:00 '(25)
[P63] idx=3 arrIdx=2 byte=0x6d($m) str='y-mm-dd'(7)
[P63] idx=4 arrIdx=3 byte=0x6d($m) str='y-mm-dd'(7)
[P63] idx=1 arrIdx=0 byte=0x30($0) str='04'(2)
[P63] idx=1 arrIdx=0 byte=0x30($0) str='04'(2)
[P63] idx=1 arrIdx=0 byte=0x30($0) str='04'(2)
[P63] idx=1 arrIdx=0 byte=0x30($0) str='04'(2)
[P63] idx=2 arrIdx=1 byte=0x34($4) str='04'(2)
[P63] idx=2 arrIdx=1 byte=0x34($4) str='04'(2)
[P63] idx=5 arrIdx=4 byte=0x2d($-) str='y-mm-dd'(7)
[P63] idx=8 arrIdx=7 byte=0x2d($-) str='2026-04-06 12:00:00 '(25)
[P63] idx=6 arrIdx=5 byte=0x64($d) str='y-mm-dd'(7)
[P63] idx=7 arrIdx=6 byte=0x64($d) str='y-mm-dd'(7)
[SISTA-SPLICE-DIAG] doBC=17 litIdx=3 icCls=0 verdict=REJECT reject=no hints provided rejOp=return
[XFER-6] old=0x3037f6668 pri=80 -> new=0x3037f5f80 pri=80
[SEM-SIGNAL-8] sem=0x42f0e0370 active-pri=80 waiter=0x3037f6668 waiter-pri=80
[XFER-7] old=0x3037f5f80 pri=80 -> new=0x3037f6668 pri=80
[asmjit-t1] code.code_size=3720 out of [1, 3584]
[asmjit-t1] code.code_size=5256 out of [1, 5120]
[asmjit-t1] code.code_size=3132 out of [1, 3072]
[SISTA-SPLICE-DIAG] doBC=13 litIdx=2 icCls=0 verdict=REJECT reject=no hints provided rejOp=return
[SISTA-SPLICE-DIAG] doBC=20 litIdx=3 icCls=0 verdict=REJECT reject=no hints provided rejOp=return
[asmjit-t1] code.code_size=3716 out of [1, 3584]
[asmjit-t1] code.code_size=4960 out of [1, 4096]
[asmjit-t1] code.code_size=7592 out of [1, 5632]
[CACHE-7] #keys -> getter=-1 setter=-1 retSelf=0 prim=0 cls=0x30001edd0 method=0x3002e2688
[SISTA-COLLECT-DIAG] send1BC=4 selIdx=1 verdict=REJECT reject=non-simple block op rejOp=send
[SISTA-SPLICE-DIAG] doBC=9 litIdx=1 icCls=0 verdict=REJECT reject=numCopied > 1 rejOp=return
[SISTA-SPLICE-DIAG] doBC=5 litIdx=0 icCls=0 verdict=REJECT reject=no hints provided rejOp=return
[SISTA-ACCUM-DIAG] pfbBC=2 blockLen=7 lead=41 (want 9-10, lead=fb)
[CACHE-8] #superclass -> getter=0 setter=-1 retSelf=0 prim=264 cls=0x30001eb18 method=0x3003aa468
[CACHE-9] #superclass -> getter=0 setter=-1 retSelf=0 prim=264 cls=0x30001b3b0 method=0x3003aa468
[JIT] AUTO-EXCLUDED exception infra #signal (class Exception class)
[JIT] AUTO-EXCLUDED exception infra #receiver (class Exception class)
[JIT] AUTO-EXCLUDED exception infra #signalerContext
[JIT] AUTO-EXCLUDED exception infra #handleSignal:
[SISTA-COLLECT-DIAG] send1BC=10 selIdx=6 verdict=REJECT reject=non-simple block op rejOp=send
[CACHE-10] #methodDict -> getter=-1 setter=-1 retSelf=0 prim=0 cls=0x3002329d0 method=0x3003aa4d8
[CACHE-11] #superclass -> getter=0 setter=-1 retSelf=0 prim=264 cls=0x3002329d0 method=0x3003aa468
[CACHE-12] #methodDict -> getter=-1 setter=-1 retSelf=0 prim=0 cls=0x300232390 method=0x3003aa4d8
[CACHE-13] #methodDict -> getter=-1 setter=-1 retSelf=0 prim=0 cls=0x3002336f0 method=0x3003aa4d8
[asmjit-t1] code.code_size=3716 out of [1, 3584]
[asmjit-t1] code.code_size=7952 out of [1, 7680]
[asmjit-t1] code.code_size=4744 out of [1, 4096]
[asmjit-t1] code.code_size=3944 out of [1, 3584]
[asmjit-t1] code.code_size=6832 out of [1, 6144]
[CACHE-14] #superclass -> getter=0 setter=-1 retSelf=0 prim=264 cls=0x3002336f0 method=0x3003aa468
[CACHE-15] #methodDict -> getter=-1 setter=-1 retSelf=0 prim=0 cls=0x3002333d0 method=0x3003aa4d8
[CACHE-16] #superclass -> getter=0 setter=-1 retSelf=0 prim=264 cls=0x3002333d0 method=0x3003aa468
[CACHE-17] #superclass -> getter=0 setter=-1 retSelf=0 prim=264 cls=0x3002336f0 method=0x3003aa468
[asmjit-t1] code.code_size=3720 out of [1, 3584]
[asmjit-t1] code.code_size=3712 out of [1, 3584]
[CACHE-18] #superclass -> getter=0 setter=-1 retSelf=0 prim=264 cls=0x300024cd0 method=0x3003aa468
[CACHE-19] #superclass -> getter=0 setter=-1 retSelf=0 prim=264 cls=0x30001a710 method=0x3003aa468
[asmjit-t1] code.code_size=7600 out of [1, 5632]
[asmjit-t1] code.code_size=3132 out of [1, 3072]
[asmjit-t1] code.code_size=3948 out of [1, 3584]
[SISTA-SELECT-CAND] pfbBC=1 send1BC=4 selIdx=1 litIdx=0 slot=0
[SISTA-SELECT-EMIT] bc=1 slot=0 vid=1
[asmjit-t1] code.code_size=3132 out of [1, 3072]
[asmjit-t1] code.code_size=4736 out of [1, 4096]
[asmjit-t1] code.code_size=5540 out of [1, 4608]
[SISTA-COLLECT-DIAG] send1BC=15 selIdx=4 verdict=REJECT reject=non-simple block op rejOp=send
[SISTA-SPLICE-DIAG] doBC=9 litIdx=3 icCls=0 verdict=REJECT reject=no hints provided rejOp=return
[SISTA-SPLICE-DIAG] doBC=6 litIdx=1 icCls=0 verdict=REJECT reject=no hints provided rejOp=return
[SISTA-ACCUM-DIAG] pfbBC=3 blockLen=4 lead=40 (want 9-10, lead=fb)
[asmjit-t1] code.code_size=4736 out of [1, 4096]
[asmjit-t1] code.code_size=3932 out of [1, 3584]
[SISTA-COLLECT-DIAG] send1BC=7 selIdx=2 verdict=REJECT reject=non-simple block op rejOp=send
[SISTA-SELECT-CAND] pfbBC=10 send1BC=13 selIdx=4 litIdx=3 slot=0
[SISTA-ACCUM-DIAG] pfbBC=5 blockLen=14 lead=41 (want 9-10, lead=fb)
[SISTA-ACCUM-DIAG] pfbBC=21 blockLen=29 lead=40 (want 9-10, lead=fb)
[asmjit-t1] code.code_size=24244 out of [1, 22528]
[asmjit-t1] code.code_size=9768 out of [1, 9728]
[JIT] Stats: 65536 sends, 674 compiled, 2438 failed, 2528/16384 KB code | IC: 7614/9880 (77% hit, 347 patched, 0 stale) | J2J-r: 0/0 J2J-a: 6731/9511 J2J-d: 226 J2J-s: 2255/4681 | map: 1298 tracked, 841 hot
[asmjit-t1] code.code_size=9768 out of [1, 9728]
[SISTA-INJECT-SPLICE-DIAG] send2BC=7 selIdx=5 verdict=REJECT reject=non-simple block op rejOp=send
[SISTA-ACCUM-DIAG] pfbBC=2 blockLen=8 lead=41 (want 9-10, lead=fb)
[JIT] Stats: 131072 sends, 803 compiled, 4307 failed, 3092/16384 KB code | IC: 14365/19696 (72% hit, 433 patched, 0 stale) | J2J-r: 0/0 J2J-a: 13209/18864 J2J-d: 300 J2J-s: 5027/10257 | map: 1443 tracked, 963 hot
[syncDisplay] displayFormReady_=false (call 0), displayForm_ isNil=0
[JIT] Stats: 196608 sends, 816 compiled, 5866 failed, 3131/16384 KB code | IC: 22303/32466 (68% hit, 445 patched, 0 stale) | J2J-r: 0/0 J2J-a: 21802/30858 J2J-d: 304 J2J-s: 8235/16769 | map: 1447 tracked, 970 hot
[STARTUP] Firing deferred timer semaphore signal (step 5000928)
[XFER-8] old=0x3037f6668 pri=80 -> new=0x302c61398 pri=80
[XFER-9] old=0x302c61398 pri=80 -> new=0x3037f6668 pri=80
[CACHE-20] #keysDo: -> getter=-1 setter=-1 retSelf=0 prim=0 cls=0x300023cc0 method=0x3003359d0
[asmjit-t1] code.code_size=3716 out of [1, 3584]
[asmjit-t1] code.code_size=5772 out of [1, 4608]
[JIT] Stats: 262144 sends, 854 compiled, 7542 failed, 3264/16384 KB code | IC: 30057/44760 (67% hit, 478 patched, 0 stale) | J2J-r: 0/0 J2J-a: 29881/42327 J2J-d: 335 J2J-s: 11100/22881 | map: 1539 tracked, 1019 hot
[asmjit-t1] code.code_size=3716 out of [1, 3584]
[asmjit-t1] code.code_size=8696 out of [1, 8192]
[CACHE-21] #keysDo: -> getter=-1 setter=-1 retSelf=0 prim=0 cls=0x300023cc0 method=0x3003359d0
[CACHE-22] #keysDo: -> getter=-1 setter=-1 retSelf=0 prim=0 cls=0x300023cc0 method=0x3003359d0
[asmjit-t1] code.code_size=6788 out of [1, 5120]
[asmjit-t1] code.code_size=3712 out of [1, 3584]
[asmjit-t1] code.code_size=6788 out of [1, 5120]
[asmjit-t1] code.code_size=3940 out of [1, 3584]
[asmjit-t1] code.code_size=3140 out of [1, 3072]
[JIT] Stats: 327680 sends, 914 compiled, 9258 failed, 3479/16384 KB code | IC: 37901/55198 (68% hit, 524 patched, 0 stale) | J2J-r: 0/0 J2J-a: 36275/52388 J2J-d: 377 J2J-s: 13291/28688 | map: 1601 tracked, 1079 hot
[asmjit-t1] code.code_size=3936 out of [1, 3584]
[asmjit-t1] code.code_size=4976 out of [1, 4096]
[asmjit-t1] code.code_size=4976 out of [1, 4096]
[asmjit-t1] code.code_size=4976 out of [1, 4096]
[syncDisplay] displayFormReady_=false (call 1), displayForm_ isNil=0
[CACHE-23] #keysDo: -> getter=-1 setter=-1 retSelf=0 prim=0 cls=0x300023cc0 method=0x3003359d0
[JIT] Stats: 393216 sends, 970 compiled, 10944 failed, 3655/16384 KB code | IC: 45891/66131 (69% hit, 561 patched, 0 stale) | J2J-r: 0/0 J2J-a: 42757/62851 J2J-d: 415 J2J-s: 15558/34834 | map: 1636 tracked, 1130 hot
[CACHE-24] #keysDo: -> getter=-1 setter=-1 retSelf=0 prim=0 cls=0x300023cc0 method=0x3003359d0
[asmjit-t1] code.code_size=3140 out of [1, 3072]
[asmjit-t1] code.code_size=4168 out of [1, 3584]
[JIT] Stats: 458752 sends, 1006 compiled, 12633 failed, 3758/16384 KB code | IC: 53679/76503 (70% hit, 578 patched, 0 stale) | J2J-r: 0/0 J2J-a: 49162/72911 J2J-d: 428 J2J-s: 17723/40614 | map: 1636 tracked, 1158 hot
[DNU-STACK] Full call stack for #asInteger (DNU #1):
[DNU-STACK]   [0] Array>>do:
[DNU-STACK]   [1] WorkingSession>>on:do:
[DNU-STACK]   [2] FullBlockClosure>>on:do:
[DNU-STACK]   [3] WorkingSession>>?
[DNU-STACK]   [4] WorkingSession>>startup:
[DNU-STACK]   [5] ClassSessionHandler>>startup:
[DNU-STACK]   [6] SUnitRunner class>>startUp:
[DNU-STACK]   [7] SUnitRunner class>>runAllTests
[DNU-STACK]   [8] SUnitRunner class>>nextRunNumber
[DNU-STACK]   [9] FullBlockClosure>>on:do:
[DNU-STACK]   [10] SUnitRunner class>>asInteger
[DNU-STACK]   [current] #asInteger fd=10
[SISTA-RING] tag=asInteger seq=17882 count=32:
  [0] #size                         RET   rcvr=0x3041e3da0 ret/top=0x19 bailOp=0x00 argc=0 spΔ=0
  [1] #arrayType                    RET   rcvr=0x3000178d0 ret/top=0x3000164b0 bailOp=0x00 argc=0 spΔ=0
  [2] #size                         RET   rcvr=0x42f8850e8 ret/top=0x11 bailOp=0x00 argc=0 spΔ=0
  [3] #handleClass                  RET   rcvr=0x42f0dc100 ret/top=0x300233ae8 bailOp=0x00 argc=0 spΔ=0
  [4] #flag:                        RET   rcvr=0x42f8855f0 ret/top=0x42f8855f0 bailOp=0x00 argc=0 spΔ=0
  [5] #max:                         RET   rcvr=0x321 ret/top=0x321 bailOp=0x00 argc=0 spΔ=0
  [6] #delimiter                    RET   rcvr=0x300233e08 ret/top=0x17b bailOp=0x00 argc=0 spΔ=0
  [7] #delimiter                    RET   rcvr=0x300233e08 ret/top=0x17b bailOp=0x00 argc=0 spΔ=0
  [8] #max:                         RET   rcvr=0x1 ret/top=0xc9 bailOp=0x00 argc=0 spΔ=0
  [9] #max:                         RET   rcvr=0x1 ret/top=0xc9 bailOp=0x00 argc=0 spΔ=0
  [10] #arrayType                    RET   rcvr=0x3000178d0 ret/top=0x3000164b0 bailOp=0x00 argc=0 spΔ=0
  [11] #size                         RET   rcvr=0x42f8884e8 ret/top=0x19 bailOp=0x00 argc=0 spΔ=0
  [12] #arrayType                    RET   rcvr=0x3000178d0 ret/top=0x3000164b0 bailOp=0x00 argc=0 spΔ=0
  [13] #max:                         RET   rcvr=0x31 ret/top=0x31 bailOp=0x00 argc=0 spΔ=0
  [14] #size                         RET   rcvr=0x42f8884e8 ret/top=0x21 bailOp=0x00 argc=0 spΔ=0
  [15] #size                         RET   rcvr=0x42f8884e8 ret/top=0x31 bailOp=0x00 argc=0 spΔ=0
  [16] #size                         RET   rcvr=0x42f8884e8 ret/top=0x31 bailOp=0x00 argc=0 spΔ=0
  [17] #size                         RET   rcvr=0x42f8884e8 ret/top=0x31 bailOp=0x00 argc=0 spΔ=0
  [18] #arrayType                    RET   rcvr=0x3000178d0 ret/top=0x3000164b0 bailOp=0x00 argc=0 spΔ=0
  [19] #max:                         RET   rcvr=0x61 ret/top=0x61 bailOp=0x00 argc=0 spΔ=0
  [20] #size                         RET   rcvr=0x42f8884e8 ret/top=0x41 bailOp=0x00 argc=0 spΔ=0
  [21] #size                         RET   rcvr=0x42f8884e8 ret/top=0x41 bailOp=0x00 argc=0 spΔ=0
  [22] #size                         RET   rcvr=0x42f8884e8 ret/top=0x41 bailOp=0x00 argc=0 spΔ=0
  [23] #size                         RET   rcvr=0x42f8884e8 ret/top=0x41 bailOp=0x00 argc=0 spΔ=0
  [24] #max:                         RET   rcvr=0x21 ret/top=0x21 bailOp=0x00 argc=0 spΔ=0
  [25] #handlesEncoding:             RET   rcvr=0x300011238 ret/top=0x300000010 bailOp=0x00 argc=0 spΔ=0
  [26] #max:                         RET   rcvr=0x21 ret/top=0x21 bailOp=0x00 argc=0 spΔ=0
  [27] #max:                         RET   rcvr=0x21 ret/top=0x21 bailOp=0x00 argc=0 spΔ=0
  [28] #handlesEncoding:             RET   rcvr=0x300011198 ret/top=0x300000010 bailOp=0x00 argc=0 spΔ=0
  [29] #max:                         RET   rcvr=0x21 ret/top=0x21 bailOp=0x00 argc=0 spΔ=0
  [30] #collectionSpecies            RET   rcvr=0x42f8884c8 ret/top=0x3000175a8 bailOp=0x00 argc=0 spΔ=0
  [31] #max:                         RET   rcvr=0x1 ret/top=0x9 bailOp=0x00 argc=0 spΔ=0
[DNU] #1: #asInteger not understood by rcvr=0x42f8851a8 argCount=0 fd=10 in #asInteger P80
[DNU]   rcvr cls=5709 fmt=1 class=FileReference
[DNU]   FP=0x433b0ea90 SP=0x433b0eaa8 base=0x433b0e950
[DNU]   receiver_=0x3037fc300 method_=0x30380d5f0
[DNU]   FP[-2] = 0x3000182e0
[DNU]   FP[-1] = 0x30380d620
[DNU]   FP[0] = 0x42f8851c0
[DNU]   FP[1] = 0x42f8851a8
[DNU]   FP[2] = 0x42f8851a8
[DNU]   FP[3] = 0x42f8851a8
[DNU]   FP[4] = 0x42f8851f0
[DNU]   FP[5] = 0x42f8884c8
[DNU]   FP[6] = 0x3041f40a8
[DNU]   FP[7] = 0x42f88c608
[DNU]   FP[8] = 0x42f88c608
[DNU]   FP[9] = 0x300000020
[DNU]   FP[10] = 0x3041f40a8
[CACHE-25] #superclass -> getter=0 setter=-1 retSelf=0 prim=264 cls=0x300022b08 method=0x3003aa468
[XFER-10] old=0x3037f6668 pri=80 -> new=0x302c61398 pri=80
[XFER-11] old=0x302c61398 pri=80 -> new=0x3037f6668 pri=80
[CACHE-26] #methodDict -> getter=-1 setter=-1 retSelf=0 prim=0 cls=0x30001ac30 method=0x3003aa4d8
[CACHE-27] #superclass -> getter=0 setter=-1 retSelf=0 prim=264 cls=0x30001ac30 method=0x3003aa468
[CACHE-28] #methodDict -> getter=-1 setter=-1 retSelf=0 prim=0 cls=0x3000194d0 method=0x3003aa4d8
[asmjit-t1] code.code_size=3712 out of [1, 3584]
[asmjit-t1] code.code_size=3708 out of [1, 3584]
[asmjit-t1] code.code_size=3944 out of [1, 3584]
[asmjit-t1] code.code_size=8768 out of [1, 8704]
[asmjit-t1] code.code_size=3716 out of [1, 3584]
[JIT] Stats: 524288 sends, 1059 compiled, 13010 failed, 3926/16384 KB code | IC: 61912/85313 (72% hit, 614 patched, 0 stale) | J2J-r: 0/0 J2J-a: 57061/81674 J2J-d: 454 J2J-s: 21647/45371 | map: 1701 tracked, 1217 hot
[JIT] Stats: 589824 sends, 1059 compiled, 13010 failed, 3926/16384 KB code | IC: 70650/94051 (75% hit, 614 patched, 0 stale) | J2J-r: 0/0 J2J-a: 65799/90413 J2J-d: 454 J2J-s: 26016/49741 | map: 1701 tracked, 1217 hot
[JIT] Stats: 655360 sends, 1065 compiled, 13538 failed, 3943/16384 KB code | IC: 79376/103310 (76% hit, 619 patched, 0 stale) | J2J-r: 0/0 J2J-a: 75054/99672 J2J-d: 457 J2J-s: 30380/54109 | map: 1707 tracked, 1222 hot
[asmjit-t1] code.code_size=5540 out of [1, 4608]
[asmjit-t1] code.code_size=4740 out of [1, 4096]
[asmjit-t1] code.code_size=3712 out of [1, 3584]
[JIT] Stats: 720896 sends, 1090 compiled, 13595 failed, 4103/16384 KB code | IC: 86004/110668 (77% hit, 645 patched, 0 stale) | J2J-r: 0/0 J2J-a: 77427/107029 J2J-d: 478 J2J-s: 30969/59665 | map: 1724 tracked, 1239 hot
[syncDisplay] displayFormReady_=false (call 2), displayForm_ isNil=0
[JIT] Stats: 786432 sends, 1236 compiled, 13839 failed, 4313/16384 KB code | IC: 96168/126416 (76% hit, 724 patched, 0 stale) | J2J-r: 0/0 J2J-a: 84066/118803 J2J-d: 1848 J2J-s: 35094/68067 | map: 1880 tracked, 1376 hot
[JIT] Stats: 851968 sends, 1240 compiled, 13840 failed, 4325/16384 KB code | IC: 103662/145836 (71% hit, 728 patched, 0 stale) | J2J-r: 0/0 J2J-a: 85999/126301 J2J-d: 1852 J2J-s: 35886/74424 | map: 1881 tracked, 1379 hot
[JIT] Stats: 917504 sends, 1240 compiled, 13840 failed, 4325/16384 KB code | IC: 110738/164696 (67% hit, 728 patched, 0 stale) | J2J-r: 0/0 J2J-a: 87183/133377 J2J-d: 1852 J2J-s: 35886/80316 | map: 1881 tracked, 1379 hot
[JIT] Stats: 983040 sends, 1240 compiled, 13840 failed, 4325/16384 KB code | IC: 117807/183543 (64% hit, 728 patched, 0 stale) | J2J-r: 0/0 J2J-a: 88363/140446 J2J-d: 1852 J2J-s: 35886/86205 | map: 1881 tracked, 1379 hot
[JIT] Stats: 1048576 sends, 1240 compiled, 13840 failed, 4325/16384 KB code | IC: 124895/202401 (61% hit, 728 patched, 0 stale) | J2J-r: 0/0 J2J-a: 89566/147534 J2J-d: 1852 J2J-s: 35886/92090 | map: 1881 tracked, 1379 hot
[JIT] Stats: 1114112 sends, 1242 compiled, 13840 failed, 4339/16384 KB code | IC: 131939/218141 (60% hit, 728 patched, 0 stale) | J2J-r: 0/0 J2J-a: 91019/154578 J2J-d: 1852 J2J-s: 36157/97952 | map: 1882 tracked, 1380 hot
[JIT] Stats: 1179648 sends, 1242 compiled, 13840 failed, 4339/16384 KB code | IC: 138491/224694 (61% hit, 729 patched, 0 stale) | J2J-r: 0/0 J2J-a: 92696/161131 J2J-d: 1853 J2J-s: 36997/103668 | map: 1882 tracked, 1380 hot
[asmjit-t1] code.code_size=4744 out of [1, 4096]
[CACHE-29] #methodDict -> getter=-1 setter=-1 retSelf=0 prim=0 cls=0x30001ac30 method=0x3003aa4d8
[CACHE-30] #superclass -> getter=0 setter=-1 retSelf=0 prim=264 cls=0x30001ac30 method=0x3003aa468
[CACHE-31] #methodDict -> getter=-1 setter=-1 retSelf=0 prim=0 cls=0x3000168d8 method=0x3003aa4d8
[CACHE-32] #methodDict -> getter=-1 setter=-1 retSelf=0 prim=0 cls=0x30001d310 method=0x3003aa4d8
[CACHE-33] #superclass -> getter=0 setter=-1 retSelf=0 prim=264 cls=0x30001d310 method=0x3003aa468
[CACHE-34] #methodDict -> getter=-1 setter=-1 retSelf=0 prim=0 cls=0x30001ce10 method=0x3003aa4d8
[XFER-12] old=0x3037f6668 pri=80 -> new=0x42fc33cc0 pri=80
[XFER-13] old=0x42fc33cc0 pri=80 -> new=0x302c61398 pri=80
[XFER-14] old=0x302c61398 pri=80 -> new=0x3037f6668 pri=80
[SISTA-ACCUM-DIAG] pfbBC=2 blockLen=6 lead=4c (want 9-10, lead=fb)
[SISTA-ACCUM-DIAG] pfbBC=9 blockLen=4 lead=40 (want 9-10, lead=fb)
[asmjit-t1] code.code_size=6792 out of [1, 5632]
[syncDisplay] displayFormReady_=false (call 3), displayForm_ isNil=0
[JIT] Stats: 1245184 sends, 1484 compiled, 15388 failed, 5517/16384 KB code | IC: 148642/237441 (62% hit, 1047 patched, 0 stale) | J2J-r: 0/0 J2J-a: 99309/172721 J2J-d: 2084 J2J-s: 40188/111585 | map: 2281 tracked, 1634 hot
[asmjit-t1] code.code_size=3932 out of [1, 3584]
[asmjit-t1] code.code_size=3716 out of [1, 3584]
[SISTA-ACCUM-DIAG] pfbBC=17 blockLen=13 lead=40 (want 9-10, lead=fb)
[CACHE-35] #superclass -> getter=0 setter=-1 retSelf=0 prim=264 cls=0x30001ce10 method=0x3003aa468
[CACHE-36] #superclass -> getter=0 setter=-1 retSelf=0 prim=264 cls=0x30001ceb0 method=0x3003aa468
[CACHE-37] #superclass -> getter=0 setter=-1 retSelf=0 prim=264 cls=0x300017938 method=0x3003aa468
[CACHE-38] #superclass -> getter=0 setter=-1 retSelf=0 prim=264 cls=0x300016f28 method=0x3003aa468
[SISTA-COLLECT-DIAG] send1BC=5 selIdx=2 verdict=REJECT reject=non-simple block op rejOp=send
[CACHE-39] #keysDo: -> getter=-1 setter=-1 retSelf=0 prim=0 cls=0x300023cc0 method=0x3003359d0
[CACHE-40] #keys -> getter=-1 setter=-1 retSelf=0 prim=0 cls=0x300023cc0 method=0x300335a50
[asmjit-t1] code.code_size=14484 out of [1, 13312]
[SISTA-ACCUM-DIAG] pfbBC=3 blockLen=4 lead=40 (want 9-10, lead=fb)
[SISTA-ACCUM-DIAG] pfbBC=7 blockLen=4 lead=40 (want 9-10, lead=fb)
[syncDisplay] displayFormReady_=false (call 4), displayForm_ isNil=0
[SISTA-SELECT-CAND] pfbBC=10 send1BC=13 selIdx=4 litIdx=3 slot=0
[SISTA-SELECT-CAND] pfbBC=2 send1BC=5 selIdx=2 litIdx=1 slot=0
[SISTA-ACCUM-DIAG] pfbBC=88 blockLen=12 lead=40 (want 9-10, lead=fb)
[SISTA-ACCUM-DIAG] pfbBC=15 blockLen=5 lead=4c (want 9-10, lead=fb)
[SISTA-ACCUM-DIAG] pfbBC=22 blockLen=5 lead=4c (want 9-10, lead=fb)
[asmjit-t1] code.code_size=25864 out of [1, 25600]
[SISTA-INJECT-SPLICE-DIAG] send2BC=5 selIdx=1 verdict=REJECT reject=multi-block IR rejOp=return
[SISTA-COLLECT-DIAG] send1BC=4 selIdx=1 verdict=REJECT reject=non-simple block op rejOp=send
[SISTA-INJECT-SPLICE-DIAG] send2BC=6 selIdx=2 verdict=REJECT reject=non-simple block op rejOp=send
[asmjit-t1] code.code_size=5988 out of [1, 4608]
[CACHE-41] #superclass -> getter=0 setter=-1 retSelf=0 prim=264 cls=0x30001ceb0 method=0x3003aa468
[CACHE-42] #superclass -> getter=0 setter=-1 retSelf=0 prim=264 cls=0x300017938 method=0x3003aa468
[asmjit-t1] code.code_size=3716 out of [1, 3584]
[asmjit-t1] code.code_size=3132 out of [1, 3072]
[asmjit-t1] code.code_size=3716 out of [1, 3584]
[JIT] Stats: 1310720 sends, 1900 compiled, 17058 failed, 7349/16384 KB code | IC: 156019/249456 (62% hit, 1408 patched, 0 stale) | J2J-r: 0/0 J2J-a: 105560/184065 J2J-d: 2402 J2J-s: 44142/120164 | map: 2910 tracked, 2110 hot
[asmjit-t1] code.code_size=3716 out of [1, 3584]
[SISTA-INJECT-SPLICE-DIAG] send2BC=36 selIdx=4 verdict=REJECT reject=non-simple block op rejOp=send
[SISTA-INJECT-SPLICE-DIAG] send2BC=52 selIdx=4 verdict=REJECT reject=non-simple block op rejOp=send
[SISTA-IVINJECT-DIAG] toBC=31 verdict=REJECT reject=non-simple block op rejOp=send
[SISTA-IVINJECT-DIAG] toBC=47 verdict=REJECT reject=non-simple block op rejOp=send
[asmjit-t1] code.code_size=5768 out of [1, 5120]
[asmjit-t1] code.code_size=5768 out of [1, 5120]
[SISTA-INJECT-SPLICE-DIAG] send2BC=51 selIdx=6 verdict=REJECT reject=non-simple block op rejOp=send
[SISTA-IVINJECT-DIAG] toBC=46 verdict=REJECT reject=non-simple block op rejOp=send
[asmjit-t1] code.code_size=3940 out of [1, 3584]
[asmjit-t1] code.code_size=4744 out of [1, 4096]
[JIT] Stats: 1376256 sends, 2132 compiled, 18279 failed, 8369/16384 KB code | IC: 161786/260601 (62% hit, 1612 patched, 0 stale) | J2J-r: 0/0 J2J-a: 111600/194148 J2J-d: 2658 J2J-s: 47870/127603 | map: 3063 tracked, 2380 hot
[asmjit-t1] code.code_size=3724 out of [1, 3584]
[asmjit-t1] code.code_size=3724 out of [1, 3584]
[SISTA-COLLECT-DIAG] send1BC=5 selIdx=2 verdict=REJECT reject=non-simple block op rejOp=send
[CACHE-43] #superclass -> getter=0 setter=-1 retSelf=0 prim=264 cls=0x300024a50 method=0x3003aa468
[CACHE-44] #superclass -> getter=0 setter=-1 retSelf=0 prim=264 cls=0x300024af0 method=0x3003aa468
[CACHE-45] #superclass -> getter=0 setter=-1 retSelf=0 prim=264 cls=0x30001ba90 method=0x3003aa468
[CACHE-46] #superclass -> getter=0 setter=-1 retSelf=0 prim=264 cls=0x300019b10 method=0x3003aa468
[SISTA-COLLECT-DIAG] send1BC=5 selIdx=2 verdict=REJECT reject=non-simple block op rejOp=send
[SISTA-SELECT-CAND] pfbBC=2 send1BC=5 selIdx=2 litIdx=1 slot=0
[CACHE-47] #keys -> getter=-1 setter=-1 retSelf=0 prim=0 cls=0x3000173c8 method=0x3003040d0
[CACHE-48] #keysDo: -> getter=-1 setter=-1 retSelf=0 prim=0 cls=0x3000173c8 method=0x300304048
[SISTA-COLLECT-DIAG] send1BC=5 selIdx=2 verdict=REJECT reject=multi-block IR rejOp=return
[CACHE-49] #methodDict -> getter=-1 setter=-1 retSelf=0 prim=0 cls=0x3002329d0 method=0x3003aa4d8
[CACHE-50] #superclass -> getter=0 setter=-1 retSelf=0 prim=264 cls=0x3002329d0 method=0x3003aa468
[SISTA-SELECT-CAND] pfbBC=2 send1BC=5 selIdx=2 litIdx=1 slot=0
[asmjit-t1] code.code_size=10008 out of [1, 8704]
[asmjit-t1] code.code_size=4968 out of [1, 4096]
[asmjit-t1] code.code_size=4740 out of [1, 4096]
[asmjit-t1] code.code_size=3932 out of [1, 3584]
[asmjit-t1] code.code_size=3936 out of [1, 3584]
[XFER-15] old=0x3037f6668 pri=80 -> new=0x43005ee60 pri=80
[XFER-16] old=0x43005ee60 pri=80 -> new=0x3037f6668 pri=80
[XFER-17] old=0x3037f6668 pri=80 -> new=0x302c61398 pri=80
[XFER-18] old=0x302c61398 pri=80 -> new=0x3037f6668 pri=80
[JIT] Stats: 1441792 sends, 2426 compiled, 19602 failed, 9538/16384 KB code | IC: 168722/270136 (62% hit, 2132 patched, 0 stale) | J2J-r: 0/0 J2J-a: 115922/203238 J2J-d: 3153 J2J-s: 49595/133814 | map: 3630 tracked, 2701 hot
[asmjit-t1] code.code_size=3932 out of [1, 3584]
[asmjit-t1] code.code_size=25356 out of [1, 25088]
[asmjit-t1] code.code_size=4744 out of [1, 4608]
[SISTA-COLLECT-DIAG] send1BC=5 selIdx=2 verdict=REJECT reject=multi-block IR rejOp=return
[SISTA-COLLECT-DIAG] send1BC=10 selIdx=2 verdict=REJECT reject=multi-block IR rejOp=return
[SISTA-COLLECT-DIAG] send1BC=6 selIdx=2 verdict=REJECT reject=non-simple block op rejOp=send
[SISTA-COLLECT-DIAG] send1BC=6 selIdx=2 verdict=REJECT reject=non-simple block op rejOp=send
[asmjit-t1] code.code_size=6824 out of [1, 6144]
[asmjit-t1] code.code_size=6024 out of [1, 5632]
[asmjit-t1] code.code_size=5776 out of [1, 4608]
[asmjit-t1] code.code_size=4736 out of [1, 4096]
[SISTA-COLLECT-DIAG] send1BC=8 selIdx=4 verdict=REJECT reject=recursion guard rejOp=return
[SISTA-COLLECT-DIAG] send1BC=5 selIdx=2 verdict=REJECT reject=non-simple block op rejOp=load_lit
[asmjit-t1] code.code_size=19516 out of [1, 18944]
[JIT] Stats: 1507328 sends, 2697 compiled, 22010 failed, 10603/16384 KB code | IC: 177400/281016 (63% hit, 2503 patched, 0 stale) | J2J-r: 0/0 J2J-a: 121699/213250 J2J-d: 3503 J2J-s: 50874/139053 | map: 3902 tracked, 2997 hot
[asmjit-t1] code.code_size=5192 out of [1, 4096]
[asmjit-t1] code.code_size=5192 out of [1, 4096]
[asmjit-t1] code.code_size=3720 out of [1, 3584]
[asmjit-t1] code.code_size=4744 out of [1, 4096]
[asmjit-t1] code.code_size=10568 out of [1, 10240]
[SISTA-COLLECT-DIAG] send1BC=5 selIdx=2 verdict=REJECT reject=non-simple block op rejOp=send
[asmjit-t1] code.code_size=3708 out of [1, 3584]
[XFER-19] old=0x3037f6668 pri=80 -> new=0x302c61398 pri=80
[XFER-20] old=0x302c61398 pri=80 -> new=0x3037f6668 pri=80
[XFER-21] old=0x3037f6668 pri=80 -> new=0x43005ee60 pri=80
[XFER-22] old=0x43005ee60 pri=80 -> new=0x3037f6668 pri=80
[XFER-23] old=0x3037f6668 pri=80 -> new=0x43005ee60 pri=80
[JIT] Stats: 1572864 sends, 2918 compiled, 24833 failed, 11688/16384 KB code | IC: 185418/292379 (63% hit, 2819 patched, 0 stale) | J2J-r: 0/0 J2J-a: 127923/224058 J2J-d: 3816 J2J-s: 53450/145930 | map: 4210 tracked, 3252 hot
[XFER-24] old=0x43005ee60 pri=80 -> new=0x3037f6668 pri=80
[XFER-25] old=0x3037f6668 pri=80 -> new=0x43005ee60 pri=80
[XFER-26] old=0x43005ee60 pri=80 -> new=0x3037f6668 pri=80
[XFER-27] old=0x3037f6668 pri=80 -> new=0x43005ee60 pri=80
[XFER-28] old=0x43005ee60 pri=80 -> new=0x3037f6668 pri=80
[XFER-29] old=0x3037f6668 pri=80 -> new=0x43005ee60 pri=80
[XFER-30] old=0x43005ee60 pri=80 -> new=0x3037f6668 pri=80
[JIT] Stats: 1638400 sends, 2951 compiled, 26800 failed, 11835/16384 KB code | IC: 197214/306539 (64% hit, 2888 patched, 0 stale) | J2J-r: 0/0 J2J-a: 134086/237308 J2J-d: 3927 J2J-s: 57218/156686 | map: 4225 tracked, 3281 hot
[XFER-31] old=0x3037f6668 pri=80 -> new=0x43005ee60 pri=80
[XFER-32] old=0x43005ee60 pri=80 -> new=0x3037f6668 pri=80
[XFER-33] old=0x3037f6668 pri=80 -> new=0x43005ee60 pri=80
[XFER-34] old=0x43005ee60 pri=80 -> new=0x3037f6668 pri=80
[JIT] Stats: 1703936 sends, 2968 compiled, 29749 failed, 11898/16384 KB code | IC: 210303/322498 (65% hit, 2915 patched, 0 stale) | J2J-r: 0/0 J2J-a: 140458/251203 J2J-d: 3978 J2J-s: 60335/167254 | map: 4232 tracked, 3295 hot
[asmjit-t1] code.code_size=6728 out of [1, 6656]
[JIT] Stats: 1769472 sends, 3001 compiled, 32123 failed, 12105/16384 KB code | IC: 219158/335392 (65% hit, 3040 patched, 0 stale) | J2J-r: 0/0 J2J-a: 148059/262947 J2J-d: 4126 J2J-s: 64109/174847 | map: 4238 tracked, 3325 hot
[asmjit-t1] code.code_size=3940 out of [1, 3584]
[JIT] AUTO-EXCLUDED exception infra #signal: (class Exception class)
[XFER-35] old=0x3037f6668 pri=80 -> new=0x4306f6720 pri=80
[XFER-36] old=0x4306f6720 pri=80 -> new=0x3037f6668 pri=80
[asmjit-t1] code.code_size=5804 out of [1, 5632]
[XFER-37] old=0x3037f6668 pri=80 -> new=0x302c61398 pri=80
[XFER-38] old=0x302c61398 pri=80 -> new=0x3037f6668 pri=80
[asmjit-t1] code.code_size=4744 out of [1, 4096]
[JIT] Stats: 1835008 sends, 3125 compiled, 32804 failed, 12595/16384 KB code | IC: 224340/344039 (65% hit, 3220 patched, 0 stale) | J2J-r: 0/0 J2J-a: 151868/270069 J2J-d: 4345 J2J-s: 66449/180100 | map: 4324 tracked, 3451 hot
[asmjit-t1] code.code_size=3132 out of [1, 3072]
[JIT] Stats: 1900544 sends, 3156 compiled, 35555 failed, 12709/16384 KB code | IC: 232392/355405 (65% hit, 3333 patched, 0 stale) | J2J-r: 0/0 J2J-a: 158074/280858 J2J-d: 4532 J2J-s: 69082/187044 | map: 1555 tracked, 693 hot
[XFER-39] old=0x3037f6668 pri=80 -> new=0x302c61398 pri=80
[XFER-40] old=0x302c61398 pri=80 -> new=0x3037f6668 pri=80
[XFER-41] old=0x3037f6668 pri=80 -> new=0x304325b38 pri=80
[SISTA-SELECT-CAND] pfbBC=1 send1BC=4 selIdx=1 litIdx=0 slot=0
[SISTA-SELECT-EMIT] bc=1 slot=0 vid=1
[XFER-42] old=0x304325b38 pri=80 -> new=0x3037f6668 pri=80
[JIT] Stats: 1966080 sends, 3197 compiled, 38991 failed, 12889/16384 KB code | IC: 241610/366677 (65% hit, 3719 patched, 0 stale) | J2J-r: 0/0 J2J-a: 164793/291644 J2J-d: 4820 J2J-s: 71411/193207 | map: 2167 tracked, 1160 hot
[JIT] Stats: 2031616 sends, 3205 compiled, 40551 failed, 12938/16384 KB code | IC: 249742/377867 (66% hit, 4092 patched, 0 stale) | J2J-r: 0/0 J2J-a: 170923/302248 J2J-d: 5167 J2J-s: 74355/200228 | map: 2653 tracked, 1548 hot
[JIT] Stats: 2097152 sends, 3216 compiled, 44175 failed, 12994/16384 KB code | IC: 259154/388776 (66% hit, 4118 patched, 0 stale) | J2J-r: 0/0 J2J-a: 177287/312705 J2J-d: 5190 J2J-s: 76436/206160 | map: 2653 tracked, 1548 hot
[XFER-43] old=0x3037f6668 pri=80 -> new=0x42f71ccb0 pri=80
[XFER-44] old=0x42f71ccb0 pri=80 -> new=0x3037f6668 pri=80
[JIT] Stats: 2162688 sends, 3220 compiled, 45740 failed, 13020/16384 KB code | IC: 265087/395556 (67% hit, 4197 patched, 0 stale) | J2J-r: 0/0 J2J-a: 182045/319262 J2J-d: 5252 J2J-s: 78401/209796 | map: 2778 tracked, 1718 hot
[XFER-45] old=0x3037f6668 pri=80 -> new=0x302c61398 pri=80
[XFER-46] old=0x302c61398 pri=80 -> new=0x3037f6668 pri=80
[JIT] Stats: 2228224 sends, 3220 compiled, 45740 failed, 13020/16384 KB code | IC: 265088/395559 (67% hit, 4198 patched, 0 stale) | J2J-r: 0/0 J2J-a: 182046/319264 J2J-d: 5253 J2J-s: 78401/209797 | map: 2781 tracked, 1720 hot
[JIT] Stats: 2293760 sends, 3220 compiled, 45740 failed, 13020/16384 KB code | IC: 265088/395559 (67% hit, 4198 patched, 0 stale) | J2J-r: 0/0 J2J-a: 182046/319264 J2J-d: 5253 J2J-s: 78401/209797 | map: 2781 tracked, 1720 hot
[JIT] Stats: 2359296 sends, 3220 compiled, 45740 failed, 13020/16384 KB code | IC: 265088/395559 (67% hit, 4198 patched, 0 stale) | J2J-r: 0/0 J2J-a: 182046/319264 J2J-d: 5253 J2J-s: 78401/209797 | map: 2781 tracked, 1720 hot
[JIT] Stats: 2424832 sends, 3220 compiled, 45740 failed, 13020/16384 KB code | IC: 265088/395559 (67% hit, 4198 patched, 0 stale) | J2J-r: 0/0 J2J-a: 182046/319264 J2J-d: 5253 J2J-s: 78401/209797 | map: 2781 tracked, 1720 hot
[JIT] Stats: 2490368 sends, 3220 compiled, 45740 failed, 13020/16384 KB code | IC: 265088/395559 (67% hit, 4198 patched, 0 stale) | J2J-r: 0/0 J2J-a: 182046/319264 J2J-d: 5253 J2J-s: 78401/209797 | map: 2781 tracked, 1720 hot
[SISTA-SELECT-CAND] pfbBC=10 send1BC=13 selIdx=4 litIdx=3 slot=0
[SISTA-INJECT-SPLICE-DIAG] send2BC=5 selIdx=1 verdict=REJECT reject=recursion guard rejOp=return
[SISTA-INJECT-SPLICE-DIAG] send2BC=5 selIdx=1 verdict=REJECT reject=recursion guard rejOp=return
[asmjit-t1] code.code_size=24460 out of [1, 24064]
[SISTA-INJECT-SPLICE-DIAG] send2BC=6 selIdx=2 verdict=REJECT reject=non-simple block op rejOp=send
[MUSTBOOL] #1 fd=26 value_class=IceLibgitRepository value=0x30229a930 in=#ifTrue: rcv_class=IceSystemEventListener class method=0x3021ec778 numLits=8 ipOff=19
[MUSTBOOL] method header=0x8000000008600041 slotCount=13 method_class=CompiledBlock method_format=28 method_classIdx=3117
[MUSTBOOL]   slot[0]=0x8000000008600041
[MUSTBOOL]   slot[1]=0x3021f4518 class=3117 format=31
[MUSTBOOL]   slot[2]=0x3021a97e8 class=3139 format=1
[MUSTBOOL]   slot[3]=0x300060c18 class=3085 format=23 bytes="announcer"
[MUSTBOOL]   slot[4]=0x3021a9c50 class=3139 format=1
[MUSTBOOL]   slot[5]=0x30011a4d0 class=3085 format=20 bytes="for:"
[MUSTBOOL]   slot[6]=0x30005f910 class=3085 format=23 bytes="announce:"
[MUSTBOOL]   slot[7]=0x300050708 class=3085 format=17 bytes="ifTrue:"
[MUSTBOOL]   slot[8]=0x3021e1e28 class=3101 format=26
[MUSTBOOL]   slot[9]=0x410200fd4ed201e7 (raw bytecode bytes)
[MUSTBOOL]   slot[10]=0xfbd87b0200f94240 (raw bytecode bytes)
[MUSTBOOL]   slot[11]=0x9440138211c60200 (raw bytecode bytes)
[MUSTBOOL]   slot[12]=0x5e4fb095 (raw bytecode bytes)
[MUSTBOOL] bytecodes near ipOff=19: 00 02 7b d8 fb 00 02 c6 11 82 13 40 94
[MUSTBOOL] full bytecodes (21):
    0: e7 01 d2 4e fd 00 02 41 40 42 f9 00 02 7b d8 fb 00 02 c6 11 82
[MUSTBOOL] receiver slotCount=12 class=IceSystemEventListener class
[MUSTBOOL]   recv.slot[0]=0x300017970 (Object class)
[MUSTBOOL]   recv.slot[1]=0x302cfab68 (MethodDictionary)
[MUSTBOOL]   recv.slot[2]=0x1 (SmI(0))
[MUSTBOOL]   recv.slot[3]=0x3021b8a80 (FixedLayout)
[MUSTBOOL]   recv.slot[4]=0x3021b8a98 (Array)
[MUSTBOOL]   recv.slot[5]=0x300000000 (nil)
[MUSTBOOL]   recv.slot[6]=0x3021b0770 (ByteSymbol)
[MUSTBOOL]   recv.slot[7]=0x300000000 (nil)
[MUSTBOOL] stack: sp=0x433b0ec98 fp=0x433b0ec70 depth=26
[MUSTBOOL]   sp[-3]=0x42f759828 (Array)
[MUSTBOOL]   sp[-2]=0x42f75a140 (Array)
[MUSTBOOL]   sp[-1]=0x30229a930 (IceLibgitRepository)
[MUSTBOOL]   sp[0]=0x42f75a150 (FullBlockClosure)
[MUSTBOOL]   sp[1]=0x9 (SmallInteger)
[MUSTBOOL]   recent[16] WeakAnnouncementSubscription>>deliver:
[MUSTBOOL]   recent[17] FullBlockClosure>>on:fork:
[MUSTBOOL]   recent[18] FullBlockClosure>>on:do:
[MUSTBOOL]   recent[19] WeakAnnouncementSubscription>>cull:cull:
[MUSTBOOL]   recent[20] WeakMessageSend>>cull:cull:
[MUSTBOOL]   recent[21] WeakMessageSend>>cull:
[MUSTBOOL]   recent[22] WeakMessageSend>>value:
[MUSTBOOL]   recent[23] IceSystemEventListener class>>handleMethodChange:
[MUSTBOOL]   recent[24] IceSystemEventListener class>>handlePackagesChange:
[MUSTBOOL]   recent[25] OrderedCollection>>do:
[JIT] Stats: 2555904 sends, 3335 compiled, 46240 failed, 13626/16384 KB code | IC: 266947/398686 (66% hit, 4768 patched, 0 stale) | J2J-r: 0/0 J2J-a: 183540/322033 J2J-d: 5717 J2J-s: 78977/211568 | map: 3323 tracked, 2152 hot
[XFER-47] old=0x3037f6668 pri=80 -> new=0x42f774c68 pri=80
[XFER-48] old=0x42f774c68 pri=80 -> new=0x3037f6668 pri=80
[XFER-49] old=0x3037f6668 pri=80 -> new=0x302c61398 pri=80
[DRAIN-1] initial=11 processed=11 wka=3 wkaarr-drop=2 kept=6 dec=0 pending=11->11
[PREEMPT] P40→P60 (active=0x42f0127f8 → 0x42f0167a8)
[asmjit-t1] code.code_size=5776 out of [1, 5632]
[PREEMPT] P40→P60 (active=0x42f0127f8 → 0x42f0167a8)
[PREEMPT] P40→P60 (active=0x42f0127f8 → 0x42f0167a8)
[DNU-STACK] Full call stack for #suspend (DNU #2):
[DNU-STACK]   [0] SUnitRunner class>>runSingleTest:selector:timeout:priority:on:
[DNU-STACK]   [1] FullBlockClosure>>on:do:
[DNU-STACK]   [2] Process>>unwindTo:
[DNU-STACK]   [current] #suspend fd=2
[SISTA-RING] tag=suspend seq=52583 count=32:
  [0] #size                         RET   rcvr=0x42f048a20 ret/top=0x19 bailOp=0x00 argc=0 spΔ=0
  [1] #arrayType                    RET   rcvr=0x3000178d0 ret/top=0x3000164b0 bailOp=0x00 argc=0 spΔ=0
  [2] #size                         RET   rcvr=0x42f048ab8 ret/top=0x19 bailOp=0x00 argc=0 spΔ=0
  [3] #arrayType                    RET   rcvr=0x3000178d0 ret/top=0x3000164b0 bailOp=0x00 argc=0 spΔ=0
  [4] #size                         RET   rcvr=0x42f048b50 ret/top=0x19 bailOp=0x00 argc=0 spΔ=0
  [5] #arrayType                    RET   rcvr=0x3000178d0 ret/top=0x3000164b0 bailOp=0x00 argc=0 spΔ=0
  [6] #size                         RET   rcvr=0x42f048be8 ret/top=0x19 bailOp=0x00 argc=0 spΔ=0
  [7] #arrayType                    RET   rcvr=0x3000178d0 ret/top=0x3000164b0 bailOp=0x00 argc=0 spΔ=0
  [8] #size                         RET   rcvr=0x42f048c80 ret/top=0x19 bailOp=0x00 argc=0 spΔ=0
  [9] #arrayType                    RET   rcvr=0x3000178d0 ret/top=0x3000164b0 bailOp=0x00 argc=0 spΔ=0
  [10] #size                         RET   rcvr=0x42f048d18 ret/top=0x19 bailOp=0x00 argc=0 spΔ=0
  [11] #arrayType                    RET   rcvr=0x3000178d0 ret/top=0x3000164b0 bailOp=0x00 argc=0 spΔ=0
  [12] #size                         RET   rcvr=0x42f049228 ret/top=0x19 bailOp=0x00 argc=0 spΔ=0
  [13] #arrayType                    RET   rcvr=0x3000178d0 ret/top=0x3000164b0 bailOp=0x00 argc=0 spΔ=0
  [14] #size                         RET   rcvr=0x42f0492c0 ret/top=0x19 bailOp=0x00 argc=0 spΔ=0
  [15] #arrayType                    RET   rcvr=0x3000178d0 ret/top=0x3000164b0 bailOp=0x00 argc=0 spΔ=0
  [16] #size                         RET   rcvr=0x42f049358 ret/top=0x19 bailOp=0x00 argc=0 spΔ=0
  [17] #size                         RET   rcvr=0x42f048418 ret/top=0x51 bailOp=0x00 argc=0 spΔ=0
  [18] #arrayType                    RET   rcvr=0x3000178d0 ret/top=0x3000164b0 bailOp=0x00 argc=0 spΔ=0
  [19] #max:                         RET   rcvr=0xa1 ret/top=0xa1 bailOp=0x00 argc=0 spΔ=0
  [20] #arrayType                    RET   rcvr=0x3000178d0 ret/top=0x3000164b0 bailOp=0x00 argc=0 spΔ=0
  [21] #size                         RET   rcvr=0x42f049498 ret/top=0x19 bailOp=0x00 argc=0 spΔ=0
  [22] #size                         RET   rcvr=0x42f048418 ret/top=0x61 bailOp=0x00 argc=0 spΔ=0
  [23] #max:                         RET   rcvr=0x9 ret/top=0x9 bailOp=0x00 argc=0 spΔ=0
  [24] #size                         RET   rcvr=0x42f0482e0 ret/top=0x1 bailOp=0x00 argc=0 spΔ=0
  [25] #size                         RET   rcvr=0x42f0482e0 ret/top=0x9 bailOp=0x00 argc=0 spΔ=0
  [26] #infinity                     RET   rcvr=0x30001b028 ret/top=0x300362258 bailOp=0x00 argc=0 spΔ=0
  [27] #infinity                     RET   rcvr=0x30001b028 ret/top=0x300362258 bailOp=0x00 argc=0 spΔ=0
  [28] #arrayType                    RET   rcvr=0x3000178d0 ret/top=0x3000164b0 bailOp=0x00 argc=0 spΔ=0
  [29] #instanceVariablesToKeep      RET   rcvr=0x42f02b178 ret/top=0x3005a68b8 bailOp=0x00 argc=0 spΔ=0
  [30] #instanceVariablesToKeep      RET   rcvr=0x42f02b178 ret/top=0x3005a68b8 bailOp=0x00 argc=0 spΔ=0
  [31] #instanceVariablesToKeep      RET   rcvr=0x42f02b178 ret/top=0x3005a68b8 bailOp=0x00 argc=0 spΔ=0
[DNU] #2: #suspend not understood by rcvr=0x300000000 argCount=0 fd=2 in #suspend P80
[DNU]   rcvr cls=3075 fmt=0 class=nil
[DNU] 1MB-aligned check: rcvr=0x300000000 classAtIdx(3075).isNil=0 trap_env=0
[DNU]   FP=0x433b0e9e8 SP=0x433b0ea00 base=0x433b0e950
[DNU]   receiver_=0x3037fbf10 method_=0x303809d38
[DNU]   FP[-2] = 0x3000182e0
[DNU]   FP[-1] = 0x303809d60
[DNU]   FP[0] = 0x42f04c100
[DNU]   FP[1] = 0x300000000
[DNU]   FP[2] = 0x300000000
[DNU]   FP[3] = 0x80001
[DNU]   FP[4] = 0x42f04b3b8
[DNU]   FP[5] = 0x42f04b670
[DNU]   FP[6] = 0x300000000
[DNU]   FP[7] = 0x301e7be70
[DNU]   FP[8] = 0x42f04b3b8
[DNU]   FP[9] = 0x42f04b670
[DNU]   FP[10] = 0x301e45f58
[PREEMPT] P40→P60 (active=0x42f051958 → 0x42f055908)
[PREEMPT] P40→P60 (active=0x42f051958 → 0x42f055908)
[JIT] Stats: 2621440 sends, 3515 compiled, 48138 failed, 14462/16384 KB code | IC: 274517/409001 (67% hit, 5170 patched, 0 stale) | J2J-r: 0/0 J2J-a: 188614/331170 J2J-d: 5990 J2J-s: 81796/217804 | map: 1915 tracked, 1110 hot
[JIT] Stats: 2686976 sends, 3523 compiled, 50940 failed, 14506/16384 KB code | IC: 283103/419502 (67% hit, 5183 patched, 0 stale) | J2J-r: 0/0 J2J-a: 194022/340873 J2J-d: 5999 J2J-s: 84136/223746 | map: 1916 tracked, 1121 hot
[DNU-STACK] Full call stack for #suspend (DNU #3):
[DNU-STACK]   [0] SUnitRunner class>>runSingleTest:selector:timeout:priority:on:
[DNU-STACK]   [1] FullBlockClosure>>on:do:
[DNU-STACK]   [2] Process>>unwindTo:
[DNU-STACK]   [current] #suspend fd=2
[SISTA-RING] tag=suspend seq=56242 count=32:
  [0] #from:edge:                   RET   rcvr=0x42f1468a8 ret/top=0x42f1468a8 bailOp=0x00 argc=0 spΔ=0
  [1] #edgeClass                    RET   rcvr=0x42f144cd8 ret/top=0x301e13780 bailOp=0x00 argc=0 spΔ=0
  [2] #edgeClass                    RET   rcvr=0x42f144cd8 ret/top=0x301e13780 bailOp=0x00 argc=0 spΔ=0
  [3] #from:edge:                   RET   rcvr=0x42f145848 ret/top=0x42f145848 bailOp=0x00 argc=0 spΔ=0
  [4] #edgeClass                    RET   rcvr=0x42f144cd8 ret/top=0x301e13780 bailOp=0x00 argc=0 spΔ=0
  [5] #edgeClass                    RET   rcvr=0x42f144cd8 ret/top=0x301e13780 bailOp=0x00 argc=0 spΔ=0
  [6] #from:edge:                   RET   rcvr=0x42f146078 ret/top=0x42f146078 bailOp=0x00 argc=0 spΔ=0
  [7] #edgeClass                    RET   rcvr=0x42f144cd8 ret/top=0x301e13780 bailOp=0x00 argc=0 spΔ=0
  [8] #edgeClass                    RET   rcvr=0x42f144cd8 ret/top=0x301e13780 bailOp=0x00 argc=0 spΔ=0
  [9] #from:edge:                   RET   rcvr=0x42f147e70 ret/top=0x42f147e70 bailOp=0x00 argc=0 spΔ=0
  [10] #edgeClass                    RET   rcvr=0x42f144cd8 ret/top=0x301e13780 bailOp=0x00 argc=0 spΔ=0
  [11] #edgeClass                    RET   rcvr=0x42f144cd8 ret/top=0x301e13780 bailOp=0x00 argc=0 spΔ=0
  [12] #from:edge:                   RET   rcvr=0x42f145848 ret/top=0x42f145848 bailOp=0x00 argc=0 spΔ=0
  [13] #edgeClass                    RET   rcvr=0x42f144cd8 ret/top=0x301e13780 bailOp=0x00 argc=0 spΔ=0
  [14] #edgeClass                    RET   rcvr=0x42f144cd8 ret/top=0x301e13780 bailOp=0x00 argc=0 spΔ=0
  [15] #from:edge:                   RET   rcvr=0x42f147640 ret/top=0x42f147640 bailOp=0x00 argc=0 spΔ=0
  [16] #arrayType                    RET   rcvr=0x3000262e8 ret/top=0x3000164b0 bailOp=0x00 argc=0 spΔ=0
  [17] #max:                         RET   rcvr=0xa1 ret/top=0xa1 bailOp=0x00 argc=0 spΔ=0
  [18] #edgeClass                    RET   rcvr=0x42f144cd8 ret/top=0x301e13780 bailOp=0x00 argc=0 spΔ=0
  [19] #edgeClass                    RET   rcvr=0x42f144cd8 ret/top=0x301e13780 bailOp=0x00 argc=0 spΔ=0
  [20] #from:edge:                   RET   rcvr=0x42f146490 ret/top=0x42f146490 bailOp=0x00 argc=0 spΔ=0
  [21] #arrayType                    RET   rcvr=0x3000178d0 ret/top=0x3000164b0 bailOp=0x00 argc=0 spΔ=0
  [22] #isEmpty                      RET   rcvr=0x42f14bba0 ret/top=0x300000020 bailOp=0x00 argc=0 spΔ=0
  [23] #isEmpty                      RET   rcvr=0x42f14bba0 ret/top=0x300000010 bailOp=0x00 argc=0 spΔ=0
  [24] #isEmpty                      RET   rcvr=0x42f14bba0 ret/top=0x300000010 bailOp=0x00 argc=0 spΔ=0
  [25] #max:                         RET   rcvr=0x9 ret/top=0x9 bailOp=0x00 argc=0 spΔ=0
  [26] #size                         RET   rcvr=0x42f143e98 ret/top=0x1 bailOp=0x00 argc=0 spΔ=0
  [27] #size                         RET   rcvr=0x42f143e98 ret/top=0x9 bailOp=0x00 argc=0 spΔ=0
  [28] #infinity                     RET   rcvr=0x30001b028 ret/top=0x300362258 bailOp=0x00 argc=0 spΔ=0
  [29] #arrayType                    RET   rcvr=0x3000178d0 ret/top=0x3000164b0 bailOp=0x00 argc=0 spΔ=0
  [30] #instanceVariablesToKeep      RET   rcvr=0x42f05a9b0 ret/top=0x3005a68b8 bailOp=0x00 argc=0 spΔ=0
  [31] #instanceVariablesToKeep      RET   rcvr=0x42f05a9b0 ret/top=0x3005a68b8 bailOp=0x00 argc=0 spΔ=0
[DNU] #3: #suspend not understood by rcvr=0x300000000 argCount=0 fd=2 in #suspend P80
[DNU]   rcvr cls=3075 fmt=0 class=nil
[DNU] 1MB-aligned check: rcvr=0x300000000 classAtIdx(3075).isNil=0 trap_env=0
[DNU]   FP=0x433b0e9e8 SP=0x433b0ea00 base=0x433b0e950
[DNU]   receiver_=0x3037fbf10 method_=0x303809d38
[DNU]   FP[-2] = 0x3000182e0
[DNU]   FP[-1] = 0x303809d60
[DNU]   FP[0] = 0x42f14e830
[DNU]   FP[1] = 0x300000000
[DNU]   FP[2] = 0x300000000
[DNU]   FP[3] = 0x80001
[DNU]   FP[4] = 0x42f14dae8
[DNU]   FP[5] = 0x42f14dda0
[DNU]   FP[6] = 0x300000000
[DNU]   FP[7] = 0x301e7be70
[DNU]   FP[8] = 0x42f14dae8
[DNU]   FP[9] = 0x42f14dda0
[DNU]   FP[10] = 0x301e45f58
[DNU-STACK] Full call stack for #suspend (DNU #4):
[DNU-STACK]   [0] SUnitRunner class>>runSingleTest:selector:timeout:priority:on:
[DNU-STACK]   [1] FullBlockClosure>>on:do:
[DNU-STACK]   [2] Process>>unwindTo:
[DNU-STACK]   [current] #suspend fd=2
[SISTA-RING] tag=suspend seq=56624 count=32:
  [0] #arrayType                    RET   rcvr=0x3000178d0 ret/top=0x3000164b0 bailOp=0x00 argc=0 spΔ=0
  [1] #arrayType                    RET   rcvr=0x3000178d0 ret/top=0x3000164b0 bailOp=0x00 argc=0 spΔ=0
  [2] #size                         RET   rcvr=0x42f16d800 ret/top=0x19 bailOp=0x00 argc=0 spΔ=0
  [3] #arrayType                    RET   rcvr=0x3000178d0 ret/top=0x3000164b0 bailOp=0x00 argc=0 spΔ=0
  [4] #size                         RET   rcvr=0x42f16d898 ret/top=0x19 bailOp=0x00 argc=0 spΔ=0
  [5] #arrayType                    RET   rcvr=0x3000178d0 ret/top=0x3000164b0 bailOp=0x00 argc=0 spΔ=0
  [6] #size                         RET   rcvr=0x42f16d930 ret/top=0x19 bailOp=0x00 argc=0 spΔ=0
  [7] #arrayType                    RET   rcvr=0x3000178d0 ret/top=0x3000164b0 bailOp=0x00 argc=0 spΔ=0
  [8] #size                         RET   rcvr=0x42f16d9c8 ret/top=0x19 bailOp=0x00 argc=0 spΔ=0
  [9] #arrayType                    RET   rcvr=0x3000178d0 ret/top=0x3000164b0 bailOp=0x00 argc=0 spΔ=0
  [10] #size                         RET   rcvr=0x42f16da60 ret/top=0x19 bailOp=0x00 argc=0 spΔ=0
  [11] #arrayType                    RET   rcvr=0x3000178d0 ret/top=0x3000164b0 bailOp=0x00 argc=0 spΔ=0
  [12] #size                         RET   rcvr=0x42f16daf8 ret/top=0x19 bailOp=0x00 argc=0 spΔ=0
  [13] #arrayType                    RET   rcvr=0x3000178d0 ret/top=0x3000164b0 bailOp=0x00 argc=0 spΔ=0
  [14] #size                         RET   rcvr=0x42f16db90 ret/top=0x19 bailOp=0x00 argc=0 spΔ=0
  [15] #arrayType                    RET   rcvr=0x3000178d0 ret/top=0x3000164b0 bailOp=0x00 argc=0 spΔ=0
  [16] #size                         RET   rcvr=0x42f16dc28 ret/top=0x19 bailOp=0x00 argc=0 spΔ=0
  [17] #arrayType                    RET   rcvr=0x3000178d0 ret/top=0x3000164b0 bailOp=0x00 argc=0 spΔ=0
  [18] #size                         RET   rcvr=0x42f16dcc0 ret/top=0x19 bailOp=0x00 argc=0 spΔ=0
  [19] #arrayType                    RET   rcvr=0x3000178d0 ret/top=0x3000164b0 bailOp=0x00 argc=0 spΔ=0
  [20] #size                         RET   rcvr=0x42f16dd58 ret/top=0x19 bailOp=0x00 argc=0 spΔ=0
  [21] #arrayType                    RET   rcvr=0x3000178d0 ret/top=0x3000164b0 bailOp=0x00 argc=0 spΔ=0
  [22] #size                         RET   rcvr=0x42f16ddf0 ret/top=0x19 bailOp=0x00 argc=0 spΔ=0
  [23] #size                         RET   rcvr=0x42f16d328 ret/top=0x51 bailOp=0x00 argc=0 spΔ=0
  [24] #arrayType                    RET   rcvr=0x3000178d0 ret/top=0x3000164b0 bailOp=0x00 argc=0 spΔ=0
  [25] #max:                         RET   rcvr=0xa1 ret/top=0xa1 bailOp=0x00 argc=0 spΔ=0
  [26] #size                         RET   rcvr=0x42f16d328 ret/top=0x59 bailOp=0x00 argc=0 spΔ=0
  [27] #size                         RET   rcvr=0x42f1667a8 ret/top=0x9 bailOp=0x00 argc=0 spΔ=0
  [28] #size                         RET   rcvr=0x42f1667a8 ret/top=0x9 bailOp=0x00 argc=0 spΔ=0
  [29] #arrayType                    RET   rcvr=0x3000178d0 ret/top=0x3000164b0 bailOp=0x00 argc=0 spΔ=0
  [30] #instanceVariablesToKeep      RET   rcvr=0x42f15d050 ret/top=0x3005a68b8 bailOp=0x00 argc=0 spΔ=0
  [31] #instanceVariablesToKeep      RET   rcvr=0x42f15d050 ret/top=0x3005a68b8 bailOp=0x00 argc=0 spΔ=0
[DNU] #4: #suspend not understood by rcvr=0x300000000 argCount=0 fd=2 in #suspend P80
[DNU]   rcvr cls=3075 fmt=0 class=nil
[DNU] 1MB-aligned check: rcvr=0x300000000 classAtIdx(3075).isNil=0 trap_env=0
[JIT] Stats: 2752512 sends, 3544 compiled, 55817 failed, 14640/16384 KB code | IC: 294169/432250 (68% hit, 5222 patched, 0 stale) | J2J-r: 0/0 J2J-a: 201839/352986 J2J-d: 6028 J2J-s: 86799/230083 | map: 1928 tracked, 1163 hot
[JIT] Stats: 2818048 sends, 3548 compiled, 61460 failed, 14659/16384 KB code | IC: 305405/444931 (68% hit, 5223 patched, 0 stale) | J2J-r: 0/0 J2J-a: 209812/364982 J2J-d: 6029 J2J-s: 89084/235751 | map: 1928 tracked, 1163 hot
[DNU-STACK] Full call stack for #suspend (DNU #5):
[DNU-STACK]   [0] SUnitRunner class>>runSingleTest:selector:timeout:priority:on:
[DNU-STACK]   [1] FullBlockClosure>>on:do:
[DNU-STACK]   [2] Process>>unwindTo:
[DNU-STACK]   [current] #suspend fd=2
[SISTA-RING] tag=suspend seq=60892 count=32:
  [0] #edgeClass                    RET   rcvr=0x42f29a4b8 ret/top=0x301e13780 bailOp=0x00 argc=0 spΔ=0
  [1] #from:edge:                   RET   rcvr=0x42f29b298 ret/top=0x42f29b298 bailOp=0x00 argc=0 spΔ=0
  [2] #edgeClass                    RET   rcvr=0x42f29a4b8 ret/top=0x301e13780 bailOp=0x00 argc=0 spΔ=0
  [3] #edgeClass                    RET   rcvr=0x42f29a4b8 ret/top=0x301e13780 bailOp=0x00 argc=0 spΔ=0
  [4] #from:edge:                   RET   rcvr=0x42f29bee0 ret/top=0x42f29bee0 bailOp=0x00 argc=0 spΔ=0
  [5] #edgeClass                    RET   rcvr=0x42f29a4b8 ret/top=0x301e13780 bailOp=0x00 argc=0 spΔ=0
  [6] #edgeClass                    RET   rcvr=0x42f29a4b8 ret/top=0x301e13780 bailOp=0x00 argc=0 spΔ=0
  [7] #from:edge:                   RET   rcvr=0x42f29cf48 ret/top=0x42f29cf48 bailOp=0x00 argc=0 spΔ=0
  [8] #edgeClass                    RET   rcvr=0x42f29a4b8 ret/top=0x301e13780 bailOp=0x00 argc=0 spΔ=0
  [9] #edgeClass                    RET   rcvr=0x42f29a4b8 ret/top=0x301e13780 bailOp=0x00 argc=0 spΔ=0
  [10] #from:edge:                   RET   rcvr=0x42f29bac8 ret/top=0x42f29bac8 bailOp=0x00 argc=0 spΔ=0
  [11] #edgeClass                    RET   rcvr=0x42f29a4b8 ret/top=0x301e13780 bailOp=0x00 argc=0 spΔ=0
  [12] #edgeClass                    RET   rcvr=0x42f29a4b8 ret/top=0x301e13780 bailOp=0x00 argc=0 spΔ=0
  [13] #from:edge:                   RET   rcvr=0x42f29b6b0 ret/top=0x42f29b6b0 bailOp=0x00 argc=0 spΔ=0
  [14] #arrayType                    RET   rcvr=0x3000262e8 ret/top=0x3000164b0 bailOp=0x00 argc=0 spΔ=0
  [15] #max:                         RET   rcvr=0xa1 ret/top=0xa1 bailOp=0x00 argc=0 spΔ=0
  [16] #arrayType                    RET   rcvr=0x3000178d0 ret/top=0x3000164b0 bailOp=0x00 argc=0 spΔ=0
  [17] #isEmpty                      RET   rcvr=0x42f2a00d0 ret/top=0x300000020 bailOp=0x00 argc=0 spΔ=0
  [18] #isEmpty                      RET   rcvr=0x42f2a00d0 ret/top=0x300000010 bailOp=0x00 argc=0 spΔ=0
  [19] #size                         RET   rcvr=0x42f2676a8 ret/top=0x9 bailOp=0x00 argc=0 spΔ=0
  [20] #size                         RET   rcvr=0x42f2676a8 ret/top=0x9 bailOp=0x00 argc=0 spΔ=0
  [21] #arrayType                    RET   rcvr=0x3000178d0 ret/top=0x3000164b0 bailOp=0x00 argc=0 spΔ=0
  [22] #size                         RET   rcvr=0x42f2a05d0 ret/top=0x9 bailOp=0x00 argc=0 spΔ=0
  [23] #species                      RET   rcvr=0x42f2a0658 ret/top=0x3000164b0 bailOp=0x00 argc=0 spΔ=0
  [24] #infinity                     RET   rcvr=0x30001b028 ret/top=0x300362258 bailOp=0x00 argc=0 spΔ=0
  [25] #infinity                     RET   rcvr=0x30001b028 ret/top=0x300362258 bailOp=0x00 argc=0 spΔ=0
  [26] #infinity                     RET   rcvr=0x30001b028 ret/top=0x300362258 bailOp=0x00 argc=0 spΔ=0
  [27] #infinity                     RET   rcvr=0x30001b028 ret/top=0x300362258 bailOp=0x00 argc=0 spΔ=0
  [28] #infinity                     RET   rcvr=0x30001b028 ret/top=0x300362258 bailOp=0x00 argc=0 spΔ=0
  [29] #arrayType                    RET   rcvr=0x3000178d0 ret/top=0x3000164b0 bailOp=0x00 argc=0 spΔ=0
  [30] #instanceVariablesToKeep      RET   rcvr=0x42f1803c0 ret/top=0x3005a68b8 bailOp=0x00 argc=0 spΔ=0
  [31] #instanceVariablesToKeep      RET   rcvr=0x42f1803c0 ret/top=0x3005a68b8 bailOp=0x00 argc=0 spΔ=0
[DNU] #5: #suspend not understood by rcvr=0x300000000 argCount=0 fd=2 in #suspend P80
[DNU]   rcvr cls=3075 fmt=0 class=nil
[DNU] 1MB-aligned check: rcvr=0x300000000 classAtIdx(3075).isNil=0 trap_env=0
[DNU-STACK] Full call stack for #suspend (DNU #6):
[DNU-STACK]   [0] SUnitRunner class>>runSingleTest:selector:timeout:priority:on:
[DNU-STACK]   [1] FullBlockClosure>>on:do:
[DNU-STACK]   [2] Process>>unwindTo:
[DNU-STACK]   [current] #suspend fd=2
[SISTA-RING] tag=suspend seq=61230 count=32:
  [0] #arrayType                    RET   rcvr=0x3000178d0 ret/top=0x3000164b0 bailOp=0x00 argc=0 spΔ=0
  [1] #max:                         RET   rcvr=0xa1 ret/top=0xa1 bailOp=0x00 argc=0 spΔ=0
  [2] #arrayType                    RET   rcvr=0x3000178d0 ret/top=0x3000164b0 bailOp=0x00 argc=0 spΔ=0
  [3] #size                         RET   rcvr=0x42f2c20c8 ret/top=0x19 bailOp=0x00 argc=0 spΔ=0
  [4] #arrayType                    RET   rcvr=0x3000178d0 ret/top=0x3000164b0 bailOp=0x00 argc=0 spΔ=0
  [5] #size                         RET   rcvr=0x42f2c2160 ret/top=0x19 bailOp=0x00 argc=0 spΔ=0
  [6] #arrayType                    RET   rcvr=0x3000178d0 ret/top=0x3000164b0 bailOp=0x00 argc=0 spΔ=0
  [7] #size                         RET   rcvr=0x42f2c21f8 ret/top=0x19 bailOp=0x00 argc=0 spΔ=0
  [8] #size                         RET   rcvr=0x42f2c1788 ret/top=0x71 bailOp=0x00 argc=0 spΔ=0
  [9] #max:                         RET   rcvr=0x9 ret/top=0x9 bailOp=0x00 argc=0 spΔ=0
  [10] #maxSmallSize                 RET   rcvr=0x300016e10 ret/top=0x7f9 bailOp=0x00 argc=0 spΔ=0
  [11] #size                         RET   rcvr=0x42f2bd290 ret/top=0x9 bailOp=0x00 argc=0 spΔ=0
  [12] #infinity                     RET   rcvr=0x30001b028 ret/top=0x300362258 bailOp=0x00 argc=0 spΔ=0
  [13] #infinity                     RET   rcvr=0x30001b028 ret/top=0x300362258 bailOp=0x00 argc=0 spΔ=0
  [14] #infinity                     RET   rcvr=0x30001b028 ret/top=0x300362258 bailOp=0x00 argc=0 spΔ=0
  [15] #infinity                     RET   rcvr=0x30001b028 ret/top=0x300362258 bailOp=0x00 argc=0 spΔ=0
  [16] #size                         RET   rcvr=0x42f2bd290 ret/top=0x11 bailOp=0x00 argc=0 spΔ=0
  [17] #infinity                     RET   rcvr=0x30001b028 ret/top=0x300362258 bailOp=0x00 argc=0 spΔ=0
  [18] #infinity                     RET   rcvr=0x30001b028 ret/top=0x300362258 bailOp=0x00 argc=0 spΔ=0
  [19] #infinity                     RET   rcvr=0x30001b028 ret/top=0x300362258 bailOp=0x00 argc=0 spΔ=0
  [20] #infinity                     RET   rcvr=0x30001b028 ret/top=0x300362258 bailOp=0x00 argc=0 spΔ=0
  [21] #infinity                     RET   rcvr=0x30001b028 ret/top=0x300362258 bailOp=0x00 argc=0 spΔ=0
  [22] #infinity                     RET   rcvr=0x30001b028 ret/top=0x300362258 bailOp=0x00 argc=0 spΔ=0
  [23] #infinity                     RET   rcvr=0x30001b028 ret/top=0x300362258 bailOp=0x00 argc=0 spΔ=0
  [24] #size                         RET   rcvr=0x42f2bd290 ret/top=0x9 bailOp=0x00 argc=0 spΔ=0
  [25] #infinity                     RET   rcvr=0x30001b028 ret/top=0x300362258 bailOp=0x00 argc=0 spΔ=0
  [26] #infinity                     RET   rcvr=0x30001b028 ret/top=0x300362258 bailOp=0x00 argc=0 spΔ=0
  [27] #infinity                     RET   rcvr=0x30001b028 ret/top=0x300362258 bailOp=0x00 argc=0 spΔ=0
  [28] #infinity                     RET   rcvr=0x30001b028 ret/top=0x300362258 bailOp=0x00 argc=0 spΔ=0
  [29] #arrayType                    RET   rcvr=0x3000178d0 ret/top=0x3000164b0 bailOp=0x00 argc=0 spΔ=0
  [30] #instanceVariablesToKeep      RET   rcvr=0x42f2b3778 ret/top=0x3005a68b8 bailOp=0x00 argc=0 spΔ=0
  [31] #instanceVariablesToKeep      RET   rcvr=0x42f2b3778 ret/top=0x3005a68b8 bailOp=0x00 argc=0 spΔ=0
[DNU] #6: #suspend not understood by rcvr=0x300000000 argCount=0 fd=2 in #suspend P80
[DNU]   rcvr cls=3075 fmt=0 class=nil
[DNU] 1MB-aligned check: rcvr=0x300000000 classAtIdx(3075).isNil=0 trap_env=0
[JIT] Stats: 2883584 sends, 3551 compiled, 65067 failed, 14699/16384 KB code | IC: 315295/456274 (69% hit, 5231 patched, 0 stale) | J2J-r: 0/0 J2J-a: 216161/375739 J2J-d: 6034 J2J-s: 91704/242231 | map: 1930 tracked, 1165 hot
[DNU-STACK] Full call stack for #suspend (DNU #7):
[DNU-STACK]   [0] SUnitRunner class>>runSingleTest:selector:timeout:priority:on:
[DNU-STACK]   [1] FullBlockClosure>>on:do:
[DNU-STACK]   [2] Process>>unwindTo:
[DNU-STACK]   [current] #suspend fd=2
[SISTA-RING] tag=suspend seq=64161 count=32:
  [0] #edgeClass                    RET   rcvr=0x42f38def0 ret/top=0x301e13780 bailOp=0x00 argc=0 spΔ=0
  [1] #edgeClass                    RET   rcvr=0x42f38def0 ret/top=0x301e13780 bailOp=0x00 argc=0 spΔ=0
  [2] #from:edge:                   RET   rcvr=0x42f38faa8 ret/top=0x42f38faa8 bailOp=0x00 argc=0 spΔ=0
  [3] #arrayType                    RET   rcvr=0x3000178d0 ret/top=0x3000164b0 bailOp=0x00 argc=0 spΔ=0
  [4] #isEmpty                      RET   rcvr=0x42f393ff0 ret/top=0x300000020 bailOp=0x00 argc=0 spΔ=0
  [5] #isEmpty                      RET   rcvr=0x42f393ff0 ret/top=0x300000010 bailOp=0x00 argc=0 spΔ=0
  [6] #isEmpty                      RET   rcvr=0x42f393ff0 ret/top=0x300000010 bailOp=0x00 argc=0 spΔ=0
  [7] #isEmpty                      RET   rcvr=0x42f393ff0 ret/top=0x300000010 bailOp=0x00 argc=0 spΔ=0
  [8] #isEmpty                      RET   rcvr=0x42f393ff0 ret/top=0x300000010 bailOp=0x00 argc=0 spΔ=0
  [9] #isEmpty                      RET   rcvr=0x42f393ff0 ret/top=0x300000010 bailOp=0x00 argc=0 spΔ=0
  [10] #isEmpty                      RET   rcvr=0x42f393ff0 ret/top=0x300000010 bailOp=0x00 argc=0 spΔ=0
  [11] #isEmpty                      RET   rcvr=0x42f393ff0 ret/top=0x300000010 bailOp=0x00 argc=0 spΔ=0
  [12] #max:                         RET   rcvr=0x9 ret/top=0x9 bailOp=0x00 argc=0 spΔ=0
  [13] #maxSmallSize                 RET   rcvr=0x300016e10 ret/top=0x7f9 bailOp=0x00 argc=0 spΔ=0
  [14] #size                         RET   rcvr=0x42f36f008 ret/top=0x1 bailOp=0x00 argc=0 spΔ=0
  [15] #infinity                     RET   rcvr=0x30001b028 ret/top=0x300362258 bailOp=0x00 argc=0 spΔ=0
  [16] #infinity                     RET   rcvr=0x30001b028 ret/top=0x300362258 bailOp=0x00 argc=0 spΔ=0
  [17] #infinity                     RET   rcvr=0x30001b028 ret/top=0x300362258 bailOp=0x00 argc=0 spΔ=0
  [18] #infinity                     RET   rcvr=0x30001b028 ret/top=0x300362258 bailOp=0x00 argc=0 spΔ=0
  [19] #size                         RET   rcvr=0x42f36f008 ret/top=0x9 bailOp=0x00 argc=0 spΔ=0
  [20] #infinity                     RET   rcvr=0x30001b028 ret/top=0x300362258 bailOp=0x00 argc=0 spΔ=0
  [21] #infinity                     RET   rcvr=0x30001b028 ret/top=0x300362258 bailOp=0x00 argc=0 spΔ=0
  [22] #infinity                     RET   rcvr=0x30001b028 ret/top=0x300362258 bailOp=0x00 argc=0 spΔ=0
  [23] #species                      RET   rcvr=0x42f3953a0 ret/top=0x3000164b0 bailOp=0x00 argc=0 spΔ=0
  [24] #infinity                     RET   rcvr=0x30001b028 ret/top=0x300362258 bailOp=0x00 argc=0 spΔ=0
  [25] #infinity                     RET   rcvr=0x30001b028 ret/top=0x300362258 bailOp=0x00 argc=0 spΔ=0
  [26] #infinity                     RET   rcvr=0x30001b028 ret/top=0x300362258 bailOp=0x00 argc=0 spΔ=0
  [27] #infinity                     RET   rcvr=0x30001b028 ret/top=0x300362258 bailOp=0x00 argc=0 spΔ=0
  [28] #arrayType                    RET   rcvr=0x3000178d0 ret/top=0x3000164b0 bailOp=0x00 argc=0 spΔ=0
  [29] #instanceVariablesToKeep      RET   rcvr=0x42f2d4928 ret/top=0x3005a68b8 bailOp=0x00 argc=0 spΔ=0
  [30] #instanceVariablesToKeep      RET   rcvr=0x42f2d4928 ret/top=0x3005a68b8 bailOp=0x00 argc=0 spΔ=0
  [31] #instanceVariablesToKeep      RET   rcvr=0x42f2d4928 ret/top=0x3005a68b8 bailOp=0x00 argc=0 spΔ=0
[DNU] #7: #suspend not understood by rcvr=0x300000000 argCount=0 fd=2 in #suspend P80
[DNU]   rcvr cls=3075 fmt=0 class=nil
[DNU] 1MB-aligned check: rcvr=0x300000000 classAtIdx(3075).isNil=0 trap_env=0
[DNU-STACK] Full call stack for #suspend (DNU #8):
[DNU-STACK]   [0] SUnitRunner class>>runSingleTest:selector:timeout:priority:on:
[DNU-STACK]   [1] FullBlockClosure>>on:do:
[DNU-STACK]   [2] Process>>unwindTo:
[DNU-STACK]   [current] #suspend fd=2
[SISTA-RING] tag=suspend seq=64375 count=32:
  [0] #maxSmallSize                 RET   rcvr=0x300016e10 ret/top=0x7f9 bailOp=0x00 argc=0 spΔ=0
  [1] #size                         RET   rcvr=0x42f3afe88 ret/top=0x9 bailOp=0x00 argc=0 spΔ=0
  [2] #infinity                     RET   rcvr=0x30001b028 ret/top=0x300362258 bailOp=0x00 argc=0 spΔ=0
  [3] #infinity                     RET   rcvr=0x30001b028 ret/top=0x300362258 bailOp=0x00 argc=0 spΔ=0
  [4] #size                         RET   rcvr=0x42f3afe88 ret/top=0x11 bailOp=0x00 argc=0 spΔ=0
  [5] #infinity                     RET   rcvr=0x30001b028 ret/top=0x300362258 bailOp=0x00 argc=0 spΔ=0
  [6] #infinity                     RET   rcvr=0x30001b028 ret/top=0x300362258 bailOp=0x00 argc=0 spΔ=0
  [7] #infinity                     RET   rcvr=0x30001b028 ret/top=0x300362258 bailOp=0x00 argc=0 spΔ=0
  [8] #arrayType                    RET   rcvr=0x3000178d0 ret/top=0x3000164b0 bailOp=0x00 argc=0 spΔ=0
  [9] #arrayType                    RET   rcvr=0x3000178d0 ret/top=0x3000164b0 bailOp=0x00 argc=0 spΔ=0
  [10] #size                         RET   rcvr=0x42f3b3750 ret/top=0x19 bailOp=0x00 argc=0 spΔ=0
  [11] #arrayType                    RET   rcvr=0x3000178d0 ret/top=0x3000164b0 bailOp=0x00 argc=0 spΔ=0
  [12] #size                         RET   rcvr=0x42f3b37e8 ret/top=0x19 bailOp=0x00 argc=0 spΔ=0
  [13] #arrayType                    RET   rcvr=0x3000178d0 ret/top=0x3000164b0 bailOp=0x00 argc=0 spΔ=0
  [14] #size                         RET   rcvr=0x42f3b3880 ret/top=0x19 bailOp=0x00 argc=0 spΔ=0
  [15] #arrayType                    RET   rcvr=0x3000178d0 ret/top=0x3000164b0 bailOp=0x00 argc=0 spΔ=0
  [16] #size                         RET   rcvr=0x42f3b3918 ret/top=0x19 bailOp=0x00 argc=0 spΔ=0
  [17] #arrayType                    RET   rcvr=0x3000178d0 ret/top=0x3000164b0 bailOp=0x00 argc=0 spΔ=0
  [18] #size                         RET   rcvr=0x42f3b39b0 ret/top=0x19 bailOp=0x00 argc=0 spΔ=0
  [19] #arrayType                    RET   rcvr=0x3000178d0 ret/top=0x3000164b0 bailOp=0x00 argc=0 spΔ=0
  [20] #size                         RET   rcvr=0x42f3b3a48 ret/top=0x19 bailOp=0x00 argc=0 spΔ=0
  [21] #arrayType                    RET   rcvr=0x3000178d0 ret/top=0x3000164b0 bailOp=0x00 argc=0 spΔ=0
  [22] #size                         RET   rcvr=0x42f3b3ae0 ret/top=0x19 bailOp=0x00 argc=0 spΔ=0
  [23] #arrayType                    RET   rcvr=0x3000178d0 ret/top=0x3000164b0 bailOp=0x00 argc=0 spΔ=0
  [24] #size                         RET   rcvr=0x42f3b3b78 ret/top=0x19 bailOp=0x00 argc=0 spΔ=0
  [25] #size                         RET   rcvr=0x42f3b3278 ret/top=0x41 bailOp=0x00 argc=0 spΔ=0
  [26] #size                         RET   rcvr=0x42f3afe88 ret/top=0x9 bailOp=0x00 argc=0 spΔ=0
  [27] #size                         RET   rcvr=0x42f3afe88 ret/top=0x9 bailOp=0x00 argc=0 spΔ=0
  [28] #infinity                     RET   rcvr=0x30001b028 ret/top=0x300362258 bailOp=0x00 argc=0 spΔ=0
  [29] #arrayType                    RET   rcvr=0x3000178d0 ret/top=0x3000164b0 bailOp=0x00 argc=0 spΔ=0
  [30] #instanceVariablesToKeep      RET   rcvr=0x42f3a7680 ret/top=0x3005a68b8 bailOp=0x00 argc=0 spΔ=0
  [31] #instanceVariablesToKeep      RET   rcvr=0x42f3a7680 ret/top=0x3005a68b8 bailOp=0x00 argc=0 spΔ=0
[DNU] #8: #suspend not understood by rcvr=0x300000000 argCount=0 fd=2 in #suspend P80
[DNU]   rcvr cls=3075 fmt=0 class=nil
[DNU] 1MB-aligned check: rcvr=0x300000000 classAtIdx(3075).isNil=0 trap_env=0
[JIT] Stats: 2949120 sends, 3552 compiled, 68310 failed, 14701/16384 KB code | IC: 324769/467260 (69% hit, 5239 patched, 0 stale) | J2J-r: 0/0 J2J-a: 222119/386097 J2J-d: 6041 J2J-s: 94290/248667 | map: 1932 tracked, 1165 hot
[DNU-STACK] Full call stack for #suspend (DNU #9):
[DNU-STACK]   [0] SUnitRunner class>>runSingleTest:selector:timeout:priority:on:
[DNU-STACK]   [1] FullBlockClosure>>on:do:
[DNU-STACK]   [2] Process>>unwindTo:
[DNU-STACK]   [current] #suspend fd=2
[SISTA-RING] tag=suspend seq=66186 count=32:
  [0] #edgeClass                    RET   rcvr=0x42f4450f8 ret/top=0x301e13780 bailOp=0x00 argc=0 spΔ=0
  [1] #from:edge:                   RET   rcvr=0x42f445ac0 ret/top=0x42f445ac0 bailOp=0x00 argc=0 spΔ=0
  [2] #edgeClass                    RET   rcvr=0x42f4450f8 ret/top=0x301e13780 bailOp=0x00 argc=0 spΔ=0
  [3] #edgeClass                    RET   rcvr=0x42f4450f8 ret/top=0x301e13780 bailOp=0x00 argc=0 spΔ=0
  [4] #from:edge:                   RET   rcvr=0x42f446708 ret/top=0x42f446708 bailOp=0x00 argc=0 spΔ=0
  [5] #edgeClass                    RET   rcvr=0x42f4450f8 ret/top=0x301e13780 bailOp=0x00 argc=0 spΔ=0
  [6] #edgeClass                    RET   rcvr=0x42f4450f8 ret/top=0x301e13780 bailOp=0x00 argc=0 spΔ=0
  [7] #from:edge:                   RET   rcvr=0x42f4462f0 ret/top=0x42f4462f0 bailOp=0x00 argc=0 spΔ=0
  [8] #arrayType                    RET   rcvr=0x3000178d0 ret/top=0x3000164b0 bailOp=0x00 argc=0 spΔ=0
  [9] #isEmpty                      RET   rcvr=0x42f44a058 ret/top=0x300000020 bailOp=0x00 argc=0 spΔ=0
  [10] #isEmpty                      RET   rcvr=0x42f44a058 ret/top=0x300000010 bailOp=0x00 argc=0 spΔ=0
  [11] #isEmpty                      RET   rcvr=0x42f44a058 ret/top=0x300000010 bailOp=0x00 argc=0 spΔ=0
  [12] #isEmpty                      RET   rcvr=0x42f44a058 ret/top=0x300000010 bailOp=0x00 argc=0 spΔ=0
  [13] #isEmpty                      RET   rcvr=0x42f44a058 ret/top=0x300000010 bailOp=0x00 argc=0 spΔ=0
  [14] #isEmpty                      RET   rcvr=0x42f44a058 ret/top=0x300000010 bailOp=0x00 argc=0 spΔ=0
  [15] #max:                         RET   rcvr=0x9 ret/top=0x9 bailOp=0x00 argc=0 spΔ=0
  [16] #maxSmallSize                 RET   rcvr=0x300016e10 ret/top=0x7f9 bailOp=0x00 argc=0 spΔ=0
  [17] #size                         RET   rcvr=0x42f432b30 ret/top=0x9 bailOp=0x00 argc=0 spΔ=0
  [18] #infinity                     RET   rcvr=0x30001b028 ret/top=0x300362258 bailOp=0x00 argc=0 spΔ=0
  [19] #infinity                     RET   rcvr=0x30001b028 ret/top=0x300362258 bailOp=0x00 argc=0 spΔ=0
  [20] #size                         RET   rcvr=0x42f432b30 ret/top=0x11 bailOp=0x00 argc=0 spΔ=0
  [21] #infinity                     RET   rcvr=0x30001b028 ret/top=0x300362258 bailOp=0x00 argc=0 spΔ=0
  [22] #size                         RET   rcvr=0x42f432b30 ret/top=0x9 bailOp=0x00 argc=0 spΔ=0
  [23] #infinity                     RET   rcvr=0x30001b028 ret/top=0x300362258 bailOp=0x00 argc=0 spΔ=0
  [24] #species                      RET   rcvr=0x42f44ad40 ret/top=0x3000164b0 bailOp=0x00 argc=0 spΔ=0
  [25] #infinity                     RET   rcvr=0x30001b028 ret/top=0x300362258 bailOp=0x00 argc=0 spΔ=0
  [26] #infinity                     RET   rcvr=0x30001b028 ret/top=0x300362258 bailOp=0x00 argc=0 spΔ=0
  [27] #infinity                     RET   rcvr=0x30001b028 ret/top=0x300362258 bailOp=0x00 argc=0 spΔ=0
  [28] #infinity                     RET   rcvr=0x30001b028 ret/top=0x300362258 bailOp=0x00 argc=0 spΔ=0
  [29] #arrayType                    RET   rcvr=0x3000178d0 ret/top=0x3000164b0 bailOp=0x00 argc=0 spΔ=0
  [30] #instanceVariablesToKeep      RET   rcvr=0x42f3c5c58 ret/top=0x3005a68b8 bailOp=0x00 argc=0 spΔ=0
  [31] #instanceVariablesToKeep      RET   rcvr=0x42f3c5c58 ret/top=0x3005a68b8 bailOp=0x00 argc=0 spΔ=0
[DNU] #9: #suspend not understood by rcvr=0x300000000 argCount=0 fd=2 in #suspend P80
[DNU]   rcvr cls=3075 fmt=0 class=nil
[DNU] 1MB-aligned check: rcvr=0x300000000 classAtIdx(3075).isNil=0 trap_env=0
[DNU-STACK] Full call stack for #suspend (DNU #10):
[DNU-STACK]   [0] SUnitRunner class>>runSingleTest:selector:timeout:priority:on:
[DNU-STACK]   [1] FullBlockClosure>>on:do:
[DNU-STACK]   [2] Process>>unwindTo:
[DNU-STACK]   [current] #suspend fd=2
[SISTA-RING] tag=suspend seq=66258 count=32:
  [0] #arrayType                    RET   rcvr=0x3000178d0 ret/top=0x3000164b0 bailOp=0x00 argc=0 spΔ=0
  [1] #max:                         RET   rcvr=0x9 ret/top=0x9 bailOp=0x00 argc=0 spΔ=0
  [2] #nodeClass                    RET   rcvr=0x42f47b158 ret/top=0x301e138c0 bailOp=0x00 argc=0 spΔ=0
  [3] #arrayType                    RET   rcvr=0x3000178d0 ret/top=0x3000164b0 bailOp=0x00 argc=0 spΔ=0
  [4] #nodeClass                    RET   rcvr=0x42f47b158 ret/top=0x301e138c0 bailOp=0x00 argc=0 spΔ=0
  [5] #arrayType                    RET   rcvr=0x3000178d0 ret/top=0x3000164b0 bailOp=0x00 argc=0 spΔ=0
  [6] #nodeClass                    RET   rcvr=0x42f47b158 ret/top=0x301e138c0 bailOp=0x00 argc=0 spΔ=0
  [7] #arrayType                    RET   rcvr=0x3000178d0 ret/top=0x3000164b0 bailOp=0x00 argc=0 spΔ=0
  [8] #nodeClass                    RET   rcvr=0x42f47b158 ret/top=0x301e138c0 bailOp=0x00 argc=0 spΔ=0
  [9] #arrayType                    RET   rcvr=0x3000178d0 ret/top=0x3000164b0 bailOp=0x00 argc=0 spΔ=0
  [10] #maxSmallSize                 RET   rcvr=0x300016e10 ret/top=0x7f9 bailOp=0x00 argc=0 spΔ=0
  [11] #nodeClass                    RET   rcvr=0x42f47b158 ret/top=0x301e138c0 bailOp=0x00 argc=0 spΔ=0
  [12] #arrayType                    RET   rcvr=0x3000178d0 ret/top=0x3000164b0 bailOp=0x00 argc=0 spΔ=0
  [13] #nodeClass                    RET   rcvr=0x42f47b158 ret/top=0x301e138c0 bailOp=0x00 argc=0 spΔ=0
  [14] #arrayType                    RET   rcvr=0x3000178d0 ret/top=0x3000164b0 bailOp=0x00 argc=0 spΔ=0
  [15] #nodeClass                    RET   rcvr=0x42f47b158 ret/top=0x301e138c0 bailOp=0x00 argc=0 spΔ=0
  [16] #arrayType                    RET   rcvr=0x3000178d0 ret/top=0x3000164b0 bailOp=0x00 argc=0 spΔ=0
  [17] #from:                        RET   rcvr=0x42f47daf0 ret/top=0x42f47daf0 bailOp=0x00 argc=0 spΔ=0
  [18] #from:                        RET   rcvr=0x42f47d760 ret/top=0x42f47d760 bailOp=0x00 argc=0 spΔ=0
  [19] #from:                        RET   rcvr=0x42f47de80 ret/top=0x42f47de80 bailOp=0x00 argc=0 spΔ=0
  [20] #from:                        RET   rcvr=0x42f47e210 ret/top=0x42f47e210 bailOp=0x00 argc=0 spΔ=0
  [21] #from:                        RET   rcvr=0x42f47e210 ret/top=0x42f47e210 bailOp=0x00 argc=0 spΔ=0
  [22] #from:                        RET   rcvr=0x42f47f2b0 ret/top=0x42f47f2b0 bailOp=0x00 argc=0 spΔ=0
  [23] #from:                        RET   rcvr=0x42f47daf0 ret/top=0x42f47daf0 bailOp=0x00 argc=0 spΔ=0
  [24] #from:                        RET   rcvr=0x42f47e5a0 ret/top=0x42f47e5a0 bailOp=0x00 argc=0 spΔ=0
  [25] #from:                        RET   rcvr=0x42f47d760 ret/top=0x42f47d760 bailOp=0x00 argc=0 spΔ=0
  [26] #from:                        RET   rcvr=0x42f47f640 ret/top=0x42f47f640 bailOp=0x00 argc=0 spΔ=0
  [27] #from:                        RET   rcvr=0x42f47f9d0 ret/top=0x42f47f9d0 bailOp=0x00 argc=0 spΔ=0
  [28] #from:                        RET   rcvr=0x42f47f640 ret/top=0x42f47f640 bailOp=0x00 argc=0 spΔ=0
  [29] #arrayType                    RET   rcvr=0x3000178d0 ret/top=0x3000164b0 bailOp=0x00 argc=0 spΔ=0
  [30] #instanceVariablesToKeep      RET   rcvr=0x42f479330 ret/top=0x3005a68b8 bailOp=0x00 argc=0 spΔ=0
  [31] #instanceVariablesToKeep      RET   rcvr=0x42f479330 ret/top=0x3005a68b8 bailOp=0x00 argc=0 spΔ=0
[DNU] #10: #suspend not understood by rcvr=0x300000000 argCount=0 fd=2 in #suspend P80
[DNU]   rcvr cls=3075 fmt=0 class=nil
[DNU] 1MB-aligned check: rcvr=0x300000000 classAtIdx(3075).isNil=0 trap_env=0
[DNU] #11: #suspend not understood by rcvr=0x300000000 argCount=0 fd=2 in #suspend P80
[DNU]   rcvr cls=3075 fmt=0 class=nil
[DNU] 1MB-aligned check: rcvr=0x300000000 classAtIdx(3075).isNil=0 trap_env=0
[JIT] Stats: 3014656 sends, 3600 compiled, 72120 failed, 14996/16384 KB code | IC: 334753/479261 (69% hit, 5309 patched, 0 stale) | J2J-r: 0/0 J2J-a: 228543/397309 J2J-d: 6088 J2J-s: 96629/255129 | map: 1989 tracked, 1231 hot
[DNU] #12: #suspend not understood by rcvr=0x300000000 argCount=0 fd=2 in #suspend P80
[DNU]   rcvr cls=3075 fmt=0 class=nil
[DNU] 1MB-aligned check: rcvr=0x300000000 classAtIdx(3075).isNil=0 trap_env=0
[DNU] #13: #suspend not understood by rcvr=0x300000000 argCount=0 fd=2 in #suspend P80
[DNU]   rcvr cls=3075 fmt=0 class=nil
[DNU] 1MB-aligned check: rcvr=0x300000000 classAtIdx(3075).isNil=0 trap_env=0
[DNU] #14: #suspend not understood by rcvr=0x300000000 argCount=0 fd=2 in #suspend P80
[DNU]   rcvr cls=3075 fmt=0 class=nil
[DNU] 1MB-aligned check: rcvr=0x300000000 classAtIdx(3075).isNil=0 trap_env=0
[DNU] #15: #suspend not understood by rcvr=0x300000000 argCount=0 fd=2 in #suspend P80
[DNU]   rcvr cls=3075 fmt=0 class=nil
[DNU] 1MB-aligned check: rcvr=0x300000000 classAtIdx(3075).isNil=0 trap_env=0
[DNU] #16: #suspend not understood by rcvr=0x300000000 argCount=0 fd=2 in #suspend P80
[DNU]   rcvr cls=3075 fmt=0 class=nil
[DNU] 1MB-aligned check: rcvr=0x300000000 classAtIdx(3075).isNil=0 trap_env=0
[DNU] #17: #suspend not understood by rcvr=0x300000000 argCount=0 fd=2 in #suspend P80
[DNU]   rcvr cls=3075 fmt=0 class=nil
[DNU] 1MB-aligned check: rcvr=0x300000000 classAtIdx(3075).isNil=0 trap_env=0
[DNU] #18: #suspend not understood by rcvr=0x300000000 argCount=0 fd=2 in #suspend P80
[DNU]   rcvr cls=3075 fmt=0 class=nil
[DNU] 1MB-aligned check: rcvr=0x300000000 classAtIdx(3075).isNil=0 trap_env=0
[SISTA-SELECT-CAND] pfbBC=1 send1BC=4 selIdx=1 litIdx=0 slot=0
[SISTA-SELECT-EMIT] bc=1 slot=0 vid=1
[JIT] Stats: 3080192 sends, 3635 compiled, 74372 failed, 15153/16384 KB code | IC: 343174/489909 (70% hit, 5479 patched, 0 stale) | J2J-r: 0/0 J2J-a: 233600/407237 J2J-d: 6208 J2J-s: 98581/261725 | map: 2209 tracked, 1350 hot
[DNU] #19: #suspend not understood by rcvr=0x300000000 argCount=0 fd=2 in #suspend P80
[DNU]   rcvr cls=3075 fmt=0 class=nil
[DNU] 1MB-aligned check: rcvr=0x300000000 classAtIdx(3075).isNil=0 trap_env=0
[JIT] Stats: 3145728 sends, 3642 compiled, 76624 failed, 15175/16384 KB code | IC: 356543/506033 (70% hit, 5505 patched, 0 stale) | J2J-r: 0/0 J2J-a: 239367/421233 J2J-d: 6233 J2J-s: 101788/273070 | map: 2222 tracked, 1373 hot
[DNU] #20: #suspend not understood by rcvr=0x300000000 argCount=0 fd=2 in #suspend P80
[DNU]   rcvr cls=3075 fmt=0 class=nil
[DNU] 1MB-aligned check: rcvr=0x300000000 classAtIdx(3075).isNil=0 trap_env=0
[DNU] #21: #suspend not understood by rcvr=0x300000000 argCount=0 fd=2 in #suspend P80
[DNU]   rcvr cls=3075 fmt=0 class=nil
[DNU] 1MB-aligned check: rcvr=0x300000000 classAtIdx(3075).isNil=0 trap_env=0
[DNU] #22: #suspend not understood by rcvr=0x300000000 argCount=0 fd=2 in #suspend P80
[DNU]   rcvr cls=3075 fmt=0 class=nil
[DNU] 1MB-aligned check: rcvr=0x300000000 classAtIdx(3075).isNil=0 trap_env=0
[DNU] #23: #suspend not understood by rcvr=0x300000000 argCount=0 fd=2 in #suspend P80
[DNU]   rcvr cls=3075 fmt=0 class=nil
[DNU] 1MB-aligned check: rcvr=0x300000000 classAtIdx(3075).isNil=0 trap_env=0
[DNU] #24: #suspend not understood by rcvr=0x300000000 argCount=0 fd=2 in #suspend P80
[DNU]   rcvr cls=3075 fmt=0 class=nil
[DNU] 1MB-aligned check: rcvr=0x300000000 classAtIdx(3075).isNil=0 trap_env=0
[DNU] #25: #suspend not understood by rcvr=0x300000000 argCount=0 fd=2 in #suspend P80
[DNU]   rcvr cls=3075 fmt=0 class=nil
[DNU] 1MB-aligned check: rcvr=0x300000000 classAtIdx(3075).isNil=0 trap_env=0
[DNU] #26: #suspend not understood by rcvr=0x300000000 argCount=0 fd=2 in #suspend P80
[DNU]   rcvr cls=3075 fmt=0 class=nil
[DNU] 1MB-aligned check: rcvr=0x300000000 classAtIdx(3075).isNil=0 trap_env=0
[DNU] #27: #suspend not understood by rcvr=0x300000000 argCount=0 fd=2 in #suspend P80
[DNU]   rcvr cls=3075 fmt=0 class=nil
[DNU] 1MB-aligned check: rcvr=0x300000000 classAtIdx(3075).isNil=0 trap_env=0
[JIT] Stats: 3211264 sends, 3674 compiled, 79202 failed, 15340/16384 KB code | IC: 365284/516732 (70% hit, 5537 patched, 0 stale) | J2J-r: 0/0 J2J-a: 244450/431203 J2J-d: 6274 J2J-s: 103833/279595 | map: 2272 tracked, 1406 hot
[DNU] #28: #suspend not understood by rcvr=0x300000000 argCount=0 fd=2 in #suspend P80
[DNU]   rcvr cls=3075 fmt=0 class=nil
[DNU] 1MB-aligned check: rcvr=0x300000000 classAtIdx(3075).isNil=0 trap_env=0
[SISTA-ACCUM-CAND] pfbBC=9 doBC=12 outerTemp=0 slot=0 arith=0
[SISTA-ACCUM-EMIT] bc=9 vid=7 packed=0x0
[SISTA-SPLICE-LOWER-OK] method=0x3002f5740
[DNU] #29: #suspend not understood by rcvr=0x300000000 argCount=0 fd=2 in #suspend P80
[DNU]   rcvr cls=3075 fmt=0 class=nil
[DNU] 1MB-aligned check: rcvr=0x300000000 classAtIdx(3075).isNil=0 trap_env=0
[asmjit-t1] code.code_size=3720 out of [1, 3584]
[DNU] #30: #suspend not understood by rcvr=0x300000000 argCount=0 fd=2 in #suspend P80
[DNU]   rcvr cls=3075 fmt=0 class=nil
[DNU] 1MB-aligned check: rcvr=0x300000000 classAtIdx(3075).isNil=0 trap_env=0
[DNU] #31: #suspend not understood by rcvr=0x300000000 argCount=0 fd=2 in #suspend P80
[DNU]   rcvr cls=3075 fmt=0 class=nil
[DNU] 1MB-aligned check: rcvr=0x300000000 classAtIdx(3075).isNil=0 trap_env=0
[DNU] #32: #suspend not understood by rcvr=0x300000000 argCount=0 fd=2 in #suspend P80
[DNU]   rcvr cls=3075 fmt=0 class=nil
[DNU] 1MB-aligned check: rcvr=0x300000000 classAtIdx(3075).isNil=0 trap_env=0
[DNU] #33: #suspend not understood by rcvr=0x300000000 argCount=0 fd=2 in #suspend P80
[DNU]   rcvr cls=3075 fmt=0 class=nil
[DNU] 1MB-aligned check: rcvr=0x300000000 classAtIdx(3075).isNil=0 trap_env=0
[SISTA-SELECT-CAND] pfbBC=2 send1BC=5 selIdx=2 litIdx=1 slot=0
[DNU] #34: #suspend not understood by rcvr=0x300000000 argCount=0 fd=2 in #suspend P80
[DNU]   rcvr cls=3075 fmt=0 class=nil
[DNU] 1MB-aligned check: rcvr=0x300000000 classAtIdx(3075).isNil=0 trap_env=0
[asmjit-t1] code.code_size=14236 out of [1, 13824]
[DNU] #35: #suspend not understood by rcvr=0x300000000 argCount=0 fd=2 in #suspend P80
[DNU]   rcvr cls=3075 fmt=0 class=nil
[DNU] 1MB-aligned check: rcvr=0x300000000 classAtIdx(3075).isNil=0 trap_env=0
[SISTA-SELECT-CAND] pfbBC=24 send1BC=27 selIdx=10 litIdx=9 slot=0
[SISTA-SELECT-CAND] pfbBC=32 send1BC=35 selIdx=10 litIdx=11 slot=1
[SISTA-SELECT-CAND] pfbBC=40 send1BC=43 selIdx=10 litIdx=12 slot=2
[SISTA-SELECT-CAND] pfbBC=48 send1BC=51 selIdx=10 litIdx=13 slot=3
[SISTA-SELECT-CAND] pfbBC=54 send1BC=57 selIdx=10 litIdx=14 slot=4
[SISTA-SELECT-CAND] pfbBC=61 send1BC=64 selIdx=10 litIdx=15 slot=5
[JIT] Stats: 3276800 sends, 3775 compiled, 80743 failed, 15716/16384 KB code | IC: 373367/527171 (70% hit, 5663 patched, 0 stale) | J2J-r: 0/0 J2J-a: 248595/440946 J2J-d: 6547 J2J-s: 105914/286932 | map: 2400 tracked, 1536 hot
[DNU] #36: #suspend not understood by rcvr=0x300000000 argCount=0 fd=2 in #suspend P80
[DNU]   rcvr cls=3075 fmt=0 class=nil
[DNU] 1MB-aligned check: rcvr=0x300000000 classAtIdx(3075).isNil=0 trap_env=0
[DNU] #37: #suspend not understood by rcvr=0x300000000 argCount=0 fd=2 in #suspend P80
[DNU]   rcvr cls=3075 fmt=0 class=nil
[DNU] 1MB-aligned check: rcvr=0x300000000 classAtIdx(3075).isNil=0 trap_env=0
[DNU] #38: #suspend not understood by rcvr=0x300000000 argCount=0 fd=2 in #suspend P80
[DNU]   rcvr cls=3075 fmt=0 class=nil
[DNU] 1MB-aligned check: rcvr=0x300000000 classAtIdx(3075).isNil=0 trap_env=0
[SISTA-SELECT-EMIT] bc=1 slot=0 vid=1
[DNU] #39: #suspend not understood by rcvr=0x300000000 argCount=0 fd=2 in #suspend P80
[DNU]   rcvr cls=3075 fmt=0 class=nil
[DNU] 1MB-aligned check: rcvr=0x300000000 classAtIdx(3075).isNil=0 trap_env=0
[asmjit-t1] code.code_size=3720 out of [1, 3584]
[DNU] #40: #suspend not understood by rcvr=0x300000000 argCount=0 fd=2 in #suspend P80
[DNU]   rcvr cls=3075 fmt=0 class=nil
[DNU] 1MB-aligned check: rcvr=0x300000000 classAtIdx(3075).isNil=0 trap_env=0
[DNU] #41: #suspend not understood by rcvr=0x300000000 argCount=0 fd=2 in #suspend P80
[DNU]   rcvr cls=3075 fmt=0 class=nil
[DNU] 1MB-aligned check: rcvr=0x300000000 classAtIdx(3075).isNil=0 trap_env=0
[DNU] #42: #suspend not understood by rcvr=0x300000000 argCount=0 fd=2 in #suspend P80
[DNU]   rcvr cls=3075 fmt=0 class=nil
[DNU] 1MB-aligned check: rcvr=0x300000000 classAtIdx(3075).isNil=0 trap_env=0
[asmjit-t1] code.code_size=6680 out of [1, 6144]
[DNU] #43: #suspend not understood by rcvr=0x300000000 argCount=0 fd=2 in #suspend P80
[DNU]   rcvr cls=3075 fmt=0 class=nil
[DNU] 1MB-aligned check: rcvr=0x300000000 classAtIdx(3075).isNil=0 trap_env=0
[JIT] Stats: 3342336 sends, 3823 compiled, 81822 failed, 15872/16384 KB code | IC: 380404/537516 (70% hit, 5724 patched, 0 stale) | J2J-r: 0/0 J2J-a: 253024/450426 J2J-d: 7092 J2J-s: 108383/294108 | map: 2469 tracked, 1600 hot
[DNU] #44: #suspend not understood by rcvr=0x300000000 argCount=0 fd=2 in #suspend P80
[DNU]   rcvr cls=3075 fmt=0 class=nil
[DNU] 1MB-aligned check: rcvr=0x300000000 classAtIdx(3075).isNil=0 trap_env=0
[SISTA-INJECT-SPLICE-DIAG] send2BC=7 selIdx=2 verdict=REJECT reject=non-simple block op rejOp=send
[SISTA-INJECT-SPLICE-DIAG] send2BC=7 selIdx=2 verdict=REJECT reject=non-simple block op rejOp=send
[DNU] #45: #suspend not understood by rcvr=0x300000000 argCount=0 fd=2 in #suspend P80
[DNU]   rcvr cls=3075 fmt=0 class=nil
[DNU] 1MB-aligned check: rcvr=0x300000000 classAtIdx(3075).isNil=0 trap_env=0
[DNU] #46: #suspend not understood by rcvr=0x300000000 argCount=0 fd=2 in #suspend P80
[DNU]   rcvr cls=3075 fmt=0 class=nil
[DNU] 1MB-aligned check: rcvr=0x300000000 classAtIdx(3075).isNil=0 trap_env=0
[DNU] #47: #suspend not understood by rcvr=0x300000000 argCount=0 fd=2 in #suspend P80
[DNU]   rcvr cls=3075 fmt=0 class=nil
[DNU] 1MB-aligned check: rcvr=0x300000000 classAtIdx(3075).isNil=0 trap_env=0
[JIT] Stats: 3407872 sends, 3862 compiled, 85981 failed, 15982/16384 KB code | IC: 387520/547186 (70% hit, 5759 patched, 0 stale) | J2J-r: 0/0 J2J-a: 258392/458348 J2J-d: 7221 J2J-s: 109258/297324 | map: 2516 tracked, 1643 hot
[DNU] #48: #suspend not understood by rcvr=0x300000000 argCount=0 fd=2 in #suspend P80
[DNU]   rcvr cls=3075 fmt=0 class=nil
[DNU] 1MB-aligned check: rcvr=0x300000000 classAtIdx(3075).isNil=0 trap_env=0
[DNU] #49: #suspend not understood by rcvr=0x300000000 argCount=0 fd=2 in #suspend P80
[DNU]   rcvr cls=3075 fmt=0 class=nil
[DNU] 1MB-aligned check: rcvr=0x300000000 classAtIdx(3075).isNil=0 trap_env=0
[DNU] #50: #suspend not understood by rcvr=0x300000000 argCount=0 fd=2 in #suspend P80
[DNU]   rcvr cls=3075 fmt=0 class=nil
[DNU] 1MB-aligned check: rcvr=0x300000000 classAtIdx(3075).isNil=0 trap_env=0
[DNU] #51: #suspend not understood by rcvr=0x300000000 argCount=0 fd=2 in #suspend P80
[DNU]   rcvr cls=3075 fmt=0 class=nil
[DNU] 1MB-aligned check: rcvr=0x300000000 classAtIdx(3075).isNil=0 trap_env=0
[asmjit-t1] code.code_size=5812 out of [1, 5632]
[DNU] #52: #suspend not understood by rcvr=0x300000000 argCount=0 fd=2 in #suspend P80
[DNU]   rcvr cls=3075 fmt=0 class=nil
[DNU] 1MB-aligned check: rcvr=0x300000000 classAtIdx(3075).isNil=0 trap_env=0
[DNU] #53: #suspend not understood by rcvr=0x300000000 argCount=0 fd=2 in #suspend P80
[DNU]   rcvr cls=3075 fmt=0 class=nil
[DNU] 1MB-aligned check: rcvr=0x300000000 classAtIdx(3075).isNil=0 trap_env=0
[JIT] Stats: 3473408 sends, 3889 compiled, 89485 failed, 16060/16384 KB code | IC: 394851/557298 (70% hit, 5777 patched, 0 stale) | J2J-r: 0/0 J2J-a: 263937/467146 J2J-d: 7610 J2J-s: 110765/301917 | map: 2548 tracked, 1668 hot
[SISTA-INJECT-SPLICE-DIAG] send2BC=43 selIdx=14 verdict=REJECT reject=non-simple block op rejOp=send
[DNU] #54: #suspend not understood by rcvr=0x300000000 argCount=0 fd=2 in #suspend P80
[DNU]   rcvr cls=3075 fmt=0 class=nil
[DNU] 1MB-aligned check: rcvr=0x300000000 classAtIdx(3075).isNil=0 trap_env=0
[SISTA-INJECT-SPLICE-DIAG] send2BC=33 selIdx=13 verdict=REJECT reject=non-simple block op rejOp=send
[DNU] #55: #suspend not understood by rcvr=0x300000000 argCount=0 fd=2 in #suspend P80
[DNU]   rcvr cls=3075 fmt=0 class=nil
[DNU] 1MB-aligned check: rcvr=0x300000000 classAtIdx(3075).isNil=0 trap_env=0
[SISTA-INJECT-SPLICE-DIAG] send2BC=40 selIdx=15 verdict=REJECT reject=non-simple block op rejOp=send
[DNU] #56: #suspend not understood by rcvr=0x300000000 argCount=0 fd=2 in #suspend P80
[DNU]   rcvr cls=3075 fmt=0 class=nil
[DNU] 1MB-aligned check: rcvr=0x300000000 classAtIdx(3075).isNil=0 trap_env=0
[SISTA-SELECT-EMIT] bc=2 slot=0 vid=4
[DNU] #57: #suspend not understood by rcvr=0x300000000 argCount=0 fd=2 in #suspend P80
[DNU]   rcvr cls=3075 fmt=0 class=nil
[DNU] 1MB-aligned check: rcvr=0x300000000 classAtIdx(3075).isNil=0 trap_env=0
[DNU] #58: #suspend not understood by rcvr=0x300000000 argCount=0 fd=2 in #suspend P80
[DNU]   rcvr cls=3075 fmt=0 class=nil
[DNU] 1MB-aligned check: rcvr=0x300000000 classAtIdx(3075).isNil=0 trap_env=0
[DNU] #59: #suspend not understood by rcvr=0x300000000 argCount=0 fd=2 in #suspend P80
[DNU]   rcvr cls=3075 fmt=0 class=nil
[DNU] 1MB-aligned check: rcvr=0x300000000 classAtIdx(3075).isNil=0 trap_env=0
[JIT] Stats: 3538944 sends, 3928 compiled, 91717 failed, 16218/16384 KB code | IC: 403254/568359 (70% hit, 5811 patched, 0 stale) | J2J-r: 0/0 J2J-a: 268895/477313 J2J-d: 8195 J2J-s: 113088/309095 | map: 2600 tracked, 1703 hot
[DNU] #60: #suspend not understood by rcvr=0x300000000 argCount=0 fd=2 in #suspend P80
[DNU]   rcvr cls=3075 fmt=0 class=nil
[DNU] 1MB-aligned check: rcvr=0x300000000 classAtIdx(3075).isNil=0 trap_env=0
[SISTA-INJECT-SPLICE-DIAG] send2BC=39 selIdx=15 verdict=REJECT reject=non-simple block op rejOp=send
[JIT] Stats: 3604480 sends, 3948 compiled, 95407 failed, 16340/16384 KB code | IC: 410778/579732 (70% hit, 5833 patched, 0 stale) | J2J-r: 0/0 J2J-a: 274217/487050 J2J-d: 8224 J2J-s: 114106/313557 | map: 2619 tracked, 1723 hot
[asmjit-t1] code.code_size=3936 out of [1, 3584]
[asmjit-t1] code.code_size=12556 out of [1, 12288]
[JIT] Stats: 3670016 sends, 3964 compiled, 96763 failed, 16383/16384 KB code | IC: 416558/589938 (70% hit, 6173 patched, 0 stale) | J2J-r: 0/0 J2J-a: 278434/495794 J2J-d: 8551 J2J-s: 115519/319027 | map: 3099 tracked, 2093 hot
[JIT] Stats: 3735552 sends, 3964 compiled, 98026 failed, 16383/16384 KB code | IC: 419162/597442 (70% hit, 6173 patched, 0 stale) | J2J-r: 0/0 J2J-a: 280980/500848 J2J-d: 8551 J2J-s: 115563/321579 | map: 3099 tracked, 2093 hot
[JIT] Stats: 3801088 sends, 3964 compiled, 99298 failed, 16383/16384 KB code | IC: 421756/604916 (69% hit, 6173 patched, 0 stale) | J2J-r: 0/0 J2J-a: 283529/505883 J2J-d: 8551 J2J-s: 115619/324121 | map: 3099 tracked, 2093 hot
[JIT] Stats: 3866624 sends, 3964 compiled, 100571 failed, 16383/16384 KB code | IC: 424358/612398 (69% hit, 6173 patched, 0 stale) | J2J-r: 0/0 J2J-a: 286067/510925 J2J-d: 8551 J2J-s: 115663/326669 | map: 3099 tracked, 2093 hot
[JIT] Stats: 3932160 sends, 3964 compiled, 101844 failed, 16383/16384 KB code | IC: 426956/619884 (68% hit, 6173 patched, 0 stale) | J2J-r: 0/0 J2J-a: 288613/515968 J2J-d: 8551 J2J-s: 115712/329215 | map: 3099 tracked, 2093 hot
[JIT] Stats: 3997696 sends, 3964 compiled, 103124 failed, 16383/16384 KB code | IC: 429887/627372 (68% hit, 6196 patched, 0 stale) | J2J-r: 0/0 J2J-a: 291158/521021 J2J-d: 8558 J2J-s: 116086/332097 | map: 1549 tracked, 726 hot
[JIT] Stats: 4063232 sends, 3964 compiled, 104398 failed, 16383/16384 KB code | IC: 433532/634864 (68% hit, 6198 patched, 0 stale) | J2J-r: 0/0 J2J-a: 293681/526066 J2J-d: 8559 J2J-s: 117157/335690 | map: 1549 tracked, 726 hot
[SISTA-INJECT-SPLICE-DIAG] send2BC=5 selIdx=1 verdict=REJECT reject=multi-block IR rejOp=return
[SISTA-SELECT-EMIT] bc=1 slot=0 vid=1
[asmjit-t1] code.code_size=3932 out of [1, 3584]
[JIT] Stats: 4128768 sends, 3964 compiled, 105794 failed, 16383/16384 KB code | IC: 438341/643695 (68% hit, 6868 patched, 0 stale) | J2J-r: 0/0 J2J-a: 297131/532960 J2J-d: 9070 J2J-s: 118799/340609 | map: 2729 tracked, 1420 hot
[asmjit-t1] code.code_size=3720 out of [1, 3584]
[JIT] Stats: 4194304 sends, 3964 compiled, 107829 failed, 16383/16384 KB code | IC: 445320/654635 (68% hit, 7175 patched, 0 stale) | J2J-r: 0/0 J2J-a: 302365/543057 J2J-d: 9343 J2J-s: 121335/347627 | map: 3001 tracked, 1899 hot
[asmjit-t1] code.code_size=3932 out of [1, 3584]
[JIT] Stats: 4259840 sends, 3964 compiled, 111871 failed, 16383/16384 KB code | IC: 456905/667751 (68% hit, 7245 patched, 0 stale) | J2J-r: 0/0 J2J-a: 310694/555794 J2J-d: 9393 J2J-s: 122586/353222 | map: 3087 tracked, 2082 hot
[JIT] Stats: 4325376 sends, 3964 compiled, 116396 failed, 16383/16384 KB code | IC: 470489/681339 (69% hit, 7249 patched, 0 stale) | J2J-r: 0/0 J2J-a: 319736/569382 J2J-d: 9396 J2J-s: 122603/357785 | map: 3090 tracked, 2088 hot
[asmjit-t1] code.code_size=3716 out of [1, 3584]
[asmjit-t1] code.code_size=8880 out of [1, 7168]
[JIT] Stats: 4390912 sends, 3964 compiled, 119271 failed, 16383/16384 KB code | IC: 479691/694162 (69% hit, 7693 patched, 0 stale) | J2J-r: 0/0 J2J-a: 329269/581002 J2J-d: 9700 J2J-s: 126566/363758 | map: 3179 tracked, 2193 hot
[JIT] Stats: 4456448 sends, 3964 compiled, 123948 failed, 16383/16384 KB code | IC: 493736/708211 (69% hit, 7697 patched, 0 stale) | J2J-r: 0/0 J2J-a: 338613/595051 J2J-d: 9702 J2J-s: 126584/368481 | map: 3179 tracked, 2193 hot
[JIT] Stats: 4521984 sends, 3964 compiled, 128057 failed, 16383/16384 KB code | IC: 504769/722647 (69% hit, 8088 patched, 0 stale) | J2J-r: 0/0 J2J-a: 349107/608066 J2J-d: 9973 J2J-s: 130423/374771 | map: 3186 tracked, 2246 hot
[JIT] Stats: 4587520 sends, 3964 compiled, 131227 failed, 16383/16384 KB code | IC: 516578/735760 (70% hit, 8152 patched, 0 stale) | J2J-r: 0/0 J2J-a: 357895/621177 J2J-d: 10015 J2J-s: 130581/379250 | map: 3186 tracked, 2246 hot
[JIT] Stats: 4653056 sends, 3964 compiled, 135270 failed, 16383/16384 KB code | IC: 528961/749485 (70% hit, 8337 patched, 0 stale) | J2J-r: 0/0 J2J-a: 367442/634342 J2J-d: 10146 J2J-s: 132223/384467 | map: 3186 tracked, 2246 hot
[JIT] Stats: 4718592 sends, 3964 compiled, 138821 failed, 16383/16384 KB code | IC: 539672/762781 (70% hit, 8597 patched, 0 stale) | J2J-r: 0/0 J2J-a: 376934/646853 J2J-d: 10316 J2J-s: 134701/389931 | map: 3186 tracked, 2253 hot
[JIT] Stats: 4784128 sends, 3964 compiled, 143500 failed, 16383/16384 KB code | IC: 553723/776832 (71% hit, 8597 patched, 0 stale) | J2J-r: 0/0 J2J-a: 386279/660903 J2J-d: 10316 J2J-s: 134719/394654 | map: 3186 tracked, 2253 hot
[JIT] Stats: 4849664 sends, 3964 compiled, 146348 failed, 16383/16384 KB code | IC: 563258/791288 (71% hit, 9032 patched, 0 stale) | J2J-r: 0/0 J2J-a: 397003/673673 J2J-d: 10614 J2J-s: 139217/401123 | map: 3186 tracked, 2256 hot
[JIT] Stats: 4915200 sends, 3964 compiled, 150869 failed, 16383/16384 KB code | IC: 576832/804877 (71% hit, 9047 patched, 0 stale) | J2J-r: 0/0 J2J-a: 406041/687262 J2J-d: 10622 J2J-s: 139235/405692 | map: 3186 tracked, 2256 hot
[JIT] Stats: 4980736 sends, 3964 compiled, 154928 failed, 16383/16384 KB code | IC: 587953/818529 (71% hit, 9418 patched, 0 stale) | J2J-r: 0/0 J2J-a: 415799/699658 J2J-d: 10875 J2J-s: 142664/411686 | map: 3186 tracked, 2256 hot
[JIT] Stats: 5046272 sends, 3964 compiled, 158626 failed, 16383/16384 KB code | IC: 599854/831598 (72% hit, 9482 patched, 0 stale) | J2J-r: 0/0 J2J-a: 424820/712725 J2J-d: 10917 J2J-s: 143242/416308 | map: 3186 tracked, 2256 hot
[JIT] Stats: 5111808 sends, 3964 compiled, 162828 failed, 16383/16384 KB code | IC: 612727/846351 (72% hit, 9639 patched, 0 stale) | J2J-r: 0/0 J2J-a: 435065/726627 J2J-d: 11025 J2J-s: 145094/421783 | map: 3186 tracked, 2256 hot
[JIT] Stats: 5177344 sends, 3964 compiled, 166179 failed, 16383/16384 KB code | IC: 622984/859633 (72% hit, 9925 patched, 0 stale) | J2J-r: 0/0 J2J-a: 444575/739072 J2J-d: 11218 J2J-s: 147767/427350 | map: 3186 tracked, 2256 hot
[JIT] Stats: 5242880 sends, 3964 compiled, 170857 failed, 16383/16384 KB code | IC: 637033/873682 (72% hit, 9925 patched, 0 stale) | J2J-r: 0/0 J2J-a: 453924/753122 J2J-d: 11218 J2J-s: 147782/432066 | map: 3186 tracked, 2256 hot
[JIT] Stats: 5308416 sends, 3964 compiled, 174353 failed, 16383/16384 KB code | IC: 646921/887669 (72% hit, 10349 patched, 0 stale) | J2J-r: 0/0 J2J-a: 464172/765699 J2J-d: 11509 J2J-s: 151822/438359 | map: 3186 tracked, 2256 hot
[JIT] Stats: 5373952 sends, 3964 compiled, 178787 failed, 16383/16384 KB code | IC: 660234/900997 (73% hit, 10364 patched, 0 stale) | J2J-r: 0/0 J2J-a: 473035/779027 J2J-d: 11517 J2J-s: 151841/442843 | map: 3186 tracked, 2256 hot
[JIT] Stats: 5439488 sends, 3964 compiled, 182665 failed, 16383/16384 KB code | IC: 671539/915250 (73% hit, 10732 patched, 0 stale) | J2J-r: 0/0 J2J-a: 483161/791802 J2J-d: 11768 J2J-s: 155375/448954 | map: 3186 tracked, 2256 hot
[JIT] Stats: 5505024 sends, 3964 compiled, 187310 failed, 16383/16384 KB code | IC: 684035/928355 (73% hit, 10807 patched, 0 stale) | J2J-r: 0/0 J2J-a: 492328/804904 J2J-d: 11818 J2J-s: 156156/453668 | map: 3186 tracked, 2256 hot
[JIT] Stats: 5570560 sends, 3964 compiled, 191532 failed, 16383/16384 KB code | IC: 696647/942163 (73% hit, 10945 patched, 0 stale) | J2J-r: 0/0 J2J-a: 501886/818178 J2J-d: 11913 J2J-s: 157596/458794 | map: 3186 tracked, 2256 hot
[JIT] Stats: 5636096 sends, 3964 compiled, 195329 failed, 16383/16384 KB code | IC: 707359/955997 (73% hit, 11249 patched, 0 stale) | J2J-r: 0/0 J2J-a: 511670/831041 J2J-d: 12118 J2J-s: 160304/464534 | map: 3186 tracked, 2256 hot
[JIT] Stats: 5701632 sends, 3964 compiled, 200007 failed, 16383/16384 KB code | IC: 721409/970047 (74% hit, 11249 patched, 0 stale) | J2J-r: 0/0 J2J-a: 521018/845092 J2J-d: 12118 J2J-s: 160320/469253 | map: 3186 tracked, 2256 hot
[JIT] Stats: 5767168 sends, 3964 compiled, 203310 failed, 16383/16384 KB code | IC: 731372/984660 (74% hit, 11674 patched, 0 stale) | J2J-r: 0/0 J2J-a: 531811/858093 J2J-d: 12408 J2J-s: 164704/475770 | map: 3186 tracked, 2256 hot
[JIT] Stats: 5832704 sends, 3964 compiled, 207712 failed, 16383/16384 KB code | IC: 744591/997894 (74% hit, 11689 patched, 0 stale) | J2J-r: 0/0 J2J-a: 540610/871327 J2J-d: 12416 J2J-s: 164723/480224 | map: 3186 tracked, 2256 hot
[JIT] Stats: 5898240 sends, 3964 compiled, 211638 failed, 16383/16384 KB code | IC: 755924/1011920 (74% hit, 12048 patched, 0 stale) | J2J-r: 0/0 J2J-a: 550687/883992 J2J-d: 12659 J2J-s: 168160/486178 | map: 3186 tracked, 2256 hot
[JIT] Stats: 5963776 sends, 3964 compiled, 215800 failed, 16383/16384 KB code | IC: 767880/1025166 (74% hit, 12121 patched, 0 stale) | J2J-r: 0/0 J2J-a: 559851/897235 J2J-d: 12708 J2J-s: 168807/490902 | map: 3186 tracked, 2256 hot
[JIT] Stats: 6029312 sends, 3964 compiled, 220053 failed, 16383/16384 KB code | IC: 780763/1039755 (75% hit, 12254 patched, 0 stale) | J2J-r: 0/0 J2J-a: 569945/911037 J2J-d: 12798 J2J-s: 170507/496281 | map: 3186 tracked, 2256 hot
[JIT] Stats: 6094848 sends, 3964 compiled, 223177 failed, 16383/16384 KB code | IC: 791048/1053463 (75% hit, 12588 patched, 0 stale) | J2J-r: 0/0 J2J-a: 579467/923729 J2J-d: 13031 J2J-s: 173975/502874 | map: 3189 tracked, 2256 hot
[JIT] Stats: 6160384 sends, 3964 compiled, 227855 failed, 16383/16384 KB code | IC: 805096/1067511 (75% hit, 12588 patched, 0 stale) | J2J-r: 0/0 J2J-a: 588811/937777 J2J-d: 13031 J2J-s: 173993/507596 | map: 3189 tracked, 2256 hot
[JIT] Stats: 6225920 sends, 3964 compiled, 232062 failed, 16383/16384 KB code | IC: 815428/1081067 (75% hit, 13007 patched, 0 stale) | J2J-r: 0/0 J2J-a: 598820/950074 J2J-d: 13318 J2J-s: 177959/513778 | map: 3189 tracked, 2256 hot
[JIT] Stats: 6291456 sends, 3964 compiled, 235957 failed, 16383/16384 KB code | IC: 828102/1094246 (75% hit, 13024 patched, 0 stale) | J2J-r: 0/0 J2J-a: 607586/963254 J2J-d: 13327 J2J-s: 177977/518209 | map: 3189 tracked, 2256 hot
[JIT] Stats: 6356992 sends, 3964 compiled, 239934 failed, 16383/16384 KB code | IC: 840094/1109011 (75% hit, 13255 patched, 0 stale) | J2J-r: 0/0 J2J-a: 618071/976659 J2J-d: 13488 J2J-s: 181030/524124 | map: 3189 tracked, 2256 hot
[JIT] Stats: 6422528 sends, 3964 compiled, 243747 failed, 16383/16384 KB code | IC: 851194/1122290 (75% hit, 13467 patched, 0 stale) | J2J-r: 0/0 J2J-a: 627300/989615 J2J-d: 13628 J2J-s: 182437/529242 | map: 3189 tracked, 2256 hot
[JIT] Stats: 6488064 sends, 3964 compiled, 248177 failed, 16383/16384 KB code | IC: 864332/1136113 (76% hit, 13555 patched, 0 stale) | J2J-r: 0/0 J2J-a: 636763/1003141 J2J-d: 13691 J2J-s: 183256/534117 | map: 3189 tracked, 2256 hot
[JIT] Stats: 6553600 sends, 3964 compiled, 251936 failed, 16383/16384 KB code | IC: 874494/1150007 (76% hit, 13907 patched, 0 stale) | J2J-r: 0/0 J2J-a: 646692/1015870 J2J-d: 13924 J2J-s: 186473/540066 | map: 3189 tracked, 2256 hot
[JIT] Stats: 6619136 sends, 3964 compiled, 256613 failed, 16383/16384 KB code | IC: 888539/1164054 (76% hit, 13909 patched, 0 stale) | J2J-r: 0/0 J2J-a: 656034/1029917 J2J-d: 13926 J2J-s: 186490/544788 | map: 3189 tracked, 2256 hot
[JIT] Stats: 6684672 sends, 3964 compiled, 260638 failed, 16383/16384 KB code | IC: 898815/1178058 (76% hit, 14340 patched, 0 stale) | J2J-r: 0/0 J2J-a: 666334/1042525 J2J-d: 14223 J2J-s: 190596/551128 | map: 3189 tracked, 2256 hot
[JIT] Stats: 6750208 sends, 3964 compiled, 264402 failed, 16383/16384 KB code | IC: 911358/1191237 (76% hit, 14357 patched, 0 stale) | J2J-r: 0/0 J2J-a: 675097/1055704 J2J-d: 14232 J2J-s: 190616/555563 | map: 3189 tracked, 2256 hot
[JIT] Stats: 6815744 sends, 3964 compiled, 268380 failed, 16383/16384 KB code | IC: 923191/1205407 (76% hit, 14591 patched, 0 stale) | J2J-r: 0/0 J2J-a: 685163/1068813 J2J-d: 14394 J2J-s: 193235/561168 | map: 3189 tracked, 2256 hot
[JIT] Stats: 6881280 sends, 3964 compiled, 272605 failed, 16383/16384 KB code | IC: 934761/1219238 (76% hit, 14798 patched, 0 stale) | J2J-r: 0/0 J2J-a: 694628/1082175 J2J-d: 14528 J2J-s: 194649/566461 | map: 3189 tracked, 2256 hot
[JIT] Stats: 6946816 sends, 3964 compiled, 277040 failed, 16383/16384 KB code | IC: 947846/1232712 (76% hit, 14884 patched, 0 stale) | J2J-r: 0/0 J2J-a: 703790/1095502 J2J-d: 14590 J2J-s: 195220/571190 | map: 3189 tracked, 2256 hot
[JIT] Stats: 7012352 sends, 3964 compiled, 281500 failed, 16383/16384 KB code | IC: 958561/1246118 (76% hit, 15242 patched, 0 stale) | J2J-r: 0/0 J2J-a: 713439/1107804 J2J-d: 14831 J2J-s: 198528/577085 | map: 3189 tracked, 2256 hot
[JIT] Stats: 7077888 sends, 3964 compiled, 286183 failed, 16383/16384 KB code | IC: 972606/1260164 (77% hit, 15243 patched, 0 stale) | J2J-r: 0/0 J2J-a: 722784/1121850 J2J-d: 14832 J2J-s: 198543/581801 | map: 3189 tracked, 2256 hot
[JIT] Stats: 7143424 sends, 3964 compiled, 290664 failed, 16383/16384 KB code | IC: 983666/1275442 (77% hit, 15662 patched, 0 stale) | J2J-r: 0/0 J2J-a: 733850/1135435 J2J-d: 15117 J2J-s: 202722/588424 | map: 3189 tracked, 2256 hot
[JIT] Stats: 7208960 sends, 3964 compiled, 294402 failed, 16383/16384 KB code | IC: 996179/1288625 (77% hit, 15679 patched, 0 stale) | J2J-r: 0/0 J2J-a: 742613/1148619 J2J-d: 15126 J2J-s: 202743/592865 | map: 3189 tracked, 2256 hot
[JIT] Stats: 7274496 sends, 3964 compiled, 298383 failed, 16383/16384 KB code | IC: 1007811/1302306 (77% hit, 15918 patched, 0 stale) | J2J-r: 0/0 J2J-a: 752356/1161432 J2J-d: 15296 J2J-s: 205121/598257 | map: 3189 tracked, 2256 hot
[JIT] Stats: 7340032 sends, 3964 compiled, 302260 failed, 16383/16384 KB code | IC: 1019178/1316235 (77% hit, 16129 patched, 0 stale) | J2J-r: 0/0 J2J-a: 761917/1174835 J2J-d: 15434 J2J-s: 206637/603599 | map: 3189 tracked, 2256 hot
[JIT] Stats: 7405568 sends, 3964 compiled, 306695 failed, 16383/16384 KB code | IC: 1032409/1330130 (77% hit, 16211 patched, 0 stale) | J2J-r: 0/0 J2J-a: 771352/1188443 J2J-d: 15492 J2J-s: 207331/608459 | map: 3189 tracked, 2256 hot
[JIT] Stats: 7471104 sends, 3964 compiled, 310424 failed, 16383/16384 KB code | IC: 1042730/1344188 (77% hit, 16560 patched, 0 stale) | J2J-r: 0/0 J2J-a: 781599/1201135 J2J-d: 15722 J2J-s: 211069/614573 | map: 3189 tracked, 2256 hot
[JIT] Stats: 7536640 sends, 3964 compiled, 315106 failed, 16383/16384 KB code | IC: 1056774/1358233 (77% hit, 16561 patched, 0 stale) | J2J-r: 0/0 J2J-a: 790941/1215180 J2J-d: 15723 J2J-s: 211086/619293 | map: 3189 tracked, 2256 hot
[JIT] Stats: 7602176 sends, 3964 compiled, 319321 failed, 16383/16384 KB code | IC: 1067839/1373557 (77% hit, 17010 patched, 0 stale) | J2J-r: 0/0 J2J-a: 801873/1228727 J2J-d: 16032 J2J-s: 215935/626684 | map: 3191 tracked, 2260 hot
[JIT] Stats: 7667712 sends, 3964 compiled, 322664 failed, 16383/16384 KB code | IC: 1079957/1386737 (77% hit, 17027 patched, 0 stale) | J2J-r: 0/0 J2J-a: 810637/1241908 J2J-d: 16041 J2J-s: 215955/631120 | map: 3191 tracked, 2260 hot
[JIT] Stats: 7733248 sends, 3964 compiled, 326846 failed, 16383/16384 KB code | IC: 1092381/1401235 (77% hit, 17231 patched, 0 stale) | J2J-r: 0/0 J2J-a: 820710/1255478 J2J-d: 16187 J2J-s: 218165/636770 | map: 3191 tracked, 2260 hot
[JIT] Stats: 7798784 sends, 3964 compiled, 330892 failed, 16383/16384 KB code | IC: 1103193/1414107 (78% hit, 17459 patched, 0 stale) | J2J-r: 0/0 J2J-a: 829861/1267811 J2J-d: 16331 J2J-s: 220184/641953 | map: 3191 tracked, 2260 hot
[JIT] Stats: 7864320 sends, 3964 compiled, 335385 failed, 16383/16384 KB code | IC: 1116664/1427614 (78% hit, 17493 patched, 0 stale) | J2J-r: 0/0 J2J-a: 838837/1281316 J2J-d: 16356 J2J-s: 220208/646503 | map: 3191 tracked, 2260 hot
[JIT] Stats: 7929856 sends, 3964 compiled, 338826 failed, 16383/16384 KB code | IC: 1126305/1442152 (78% hit, 17907 patched, 0 stale) | J2J-r: 0/0 J2J-a: 849619/1294170 J2J-d: 16636 J2J-s: 224699/652995 | map: 3191 tracked, 2260 hot
[JIT] Stats: 7995392 sends, 3964 compiled, 343509 failed, 16383/16384 KB code | IC: 1140349/1456200 (78% hit, 17911 patched, 0 stale) | J2J-r: 0/0 J2J-a: 858962/1308218 J2J-d: 16638 J2J-s: 224717/657718 | map: 3191 tracked, 2260 hot
[JIT] Stats: 8060928 sends, 3964 compiled, 348567 failed, 16383/16384 KB code | IC: 1151399/1469998 (78% hit, 18328 patched, 0 stale) | J2J-r: 0/0 J2J-a: 869030/1320745 J2J-d: 16925 J2J-s: 228532/663918 | map: 3191 tracked, 2260 hot
[JIT] Stats: 8126464 sends, 3964 compiled, 351796 failed, 16383/16384 KB code | IC: 1163375/1482954 (78% hit, 18347 patched, 0 stale) | J2J-r: 0/0 J2J-a: 877770/1333701 J2J-d: 16935 J2J-s: 228735/668336 | map: 3191 tracked, 2260 hot
[JIT] Stats: 8192000 sends, 3964 compiled, 356041 failed, 16383/16384 KB code | IC: 1175924/1497564 (78% hit, 18555 patched, 0 stale) | J2J-r: 0/0 J2J-a: 887853/1347381 J2J-d: 17083 J2J-s: 230838/673979 | map: 3191 tracked, 2260 hot
[JIT] Stats: 8257536 sends, 3964 compiled, 359772 failed, 16383/16384 KB code | IC: 1186445/1510994 (78% hit, 18800 patched, 0 stale) | J2J-r: 0/0 J2J-a: 897281/1360149 J2J-d: 17244 J2J-s: 232839/679302 | map: 3191 tracked, 2260 hot
[JIT] Stats: 8323072 sends, 3964 compiled, 364346 failed, 16383/16384 KB code | IC: 1200161/1524714 (78% hit, 18804 patched, 0 stale) | J2J-r: 0/0 J2J-a: 906406/1373869 J2J-d: 17247 J2J-s: 232859/683917 | map: 3191 tracked, 2260 hot
[JIT] Stats: 8388608 sends, 3964 compiled, 368975 failed, 16383/16384 KB code | IC: 1210346/1537598 (78% hit, 19237 patched, 0 stale) | J2J-r: 0/0 J2J-a: 916084/1385529 J2J-d: 17541 J2J-s: 236910/689874 | map: 3191 tracked, 2260 hot
[JIT] Stats: 8454144 sends, 3964 compiled, 373659 failed, 16383/16384 KB code | IC: 1224391/1551647 (78% hit, 19241 patched, 0 stale) | J2J-r: 0/0 J2J-a: 925428/1399578 J2J-d: 17543 J2J-s: 236928/694597 | map: 3191 tracked, 2260 hot
[JIT] Stats: 8519680 sends, 3964 compiled, 378432 failed, 16383/16384 KB code | IC: 1235243/1565447 (78% hit, 19669 patched, 0 stale) | J2J-r: 0/0 J2J-a: 935515/1412139 J2J-d: 17838 J2J-s: 240706/700776 | map: 3191 tracked, 2260 hot
[JIT] Stats: 8585216 sends, 3964 compiled, 381630 failed, 16383/16384 KB code | IC: 1247174/1578283 (79% hit, 19688 patched, 0 stale) | J2J-r: 0/0 J2J-a: 944240/1424975 J2J-d: 17848 J2J-s: 241009/705189 | map: 3191 tracked, 2260 hot
[JIT] Stats: 8650752 sends, 3964 compiled, 385910 failed, 16383/16384 KB code | IC: 1259546/1592236 (79% hit, 19877 patched, 0 stale) | J2J-r: 0/0 J2J-a: 953921/1438238 J2J-d: 17985 J2J-s: 242858/710571 | map: 3191 tracked, 2260 hot
[JIT] Stats: 8716288 sends, 3964 compiled, 389970 failed, 16383/16384 KB code | IC: 1270379/1605277 (79% hit, 20128 patched, 0 stale) | J2J-r: 0/0 J2J-a: 963130/1450727 J2J-d: 18147 J2J-s: 244830/715796 | map: 3191 tracked, 2260 hot
[JIT] Stats: 8781824 sends, 3964 compiled, 394544 failed, 16383/16384 KB code | IC: 1284099/1619001 (79% hit, 20132 patched, 0 stale) | J2J-r: 0/0 J2J-a: 972262/1464451 J2J-d: 18150 J2J-s: 244847/720405 | map: 3191 tracked, 2260 hot
[JIT] Stats: 8847360 sends, 3964 compiled, 397919 failed, 16383/16384 KB code | IC: 1293845/1633179 (79% hit, 20586 patched, 0 stale) | J2J-r: 0/0 J2J-a: 982394/1477246 J2J-d: 18466 J2J-s: 249184/727333 | map: 3191 tracked, 2260 hot
[JIT] Stats: 8912896 sends, 3964 compiled, 402361 failed, 16383/16384 KB code | IC: 1307165/1646514 (79% hit, 20601 patched, 0 stale) | J2J-r: 0/0 J2J-a: 991263/1490581 J2J-d: 18474 J2J-s: 249201/731816 | map: 3191 tracked, 2260 hot
[JIT] Stats: 8978432 sends, 3964 compiled, 406445 failed, 16383/16384 KB code | IC: 1318473/1660723 (79% hit, 20958 patched, 0 stale) | J2J-r: 0/0 J2J-a: 1001337/1503318 J2J-d: 18714 J2J-s: 252719/737924 | map: 3191 tracked, 2260 hot
[JIT] Stats: 9043968 sends, 3964 compiled, 410689 failed, 16383/16384 KB code | IC: 1330410/1673876 (79% hit, 21031 patched, 0 stale) | J2J-r: 0/0 J2J-a: 1010504/1516469 J2J-d: 18763 J2J-s: 253451/742638 | map: 3191 tracked, 2260 hot
[JIT] Stats: 9109504 sends, 3964 compiled, 414988 failed, 16383/16384 KB code | IC: 1343126/1688048 (79% hit, 21168 patched, 0 stale) | J2J-r: 0/0 J2J-a: 1020381/1530017 J2J-d: 18860 J2J-s: 254995/747827 | map: 3191 tracked, 2260 hot
[JIT] Stats: 9175040 sends, 3964 compiled, 418643 failed, 16383/16384 KB code | IC: 1353231/1701218 (79% hit, 21481 patched, 0 stale) | J2J-r: 0/0 J2J-a: 1029712/1542433 J2J-d: 19071 J2J-s: 257491/753363 | map: 3191 tracked, 2260 hot
[JIT] Stats: 9240576 sends, 3964 compiled, 423328 failed, 16383/16384 KB code | IC: 1367281/1715268 (79% hit, 21481 patched, 0 stale) | J2J-r: 0/0 J2J-a: 1039057/1556483 J2J-d: 19071 J2J-s: 257509/758086 | map: 3191 tracked, 2260 hot
[JIT] Stats: 9306112 sends, 3964 compiled, 428156 failed, 16383/16384 KB code | IC: 1378250/1729414 (79% hit, 21903 patched, 0 stale) | J2J-r: 0/0 J2J-a: 1049549/1569152 J2J-d: 19359 J2J-s: 261786/764465 | map: 3191 tracked, 2260 hot
[JIT] Stats: 9371648 sends, 3964 compiled, 432548 failed, 16383/16384 KB code | IC: 1391419/1742599 (79% hit, 21919 patched, 0 stale) | J2J-r: 0/0 J2J-a: 1058316/1582337 J2J-d: 19367 J2J-s: 261806/768902 | map: 3191 tracked, 2260 hot
[JIT] Stats: 9437184 sends, 3964 compiled, 436613 failed, 16383/16384 KB code | IC: 1402678/1756246 (79% hit, 22297 patched, 0 stale) | J2J-r: 0/0 J2J-a: 1068077/1594742 J2J-d: 19627 J2J-s: 265105/774773 | map: 3191 tracked, 2260 hot
[JIT] Stats: 9502720 sends, 3964 compiled, 440528 failed, 16383/16384 KB code | IC: 1414195/1769247 (79% hit, 22370 patched, 0 stale) | J2J-r: 0/0 J2J-a: 1077143/1607741 J2J-d: 19676 J2J-s: 265895/779494 | map: 3191 tracked, 2260 hot
[JIT] Stats: 9568256 sends, 3964 compiled, 444886 failed, 16383/16384 KB code | IC: 1426889/1783097 (80% hit, 22499 patched, 0 stale) | J2J-r: 0/0 J2J-a: 1086729/1621079 J2J-d: 19769 J2J-s: 267288/784613 | map: 3191 tracked, 2260 hot
[JIT] Stats: 9633792 sends, 3964 compiled, 448873 failed, 16383/16384 KB code | IC: 1437397/1796331 (80% hit, 22812 patched, 0 stale) | J2J-r: 0/0 J2J-a: 1096016/1633580 J2J-d: 19976 J2J-s: 269598/790087 | map: 3191 tracked, 2260 hot
[JIT] Stats: 9699328 sends, 3964 compiled, 453557 failed, 16383/16384 KB code | IC: 1451446/1810380 (80% hit, 22812 patched, 0 stale) | J2J-r: 0/0 J2J-a: 1105361/1647629 J2J-d: 19976 J2J-s: 269616/794809 | map: 3191 tracked, 2260 hot
[JIT] Stats: 9764864 sends, 3964 compiled, 457995 failed, 16383/16384 KB code | IC: 1462046/1824190 (80% hit, 23264 patched, 0 stale) | J2J-r: 0/0 J2J-a: 1115359/1660072 J2J-d: 20292 J2J-s: 273960/801525 | map: 3191 tracked, 2260 hot
[JIT] Stats: 9830400 sends, 3964 compiled, 462382 failed, 16383/16384 KB code | IC: 1475207/1837368 (80% hit, 23281 patched, 0 stale) | J2J-r: 0/0 J2J-a: 1124124/1673251 J2J-d: 20301 J2J-s: 273978/805956 | map: 3191 tracked, 2260 hot
[JIT] Stats: 9895936 sends, 3964 compiled, 466517 failed, 16383/16384 KB code | IC: 1487257/1852412 (80% hit, 23509 patched, 0 stale) | J2J-r: 0/0 J2J-a: 1134866/1686710 J2J-d: 20459 J2J-s: 277477/812115 | map: 3191 tracked, 2260 hot
[JIT] Stats: 9961472 sends, 3964 compiled, 470720 failed, 16383/16384 KB code | IC: 1498688/1865414 (80% hit, 23710 patched, 0 stale) | J2J-r: 0/0 J2J-a: 1143877/1699611 J2J-d: 20588 J2J-s: 278465/816975 | map: 3191 tracked, 2260 hot
[JIT] Stats: 10027008 sends, 3964 compiled, 475189 failed, 16383/16384 KB code | IC: 1511981/1880161 (80% hit, 23791 patched, 0 stale) | J2J-r: 0/0 J2J-a: 1154105/1713677 J2J-d: 20647 J2J-s: 279908/822249 | map: 3191 tracked, 2260 hot
[JIT] Stats: 10092544 sends, 3964 compiled, 478742 failed, 16383/16384 KB code | IC: 1522020/1893885 (80% hit, 24146 patched, 0 stale) | J2J-r: 0/0 J2J-a: 1163735/1726398 J2J-d: 20882 J2J-s: 282669/828034 | map: 3191 tracked, 2260 hot
[JIT] Stats: 10158080 sends, 3964 compiled, 483427 failed, 16383/16384 KB code | IC: 1536069/1907934 (80% hit, 24146 patched, 0 stale) | J2J-r: 0/0 J2J-a: 1173082/1740448 J2J-d: 20882 J2J-s: 282684/832752 | map: 3191 tracked, 2260 hot
[JIT] Stats: 10223616 sends, 3964 compiled, 487693 failed, 16383/16384 KB code | IC: 1546854/1923113 (80% hit, 24566 patched, 0 stale) | J2J-r: 0/0 J2J-a: 1184158/1753960 J2J-d: 21167 J2J-s: 286910/839340 | map: 3191 tracked, 2260 hot
[JIT] Stats: 10289152 sends, 3964 compiled, 491779 failed, 16383/16384 KB code | IC: 1559714/1936293 (80% hit, 24583 patched, 0 stale) | J2J-r: 0/0 J2J-a: 1192920/1767140 J2J-d: 21176 J2J-s: 286931/843778 | map: 3191 tracked, 2260 hot
[JIT] Stats: 10354688 sends, 3964 compiled, 495929 failed, 16383/16384 KB code | IC: 1571499/1950529 (80% hit, 24818 patched, 0 stale) | J2J-r: 0/0 J2J-a: 1203115/1780076 J2J-d: 21340 J2J-s: 290129/849660 | map: 3191 tracked, 2260 hot
[JIT] Stats: 10420224 sends, 3964 compiled, 499581 failed, 16383/16384 KB code | IC: 1582671/1963745 (80% hit, 25054 patched, 0 stale) | J2J-r: 0/0 J2J-a: 1212153/1793067 J2J-d: 21499 J2J-s: 291486/854953 | map: 3191 tracked, 2260 hot
[JIT] Stats: 10485760 sends, 3964 compiled, 504045 failed, 16383/16384 KB code | IC: 1595729/1977413 (80% hit, 25139 patched, 0 stale) | J2J-r: 0/0 J2J-a: 1221530/1806478 J2J-d: 21561 J2J-s: 292289/859783 | map: 3191 tracked, 2260 hot
[JIT] Stats: 10551296 sends, 3964 compiled, 507940 failed, 16383/16384 KB code | IC: 1605846/1990478 (80% hit, 25484 patched, 0 stale) | J2J-r: 0/0 J2J-a: 1231020/1818541 J2J-d: 21787 J2J-s: 295560/865559 | map: 3191 tracked, 2260 hot
[JIT] Stats: 10616832 sends, 3964 compiled, 512624 failed, 16383/16384 KB code | IC: 1619894/2004526 (80% hit, 25484 patched, 0 stale) | J2J-r: 0/0 J2J-a: 1240368/1832589 J2J-d: 21787 J2J-s: 295575/870274 | map: 3191 tracked, 2260 hot
[JIT] Stats: 10682368 sends, 3964 compiled, 515924 failed, 16383/16384 KB code | IC: 1629341/2017516 (80% hit, 26246 patched, 0 stale) | J2J-r: 0/0 J2J-a: 1249194/1844192 J2J-d: 22349 J2J-s: 299460/876788 | map: 3263 tracked, 2321 hot
[asmjit-t1] code.code_size=4752 out of [1, 4096]
[JIT] Stats: 10747904 sends, 3964 compiled, 518100 failed, 16383/16384 KB code | IC: 1636600/2029190 (80% hit, 26870 patched, 0 stale) | J2J-r: 0/0 J2J-a: 1254735/1854783 J2J-d: 22866 J2J-s: 302173/884144 | map: 3578 tracked, 2623 hot
[JIT] Stats: 10813440 sends, 3964 compiled, 521588 failed, 16383/16384 KB code | IC: 1647143/2042541 (80% hit, 26917 patched, 0 stale) | J2J-r: 0/0 J2J-a: 1263305/1867632 J2J-d: 22893 J2J-s: 303939/890158 | map: 3580 tracked, 2626 hot
[JIT] Stats: 10878976 sends, 3964 compiled, 526232 failed, 16383/16384 KB code | IC: 1661073/2056475 (80% hit, 26921 patched, 0 stale) | J2J-r: 0/0 J2J-a: 1272573/1881566 J2J-d: 22896 J2J-s: 303959/894844 | map: 3580 tracked, 2626 hot
[JIT] Stats: 10944512 sends, 3964 compiled, 529989 failed, 16383/16384 KB code | IC: 1670701/2070614 (80% hit, 27342 patched, 0 stale) | J2J-r: 0/0 J2J-a: 1283068/1894038 J2J-d: 23181 J2J-s: 308429/901215 | map: 3580 tracked, 2626 hot
[JIT] Stats: 11010048 sends, 3964 compiled, 534623 failed, 16383/16384 KB code | IC: 1684598/2084526 (80% hit, 27357 patched, 0 stale) | J2J-r: 0/0 J2J-a: 1292320/1907950 J2J-d: 23189 J2J-s: 308448/905894 | map: 3580 tracked, 2626 hot
[JIT] Stats: 11075584 sends, 3964 compiled, 539352 failed, 16383/16384 KB code | IC: 1695500/2098293 (80% hit, 27735 patched, 0 stale) | J2J-r: 0/0 J2J-a: 1302217/1920464 J2J-d: 23449 J2J-s: 312024/912016 | map: 3580 tracked, 2626 hot
[JIT] Stats: 11141120 sends, 3964 compiled, 542655 failed, 16383/16384 KB code | IC: 1707243/2111241 (80% hit, 27799 patched, 0 stale) | J2J-r: 0/0 J2J-a: 1311052/1933411 J2J-d: 23491 J2J-s: 312427/916529 | map: 3580 tracked, 2626 hot
[JIT] Stats: 11206656 sends, 3964 compiled, 547022 failed, 16383/16384 KB code | IC: 1720070/2126038 (80% hit, 27960 patched, 0 stale) | J2J-r: 0/0 J2J-a: 1321318/1947315 J2J-d: 23602 J2J-s: 314381/922082 | map: 3580 tracked, 2626 hot
[JIT] Stats: 11272192 sends, 3964 compiled, 551065 failed, 16383/16384 KB code | IC: 1730791/2139675 (80% hit, 28235 patched, 0 stale) | J2J-r: 0/0 J2J-a: 1330864/1960142 J2J-d: 23784 J2J-s: 316669/927615 | map: 3580 tracked, 2626 hot
[JIT] Stats: 11337728 sends, 3964 compiled, 555749 failed, 16383/16384 KB code | IC: 1744841/2153725 (81% hit, 28235 patched, 0 stale) | J2J-r: 0/0 J2J-a: 1340211/1974191 J2J-d: 23784 J2J-s: 316685/932333 | map: 3580 tracked, 2626 hot

=== Injecting Right-Click (World Menu) ===
[TEST] Injected mouse DOWN at (50,300) button=2 subtype=1 queueAddr=0x10245fd98 isEmpty=0
[TEST] Injected mouse UP at (50,300) subtype=2
[JIT] Stats: 11403264 sends, 3964 compiled, 559329 failed, 16383/16384 KB code | IC: 1754537/2168374 (80% hit, 28662 patched, 0 stale) | J2J-r: 0/0 J2J-a: 1350958/1987153 J2J-d: 24077 J2J-s: 321112/938901 | map: 3585 tracked, 2631 hot
[JIT] Stats: 11468800 sends, 3964 compiled, 563810 failed, 16383/16384 KB code | IC: 1767975/2181827 (81% hit, 28677 patched, 0 stale) | J2J-r: 0/0 J2J-a: 1359904/2000605 J2J-d: 24085 J2J-s: 321131/943426 | map: 3585 tracked, 2631 hot
[JIT] Stats: 11534336 sends, 3964 compiled, 567969 failed, 16383/16384 KB code | IC: 1779510/2196795 (81% hit, 29043 patched, 0 stale) | J2J-r: 0/0 J2J-a: 1370528/2013865 J2J-d: 24331 J2J-s: 324930/949788 | map: 3585 tracked, 2632 hot
[JIT] Stats: 11599872 sends, 3964 compiled, 572202 failed, 16383/16384 KB code | IC: 1791486/2209998 (81% hit, 29110 patched, 0 stale) | J2J-r: 0/0 J2J-a: 1379709/2027066 J2J-d: 24375 J2J-s: 325623/954499 | map: 3585 tracked, 2632 hot
[JIT] Stats: 11665408 sends, 3964 compiled, 576563 failed, 16383/16384 KB code | IC: 1804392/2224704 (81% hit, 29249 patched, 0 stale) | J2J-r: 0/0 J2J-a: 1389923/2040955 J2J-d: 24468 J2J-s: 327376/959898 | map: 3585 tracked, 2632 hot
[JIT] Stats: 11730944 sends, 3964 compiled, 580233 failed, 16383/16384 KB code | IC: 1814599/2238032 (81% hit, 29559 patched, 0 stale) | J2J-r: 0/0 J2J-a: 1399462/2053414 J2J-d: 24681 J2J-s: 330139/965536 | map: 3585 tracked, 2632 hot
[JIT] Stats: 11796480 sends, 3964 compiled, 584917 failed, 16383/16384 KB code | IC: 1828648/2252081 (81% hit, 29559 patched, 0 stale) | J2J-r: 0/0 J2J-a: 1408809/2067463 J2J-d: 24681 J2J-s: 330155/970254 | map: 3585 tracked, 2632 hot
[JIT] Stats: 11862016 sends, 3964 compiled, 588942 failed, 16383/16384 KB code | IC: 1838543/2265624 (81% hit, 29984 patched, 0 stale) | J2J-r: 0/0 J2J-a: 1418832/2079741 J2J-d: 24973 J2J-s: 334157/976436 | map: 3585 tracked, 2632 hot
[JIT] Stats: 11927552 sends, 3964 compiled, 593292 failed, 16383/16384 KB code | IC: 1851670/2278806 (81% hit, 30000 patched, 0 stale) | J2J-r: 0/0 J2J-a: 1427596/2092924 J2J-d: 24981 J2J-s: 334180/980877 | map: 3585 tracked, 2632 hot
[JIT] Stats: 11993088 sends, 3964 compiled, 597363 failed, 16383/16384 KB code | IC: 1863218/2293209 (81% hit, 30336 patched, 0 stale) | J2J-r: 0/0 J2J-a: 1437950/2105864 J2J-d: 25208 J2J-s: 337720/986933 | map: 3585 tracked, 2632 hot
[JIT] Stats: 12058624 sends, 3964 compiled, 601292 failed, 16383/16384 KB code | IC: 1874607/2306517 (81% hit, 30449 patched, 0 stale) | J2J-r: 0/0 J2J-a: 1446989/2119168 J2J-d: 25285 J2J-s: 338221/991696 | map: 3585 tracked, 2632 hot
[JIT] Stats: 12124160 sends, 3964 compiled, 605689 failed, 16383/16384 KB code | IC: 1887332/2320362 (81% hit, 30578 patched, 0 stale) | J2J-r: 0/0 J2J-a: 1456598/2132529 J2J-d: 25376 J2J-s: 339577/996781 | map: 3585 tracked, 2632 hot
[JIT] Stats: 12189696 sends, 3964 compiled, 609665 failed, 16383/16384 KB code | IC: 1897823/2333875 (81% hit, 30889 patched, 0 stale) | J2J-r: 0/0 J2J-a: 1466242/2145086 J2J-d: 25583 J2J-s: 342401/1002466 | map: 3585 tracked, 2632 hot
[JIT] Stats: 12255232 sends, 3964 compiled, 614352 failed, 16383/16384 KB code | IC: 1911874/2347926 (81% hit, 30889 patched, 0 stale) | J2J-r: 0/0 J2J-a: 1475587/2159138 J2J-d: 25583 J2J-s: 342418/1007190 | map: 3585 tracked, 2632 hot
[JIT] Stats: 12320768 sends, 3964 compiled, 618119 failed, 16383/16384 KB code | IC: 1922100/2362836 (81% hit, 31317 patched, 0 stale) | J2J-r: 0/0 J2J-a: 1486646/2172348 J2J-d: 25875 J2J-s: 346951/1013801 | map: 3585 tracked, 2632 hot
[JIT] Stats: 12386304 sends, 3964 compiled, 622390 failed, 16383/16384 KB code | IC: 1935149/2376022 (81% hit, 31333 patched, 0 stale) | J2J-r: 0/0 J2J-a: 1495414/2185534 J2J-d: 25883 J2J-s: 346970/1018237 | map: 3585 tracked, 2632 hot
[JIT] Stats: 12451840 sends, 3964 compiled, 626558 failed, 16383/16384 KB code | IC: 1946606/2389788 (81% hit, 31655 patched, 0 stale) | J2J-r: 0/0 J2J-a: 1505257/2198052 J2J-d: 26103 J2J-s: 350250/1024124 | map: 3585 tracked, 2632 hot
[JIT] Stats: 12517376 sends, 3964 compiled, 630780 failed, 16383/16384 KB code | IC: 1958332/2402883 (81% hit, 31767 patched, 0 stale) | J2J-r: 0/0 J2J-a: 1514284/2211138 J2J-d: 26176 J2J-s: 350923/1028849 | map: 3585 tracked, 2632 hot
[JIT] Stats: 12582912 sends, 3964 compiled, 635194 failed, 16383/16384 KB code | IC: 1971380/2417570 (81% hit, 31886 patched, 0 stale) | J2J-r: 0/0 J2J-a: 1524455/2225072 J2J-d: 26259 J2J-s: 352538/1034205 | map: 3585 tracked, 2632 hot
[JIT] Stats: 12648448 sends, 3964 compiled, 638451 failed, 16383/16384 KB code | IC: 1981432/2431093 (81% hit, 32230 patched, 0 stale) | J2J-r: 0/0 J2J-a: 1533699/2237659 J2J-d: 26495 J2J-s: 355763/1040721 | map: 3585 tracked, 2632 hot
[JIT] Stats: 12713984 sends, 3964 compiled, 643132 failed, 16383/16384 KB code | IC: 1995475/2445137 (81% hit, 32231 patched, 0 stale) | J2J-r: 0/0 J2J-a: 1543043/2251703 J2J-d: 26496 J2J-s: 355778/1045436 | map: 3585 tracked, 2632 hot
[JIT] Stats: 12779520 sends, 3964 compiled, 647757 failed, 16383/16384 KB code | IC: 2006132/2459298 (81% hit, 32649 patched, 0 stale) | J2J-r: 0/0 J2J-a: 1553478/2264396 J2J-d: 26780 J2J-s: 359989/1051829 | map: 3585 tracked, 2632 hot
[JIT] Stats: 12845056 sends, 3964 compiled, 651545 failed, 16383/16384 KB code | IC: 2018695/2472480 (81% hit, 32666 patched, 0 stale) | J2J-r: 0/0 J2J-a: 1562242/2277577 J2J-d: 26789 J2J-s: 360009/1056265 | map: 3585 tracked, 2632 hot
[JIT] Stats: 12910592 sends, 3964 compiled, 655655 failed, 16383/16384 KB code | IC: 2030457/2486518 (81% hit, 32906 patched, 0 stale) | J2J-r: 0/0 J2J-a: 1572213/2290592 J2J-d: 26955 J2J-s: 362588/1061831 | map: 3585 tracked, 2632 hot
[JIT] Stats: 12976128 sends, 3964 compiled, 659571 failed, 16383/16384 KB code | IC: 2041643/2500284 (81% hit, 33118 patched, 0 stale) | J2J-r: 0/0 J2J-a: 1581650/2303889 J2J-d: 27095 J2J-s: 364035/1067122 | map: 3585 tracked, 2632 hot
[JIT] Stats: 13041664 sends, 3964 compiled, 664043 failed, 16383/16384 KB code | IC: 2054682/2513591 (81% hit, 33203 patched, 0 stale) | J2J-r: 0/0 J2J-a: 1590690/2317109 J2J-d: 27157 J2J-s: 364525/1071785 | map: 3585 tracked, 2632 hot
[JIT] Stats: 13107200 sends, 3964 compiled, 667967 failed, 16383/16384 KB code | IC: 2064618/2526873 (81% hit, 33558 patched, 0 stale) | J2J-r: 0/0 J2J-a: 1600366/2329256 J2J-d: 27392 J2J-s: 368043/1077705 | map: 3585 tracked, 2632 hot
[JIT] Stats: 13172736 sends, 3964 compiled, 672648 failed, 16383/16384 KB code | IC: 2078661/2540917 (81% hit, 33559 patched, 0 stale) | J2J-r: 0/0 J2J-a: 1609709/2343301 J2J-d: 27393 J2J-s: 368059/1082423 | map: 3585 tracked, 2632 hot
[JIT] Stats: 13238272 sends, 3964 compiled, 677035 failed, 16383/16384 KB code | IC: 2089113/2555238 (81% hit, 34000 patched, 0 stale) | J2J-r: 0/0 J2J-a: 1620220/2356199 J2J-d: 27698 J2J-s: 372079/1088759 | map: 3585 tracked, 2632 hot
[JIT] Stats: 13303808 sends, 3964 compiled, 680665 failed, 16383/16384 KB code | IC: 2101517/2568417 (81% hit, 34017 patched, 0 stale) | J2J-r: 0/0 J2J-a: 1628986/2369378 J2J-d: 27707 J2J-s: 372097/1093189 | map: 3585 tracked, 2632 hot
[JIT] Stats: 13369344 sends, 3964 compiled, 684877 failed, 16383/16384 KB code | IC: 2113410/2582375 (81% hit, 34223 patched, 0 stale) | J2J-r: 0/0 J2J-a: 1638802/2382405 J2J-d: 27853 J2J-s: 374469/1098715 | map: 3585 tracked, 2632 hot
[JIT] Stats: 13434880 sends, 3964 compiled, 689075 failed, 16383/16384 KB code | IC: 2124768/2595784 (81% hit, 34448 patched, 0 stale) | J2J-r: 0/0 J2J-a: 1648217/2395275 J2J-d: 27997 J2J-s: 376330/1104013 | map: 3585 tracked, 2632 hot
[JIT] Stats: 13500416 sends, 3964 compiled, 693554 failed, 16383/16384 KB code | IC: 2138068/2609604 (81% hit, 34521 patched, 0 stale) | J2J-r: 0/0 J2J-a: 1657523/2408876 J2J-d: 28049 J2J-s: 376836/1108807 | map: 3585 tracked, 2632 hot
[JIT] Stats: 13565952 sends, 3964 compiled, 697125 failed, 16383/16384 KB code | IC: 2147971/2624108 (81% hit, 34890 patched, 0 stale) | J2J-r: 0/0 J2J-a: 1668106/2421858 J2J-d: 28298 J2J-s: 380809/1115112 | map: 3585 tracked, 2632 hot
[JIT] Stats: 13631488 sends, 3964 compiled, 701808 failed, 16383/16384 KB code | IC: 2162015/2638155 (81% hit, 34893 patched, 0 stale) | J2J-r: 0/0 J2J-a: 1677450/2435905 J2J-d: 28300 J2J-s: 380825/1119831 | map: 3585 tracked, 2632 hot
[JIT] Stats: 13697024 sends, 3964 compiled, 706876 failed, 16383/16384 KB code | IC: 2173277/2652838 (81% hit, 35407 patched, 0 stale) | J2J-r: 0/0 J2J-a: 1688314/2448938 J2J-d: 28645 J2J-s: 385288/1126386 | map: 2143 tracked, 1154 hot
[JIT] Stats: 13762560 sends, 3964 compiled, 710407 failed, 16383/16384 KB code | IC: 2185583/2666020 (81% hit, 35424 patched, 0 stale) | J2J-r: 0/0 J2J-a: 1697080/2462120 J2J-d: 28654 J2J-s: 385306/1130819 | map: 2144 tracked, 1158 hot
[JIT] Stats: 13828096 sends, 3964 compiled, 714715 failed, 16383/16384 KB code | IC: 2197548/2679626 (82% hit, 35642 patched, 0 stale) | J2J-r: 0/0 J2J-a: 1706681/2475023 J2J-d: 28812 J2J-s: 387453/1136211 | map: 2204 tracked, 1226 hot
[JIT] Stats: 13893632 sends, 3964 compiled, 718453 failed, 16383/16384 KB code | IC: 2208358/2692666 (82% hit, 35874 patched, 0 stale) | J2J-r: 0/0 J2J-a: 1715911/2487523 J2J-d: 28962 J2J-s: 389395/1141407 | map: 2216 tracked, 1315 hot
[JIT] Stats: 13959168 sends, 3964 compiled, 722933 failed, 16383/16384 KB code | IC: 2221596/2706138 (82% hit, 35957 patched, 0 stale) | J2J-r: 0/0 J2J-a: 1724930/2500925 J2J-d: 29023 J2J-s: 389665/1146053 | map: 2216 tracked, 1349 hot
[JIT] Stats: 14024704 sends, 3964 compiled, 726860 failed, 16383/16384 KB code | IC: 2231632/2719707 (82% hit, 36307 patched, 0 stale) | J2J-r: 0/0 J2J-a: 1734958/2513205 J2J-d: 29256 J2J-s: 393554/1152125 | map: 2216 tracked, 1367 hot
[JIT] Stats: 14090240 sends, 3964 compiled, 731542 failed, 16383/16384 KB code | IC: 2245676/2733753 (82% hit, 36309 patched, 0 stale) | J2J-r: 0/0 J2J-a: 1744302/2527252 J2J-d: 29257 J2J-s: 393570/1156844 | map: 2216 tracked, 1367 hot
[JIT] Stats: 14155776 sends, 3964 compiled, 736128 failed, 16383/16384 KB code | IC: 2256776/2748645 (82% hit, 36760 patched, 0 stale) | J2J-r: 0/0 J2J-a: 1754794/2540529 J2J-d: 29573 J2J-s: 398116/1164101 | map: 2245 tracked, 1400 hot
[JIT] Stats: 14221312 sends, 3964 compiled, 739260 failed, 16383/16384 KB code | IC: 2268647/2761524 (82% hit, 36778 patched, 0 stale) | J2J-r: 0/0 J2J-a: 1763523/2553408 J2J-d: 29583 J2J-s: 398384/1168518 | map: 2245 tracked, 1400 hot
[JIT] Stats: 14286848 sends, 3964 compiled, 743626 failed, 16383/16384 KB code | IC: 2281343/2776254 (82% hit, 36953 patched, 0 stale) | J2J-r: 0/0 J2J-a: 1773740/2567228 J2J-d: 29706 J2J-s: 400415/1174106 | map: 2245 tracked, 1400 hot
[JIT] Stats: 14352384 sends, 3964 compiled, 747673 failed, 16383/16384 KB code | IC: 2292116/2789597 (82% hit, 37213 patched, 0 stale) | J2J-r: 0/0 J2J-a: 1783260/2579791 J2J-d: 29874 J2J-s: 402854/1179558 | map: 2245 tracked, 1400 hot
[JIT] Stats: 14417920 sends, 3964 compiled, 752359 failed, 16383/16384 KB code | IC: 2306167/2803648 (82% hit, 37213 patched, 0 stale) | J2J-r: 0/0 J2J-a: 1792605/2593842 J2J-d: 29874 J2J-s: 402872/1184282 | map: 2245 tracked, 1400 hot
[JIT] Stats: 14483456 sends, 3964 compiled, 755851 failed, 16383/16384 KB code | IC: 2315569/2818186 (82% hit, 37646 patched, 0 stale) | J2J-r: 0/0 J2J-a: 1803229/2606691 J2J-d: 30172 J2J-s: 407156/1190717 | map: 2245 tracked, 1400 hot
[JIT] Stats: 14548992 sends, 3964 compiled, 760443 failed, 16383/16384 KB code | IC: 2329339/2831971 (82% hit, 37661 patched, 0 stale) | J2J-r: 0/0 J2J-a: 1812396/2620476 J2J-d: 30180 J2J-s: 407175/1195354 | map: 2245 tracked, 1400 hot
[JIT] Stats: 14614528 sends, 3964 compiled, 765179 failed, 16383/16384 KB code | IC: 2340729/2846484 (82% hit, 38038 patched, 0 stale) | J2J-r: 0/0 J2J-a: 1822872/2633509 J2J-d: 30434 J2J-s: 410941/1201604 | map: 2245 tracked, 1400 hot
[JIT] Stats: 14680064 sends, 3964 compiled, 768842 failed, 16383/16384 KB code | IC: 2352662/2859772 (82% hit, 38102 patched, 0 stale) | J2J-r: 0/0 J2J-a: 1831838/2646796 J2J-d: 30476 J2J-s: 411208/1206190 | map: 2245 tracked, 1400 hot
[JIT] Stats: 14745600 sends, 3964 compiled, 773225 failed, 16383/16384 KB code | IC: 2365201/2873679 (82% hit, 38268 patched, 0 stale) | J2J-r: 0/0 J2J-a: 1841474/2660102 J2J-d: 30594 J2J-s: 412828/1211442 | map: 2245 tracked, 1400 hot
[JIT] Stats: 14811136 sends, 3964 compiled, 777882 failed, 16383/16384 KB code | IC: 2376287/2886480 (82% hit, 38557 patched, 0 stale) | J2J-r: 0/0 J2J-a: 1850659/2672272 J2J-d: 30791 J2J-s: 415215/1216779 | map: 2245 tracked, 1400 hot
[JIT] Stats: 14876672 sends, 3964 compiled, 782567 failed, 16383/16384 KB code | IC: 2390337/2900530 (82% hit, 38557 patched, 0 stale) | J2J-r: 0/0 J2J-a: 1860006/2686322 J2J-d: 30791 J2J-s: 415231/1221498 | map: 2245 tracked, 1400 hot
[JIT] Stats: 14942208 sends, 3964 compiled, 786492 failed, 16383/16384 KB code | IC: 2400372/2915053 (82% hit, 38983 patched, 0 stale) | J2J-r: 0/0 J2J-a: 1870820/2699175 J2J-d: 31080 J2J-s: 419756/1227986 | map: 2245 tracked, 1400 hot
[JIT] Stats: 15007744 sends, 3964 compiled, 790971 failed, 16383/16384 KB code | IC: 2413800/2928496 (82% hit, 38998 patched, 0 stale) | J2J-r: 0/0 J2J-a: 1879759/2712618 J2J-d: 31088 J2J-s: 419774/1232508 | map: 2245 tracked, 1400 hot
[JIT] Stats: 15073280 sends, 3964 compiled, 795322 failed, 16383/16384 KB code | IC: 2424948/2942132 (82% hit, 39381 patched, 0 stale) | J2J-r: 0/0 J2J-a: 1889531/2725021 J2J-d: 31350 J2J-s: 423152/1238444 | map: 2245 tracked, 1400 hot
[JIT] Stats: 15138816 sends, 3964 compiled, 799923 failed, 16383/16384 KB code | IC: 2437475/2955146 (82% hit, 39445 patched, 0 stale) | J2J-r: 0/0 J2J-a: 1898601/2738034 J2J-d: 31392 J2J-s: 423871/1243104 | map: 2245 tracked, 1400 hot
[JIT] Stats: 15204352 sends, 3964 compiled, 804300 failed, 16383/16384 KB code | IC: 2450074/2969034 (82% hit, 39606 patched, 0 stale) | J2J-r: 0/0 J2J-a: 1908234/2751356 J2J-d: 31505 J2J-s: 425397/1248287 | map: 2245 tracked, 1400 hot
[JIT] Stats: 15269888 sends, 3964 compiled, 808338 failed, 16383/16384 KB code | IC: 2460741/2982198 (82% hit, 39886 patched, 0 stale) | J2J-r: 0/0 J2J-a: 1917671/2763742 J2J-d: 31689 J2J-s: 428004/1253798 | map: 2247 tracked, 1400 hot
[JIT] Stats: 15335424 sends, 3964 compiled, 813022 failed, 16383/16384 KB code | IC: 2474791/2996248 (82% hit, 39886 patched, 0 stale) | J2J-r: 0/0 J2J-a: 1927018/2777791 J2J-d: 31689 J2J-s: 428020/1258516 | map: 2247 tracked, 1400 hot
[JIT] Stats: 15400960 sends, 3964 compiled, 816683 failed, 16383/16384 KB code | IC: 2485050/3011531 (82% hit, 40337 patched, 0 stale) | J2J-r: 0/0 J2J-a: 1937954/2791245 J2J-d: 32003 J2J-s: 432898/1265838 | map: 2247 tracked, 1403 hot
[JIT] Stats: 15466496 sends, 3964 compiled, 820809 failed, 16383/16384 KB code | IC: 2497950/3024709 (82% hit, 40354 patched, 0 stale) | J2J-r: 0/0 J2J-a: 1946719/2804424 J2J-d: 32012 J2J-s: 432916/1270269 | map: 2247 tracked, 1403 hot
[JIT] Stats: 15532032 sends, 3964 compiled, 825022 failed, 16383/16384 KB code | IC: 2510043/3039900 (82% hit, 40587 patched, 0 stale) | J2J-r: 0/0 J2J-a: 1957554/2817963 J2J-d: 32173 J2J-s: 436504/1276503 | map: 2247 tracked, 1403 hot
[JIT] Stats: 15597568 sends, 3964 compiled, 829245 failed, 16383/16384 KB code | IC: 2521482/3052978 (82% hit, 40787 patched, 0 stale) | J2J-r: 0/0 J2J-a: 1966535/2830963 J2J-d: 32302 J2J-s: 437355/1281355 | map: 2247 tracked, 1403 hot
[JIT] Stats: 15663104 sends, 3964 compiled, 833724 failed, 16383/16384 KB code | IC: 2534752/3067710 (82% hit, 40875 patched, 0 stale) | J2J-r: 0/0 J2J-a: 1976749/2845010 J2J-d: 32365 J2J-s: 438806/1286631 | map: 2247 tracked, 1403 hot
[JIT] Stats: 15728640 sends, 3964 compiled, 837324 failed, 16383/16384 KB code | IC: 2544645/3081177 (82% hit, 41227 patched, 0 stale) | J2J-r: 0/0 J2J-a: 1986330/2857443 J2J-d: 32600 J2J-s: 441812/1292424 | map: 2247 tracked, 1403 hot
[JIT] Stats: 15794176 sends, 3964 compiled, 842009 failed, 16383/16384 KB code | IC: 2558695/3095227 (82% hit, 41227 patched, 0 stale) | J2J-r: 0/0 J2J-a: 1995677/2871494 J2J-d: 32600 J2J-s: 441828/1297144 | map: 2247 tracked, 1403 hot
[JIT] Stats: 15859712 sends, 3964 compiled, 846393 failed, 16383/16384 KB code | IC: 2569265/3109820 (82% hit, 41654 patched, 0 stale) | J2J-r: 0/0 J2J-a: 2006492/2884516 J2J-d: 32892 J2J-s: 446172/1303621 | map: 2247 tracked, 1403 hot
[JIT] Stats: 15925248 sends, 3964 compiled, 850423 failed, 16383/16384 KB code | IC: 2582069/3123002 (82% hit, 41671 patched, 0 stale) | J2J-r: 0/0 J2J-a: 2015258/2897698 J2J-d: 32901 J2J-s: 446190/1308054 | map: 2247 tracked, 1403 hot
[JIT] Stats: 15990784 sends, 3964 compiled, 854616 failed, 16383/16384 KB code | IC: 2593640/3136576 (82% hit, 41905 patched, 0 stale) | J2J-r: 0/0 J2J-a: 2024956/2910217 J2J-d: 33065 J2J-s: 449061/1313689 | map: 2247 tracked, 1403 hot
[JIT] Stats: 16056320 sends, 3964 compiled, 858501 failed, 16383/16384 KB code | IC: 2604900/3149953 (82% hit, 42116 patched, 0 stale) | J2J-r: 0/0 J2J-a: 2034115/2923410 J2J-d: 33205 J2J-s: 450013/1318659 | map: 2247 tracked, 1403 hot
[JIT] Stats: 16121856 sends, 3964 compiled, 862984 failed, 16383/16384 KB code | IC: 2618009/3164056 (82% hit, 42201 patched, 0 stale) | J2J-r: 0/0 J2J-a: 2043891/2937062 J2J-d: 33267 J2J-s: 451176/1323691 | map: 2247 tracked, 1403 hot
[JIT] Stats: 16187392 sends, 3964 compiled, 866895 failed, 16383/16384 KB code | IC: 2628190/3177253 (82% hit, 42557 patched, 0 stale) | J2J-r: 0/0 J2J-a: 2053371/2949339 J2J-d: 33504 J2J-s: 454110/1329355 | map: 2247 tracked, 1403 hot
[JIT] Stats: 16252928 sends, 3964 compiled, 871580 failed, 16383/16384 KB code | IC: 2642238/3191301 (82% hit, 42557 patched, 0 stale) | J2J-r: 0/0 J2J-a: 2062717/2963388 J2J-d: 33504 J2J-s: 454127/1334075 | map: 2247 tracked, 1403 hot
[JIT] Stats: 16318464 sends, 3964 compiled, 875701 failed, 16383/16384 KB code | IC: 2652900/3206641 (82% hit, 43009 patched, 0 stale) | J2J-r: 0/0 J2J-a: 2073745/2976901 J2J-d: 33817 J2J-s: 458890/1341251 | map: 2247 tracked, 1403 hot
[JIT] Stats: 16384000 sends, 3964 compiled, 879438 failed, 16383/16384 KB code | IC: 2665411/3219819 (82% hit, 43026 patched, 0 stale) | J2J-r: 0/0 J2J-a: 2082509/2990079 J2J-d: 33826 J2J-s: 458910/1345684 | map: 2247 tracked, 1403 hot
[JIT] Stats: 16449536 sends, 3964 compiled, 883602 failed, 16383/16384 KB code | IC: 2677302/3234224 (82% hit, 43258 patched, 0 stale) | J2J-r: 0/0 J2J-a: 2092664/3003335 J2J-d: 33990 J2J-s: 461552/1351370 | map: 2247 tracked, 1403 hot
[JIT] Stats: 16515072 sends, 3964 compiled, 887857 failed, 16383/16384 KB code | IC: 2688828/3247758 (82% hit, 43461 patched, 0 stale) | J2J-r: 0/0 J2J-a: 2102140/3016372 J2J-d: 34120 J2J-s: 463296/1356657 | map: 2247 tracked, 1403 hot
[JIT] Stats: 16580608 sends, 3964 compiled, 892347 failed, 16383/16384 KB code | IC: 2702127/3261791 (82% hit, 43534 patched, 0 stale) | J2J-r: 0/0 J2J-a: 2111659/3030080 J2J-d: 34172 J2J-s: 464018/1361561 | map: 2247 tracked, 1403 hot
[JIT] Stats: 16646144 sends, 3964 compiled, 895969 failed, 16383/16384 KB code | IC: 2712190/3276122 (82% hit, 43906 patched, 0 stale) | J2J-r: 0/0 J2J-a: 2122119/3042969 J2J-d: 34421 J2J-s: 467881/1367785 | map: 2247 tracked, 1403 hot
[JIT] Stats: 16711680 sends, 3964 compiled, 900652 failed, 16383/16384 KB code | IC: 2726235/3290168 (82% hit, 43907 patched, 0 stale) | J2J-r: 0/0 J2J-a: 2131463/3057015 J2J-d: 34422 J2J-s: 467896/1372502 | map: 2247 tracked, 1403 hot
[JIT] Stats: 16777216 sends, 3964 compiled, 905394 failed, 16383/16384 KB code | IC: 2737441/3305543 (82% hit, 44323 patched, 0 stale) | J2J-r: 0/0 J2J-a: 2142619/3070681 J2J-d: 34703 J2J-s: 472098/1379140 | map: 2247 tracked, 1403 hot
[JIT] Stats: 16842752 sends, 3964 compiled, 909118 failed, 16383/16384 KB code | IC: 2749939/3318723 (82% hit, 44340 patched, 0 stale) | J2J-r: 0/0 J2J-a: 2151383/3083862 J2J-d: 34712 J2J-s: 472117/1383575 | map: 2247 tracked, 1403 hot
[JIT] Stats: 16908288 sends, 3964 compiled, 913301 failed, 16383/16384 KB code | IC: 2761447/3331921 (82% hit, 44573 patched, 0 stale) | J2J-r: 0/0 J2J-a: 2160706/3096314 J2J-d: 34878 J2J-s: 474350/1388880 | map: 2247 tracked, 1403 hot
[JIT] Stats: 16973824 sends, 3964 compiled, 917010 failed, 16383/16384 KB code | IC: 2772722/3345715 (82% hit, 44811 patched, 0 stale) | J2J-r: 0/0 J2J-a: 2170194/3109502 J2J-d: 35037 J2J-s: 476384/1394597 | map: 2247 tracked, 1403 hot
[JIT] Stats: 17039360 sends, 3964 compiled, 921488 failed, 16383/16384 KB code | IC: 2785947/3359160 (82% hit, 44894 patched, 0 stale) | J2J-r: 0/0 J2J-a: 2179187/3122883 J2J-d: 35098 J2J-s: 476640/1399234 | map: 2247 tracked, 1403 hot
[JIT] Stats: 17104896 sends, 3964 compiled, 925455 failed, 16383/16384 KB code | IC: 2795921/3372716 (82% hit, 45241 patched, 0 stale) | J2J-r: 0/0 J2J-a: 2189062/3135266 J2J-d: 35327 J2J-s: 480155/1405189 | map: 2247 tracked, 1403 hot
[JIT] Stats: 17170432 sends, 3964 compiled, 930138 failed, 16383/16384 KB code | IC: 2809966/3386763 (82% hit, 45243 patched, 0 stale) | J2J-r: 0/0 J2J-a: 2198404/3149313 J2J-d: 35328 J2J-s: 480173/1409912 | map: 2247 tracked, 1403 hot
[JIT] Stats: 17235968 sends, 3964 compiled, 933977 failed, 16383/16384 KB code | IC: 2820690/3400536 (82% hit, 45790 patched, 0 stale) | J2J-r: 0/0 J2J-a: 2207821/3161588 J2J-d: 35720 J2J-s: 484197/1416706 | map: 2473 tracked, 1541 hot
[JIT] Stats: 17301504 sends, 3964 compiled, 937786 failed, 16383/16384 KB code | IC: 2831482/3414232 (82% hit, 45877 patched, 0 stale) | J2J-r: 0/0 J2J-a: 2216561/3174771 J2J-d: 35777 J2J-s: 485717/1422652 | map: 2527 tracked, 1588 hot
[JIT] Stats: 17367040 sends, 3964 compiled, 942413 failed, 16383/16384 KB code | IC: 2845357/3428111 (83% hit, 45881 patched, 0 stale) | J2J-r: 0/0 J2J-a: 2225792/3188650 J2J-d: 35780 J2J-s: 485737/1427320 | map: 2527 tracked, 1588 hot
[JIT] Stats: 17432576 sends, 3964 compiled, 946287 failed, 16383/16384 KB code | IC: 2854752/3441624 (82% hit, 46297 patched, 0 stale) | J2J-r: 0/0 J2J-a: 2235787/3200692 J2J-d: 36062 J2J-s: 489946/1433500 | map: 2527 tracked, 1588 hot
[JIT] Stats: 17498112 sends, 3964 compiled, 950958 failed, 16383/16384 KB code | IC: 2868757/3455644 (83% hit, 46312 patched, 0 stale) | J2J-r: 0/0 J2J-a: 2245111/3214712 J2J-d: 36070 J2J-s: 489964/1438214 | map: 2527 tracked, 1588 hot
[JIT] Stats: 17563648 sends, 3964 compiled, 955838 failed, 16383/16384 KB code | IC: 2880109/3470817 (82% hit, 46699 patched, 0 stale) | J2J-r: 0/0 J2J-a: 2256043/3228202 J2J-d: 36334 J2J-s: 494043/1444778 | map: 2527 tracked, 1588 hot
[JIT] Stats: 17629184 sends, 3964 compiled, 959085 failed, 16383/16384 KB code | IC: 2891856/3483705 (83% hit, 46763 patched, 0 stale) | J2J-r: 0/0 J2J-a: 2264840/3241088 J2J-d: 36376 J2J-s: 494444/1449266 | map: 2527 tracked, 1588 hot
[JIT] Stats: 17694720 sends, 3964 compiled, 963493 failed, 16383/16384 KB code | IC: 2904572/3498288 (83% hit, 46933 patched, 0 stale) | J2J-r: 0/0 J2J-a: 2274905/3254818 J2J-d: 36496 J2J-s: 496346/1454792 | map: 2527 tracked, 1588 hot
[JIT] Stats: 17760256 sends, 3964 compiled, 967589 failed, 16383/16384 KB code | IC: 2915282/3511805 (83% hit, 47195 patched, 0 stale) | J2J-r: 0/0 J2J-a: 2284343/3267587 J2J-d: 36667 J2J-s: 498521/1460263 | map: 2527 tracked, 1588 hot
[JIT] Stats: 17825792 sends, 3964 compiled, 972275 failed, 16383/16384 KB code | IC: 2929333/3525856 (83% hit, 47195 patched, 0 stale) | J2J-r: 0/0 J2J-a: 2293690/3281638 J2J-d: 36667 J2J-s: 498537/1464983 | map: 2527 tracked, 1588 hot
[JIT] Stats: 17891328 sends, 3964 compiled, 975865 failed, 16383/16384 KB code | IC: 2938435/3539023 (83% hit, 47633 patched, 0 stale) | J2J-r: 0/0 J2J-a: 2303438/3293550 J2J-d: 36969 J2J-s: 502514/1471051 | map: 2527 tracked, 1588 hot
[JIT] Stats: 17956864 sends, 3964 compiled, 980382 failed, 16383/16384 KB code | IC: 2951980/3552583 (83% hit, 47648 patched, 0 stale) | J2J-r: 0/0 J2J-a: 2312455/3307110 J2J-d: 36977 J2J-s: 502533/1475613 | map: 2527 tracked, 1588 hot
[JIT] Stats: 18022400 sends, 3964 compiled, 984710 failed, 16383/16384 KB code | IC: 2963309/3567039 (83% hit, 48028 patched, 0 stale) | J2J-r: 0/0 J2J-a: 2322788/3320048 J2J-d: 37237 J2J-s: 506177/1481790 | map: 2527 tracked, 1588 hot
[JIT] Stats: 18087936 sends, 3964 compiled, 988848 failed, 16383/16384 KB code | IC: 2975335/3580544 (83% hit, 48093 patched, 0 stale) | J2J-r: 0/0 J2J-a: 2331961/3333551 J2J-d: 37279 J2J-s: 506552/1486493 | map: 2527 tracked, 1588 hot
[JIT] Stats: 18153472 sends, 3964 compiled, 993239 failed, 16383/16384 KB code | IC: 2987934/3594474 (83% hit, 48258 patched, 0 stale) | J2J-r: 0/0 J2J-a: 2341598/3346888 J2J-d: 37395 J2J-s: 508105/1491713 | map: 2527 tracked, 1588 hot
[JIT] Stats: 18219008 sends, 3964 compiled, 996965 failed, 16383/16384 KB code | IC: 2998017/3607284 (83% hit, 48539 patched, 0 stale) | J2J-r: 0/0 J2J-a: 2350755/3359032 J2J-d: 37583 J2J-s: 510574/1497129 | map: 2527 tracked, 1588 hot
[JIT] Stats: 18284544 sends, 3964 compiled, 1001649 failed, 16383/16384 KB code | IC: 3012066/3621333 (83% hit, 48539 patched, 0 stale) | J2J-r: 0/0 J2J-a: 2360103/3373082 J2J-d: 37583 J2J-s: 510589/1501846 | map: 2527 tracked, 1588 hot
[JIT] Stats: 18350080 sends, 3964 compiled, 1005707 failed, 16383/16384 KB code | IC: 3022251/3636060 (83% hit, 48967 patched, 0 stale) | J2J-r: 0/0 J2J-a: 2370849/3386288 J2J-d: 37876 J2J-s: 514638/1508282 | map: 2527 tracked, 1588 hot
[JIT] Stats: 18415616 sends, 3964 compiled, 1010097 failed, 16383/16384 KB code | IC: 3035418/3649242 (83% hit, 48982 patched, 0 stale) | J2J-r: 0/0 J2J-a: 2379617/3399470 J2J-d: 37884 J2J-s: 514656/1512714 | map: 2527 tracked, 1588 hot
[JIT] Stats: 18481152 sends, 3964 compiled, 1014290 failed, 16383/16384 KB code | IC: 3046777/3663296 (83% hit, 49361 patched, 0 stale) | J2J-r: 0/0 J2J-a: 2389637/3412141 J2J-d: 38144 J2J-s: 518108/1518744 | map: 2527 tracked, 1588 hot
[JIT] Stats: 18546688 sends, 3964 compiled, 1018213 failed, 16383/16384 KB code | IC: 3058252/3676451 (83% hit, 49434 patched, 0 stale) | J2J-r: 0/0 J2J-a: 2398729/3425294 J2J-d: 38193 J2J-s: 518778/1523473 | map: 2527 tracked, 1588 hot
[JIT] Stats: 18612224 sends, 3964 compiled, 1022632 failed, 16383/16384 KB code | IC: 3071156/3690902 (83% hit, 49570 patched, 0 stale) | J2J-r: 0/0 J2J-a: 2408770/3439057 J2J-d: 38289 J2J-s: 520379/1528772 | map: 2527 tracked, 1588 hot
[JIT] Stats: 18677760 sends, 3964 compiled, 1026668 failed, 16383/16384 KB code | IC: 3081619/3704119 (83% hit, 49877 patched, 0 stale) | J2J-r: 0/0 J2J-a: 2418287/3451395 J2J-d: 38490 J2J-s: 523216/1534379 | map: 2527 tracked, 1588 hot
[JIT] Stats: 18743296 sends, 3964 compiled, 1031352 failed, 16383/16384 KB code | IC: 3095667/3718168 (83% hit, 49878 patched, 0 stale) | J2J-r: 0/0 J2J-a: 2427634/3465444 J2J-d: 38491 J2J-s: 523232/1539097 | map: 2527 tracked, 1588 hot
[JIT] Stats: 18808832 sends, 3964 compiled, 1035150 failed, 16383/16384 KB code | IC: 3105629/3732519 (83% hit, 50310 patched, 0 stale) | J2J-r: 0/0 J2J-a: 2438190/3478315 J2J-d: 38789 J2J-s: 527408/1545515 | map: 2527 tracked, 1588 hot
[JIT] Stats: 18874368 sends, 3964 compiled, 1039469 failed, 16383/16384 KB code | IC: 3118725/3745703 (83% hit, 50326 patched, 0 stale) | J2J-r: 0/0 J2J-a: 2446959/3491499 J2J-d: 38797 J2J-s: 527427/1549948 | map: 2527 tracked, 1588 hot
[JIT] Stats: 18939904 sends, 3964 compiled, 1043668 failed, 16383/16384 KB code | IC: 3130412/3760392 (83% hit, 50654 patched, 0 stale) | J2J-r: 0/0 J2J-a: 2457494/3504637 J2J-d: 39019 J2J-s: 531042/1556096 | map: 2527 tracked, 1588 hot
[JIT] Stats: 19005440 sends, 3964 compiled, 1047935 failed, 16383/16384 KB code | IC: 3142265/3773779 (83% hit, 50762 patched, 0 stale) | J2J-r: 0/0 J2J-a: 2466579/3518016 J2J-d: 39089 J2J-s: 531508/1560851 | map: 2527 tracked, 1588 hot
[JIT] Stats: 19070976 sends, 3964 compiled, 1052358 failed, 16383/16384 KB code | IC: 3155002/3787693 (83% hit, 50891 patched, 0 stale) | J2J-r: 0/0 J2J-a: 2476207/3531407 J2J-d: 39182 J2J-s: 532912/1565993 | map: 2527 tracked, 1588 hot
[JIT] Stats: 19136512 sends, 3964 compiled, 1055667 failed, 16383/16384 KB code | IC: 3164962/3800673 (83% hit, 51237 patched, 0 stale) | J2J-r: 0/0 J2J-a: 2485264/3543556 J2J-d: 39417 J2J-s: 536249/1572373 | map: 2527 tracked, 1589 hot
[JIT] Stats: 19202048 sends, 3964 compiled, 1060351 failed, 16383/16384 KB code | IC: 3179008/3814721 (83% hit, 51239 patched, 0 stale) | J2J-r: 0/0 J2J-a: 2494607/3557604 J2J-d: 39419 J2J-s: 536265/1577094 | map: 2527 tracked, 1589 hot
[JIT] Stats: 19267584 sends, 3964 compiled, 1065041 failed, 16383/16384 KB code | IC: 3189447/3828279 (83% hit, 51661 patched, 0 stale) | J2J-r: 0/0 J2J-a: 2504628/3569903 J2J-d: 39706 J2J-s: 540244/1583276 | map: 2527 tracked, 1589 hot
[JIT] Stats: 19333120 sends, 3964 compiled, 1068846 failed, 16383/16384 KB code | IC: 3202026/3841459 (83% hit, 51678 patched, 0 stale) | J2J-r: 0/0 J2J-a: 2513391/3583082 J2J-d: 39715 J2J-s: 540264/1587711 | map: 2527 tracked, 1589 hot
[JIT] Stats: 19398656 sends, 3964 compiled, 1073043 failed, 16383/16384 KB code | IC: 3213820/3855595 (83% hit, 51918 patched, 0 stale) | J2J-r: 0/0 J2J-a: 2523448/3596157 J2J-d: 39882 J2J-s: 542904/1593313 | map: 2527 tracked, 1589 hot
[JIT] Stats: 19464192 sends, 3964 compiled, 1076987 failed, 16383/16384 KB code | IC: 3225005/3869366 (83% hit, 52130 patched, 0 stale) | J2J-r: 0/0 J2J-a: 2532860/3609482 J2J-d: 40022 J2J-s: 544273/1598579 | map: 2527 tracked, 1589 hot
[JIT] Stats: 19529728 sends, 3964 compiled, 1081468 failed, 16383/16384 KB code | IC: 3238080/3882827 (83% hit, 52216 patched, 0 stale) | J2J-r: 0/0 J2J-a: 2542022/3622798 J2J-d: 40084 J2J-s: 544848/1603301 | map: 2527 tracked, 1589 hot
[JIT] Stats: 19595264 sends, 3964 compiled, 1085488 failed, 16383/16384 KB code | IC: 3248341/3897188 (83% hit, 52563 patched, 0 stale) | J2J-r: 0/0 J2J-a: 2552159/3635782 J2J-d: 40315 J2J-s: 548260/1609491 | map: 2527 tracked, 1589 hot
[JIT] Stats: 19660800 sends, 3964 compiled, 1090170 failed, 16383/16384 KB code | IC: 3262386/3911234 (83% hit, 52564 patched, 0 stale) | J2J-r: 0/0 J2J-a: 2561503/3649828 J2J-d: 40316 J2J-s: 548276/1614209 | map: 2527 tracked, 1589 hot
[JIT] Stats: 19726336 sends, 3964 compiled, 1094604 failed, 16383/16384 KB code | IC: 3272690/3925046 (83% hit, 53003 patched, 0 stale) | J2J-r: 0/0 J2J-a: 2571795/3662301 J2J-d: 40619 J2J-s: 552428/1620469 | map: 2527 tracked, 1589 hot
[JIT] Stats: 19791872 sends, 3964 compiled, 1098284 failed, 16383/16384 KB code | IC: 3285145/3938229 (83% hit, 53020 patched, 0 stale) | J2J-r: 0/0 J2J-a: 2580558/3675484 J2J-d: 40628 J2J-s: 552449/1624909 | map: 2527 tracked, 1589 hot
[JIT] Stats: 19857408 sends, 3964 compiled, 1102525 failed, 16383/16384 KB code | IC: 3296754/3951516 (83% hit, 53246 patched, 0 stale) | J2J-r: 0/0 J2J-a: 2589916/3688029 J2J-d: 40787 J2J-s: 554648/1630237 | map: 2527 tracked, 1589 hot
[JIT] Stats: 19922944 sends, 3964 compiled, 1106769 failed, 16383/16384 KB code | IC: 3308176/3964983 (83% hit, 53456 patched, 0 stale) | J2J-r: 0/0 J2J-a: 2599342/3700978 J2J-d: 40923 J2J-s: 556429/1635523 | map: 2527 tracked, 1589 hot
[JIT] Stats: 19988480 sends, 3964 compiled, 1111262 failed, 16383/16384 KB code | IC: 3321475/3978895 (83% hit, 53529 patched, 0 stale) | J2J-r: 0/0 J2J-a: 2608739/3714624 J2J-d: 40975 J2J-s: 557026/1640362 | map: 2527 tracked, 1589 hot
[JIT] Stats: 20054016 sends, 3964 compiled, 1114922 failed, 16383/16384 KB code | IC: 3331348/3993146 (83% hit, 53903 patched, 0 stale) | J2J-r: 0/0 J2J-a: 2619156/3727432 J2J-d: 41227 J2J-s: 560939/1646599 | map: 2527 tracked, 1589 hot
[JIT] Stats: 20119552 sends, 3964 compiled, 1119605 failed, 16383/16384 KB code | IC: 3345393/4007193 (83% hit, 53905 patched, 0 stale) | J2J-r: 0/0 J2J-a: 2628500/3741479 J2J-d: 41228 J2J-s: 560955/1651318 | map: 2527 tracked, 1589 hot
[JIT] Stats: 20185088 sends, 3964 compiled, 1124505 failed, 16383/16384 KB code | IC: 3356507/4021995 (83% hit, 54325 patched, 0 stale) | J2J-r: 0/0 J2J-a: 2639491/3754605 J2J-d: 41513 J2J-s: 565474/1657897 | map: 2527 tracked, 1589 hot
[JIT] Stats: 20250624 sends, 3964 compiled, 1128081 failed, 16383/16384 KB code | IC: 3368858/4035178 (83% hit, 54342 patched, 0 stale) | J2J-r: 0/0 J2J-a: 2648255/3767787 J2J-d: 41522 J2J-s: 565494/1662334 | map: 2527 tracked, 1589 hot
[JIT] Stats: 20316160 sends, 3964 compiled, 1132403 failed, 16383/16384 KB code | IC: 3380720/4048676 (83% hit, 54557 patched, 0 stale) | J2J-r: 0/0 J2J-a: 2657777/3780581 J2J-d: 41677 J2J-s: 567646/1667700 | map: 2527 tracked, 1589 hot
[JIT] Stats: 20381696 sends, 3964 compiled, 1136206 failed, 16383/16384 KB code | IC: 3391654/4061861 (83% hit, 54791 patched, 0 stale) | J2J-r: 0/0 J2J-a: 2667093/3793226 J2J-d: 41829 J2J-s: 569566/1672933 | map: 2527 tracked, 1589 hot
[JIT] Stats: 20447232 sends, 3964 compiled, 1140688 failed, 16383/16384 KB code | IC: 3404830/4075258 (83% hit, 54875 patched, 0 stale) | J2J-r: 0/0 J2J-a: 2676088/3806559 J2J-d: 41891 J2J-s: 569873/1677571 | map: 2527 tracked, 1589 hot
[JIT] Stats: 20512768 sends, 3964 compiled, 1144687 failed, 16383/16384 KB code | IC: 3414855/4088924 (83% hit, 55226 patched, 0 stale) | J2J-r: 0/0 J2J-a: 2685953/3819059 J2J-d: 42123 J2J-s: 573265/1683530 | map: 2527 tracked, 1589 hot
[JIT] Stats: 20578304 sends, 3964 compiled, 1149370 failed, 16383/16384 KB code | IC: 3428900/4102971 (83% hit, 55228 patched, 0 stale) | J2J-r: 0/0 J2J-a: 2695295/3833106 J2J-d: 42124 J2J-s: 573283/1688253 | map: 2527 tracked, 1589 hot
[JIT] Stats: 20643840 sends, 3964 compiled, 1153977 failed, 16383/16384 KB code | IC: 3439684/4117075 (83% hit, 55692 patched, 0 stale) | J2J-r: 0/0 J2J-a: 2705297/3845844 J2J-d: 42449 J2J-s: 577625/1695257 | map: 2527 tracked, 1589 hot
[JIT] Stats: 20709376 sends, 3964 compiled, 1157182 failed, 16383/16384 KB code | IC: 3451664/4130256 (83% hit, 55709 patched, 0 stale) | J2J-r: 0/0 J2J-a: 2714060/3859024 J2J-d: 42458 J2J-s: 577645/1699693 | map: 2527 tracked, 1589 hot
[JIT] Stats: 20774912 sends, 3964 compiled, 1161566 failed, 16383/16384 KB code | IC: 3463997/4144102 (83% hit, 55890 patched, 0 stale) | J2J-r: 0/0 J2J-a: 2723675/3872216 J2J-d: 42589 J2J-s: 579454/1705031 | map: 2527 tracked, 1589 hot
[JIT] Stats: 20840448 sends, 3964 compiled, 1165678 failed, 16383/16384 KB code | IC: 3474900/4157681 (83% hit, 56144 patched, 0 stale) | J2J-r: 0/0 J2J-a: 2733278/3885000 J2J-d: 42752 J2J-s: 581775/1710505 | map: 2527 tracked, 1589 hot
[JIT] Stats: 20905984 sends, 3964 compiled, 1170311 failed, 16383/16384 KB code | IC: 3488798/4171583 (83% hit, 56148 patched, 0 stale) | J2J-r: 0/0 J2J-a: 2742529/3898902 J2J-d: 42755 J2J-s: 581792/1715173 | map: 2527 tracked, 1589 hot
[JIT] Stats: 20971520 sends, 3964 compiled, 1173834 failed, 16383/16384 KB code | IC: 3498025/4185699 (83% hit, 56573 patched, 0 stale) | J2J-r: 0/0 J2J-a: 2752952/3911372 J2J-d: 43045 J2J-s: 586161/1721516 | map: 2527 tracked, 1589 hot
[JIT] Stats: 21037056 sends, 3964 compiled, 1178506 failed, 16383/16384 KB code | IC: 3512037/4199726 (83% hit, 56588 patched, 0 stale) | J2J-r: 0/0 J2J-a: 2762280/3925398 J2J-d: 43053 J2J-s: 586181/1726234 | map: 2527 tracked, 1589 hot
[JIT] Stats: 21102592 sends, 3964 compiled, 1183863 failed, 16383/16384 KB code | IC: 3523753/4215037 (83% hit, 56961 patched, 0 stale) | J2J-r: 0/0 J2J-a: 2773339/3939001 J2J-d: 43304 J2J-s: 590334/1732858 | map: 2527 tracked, 1589 hot
[JIT] Stats: 21168128 sends, 3964 compiled, 1187004 failed, 16383/16384 KB code | IC: 3535538/4227883 (83% hit, 57025 patched, 0 stale) | J2J-r: 0/0 J2J-a: 2782068/3951845 J2J-d: 43346 J2J-s: 590659/1737296 | map: 2527 tracked, 1589 hot
[JIT] Stats: 21233664 sends, 3964 compiled, 1191423 failed, 16383/16384 KB code | IC: 3548301/4242662 (83% hit, 57200 patched, 0 stale) | J2J-r: 0/0 J2J-a: 2792330/3965721 J2J-d: 43469 J2J-s: 592658/1742867 | map: 2527 tracked, 1589 hot
[JIT] Stats: 21299200 sends, 3964 compiled, 1195147 failed, 16383/16384 KB code | IC: 3558687/4256007 (83% hit, 57474 patched, 0 stale) | J2J-r: 0/0 J2J-a: 2801875/3978258 J2J-d: 43653 J2J-s: 595183/1748353 | map: 2527 tracked, 1589 hot
[JIT] Stats: 21364736 sends, 3964 compiled, 1199833 failed, 16383/16384 KB code | IC: 3572738/4270058 (83% hit, 57474 patched, 0 stale) | J2J-r: 0/0 J2J-a: 2811222/3992309 J2J-d: 43653 J2J-s: 595199/1753073 | map: 2527 tracked, 1589 hot
[JIT] Stats: 21430272 sends, 3964 compiled, 1203743 failed, 16383/16384 KB code | IC: 3582051/4283119 (83% hit, 57902 patched, 0 stale) | J2J-r: 0/0 J2J-a: 2820923/4004100 J2J-d: 43947 J2J-s: 599186/1759072 | map: 2527 tracked, 1589 hot
[JIT] Stats: 21495808 sends, 3964 compiled, 1208318 failed, 16383/16384 KB code | IC: 3595773/4296856 (83% hit, 57917 patched, 0 stale) | J2J-r: 0/0 J2J-a: 2830060/4017836 J2J-d: 43955 J2J-s: 599203/1763688 | map: 2527 tracked, 1589 hot
[JIT] Stats: 21561344 sends, 3964 compiled, 1213091 failed, 16383/16384 KB code | IC: 3607322/4312065 (83% hit, 58297 patched, 0 stale) | J2J-r: 0/0 J2J-a: 2841022/4031351 J2J-d: 44215 J2J-s: 603238/1770206 | map: 2527 tracked, 1589 hot
[JIT] Stats: 21626880 sends, 3964 compiled, 1216461 failed, 16383/16384 KB code | IC: 3619035/4324924 (83% hit, 58362 patched, 0 stale) | J2J-r: 0/0 J2J-a: 2849889/4044209 J2J-d: 44257 J2J-s: 603770/1774727 | map: 2527 tracked, 1589 hot
[JIT] Stats: 21692416 sends, 3964 compiled, 1220872 failed, 16383/16384 KB code | IC: 3631542/4338785 (83% hit, 58531 patched, 0 stale) | J2J-r: 0/0 J2J-a: 2859476/4057468 J2J-d: 44377 J2J-s: 605392/1779982 | map: 2527 tracked, 1589 hot
[JIT] Stats: 21757952 sends, 3964 compiled, 1224955 failed, 16383/16384 KB code | IC: 3642458/4352479 (83% hit, 58803 patched, 0 stale) | J2J-r: 0/0 J2J-a: 2869213/4070279 J2J-d: 44556 J2J-s: 607960/1785586 | map: 2527 tracked, 1589 hot
[JIT] Stats: 21823488 sends, 3964 compiled, 1229640 failed, 16383/16384 KB code | IC: 3656508/4366529 (83% hit, 58803 patched, 0 stale) | J2J-r: 0/0 J2J-a: 2878560/4084329 J2J-d: 44556 J2J-s: 607976/1790305 | map: 2527 tracked, 1589 hot
[JIT] Stats: 21889024 sends, 3964 compiled, 1233272 failed, 16383/16384 KB code | IC: 3666602/4381586 (83% hit, 59263 patched, 0 stale) | J2J-r: 0/0 J2J-a: 2889368/4097671 J2J-d: 44878 J2J-s: 612722/1797511 | map: 2527 tracked, 1589 hot
[JIT] Stats: 21954560 sends, 3964 compiled, 1237496 failed, 16383/16384 KB code | IC: 3679603/4394769 (83% hit, 59279 patched, 0 stale) | J2J-r: 0/0 J2J-a: 2898136/4110853 J2J-d: 44886 J2J-s: 612741/1801943 | map: 2527 tracked, 1589 hot
[JIT] Stats: 22020096 sends, 3964 compiled, 1241766 failed, 16383/16384 KB code | IC: 3691337/4409238 (83% hit, 59589 patched, 0 stale) | J2J-r: 0/0 J2J-a: 2908470/4123869 J2J-d: 45096 J2J-s: 616204/1808025 | map: 2527 tracked, 1589 hot
[JIT] Stats: 22085632 sends, 3964 compiled, 1246917 failed, 16383/16384 KB code | IC: 3703782/4422159 (83% hit, 59710 patched, 0 stale) | J2J-r: 0/0 J2J-a: 2917433/4136757 J2J-d: 45176 J2J-s: 617046/1812779 | map: 2527 tracked, 1589 hot
[JIT] Stats: 22151168 sends, 3964 compiled, 1251377 failed, 16383/16384 KB code | IC: 3716729/4436255 (83% hit, 59836 patched, 0 stale) | J2J-r: 0/0 J2J-a: 2927194/4150341 J2J-d: 45267 J2J-s: 618371/1817909 | map: 2527 tracked, 1589 hot
[JIT] Stats: 22216704 sends, 3964 compiled, 1255067 failed, 16383/16384 KB code | IC: 3726477/4448940 (83% hit, 60166 patched, 0 stale) | J2J-r: 0/0 J2J-a: 2936249/4162274 J2J-d: 45489 J2J-s: 621062/1823422 | map: 2527 tracked, 1589 hot
[JIT] Stats: 22282240 sends, 3964 compiled, 1259751 failed, 16383/16384 KB code | IC: 3740525/4462988 (83% hit, 60166 patched, 0 stale) | J2J-r: 0/0 J2J-a: 2945595/4176322 J2J-d: 45489 J2J-s: 621078/1828140 | map: 2527 tracked, 1589 hot
[JIT] Stats: 22347776 sends, 3964 compiled, 1264130 failed, 16383/16384 KB code | IC: 3751132/4477913 (83% hit, 60588 patched, 0 stale) | J2J-r: 0/0 J2J-a: 2956629/4189549 J2J-d: 45776 J2J-s: 625580/1834760 | map: 2527 tracked, 1589 hot
[JIT] Stats: 22413312 sends, 3964 compiled, 1268258 failed, 16383/16384 KB code | IC: 3764034/4491094 (83% hit, 60605 patched, 0 stale) | J2J-r: 0/0 J2J-a: 2965392/4202730 J2J-d: 45785 J2J-s: 625601/1839198 | map: 2527 tracked, 1589 hot
[JIT] Stats: 22478848 sends, 3964 compiled, 1272519 failed, 16383/16384 KB code | IC: 3776079/4506129 (83% hit, 60834 patched, 0 stale) | J2J-r: 0/0 J2J-a: 2976145/4216193 J2J-d: 45943 J2J-s: 629111/1845361 | map: 2527 tracked, 1589 hot
[JIT] Stats: 22544384 sends, 3964 compiled, 1276419 failed, 16383/16384 KB code | IC: 3787332/4519485 (83% hit, 61049 patched, 0 stale) | J2J-r: 0/0 J2J-a: 2985214/4229453 J2J-d: 46086 J2J-s: 629814/1850239 | map: 2527 tracked, 1589 hot
[JIT] Stats: 22609920 sends, 3964 compiled, 1280894 failed, 16383/16384 KB code | IC: 3800323/4533507 (83% hit, 61173 patched, 0 stale) | J2J-r: 0/0 J2J-a: 2994938/4243021 J2J-d: 46177 J2J-s: 631052/1855306 | map: 2527 tracked, 1589 hot
[JIT] Stats: 22675456 sends, 3964 compiled, 1284892 failed, 16383/16384 KB code | IC: 3810474/4546152 (83% hit, 61490 patched, 0 stale) | J2J-r: 0/0 J2J-a: 3004058/4254876 J2J-d: 46385 J2J-s: 633899/1860826 | map: 2527 tracked, 1589 hot
[JIT] Stats: 22740992 sends, 3964 compiled, 1289577 failed, 16383/16384 KB code | IC: 3824523/4560201 (83% hit, 61490 patched, 0 stale) | J2J-r: 0/0 J2J-a: 3013403/4268925 J2J-d: 46385 J2J-s: 633916/1865547 | map: 2527 tracked, 1589 hot
[JIT] Stats: 22806528 sends, 3964 compiled, 1293635 failed, 16383/16384 KB code | IC: 3834924/4575189 (83% hit, 61955 patched, 0 stale) | J2J-r: 0/0 J2J-a: 3024165/4282276 J2J-d: 46712 J2J-s: 638388/1872535 | map: 2527 tracked, 1589 hot
[JIT] Stats: 22872064 sends, 3964 compiled, 1297462 failed, 16383/16384 KB code | IC: 3847526/4588369 (83% hit, 61972 patched, 0 stale) | J2J-r: 0/0 J2J-a: 3032930/4295456 J2J-d: 46721 J2J-s: 638407/1876968 | map: 2527 tracked, 1589 hot
[JIT] Stats: 22937600 sends, 3964 compiled, 1301694 failed, 16383/16384 KB code | IC: 3859283/4602366 (83% hit, 62209 patched, 0 stale) | J2J-r: 0/0 J2J-a: 3042863/4308396 J2J-d: 46886 J2J-s: 641077/1882587 | map: 2527 tracked, 1589 hot
[JIT] Stats: 23003136 sends, 3964 compiled, 1305963 failed, 16383/16384 KB code | IC: 3870795/4615817 (83% hit, 62411 patched, 0 stale) | J2J-r: 0/0 J2J-a: 3052225/4321447 J2J-d: 47015 J2J-s: 642601/1887782 | map: 2527 tracked, 1589 hot
[JIT] Stats: 23068672 sends, 3964 compiled, 1310458 failed, 16383/16384 KB code | IC: 3884092/4630021 (83% hit, 62486 patched, 0 stale) | J2J-r: 0/0 J2J-a: 3061913/4335241 J2J-d: 47069 J2J-s: 643491/1892771 | map: 2527 tracked, 1589 hot
[JIT] Stats: 23134208 sends, 3964 compiled, 1314130 failed, 16383/16384 KB code | IC: 3893972/4643632 (83% hit, 62848 patched, 0 stale) | J2J-r: 0/0 J2J-a: 3071807/4347624 J2J-d: 47312 J2J-s: 647078/1898778 | map: 2527 tracked, 1589 hot
[JIT] Stats: 23199744 sends, 3964 compiled, 1318812 failed, 16383/16384 KB code | IC: 3908016/4657677 (83% hit, 62849 patched, 0 stale) | J2J-r: 0/0 J2J-a: 3081151/4361668 J2J-d: 47313 J2J-s: 647093/1903493 | map: 2527 tracked, 1589 hot
[JIT] Stats: 23265280 sends, 3964 compiled, 1323508 failed, 16383/16384 KB code | IC: 3918847/4672047 (83% hit, 63272 patched, 0 stale) | J2J-r: 0/0 J2J-a: 3091702/4374555 J2J-d: 47602 J2J-s: 651256/1909916 | map: 2527 tracked, 1589 hot
[JIT] Stats: 23330816 sends, 3964 compiled, 1327321 failed, 16383/16384 KB code | IC: 3931434/4685226 (83% hit, 63289 patched, 0 stale) | J2J-r: 0/0 J2J-a: 3100466/4387735 J2J-d: 47611 J2J-s: 651276/1914351 | map: 2527 tracked, 1589 hot
[JIT] Stats: 23396352 sends, 3964 compiled, 1331549 failed, 16383/16384 KB code | IC: 3943342/4699674 (83% hit, 63521 patched, 0 stale) | J2J-r: 0/0 J2J-a: 3110704/4400987 J2J-d: 47775 J2J-s: 654066/1920097 | map: 2527 tracked, 1589 hot
[JIT] Stats: 23461888 sends, 3964 compiled, 1335261 failed, 16383/16384 KB code | IC: 3954576/4713219 (83% hit, 63759 patched, 0 stale) | J2J-r: 0/0 J2J-a: 3120077/4414007 J2J-d: 47935 J2J-s: 656057/1925718 | map: 2527 tracked, 1589 hot
[JIT] Stats: 23527424 sends, 3964 compiled, 1339741 failed, 16383/16384 KB code | IC: 3967728/4726593 (83% hit, 63844 patched, 0 stale) | J2J-r: 0/0 J2J-a: 3129073/4427318 J2J-d: 47997 J2J-s: 656384/1930353 | map: 2527 tracked, 1589 hot
[JIT] Stats: 23592960 sends, 3964 compiled, 1343754 failed, 16383/16384 KB code | IC: 3977699/4739833 (83% hit, 64194 patched, 0 stale) | J2J-r: 0/0 J2J-a: 3138890/4439390 J2J-d: 48229 J2J-s: 660124/1936277 | map: 2527 tracked, 1589 hot
[JIT] Stats: 23658496 sends, 3964 compiled, 1348436 failed, 16383/16384 KB code | IC: 3991743/4753879 (83% hit, 64196 patched, 0 stale) | J2J-r: 0/0 J2J-a: 3148232/4453436 J2J-d: 48230 J2J-s: 660142/1940999 | map: 2527 tracked, 1589 hot
[JIT] Stats: 23724032 sends, 3964 compiled, 1352305 failed, 16383/16384 KB code | IC: 4002881/4768938 (83% hit, 64721 patched, 0 stale) | J2J-r: 0/0 J2J-a: 3158532/4466591 J2J-d: 48604 J2J-s: 664614/1948244 | map: 2571 tracked, 1650 hot
[SISTA-SELECT-EMIT] bc=2 slot=0 vid=4
[SISTA-ACCUM-CAND] pfbBC=9 doBC=12 outerTemp=0 slot=0 arith=0
[SISTA-ACCUM-EMIT] bc=9 vid=7 packed=0x0
[SISTA-SPLICE-LOWER-OK] method=0x3002f5740
[JIT] Stats: 23789568 sends, 3964 compiled, 1353927 failed, 16383/16384 KB code | IC: 4009625/4779639 (83% hit, 65416 patched, 0 stale) | J2J-r: 0/0 J2J-a: 3162952/4476428 J2J-d: 49129 J2J-s: 666702/1955344 | map: 3451 tracked, 2382 hot
[SISTA-SELECT-EMIT] bc=1 slot=0 vid=1
[JIT] Stats: 23855104 sends, 3964 compiled, 1355879 failed, 16383/16384 KB code | IC: 4016967/4791598 (83% hit, 65647 patched, 0 stale) | J2J-r: 0/0 J2J-a: 3168691/4487334 J2J-d: 49366 J2J-s: 669713/1963103 | map: 3698 tracked, 2755 hot
[JIT] Stats: 23920640 sends, 3964 compiled, 1359531 failed, 16383/16384 KB code | IC: 4027934/4804926 (83% hit, 65685 patched, 0 stale) | J2J-r: 0/0 J2J-a: 3177485/4500472 J2J-d: 49388 J2J-s: 670635/1968340 | map: 3698 tracked, 2755 hot
[JIT] Stats: 23986176 sends, 3964 compiled, 1364015 failed, 16383/16384 KB code | IC: 4040917/4818229 (83% hit, 65772 patched, 0 stale) | J2J-r: 0/0 J2J-a: 3186578/4513661 J2J-d: 49450 J2J-s: 671235/1973029 | map: 3698 tracked, 2755 hot
[JIT] Stats: 24051712 sends, 3964 compiled, 1368072 failed, 16383/16384 KB code | IC: 4051105/4832160 (83% hit, 66126 patched, 0 stale) | J2J-r: 0/0 J2J-a: 3196624/4526306 J2J-d: 49683 J2J-s: 674775/1979100 | map: 3698 tracked, 2755 hot
[JIT] Stats: 24117248 sends, 3964 compiled, 1372755 failed, 16383/16384 KB code | IC: 4065150/4846206 (83% hit, 66127 patched, 0 stale) | J2J-r: 0/0 J2J-a: 3205967/4540351 J2J-d: 49684 J2J-s: 674791/1983818 | map: 3698 tracked, 2755 hot
[JIT] Stats: 24182784 sends, 3964 compiled, 1377256 failed, 16383/16384 KB code | IC: 4075782/4861136 (83% hit, 66555 patched, 0 stale) | J2J-r: 0/0 J2J-a: 3216934/4553576 J2J-d: 49977 J2J-s: 679216/1990431 | map: 3698 tracked, 2755 hot
[JIT] Stats: 24248320 sends, 3964 compiled, 1380941 failed, 16383/16384 KB code | IC: 4088241/4874316 (83% hit, 66572 patched, 0 stale) | J2J-r: 0/0 J2J-a: 3225694/4566757 J2J-d: 49986 J2J-s: 679239/1994874 | map: 3698 tracked, 2755 hot
[JIT] Stats: 24313856 sends, 3964 compiled, 1385217 failed, 16383/16384 KB code | IC: 4100218/4888641 (83% hit, 66796 patched, 0 stale) | J2J-r: 0/0 J2J-a: 3235832/4580041 J2J-d: 50142 J2J-s: 681774/2000498 | map: 3698 tracked, 2755 hot
[JIT] Stats: 24379392 sends, 3964 compiled, 1389503 failed, 16383/16384 KB code | IC: 4111666/4902416 (83% hit, 67010 patched, 0 stale) | J2J-r: 0/0 J2J-a: 3245272/4593288 J2J-d: 50281 J2J-s: 683313/2005826 | map: 3698 tracked, 2755 hot
[JIT] Stats: 24444928 sends, 3964 compiled, 1393993 failed, 16383/16384 KB code | IC: 4124964/4916286 (83% hit, 67083 patched, 0 stale) | J2J-r: 0/0 J2J-a: 3254628/4606912 J2J-d: 50333 J2J-s: 683869/2010643 | map: 3698 tracked, 2755 hot
[JIT] Stats: 24510464 sends, 3964 compiled, 1397686 failed, 16383/16384 KB code | IC: 4134748/4930403 (83% hit, 67456 patched, 0 stale) | J2J-r: 0/0 J2J-a: 3264981/4619600 J2J-d: 50584 J2J-s: 687806/2016849 | map: 3698 tracked, 2755 hot
[JIT] Stats: 24576000 sends, 3964 compiled, 1402370 failed, 16383/16384 KB code | IC: 4148794/4944452 (83% hit, 67459 patched, 0 stale) | J2J-r: 0/0 J2J-a: 3274324/4633649 J2J-d: 50586 J2J-s: 687824/2021573 | map: 3698 tracked, 2755 hot
[JIT] Stats: 24641536 sends, 3964 compiled, 1407391 failed, 16383/16384 KB code | IC: 4159731/4958770 (83% hit, 67885 patched, 0 stale) | J2J-r: 0/0 J2J-a: 3284830/4646559 J2J-d: 50878 J2J-s: 691835/2027915 | map: 3698 tracked, 2755 hot
[JIT] Stats: 24707072 sends, 3964 compiled, 1410915 failed, 16383/16384 KB code | IC: 4172028/4971952 (83% hit, 67902 patched, 0 stale) | J2J-r: 0/0 J2J-a: 3293590/4659740 J2J-d: 50887 J2J-s: 691858/2032358 | map: 3698 tracked, 2755 hot
[JIT] Stats: 24772608 sends, 3964 compiled, 1415334 failed, 16383/16384 KB code | IC: 4184055/4985634 (83% hit, 68115 patched, 0 stale) | J2J-r: 0/0 J2J-a: 3303236/4672708 J2J-d: 51038 J2J-s: 694012/2037776 | map: 3698 tracked, 2755 hot
[JIT] Stats: 24838144 sends, 3964 compiled, 1419120 failed, 16383/16384 KB code | IC: 4194759/4999048 (83% hit, 68349 patched, 0 stale) | J2J-r: 0/0 J2J-a: 3312443/4685565 J2J-d: 51191 J2J-s: 695597/2042995 | map: 3698 tracked, 2755 hot
[JIT] Stats: 24903680 sends, 3964 compiled, 1423605 failed, 16383/16384 KB code | IC: 4208022/5012542 (83% hit, 68430 patched, 0 stale) | J2J-r: 0/0 J2J-a: 3321453/4698990 J2J-d: 51249 J2J-s: 695835/2047641 | map: 3698 tracked, 2755 hot
[JIT] Stats: 24969216 sends, 3964 compiled, 1427648 failed, 16383/16384 KB code | IC: 4217773/5025746 (83% hit, 68788 patched, 0 stale) | J2J-r: 0/0 J2J-a: 3331238/4711014 J2J-d: 51489 J2J-s: 699631/2053609 | map: 3698 tracked, 2755 hot
[JIT] Stats: 25034752 sends, 3964 compiled, 1432331 failed, 16383/16384 KB code | IC: 4231818/5039793 (83% hit, 68790 patched, 0 stale) | J2J-r: 0/0 J2J-a: 3340581/4725060 J2J-d: 51491 J2J-s: 699647/2058328 | map: 3698 tracked, 2755 hot
[JIT] Stats: 25100288 sends, 3964 compiled, 1437115 failed, 16383/16384 KB code | IC: 4242775/5054742 (83% hit, 69218 patched, 0 stale) | J2J-r: 0/0 J2J-a: 3351611/4738320 J2J-d: 51783 J2J-s: 704108/2064945 | map: 3698 tracked, 2755 hot
[JIT] Stats: 25165824 sends, 3964 compiled, 1440531 failed, 16383/16384 KB code | IC: 4254956/5067854 (83% hit, 69237 patched, 0 stale) | J2J-r: 0/0 J2J-a: 3360368/4751432 J2J-d: 51793 J2J-s: 704188/2069379 | map: 3698 tracked, 2755 hot
[JIT] Stats: 25231360 sends, 3964 compiled, 1444955 failed, 16383/16384 KB code | IC: 4267101/5081644 (83% hit, 69449 patched, 0 stale) | J2J-r: 0/0 J2J-a: 3370004/4764504 J2J-d: 51946 J2J-s: 706250/2074819 | map: 3698 tracked, 2755 hot
[JIT] Stats: 25296896 sends, 3964 compiled, 1449063 failed, 16383/16384 KB code | IC: 4277995/5094600 (83% hit, 69679 patched, 0 stale) | J2J-r: 0/0 J2J-a: 3379182/4776921 J2J-d: 52092 J2J-s: 708201/2079991 | map: 3698 tracked, 2755 hot
[JIT] Stats: 25362432 sends, 3964 compiled, 1453545 failed, 16383/16384 KB code | IC: 4291318/5108064 (84% hit, 69753 patched, 0 stale) | J2J-r: 0/0 J2J-a: 3388131/4790355 J2J-d: 52146 J2J-s: 708310/2084580 | map: 3698 tracked, 2755 hot
[JIT] Stats: 25427968 sends, 3964 compiled, 1457472 failed, 16383/16384 KB code | IC: 4301454/5123058 (83% hit, 70216 patched, 0 stale) | J2J-r: 0/0 J2J-a: 3399011/4803695 J2J-d: 52454 J2J-s: 712383/2091044 | map: 2196 tracked, 1207 hot
[JIT] Stats: 25493504 sends, 3964 compiled, 1462155 failed, 16383/16384 KB code | IC: 4315499/5137105 (84% hit, 70218 patched, 0 stale) | J2J-r: 0/0 J2J-a: 3408355/4817742 J2J-d: 52455 J2J-s: 712399/2095763 | map: 2196 tracked, 1210 hot
[JIT] Stats: 25559040 sends, 3964 compiled, 1467271 failed, 16383/16384 KB code | IC: 4326514/5150777 (83% hit, 70634 patched, 0 stale) | J2J-r: 0/0 J2J-a: 3418475/4830132 J2J-d: 52740 J2J-s: 716404/2101963 | map: 2257 tracked, 1355 hot
[JIT] Stats: 25624576 sends, 3964 compiled, 1470680 failed, 16383/16384 KB code | IC: 4338689/5163899 (84% hit, 70653 patched, 0 stale) | J2J-r: 0/0 J2J-a: 3427233/4843254 J2J-d: 52750 J2J-s: 716475/2106397 | map: 2257 tracked, 1355 hot
[JIT] Stats: 25690112 sends, 3964 compiled, 1475092 failed, 16383/16384 KB code | IC: 4350776/5177723 (84% hit, 70863 patched, 0 stale) | J2J-r: 0/0 J2J-a: 3436895/4856354 J2J-d: 52903 J2J-s: 718563/2111866 | map: 2257 tracked, 1405 hot
[JIT] Stats: 25755648 sends, 3964 compiled, 1478464 failed, 16383/16384 KB code | IC: 4361321/5190887 (84% hit, 71126 patched, 0 stale) | J2J-r: 0/0 J2J-a: 3445942/4868878 J2J-d: 53079 J2J-s: 721192/2117956 | map: 2288 tracked, 1438 hot
[JIT] Stats: 25821184 sends, 3964 compiled, 1483148 failed, 16383/16384 KB code | IC: 4375370/5204936 (84% hit, 71126 patched, 0 stale) | J2J-r: 0/0 J2J-a: 3455289/4882927 J2J-d: 53079 J2J-s: 721208/2122674 | map: 2288 tracked, 1438 hot
[JIT] Stats: 25886720 sends, 3964 compiled, 1487293 failed, 16383/16384 KB code | IC: 4385587/5219782 (84% hit, 71543 patched, 0 stale) | J2J-r: 0/0 J2J-a: 3466215/4896089 J2J-d: 53359 J2J-s: 725636/2129262 | map: 2288 tracked, 1439 hot
[JIT] Stats: 25952256 sends, 3964 compiled, 1491715 failed, 16383/16384 KB code | IC: 4398848/5233058 (84% hit, 71558 patched, 0 stale) | J2J-r: 0/0 J2J-a: 3475041/4909364 J2J-d: 53367 J2J-s: 725656/2133731 | map: 2288 tracked, 1439 hot
[JIT] Stats: 26017792 sends, 3964 compiled, 1495955 failed, 16383/16384 KB code | IC: 4410210/5247244 (84% hit, 71938 patched, 0 stale) | J2J-r: 0/0 J2J-a: 3485222/4922143 J2J-d: 53628 J2J-s: 729151/2139755 | map: 2288 tracked, 1439 hot
[JIT] Stats: 26083328 sends, 3964 compiled, 1499893 failed, 16383/16384 KB code | IC: 4421700/5260571 (84% hit, 72011 patched, 0 stale) | J2J-r: 0/0 J2J-a: 3494324/4935467 J2J-d: 53677 J2J-s: 729671/2144495 | map: 2288 tracked, 1439 hot
[JIT] Stats: 26148864 sends, 3964 compiled, 1504316 failed, 16383/16384 KB code | IC: 4434349/5274306 (84% hit, 72145 patched, 0 stale) | J2J-r: 0/0 J2J-a: 3503877/4948738 J2J-d: 53771 J2J-s: 731042/2149559 | map: 2288 tracked, 1439 hot
[JIT] Stats: 26214400 sends, 3964 compiled, 1508445 failed, 16383/16384 KB code | IC: 4444928/5287921 (84% hit, 72458 patched, 0 stale) | J2J-r: 0/0 J2J-a: 3513580/4961386 J2J-d: 53979 J2J-s: 733878/2155288 | map: 2288 tracked, 1440 hot
[JIT] Stats: 26279936 sends, 3964 compiled, 1513130 failed, 16383/16384 KB code | IC: 4458978/5301971 (84% hit, 72458 patched, 0 stale) | J2J-r: 0/0 J2J-a: 3522927/4975436 J2J-d: 53979 J2J-s: 733894/2160007 | map: 2288 tracked, 1440 hot
[JIT] Stats: 26345472 sends, 3964 compiled, 1517061 failed, 16383/16384 KB code | IC: 4468912/5316364 (84% hit, 72901 patched, 0 stale) | J2J-r: 0/0 J2J-a: 3533646/4988278 J2J-d: 54284 J2J-s: 738308/2166472 | map: 2288 tracked, 1440 hot
[JIT] Stats: 26411008 sends, 3964 compiled, 1521308 failed, 16383/16384 KB code | IC: 4481935/5329548 (84% hit, 72917 patched, 0 stale) | J2J-r: 0/0 J2J-a: 3542413/5001462 J2J-d: 54292 J2J-s: 738328/2170908 | map: 2288 tracked, 1440 hot
[JIT] Stats: 26476544 sends, 3964 compiled, 1525621 failed, 16383/16384 KB code | IC: 4493418/5343280 (84% hit, 73239 patched, 0 stale) | J2J-r: 0/0 J2J-a: 3552247/5013991 J2J-d: 54510 J2J-s: 741557/2176762 | map: 2288 tracked, 1440 hot
[JIT] Stats: 26542080 sends, 3964 compiled, 1529882 failed, 16383/16384 KB code | IC: 4505030/5356611 (84% hit, 73357 patched, 0 stale) | J2J-r: 0/0 J2J-a: 3561266/5027290 J2J-d: 54589 J2J-s: 742054/2181532 | map: 2288 tracked, 1440 hot
[JIT] Stats: 26607616 sends, 3964 compiled, 1534325 failed, 16383/16384 KB code | IC: 4517983/5370864 (84% hit, 73485 patched, 0 stale) | J2J-r: 0/0 J2J-a: 3571167/5040970 J2J-d: 54681 J2J-s: 743462/2186701 | map: 2288 tracked, 1440 hot
[JIT] Stats: 26673152 sends, 3964 compiled, 1538081 failed, 16383/16384 KB code | IC: 4527999/5384324 (84% hit, 73810 patched, 0 stale) | J2J-r: 0/0 J2J-a: 3580640/5053522 J2J-d: 54899 J2J-s: 746118/2192380 | map: 2288 tracked, 1440 hot
[JIT] Stats: 26738688 sends, 3964 compiled, 1542767 failed, 16383/16384 KB code | IC: 4542048/5398374 (84% hit, 73811 patched, 0 stale) | J2J-r: 0/0 J2J-a: 3589986/5067572 J2J-d: 54900 J2J-s: 746135/2197101 | map: 2288 tracked, 1440 hot
[JIT] Stats: 26804224 sends, 3964 compiled, 1547132 failed, 16383/16384 KB code | IC: 4552300/5412408 (84% hit, 74238 patched, 0 stale) | J2J-r: 0/0 J2J-a: 3600393/5080209 J2J-d: 55191 J2J-s: 750295/2203417 | map: 2288 tracked, 1440 hot
[JIT] Stats: 26869760 sends, 3964 compiled, 1551301 failed, 16383/16384 KB code | IC: 4565244/5425590 (84% hit, 74254 patched, 0 stale) | J2J-r: 0/0 J2J-a: 3609161/5093391 J2J-d: 55199 J2J-s: 750313/2207848 | map: 2288 tracked, 1440 hot
[JIT] Stats: 26935296 sends, 3964 compiled, 1555571 failed, 16383/16384 KB code | IC: 4577062/5440046 (84% hit, 74493 patched, 0 stale) | J2J-r: 0/0 J2J-a: 3619569/5106449 J2J-d: 55366 J2J-s: 753688/2213817 | map: 2288 tracked, 1440 hot
[JIT] Stats: 27000832 sends, 3964 compiled, 1559482 failed, 16383/16384 KB code | IC: 4588321/5453400 (84% hit, 74704 patched, 0 stale) | J2J-r: 0/0 J2J-a: 3628598/5119746 J2J-d: 55505 J2J-s: 754278/2218659 | map: 2288 tracked, 1440 hot
[JIT] Stats: 27066368 sends, 3964 compiled, 1563945 failed, 16383/16384 KB code | IC: 4601182/5467184 (84% hit, 74830 patched, 0 stale) | J2J-r: 0/0 J2J-a: 3638174/5133140 J2J-d: 55596 J2J-s: 755470/2223653 | map: 2288 tracked, 1440 hot
[JIT] Stats: 27131904 sends, 3964 compiled, 1567999 failed, 16383/16384 KB code | IC: 4611628/5480554 (84% hit, 75149 patched, 0 stale) | J2J-r: 0/0 J2J-a: 3647803/5145510 J2J-d: 55806 J2J-s: 758526/2229390 | map: 2288 tracked, 1440 hot
[JIT] Stats: 27197440 sends, 3964 compiled, 1572683 failed, 16383/16384 KB code | IC: 4625676/5494602 (84% hit, 75149 patched, 0 stale) | J2J-r: 0/0 J2J-a: 3657150/5159558 J2J-d: 55806 J2J-s: 758541/2234106 | map: 2288 tracked, 1440 hot
[JIT] Stats: 27262976 sends, 3964 compiled, 1576779 failed, 16383/16384 KB code | IC: 4635829/5508509 (84% hit, 75602 patched, 0 stale) | J2J-r: 0/0 J2J-a: 3667018/5172148 J2J-d: 56122 J2J-s: 762846/2241057 | map: 2290 tracked, 1443 hot
[JIT] Stats: 27328512 sends, 3964 compiled, 1580542 failed, 16383/16384 KB code | IC: 4648366/5521689 (84% hit, 75619 patched, 0 stale) | J2J-r: 0/0 J2J-a: 3675785/5185329 J2J-d: 56131 J2J-s: 762865/2245489 | map: 2290 tracked, 1443 hot
[JIT] Stats: 27394048 sends, 3964 compiled, 1584820 failed, 16383/16384 KB code | IC: 4659944/5535089 (84% hit, 75850 patched, 0 stale) | J2J-r: 0/0 J2J-a: 3685244/5197886 J2J-d: 56292 J2J-s: 765240/2250904 | map: 2290 tracked, 1443 hot
[JIT] Stats: 27459584 sends, 3964 compiled, 1589105 failed, 16383/16384 KB code | IC: 4671426/5548481 (84% hit, 76055 patched, 0 stale) | J2J-r: 0/0 J2J-a: 3694631/5210824 J2J-d: 56424 J2J-s: 766958/2256155 | map: 2290 tracked, 1443 hot
[JIT] Stats: 27525120 sends, 3964 compiled, 1593584 failed, 16383/16384 KB code | IC: 4684517/5561939 (84% hit, 76142 patched, 0 stale) | J2J-r: 0/0 J2J-a: 3703774/5224148 J2J-d: 56486 J2J-s: 767493/2260864 | map: 2290 tracked, 1443 hot
[JIT] Stats: 27590656 sends, 3964 compiled, 1597305 failed, 16383/16384 KB code | IC: 4694382/5576201 (84% hit, 76500 patched, 0 stale) | J2J-r: 0/0 J2J-a: 3713945/5237028 J2J-d: 56729 J2J-s: 771042/2267055 | map: 2290 tracked, 1443 hot
[JIT] Stats: 27656192 sends, 3964 compiled, 1601989 failed, 16383/16384 KB code | IC: 4708429/5590249 (84% hit, 76501 patched, 0 stale) | J2J-r: 0/0 J2J-a: 3723287/5251075 J2J-d: 56730 J2J-s: 771060/2271778 | map: 2290 tracked, 1443 hot
[JIT] Stats: 27721728 sends, 3964 compiled, 1606880 failed, 16383/16384 KB code | IC: 4719209/5604340 (84% hit, 76929 patched, 0 stale) | J2J-r: 0/0 J2J-a: 3733750/5263759 J2J-d: 57022 J2J-s: 775234/2278100 | map: 2290 tracked, 1443 hot
[JIT] Stats: 27787264 sends, 3964 compiled, 1610533 failed, 16383/16384 KB code | IC: 4731636/5617521 (84% hit, 76946 patched, 0 stale) | J2J-r: 0/0 J2J-a: 3742515/5276940 J2J-d: 57031 J2J-s: 775253/2282534 | map: 2290 tracked, 1443 hot
[JIT] Stats: 27852800 sends, 3964 compiled, 1614847 failed, 16383/16384 KB code | IC: 4743747/5632175 (84% hit, 77157 patched, 0 stale) | J2J-r: 0/0 J2J-a: 3752858/5290447 J2J-d: 57181 J2J-s: 777873/2288260 | map: 2290 tracked, 1443 hot
[JIT] Stats: 27918336 sends, 3964 compiled, 1618769 failed, 16383/16384 KB code | IC: 4754841/5645962 (84% hit, 77393 patched, 0 stale) | J2J-r: 0/0 J2J-a: 3762325/5303695 J2J-d: 57336 J2J-s: 779448/2293600 | map: 2290 tracked, 1443 hot
[JIT] Stats: 27983872 sends, 3964 compiled, 1623255 failed, 16383/16384 KB code | IC: 4767966/5659331 (84% hit, 77479 patched, 0 stale) | J2J-r: 0/0 J2J-a: 3771342/5316990 J2J-d: 57398 J2J-s: 779827/2298250 | map: 2290 tracked, 1443 hot
[JIT] Stats: 28049408 sends, 3964 compiled, 1627317 failed, 16383/16384 KB code | IC: 4778156/5673631 (84% hit, 77831 patched, 0 stale) | J2J-r: 0/0 J2J-a: 3781703/5329899 J2J-d: 57631 J2J-s: 783523/2304426 | map: 2290 tracked, 1443 hot
[JIT] Stats: 28114944 sends, 3964 compiled, 1632000 failed, 16383/16384 KB code | IC: 4792200/5687677 (84% hit, 77833 patched, 0 stale) | J2J-r: 0/0 J2J-a: 3791044/5343945 J2J-d: 57633 J2J-s: 783541/2309149 | map: 2290 tracked, 1443 hot
[JIT] Stats: 28180480 sends, 3964 compiled, 1636598 failed, 16383/16384 KB code | IC: 4802791/5701663 (84% hit, 78262 patched, 0 stale) | J2J-r: 0/0 J2J-a: 3801475/5356531 J2J-d: 57926 J2J-s: 787760/2315451 | map: 2290 tracked, 1443 hot
[JIT] Stats: 28246016 sends, 3964 compiled, 1640190 failed, 16383/16384 KB code | IC: 4815157/5714843 (84% hit, 78279 patched, 0 stale) | J2J-r: 0/0 J2J-a: 3810240/5369711 J2J-d: 57935 J2J-s: 787778/2319883 | map: 2290 tracked, 1443 hot
[JIT] Stats: 28311552 sends, 3964 compiled, 1644532 failed, 16383/16384 KB code | IC: 4826936/5728248 (84% hit, 78492 patched, 0 stale) | J2J-r: 0/0 J2J-a: 3819698/5382415 J2J-d: 58088 J2J-s: 789922/2325216 | map: 2290 tracked, 1443 hot
[JIT] Stats: 28377088 sends, 3964 compiled, 1648710 failed, 16383/16384 KB code | IC: 4838285/5741497 (84% hit, 78716 patched, 0 stale) | J2J-r: 0/0 J2J-a: 3829066/5395124 J2J-d: 58230 J2J-s: 791850/2330467 | map: 2290 tracked, 1443 hot
[JIT] Stats: 28442624 sends, 3964 compiled, 1653197 failed, 16383/16384 KB code | IC: 4851437/5754870 (84% hit, 78801 patched, 0 stale) | J2J-r: 0/0 J2J-a: 3838057/5408434 J2J-d: 58292 J2J-s: 792176/2335105 | map: 2290 tracked, 1443 hot
[JIT] Stats: 28508160 sends, 3964 compiled, 1656625 failed, 16383/16384 KB code | IC: 4860981/5768550 (84% hit, 79187 patched, 0 stale) | J2J-r: 0/0 J2J-a: 3847801/5420839 J2J-d: 58555 J2J-s: 796205/2341727 | map: 2290 tracked, 1443 hot
[JIT] Stats: 28573696 sends, 3964 compiled, 1661309 failed, 16383/16384 KB code | IC: 4875026/5782598 (84% hit, 79190 patched, 0 stale) | J2J-r: 0/0 J2J-a: 3857144/5434886 J2J-d: 58557 J2J-s: 796222/2346448 | map: 2290 tracked, 1443 hot
[JIT] Stats: 28639232 sends, 3964 compiled, 1666641 failed, 16383/16384 KB code | IC: 4886501/5797640 (84% hit, 79604 patched, 0 stale) | J2J-r: 0/0 J2J-a: 3868067/5448256 J2J-d: 58838 J2J-s: 800442/2353040 | map: 2290 tracked, 1443 hot
[JIT] Stats: 28704768 sends, 3964 compiled, 1669868 failed, 16383/16384 KB code | IC: 4898483/5810669 (84% hit, 79623 patched, 0 stale) | J2J-r: 0/0 J2J-a: 3876814/5461285 J2J-d: 58848 J2J-s: 800587/2357466 | map: 2290 tracked, 1443 hot
[JIT] Stats: 28770304 sends, 3964 compiled, 1674297 failed, 16383/16384 KB code | IC: 4911063/5825369 (84% hit, 79822 patched, 0 stale) | J2J-r: 0/0 J2J-a: 3887019/5475037 J2J-d: 58991 J2J-s: 802712/2363088 | map: 2290 tracked, 1443 hot
[JIT] Stats: 28835840 sends, 3964 compiled, 1678081 failed, 16383/16384 KB code | IC: 4921627/5838835 (84% hit, 80069 patched, 0 stale) | J2J-r: 0/0 J2J-a: 3896605/5487739 J2J-d: 59151 J2J-s: 805042/2368513 | map: 2290 tracked, 1443 hot
[JIT] Stats: 28901376 sends, 3964 compiled, 1682684 failed, 16383/16384 KB code | IC: 4935434/5852646 (84% hit, 80073 patched, 0 stale) | J2J-r: 0/0 J2J-a: 3905793/5501550 J2J-d: 59154 J2J-s: 805061/2373155 | map: 2290 tracked, 1443 hot
[DIAG] P40 WriteStream>>ifTrue:ifFalse: ip=65 fd=1
[DIAG]   [-1] ChunkReadStream>>basicNextChunk
[DIAG-TIMER] usecArmed=1 msArmed=0 timerWasArmed=1 timerSem=set lastSignal=0s ago nextUsec=0xe0f4a046a3baf nextMs=0
[DIAG-TIMER] wakeup delta=545607 usec (0.546 sec)
[DIAG-QUEUE] P80 proc=0x3037f62a8 susp=SUnitRunner class>>ifFalse:
[DIAG-QUEUE] P60 proc=0x304d03d98 susp=SUnitRunner class>>ifFalse:
[DIAG-QUEUE] P10 proc=0x303e55370 susp=ProcessorScheduler class>>idleProcess
[JIT] Stats: 28966912 sends, 3964 compiled, 1686632 failed, 16383/16384 KB code | IC: 4945105/5866884 (84% hit, 80501 patched, 0 stale) | J2J-r: 0/0 J2J-a: 3916363/5514099 J2J-d: 59443 J2J-s: 809541/2379538 | map: 2290 tracked, 1443 hot
[JIT] Stats: 29032448 sends, 3964 compiled, 1691315 failed, 16383/16384 KB code | IC: 4959149/5880932 (84% hit, 80505 patched, 0 stale) | J2J-r: 0/0 J2J-a: 3925705/5528147 J2J-d: 59445 J2J-s: 809559/2384262 | map: 2290 tracked, 1443 hot
[JIT] Stats: 29097984 sends, 3964 compiled, 1696667 failed, 16383/16384 KB code | IC: 4970480/5895115 (84% hit, 80935 patched, 0 stale) | J2J-r: 0/0 J2J-a: 3936067/5540991 J2J-d: 59742 J2J-s: 813413/2390528 | map: 2290 tracked, 1443 hot
[JIT] Stats: 29163520 sends, 3964 compiled, 1699821 failed, 16383/16384 KB code | IC: 4982378/5908051 (84% hit, 80954 patched, 0 stale) | J2J-r: 0/0 J2J-a: 3944804/5553927 J2J-d: 59752 J2J-s: 813631/2394944 | map: 2290 tracked, 1443 hot
[JIT] Stats: 29229056 sends, 3964 compiled, 1704271 failed, 16383/16384 KB code | IC: 4995069/5922806 (84% hit, 81127 patched, 0 stale) | J2J-r: 0/0 J2J-a: 3955045/5567752 J2J-d: 59874 J2J-s: 815711/2400563 | map: 2290 tracked, 1443 hot
[PROGRESS] 10s: ~703976164 steps
[JIT] Stats: 29294592 sends, 3964 compiled, 1708371 failed, 16383/16384 KB code | IC: 5006054/5936552 (84% hit, 81387 patched, 0 stale) | J2J-r: 0/0 J2J-a: 3964667/5580726 J2J-d: 60042 J2J-s: 817819/2405995 | map: 2290 tracked, 1443 hot
[JIT] Stats: 29360128 sends, 3964 compiled, 1712987 failed, 16383/16384 KB code | IC: 5019901/5950403 (84% hit, 81391 patched, 0 stale) | J2J-r: 0/0 J2J-a: 3973884/5594577 J2J-d: 60045 J2J-s: 817836/2410646 | map: 2290 tracked, 1443 hot
[SISTA-ACCUM-CAND] pfbBC=9 doBC=12 outerTemp=0 slot=0 arith=0
[SISTA-ACCUM-EMIT] bc=9 vid=7 packed=0x0
[SISTA-SPLICE-LOWER-OK] method=0x3002f5740
[asmjit-t1] code.code_size=4744 out of [1, 4096]
[JIT] Stats: 29425664 sends, 3964 compiled, 1715934 failed, 16383/16384 KB code | IC: 5029387/5964019 (84% hit, 81943 patched, 0 stale) | J2J-r: 0/0 J2J-a: 3982614/5606329 J2J-d: 60428 J2J-s: 822758/2418412 | map: 2611 tracked, 1749 hot
[asmjit-t1] code.code_size=6792 out of [1, 5120]
[asmjit-t1] code.code_size=10568 out of [1, 10240]
[JIT] Stats: 29491200 sends, 3964 compiled, 1719228 failed, 16383/16384 KB code | IC: 5039997/5977970 (84% hit, 82060 patched, 0 stale) | J2J-r: 0/0 J2J-a: 3991213/5619541 J2J-d: 60513 J2J-s: 824615/2424859 | map: 2635 tracked, 1776 hot
[JIT] Stats: 29556736 sends, 3964 compiled, 1723913 failed, 16383/16384 KB code | IC: 5054047/5992020 (84% hit, 82060 patched, 0 stale) | J2J-r: 0/0 J2J-a: 4000561/5633591 J2J-d: 60513 J2J-s: 824630/2429576 | map: 2635 tracked, 1776 hot
[JIT] Stats: 29622272 sends, 3964 compiled, 1727996 failed, 16383/16384 KB code | IC: 5063739/6005849 (84% hit, 82479 patched, 0 stale) | J2J-r: 0/0 J2J-a: 4010736/5645947 J2J-d: 60796 J2J-s: 828814/2435866 | map: 2635 tracked, 1776 hot
[JIT] Stats: 29687808 sends, 3964 compiled, 1732511 failed, 16383/16384 KB code | IC: 5077277/6019402 (84% hit, 82494 patched, 0 stale) | J2J-r: 0/0 J2J-a: 4019749/5659500 J2J-d: 60804 J2J-s: 828833/2440425 | map: 2635 tracked, 1776 hot
[JIT] Stats: 29753344 sends, 3964 compiled, 1736864 failed, 16383/16384 KB code | IC: 5088628/6033999 (84% hit, 82879 patched, 0 stale) | J2J-r: 0/0 J2J-a: 4030098/5672496 J2J-d: 61068 J2J-s: 832531/2446699 | map: 2635 tracked, 1776 hot
[JIT] Stats: 29818880 sends, 3964 compiled, 1740717 failed, 16383/16384 KB code | IC: 5100258/6047136 (84% hit, 82943 patched, 0 stale) | J2J-r: 0/0 J2J-a: 4039255/5685632 J2J-d: 61110 J2J-s: 833246/2451391 | map: 2635 tracked, 1776 hot
[JIT] Stats: 29884416 sends, 3964 compiled, 1745128 failed, 16383/16384 KB code | IC: 5113166/6061876 (84% hit, 83083 patched, 0 stale) | J2J-r: 0/0 J2J-a: 4049493/5699544 J2J-d: 61204 J2J-s: 835010/2456800 | map: 2635 tracked, 1776 hot
[JIT] Stats: 29949952 sends, 3964 compiled, 1749301 failed, 16383/16384 KB code | IC: 5123807/6075467 (84% hit, 83377 patched, 0 stale) | J2J-r: 0/0 J2J-a: 4059171/5712195 J2J-d: 61401 J2J-s: 837805/2462522 | map: 2635 tracked, 1776 hot
[JIT] Stats: 30015488 sends, 3964 compiled, 1753986 failed, 16383/16384 KB code | IC: 5137858/6089518 (84% hit, 83377 patched, 0 stale) | J2J-r: 0/0 J2J-a: 4068517/5726245 J2J-d: 61401 J2J-s: 837822/2467243 | map: 2635 tracked, 1776 hot
[JIT] Stats: 30081024 sends, 3964 compiled, 1757904 failed, 16383/16384 KB code | IC: 5147884/6104386 (84% hit, 83807 patched, 0 stale) | J2J-r: 0/0 J2J-a: 4079504/5739428 J2J-d: 61698 J2J-s: 842313/2473856 | map: 2635 tracked, 1776 hot
[JIT] Stats: 30146560 sends, 3964 compiled, 1762211 failed, 16383/16384 KB code | IC: 5160967/6117568 (84% hit, 83823 patched, 0 stale) | J2J-r: 0/0 J2J-a: 4088273/5752610 J2J-d: 61706 J2J-s: 842331/2478286 | map: 2635 tracked, 1776 hot
[JIT] Stats: 30212096 sends, 3964 compiled, 1766512 failed, 16383/16384 KB code | IC: 5172789/6132611 (84% hit, 84151 patched, 0 stale) | J2J-r: 0/0 J2J-a: 4099042/5765995 J2J-d: 61928 J2J-s: 846059/2484561 | map: 2635 tracked, 1776 hot
[JIT] Stats: 30277632 sends, 3964 compiled, 1770787 failed, 16383/16384 KB code | IC: 5184400/6145532 (84% hit, 84267 patched, 0 stale) | J2J-r: 0/0 J2J-a: 4108008/5778907 J2J-d: 62005 J2J-s: 846859/2489302 | map: 2635 tracked, 1776 hot
[JIT] Stats: 30343168 sends, 3964 compiled, 1775235 failed, 16383/16384 KB code | IC: 5197243/6159523 (84% hit, 84395 patched, 0 stale) | J2J-r: 0/0 J2J-a: 4117709/5792393 J2J-d: 62097 J2J-s: 848209/2494416 | map: 2635 tracked, 1776 hot
[JIT] Stats: 30408704 sends, 3964 compiled, 1778982 failed, 16383/16384 KB code | IC: 5207032/6172202 (84% hit, 84717 patched, 0 stale) | J2J-r: 0/0 J2J-a: 4126796/5804332 J2J-d: 62314 J2J-s: 850878/2499886 | map: 2635 tracked, 1776 hot
[JIT] Stats: 30474240 sends, 3964 compiled, 1783669 failed, 16383/16384 KB code | IC: 5221082/6186252 (84% hit, 84717 patched, 0 stale) | J2J-r: 0/0 J2J-a: 4136139/5818383 J2J-d: 62314 J2J-s: 850896/2504612 | map: 2635 tracked, 1776 hot
[JIT] Stats: 30539776 sends, 3964 compiled, 1788059 failed, 16383/16384 KB code | IC: 5231570/6200994 (84% hit, 85139 patched, 0 stale) | J2J-r: 0/0 J2J-a: 4147096/5831464 J2J-d: 62602 J2J-s: 855409/2511177 | map: 2635 tracked, 1776 hot
[JIT] Stats: 30605312 sends, 3964 compiled, 1792227 failed, 16383/16384 KB code | IC: 5244513/6214176 (84% hit, 85155 patched, 0 stale) | J2J-r: 0/0 J2J-a: 4155863/5844646 J2J-d: 62610 J2J-s: 855428/2515610 | map: 2635 tracked, 1776 hot
[JIT] Stats: 30670848 sends, 3964 compiled, 1796538 failed, 16383/16384 KB code | IC: 5256084/6227898 (84% hit, 85414 patched, 0 stale) | J2J-r: 0/0 J2J-a: 4165690/5857179 J2J-d: 62792 J2J-s: 858586/2521415 | map: 2635 tracked, 1776 hot
[JIT] Stats: 30736384 sends, 3964 compiled, 1800436 failed, 16383/16384 KB code | IC: 5267174/6240835 (84% hit, 85603 patched, 0 stale) | J2J-r: 0/0 J2J-a: 4174634/5870068 J2J-d: 62916 J2J-s: 859454/2526214 | map: 2635 tracked, 1776 hot
[JIT] Stats: 30801920 sends, 3964 compiled, 1804917 failed, 16383/16384 KB code | IC: 5280190/6254982 (84% hit, 85727 patched, 0 stale) | J2J-r: 0/0 J2J-a: 4184442/5883713 J2J-d: 63005 J2J-s: 860746/2531328 | map: 2635 tracked, 1776 hot
[JIT] Stats: 30867456 sends, 3964 compiled, 1808962 failed, 16383/16384 KB code | IC: 5290351/6268181 (84% hit, 86047 patched, 0 stale) | J2J-r: 0/0 J2J-a: 4193854/5896040 J2J-d: 63219 J2J-s: 863490/2536929 | map: 2635 tracked, 1776 hot
[JIT] Stats: 30932992 sends, 3964 compiled, 1813646 failed, 16383/16384 KB code | IC: 5304399/6282229 (84% hit, 86047 patched, 0 stale) | J2J-r: 0/0 J2J-a: 4203198/5910088 J2J-d: 63219 J2J-s: 863508/2541651 | map: 2635 tracked, 1776 hot
[JIT] Stats: 30998528 sends, 3964 compiled, 1817749 failed, 16383/16384 KB code | IC: 5314551/6296435 (84% hit, 86478 patched, 0 stale) | J2J-r: 0/0 J2J-a: 4213746/5922798 J2J-d: 63514 J2J-s: 867812/2548045 | map: 2635 tracked, 1777 hot
[JIT] Stats: 31064064 sends, 3964 compiled, 1821841 failed, 16383/16384 KB code | IC: 5327417/6309615 (84% hit, 86495 patched, 0 stale) | J2J-r: 0/0 J2J-a: 4222511/5935978 J2J-d: 63523 J2J-s: 867831/2552478 | map: 2635 tracked, 1777 hot
[JIT] Stats: 31129600 sends, 3964 compiled, 1826135 failed, 16383/16384 KB code | IC: 5339001/6323264 (84% hit, 86732 patched, 0 stale) | J2J-r: 0/0 J2J-a: 4232282/5948508 J2J-d: 63691 J2J-s: 870839/2558186 | map: 2635 tracked, 1777 hot
[JIT] Stats: 31195136 sends, 3964 compiled, 1830371 failed, 16383/16384 KB code | IC: 5350550/6336245 (84% hit, 86930 patched, 0 stale) | J2J-r: 0/0 J2J-a: 4241339/5961374 J2J-d: 63817 J2J-s: 871915/2563053 | map: 2635 tracked, 1777 hot
[JIT] Stats: 31260672 sends, 3964 compiled, 1834864 failed, 16383/16384 KB code | IC: 5363587/6350252 (84% hit, 87019 patched, 0 stale) | J2J-r: 0/0 J2J-a: 4251072/5974942 J2J-d: 63883 J2J-s: 873117/2568083 | map: 2635 tracked, 1777 hot
[JIT] Stats: 31326208 sends, 3964 compiled, 1839543 failed, 16383/16384 KB code | IC: 5374639/6363567 (84% hit, 87405 patched, 0 stale) | J2J-r: 0/0 J2J-a: 4260106/5987358 J2J-d: 64149 J2J-s: 876297/2574579 | map: 2635 tracked, 1777 hot
[JIT] Stats: 31391744 sends, 3964 compiled, 1844226 failed, 16383/16384 KB code | IC: 5388684/6377614 (84% hit, 87407 patched, 0 stale) | J2J-r: 0/0 J2J-a: 4269448/6001405 J2J-d: 64150 J2J-s: 876315/2579302 | map: 2635 tracked, 1777 hot
[JIT] Stats: 31457280 sends, 3964 compiled, 1849216 failed, 16383/16384 KB code | IC: 5399382/6391481 (84% hit, 87829 patched, 0 stale) | J2J-r: 0/0 J2J-a: 4279521/6014012 J2J-d: 64437 J2J-s: 880069/2585516 | map: 2635 tracked, 1777 hot
[JIT] Stats: 31522816 sends, 3964 compiled, 1852825 failed, 16383/16384 KB code | IC: 5411764/6404660 (84% hit, 87846 patched, 0 stale) | J2J-r: 0/0 J2J-a: 4288286/6027192 J2J-d: 64446 J2J-s: 880088/2589949 | map: 2635 tracked, 1777 hot
[JIT] Stats: 31588352 sends, 3964 compiled, 1857176 failed, 16383/16384 KB code | IC: 5423982/6419437 (84% hit, 88060 patched, 0 stale) | J2J-r: 0/0 J2J-a: 4298689/6040810 J2J-d: 64598 J2J-s: 882709/2595728 | map: 2635 tracked, 1777 hot
[JIT] Stats: 31653888 sends, 3964 compiled, 1861052 failed, 16383/16384 KB code | IC: 5434876/6432793 (84% hit, 88294 patched, 0 stale) | J2J-r: 0/0 J2J-a: 4308015/6053627 J2J-d: 64751 J2J-s: 884517/2601011 | map: 2635 tracked, 1777 hot
[JIT] Stats: 31719424 sends, 3964 compiled, 1865541 failed, 16383/16384 KB code | IC: 5448051/6446174 (84% hit, 88374 patched, 0 stale) | J2J-r: 0/0 J2J-a: 4316994/6066950 J2J-d: 64809 J2J-s: 884801/2605632 | map: 2635 tracked, 1777 hot
[JIT] Stats: 31784960 sends, 3964 compiled, 1869608 failed, 16383/16384 KB code | IC: 5458207/6460428 (84% hit, 88730 patched, 0 stale) | J2J-r: 0/0 J2J-a: 4327532/6079706 J2J-d: 65045 J2J-s: 888917/2611900 | map: 2635 tracked, 1777 hot
[JIT] Stats: 31850496 sends, 3964 compiled, 1874292 failed, 16383/16384 KB code | IC: 5472252/6474476 (84% hit, 88733 patched, 0 stale) | J2J-r: 0/0 J2J-a: 4336875/6093755 J2J-d: 65047 J2J-s: 888935/2616624 | map: 2635 tracked, 1777 hot
[JIT] Stats: 31916032 sends, 3964 compiled, 1879044 failed, 16383/16384 KB code | IC: 5482700/6488109 (84% hit, 89167 patched, 0 stale) | J2J-r: 0/0 J2J-a: 4346941/6106106 J2J-d: 65348 J2J-s: 892938/2622840 | map: 2635 tracked, 1777 hot
[JIT] Stats: 31981568 sends, 3964 compiled, 1882510 failed, 16383/16384 KB code | IC: 5494940/6501289 (84% hit, 89184 patched, 0 stale) | J2J-r: 0/0 J2J-a: 4355705/6119287 J2J-d: 65357 J2J-s: 892958/2627276 | map: 2635 tracked, 1777 hot
[JIT] Stats: 32047104 sends, 3964 compiled, 1886932 failed, 16383/16384 KB code | IC: 5507285/6515780 (84% hit, 89398 patched, 0 stale) | J2J-r: 0/0 J2J-a: 4365916/6132838 J2J-d: 65511 J2J-s: 895302/2632905 | map: 2635 tracked, 1777 hot
[JIT] Stats: 32112640 sends, 3964 compiled, 1891082 failed, 16383/16384 KB code | IC: 5518323/6529302 (84% hit, 89632 patched, 0 stale) | J2J-r: 0/0 J2J-a: 4375255/6145753 J2J-d: 65660 J2J-s: 897014/2638174 | map: 2635 tracked, 1777 hot
[JIT] Stats: 32178176 sends, 3964 compiled, 1895572 failed, 16383/16384 KB code | IC: 5531642/6542839 (84% hit, 89714 patched, 0 stale) | J2J-r: 0/0 J2J-a: 4384269/6159226 J2J-d: 65718 J2J-s: 897192/2642805 | map: 2635 tracked, 1777 hot
[JIT] Stats: 32243712 sends, 3964 compiled, 1899272 failed, 16383/16384 KB code | IC: 5541420/6557491 (84% hit, 90076 patched, 0 stale) | J2J-r: 0/0 J2J-a: 4394973/6172320 J2J-d: 65964 J2J-s: 901200/2649137 | map: 2635 tracked, 1777 hot
[JIT] Stats: 32309248 sends, 3964 compiled, 1903955 failed, 16383/16384 KB code | IC: 5555465/6571539 (84% hit, 90079 patched, 0 stale) | J2J-r: 0/0 J2J-a: 4404318/6186368 J2J-d: 65965 J2J-s: 901216/2653856 | map: 2635 tracked, 1777 hot
[JIT] Stats: 32374784 sends, 3964 compiled, 1909129 failed, 16383/16384 KB code | IC: 5566538/6585733 (84% hit, 90501 patched, 0 stale) | J2J-r: 0/0 J2J-a: 4414781/6199119 J2J-d: 66253 J2J-s: 905353/2660206 | map: 2635 tracked, 1777 hot
[JIT] Stats: 32440320 sends, 3964 compiled, 1912503 failed, 16383/16384 KB code | IC: 5578684/6598905 (84% hit, 90520 patched, 0 stale) | J2J-r: 0/0 J2J-a: 4423545/6212291 J2J-d: 66263 J2J-s: 905379/2664639 | map: 2635 tracked, 1777 hot
[JIT] Stats: 32505856 sends, 3964 compiled, 1916957 failed, 16383/16384 KB code | IC: 5591218/6613747 (84% hit, 90728 patched, 0 stale) | J2J-r: 0/0 J2J-a: 4433891/6226083 J2J-d: 66411 J2J-s: 907745/2670395 | map: 2635 tracked, 1777 hot
[JIT] Stats: 32571392 sends, 3964 compiled, 1920722 failed, 16383/16384 KB code | IC: 5601973/6627062 (84% hit, 90962 patched, 0 stale) | J2J-r: 0/0 J2J-a: 4443370/6238718 J2J-d: 66562 J2J-s: 909925/2675714 | map: 2635 tracked, 1777 hot
[JIT] Stats: 32636928 sends, 3964 compiled, 1925218 failed, 16383/16384 KB code | IC: 5615380/6640612 (84% hit, 91036 patched, 0 stale) | J2J-r: 0/0 J2J-a: 4452388/6252232 J2J-d: 66616 J2J-s: 910028/2680309 | map: 2635 tracked, 1777 hot
[JIT] Stats: 32702464 sends, 3964 compiled, 1929283 failed, 16383/16384 KB code | IC: 5625658/6655723 (84% hit, 91394 patched, 0 stale) | J2J-r: 0/0 J2J-a: 4463374/6265640 J2J-d: 66856 J2J-s: 914202/2686834 | map: 2635 tracked, 1777 hot
[JIT] Stats: 32768000 sends, 3964 compiled, 1933967 failed, 16383/16384 KB code | IC: 5639703/6669772 (84% hit, 91398 patched, 0 stale) | J2J-r: 0/0 J2J-a: 4472719/6279689 J2J-d: 66858 J2J-s: 914218/2691554 | map: 2635 tracked, 1777 hot
[JIT] Stats: 32833536 sends, 3964 compiled, 1938354 failed, 16383/16384 KB code | IC: 5650771/6683704 (84% hit, 91808 patched, 0 stale) | J2J-r: 0/0 J2J-a: 4482442/6292262 J2J-d: 67145 J2J-s: 918253/2698367 | map: 2635 tracked, 1777 hot
[JIT] Stats: 32899072 sends, 3964 compiled, 1943114 failed, 16383/16384 KB code | IC: 5663699/6696996 (84% hit, 91870 patched, 0 stale) | J2J-r: 0/0 J2J-a: 4491447/6305552 J2J-d: 67186 J2J-s: 918581/2702978 | map: 2635 tracked, 1777 hot
[JIT] Stats: 32964608 sends, 3964 compiled, 1947555 failed, 16383/16384 KB code | IC: 5676237/6710835 (84% hit, 92037 patched, 0 stale) | J2J-r: 0/0 J2J-a: 4501053/6318826 J2J-d: 67302 J2J-s: 920168/2708198 | map: 2635 tracked, 1777 hot
[JIT] Stats: 33030144 sends, 3964 compiled, 1951707 failed, 16383/16384 KB code | IC: 5686972/6724494 (84% hit, 92306 patched, 0 stale) | J2J-r: 0/0 J2J-a: 4510724/6331592 J2J-d: 67478 J2J-s: 922731/2713816 | map: 2635 tracked, 1777 hot
[JIT] Stats: 33095680 sends, 3964 compiled, 1956392 failed, 16383/16384 KB code | IC: 5701022/6738544 (84% hit, 92306 patched, 0 stale) | J2J-r: 0/0 J2J-a: 4520069/6345641 J2J-d: 67478 J2J-s: 922749/2718538 | map: 2635 tracked, 1777 hot
[JIT] Stats: 33161216 sends, 3964 compiled, 1960177 failed, 16383/16384 KB code | IC: 5710831/6753423 (84% hit, 92734 patched, 0 stale) | J2J-r: 0/0 J2J-a: 4530949/6358794 J2J-d: 67771 J2J-s: 927147/2725135 | map: 2635 tracked, 1777 hot
[JIT] Stats: 33226752 sends, 3964 compiled, 1964629 failed, 16383/16384 KB code | IC: 5724175/6766782 (84% hit, 92749 patched, 0 stale) | J2J-r: 0/0 J2J-a: 4539830/6372153 J2J-d: 67779 J2J-s: 927166/2729632 | map: 2635 tracked, 1777 hot
[JIT] Stats: 33292288 sends, 3964 compiled, 1968941 failed, 16383/16384 KB code | IC: 5735692/6781561 (84% hit, 93111 patched, 0 stale) | J2J-r: 0/0 J2J-a: 4550333/6385291 J2J-d: 68024 J2J-s: 930884/2735912 | map: 2635 tracked, 1777 hot
[JIT] Stats: 33357824 sends, 3964 compiled, 1973194 failed, 16383/16384 KB code | IC: 5747616/6794753 (84% hit, 93184 patched, 0 stale) | J2J-r: 0/0 J2J-a: 4559493/6398481 J2J-d: 68073 J2J-s: 931575/2740631 | map: 2635 tracked, 1777 hot
[JIT] Stats: 33423360 sends, 3964 compiled, 1977623 failed, 16383/16384 KB code | IC: 5760464/6809268 (84% hit, 93316 patched, 0 stale) | J2J-r: 0/0 J2J-a: 4569510/6412227 J2J-d: 68163 J2J-s: 933250/2746006 | map: 2635 tracked, 1777 hot
[JIT] Stats: 33488896 sends, 3964 compiled, 1981421 failed, 16383/16384 KB code | IC: 5770679/6822640 (84% hit, 93637 patched, 0 stale) | J2J-r: 0/0 J2J-a: 4579091/6424717 J2J-d: 68384 J2J-s: 936030/2751651 | map: 2635 tracked, 1777 hot
[JIT] Stats: 33554432 sends, 3964 compiled, 1986107 failed, 16383/16384 KB code | IC: 5784730/6836691 (84% hit, 93637 patched, 0 stale) | J2J-r: 0/0 J2J-a: 4588436/6438769 J2J-d: 68384 J2J-s: 936048/2756376 | map: 2635 tracked, 1777 hot
[JIT] Stats: 33619968 sends, 3964 compiled, 1990316 failed, 16383/16384 KB code | IC: 5795079/6851498 (84% hit, 94061 patched, 0 stale) | J2J-r: 0/0 J2J-a: 4599447/6451898 J2J-d: 68674 J2J-s: 940585/2762958 | map: 2635 tracked, 1777 hot
[JIT] Stats: 33685504 sends, 3964 compiled, 1994653 failed, 16383/16384 KB code | IC: 5808193/6864682 (84% hit, 94077 patched, 0 stale) | J2J-r: 0/0 J2J-a: 4608217/6465081 J2J-d: 68682 J2J-s: 940603/2767388 | map: 2635 tracked, 1777 hot
[JIT] Stats: 33751040 sends, 3964 compiled, 1998925 failed, 16383/16384 KB code | IC: 5819444/6878264 (84% hit, 94440 patched, 0 stale) | J2J-r: 0/0 J2J-a: 4617931/6477448 J2J-d: 68929 J2J-s: 943866/2773232 | map: 2635 tracked, 1777 hot
[JIT] Stats: 33816576 sends, 3964 compiled, 2004113 failed, 16383/16384 KB code | IC: 5832250/6891680 (84% hit, 94524 patched, 0 stale) | J2J-r: 0/0 J2J-a: 4627030/6490863 J2J-d: 68987 J2J-s: 944305/2777985 | map: 2635 tracked, 1777 hot
[JIT] Stats: 33882112 sends, 3964 compiled, 2008530 failed, 16383/16384 KB code | IC: 5844941/6905561 (84% hit, 94653 patched, 0 stale) | J2J-r: 0/0 J2J-a: 4636625/6504210 J2J-d: 69080 J2J-s: 945719/2783125 | map: 2635 tracked, 1777 hot
[JIT] Stats: 33947648 sends, 3964 compiled, 2012648 failed, 16383/16384 KB code | IC: 5855380/6918350 (84% hit, 94964 patched, 0 stale) | J2J-r: 0/0 J2J-a: 4645860/6516284 J2J-d: 69285 J2J-s: 948378/2788574 | map: 2635 tracked, 1777 hot
[JIT] Stats: 34013184 sends, 3964 compiled, 2017332 failed, 16383/16384 KB code | IC: 5869429/6932399 (84% hit, 94964 patched, 0 stale) | J2J-r: 0/0 J2J-a: 4655208/6530334 J2J-d: 69285 J2J-s: 948394/2793292 | map: 2635 tracked, 1777 hot
[JIT] Stats: 34078720 sends, 3964 compiled, 2021245 failed, 16383/16384 KB code | IC: 5879339/6946297 (84% hit, 95419 patched, 0 stale) | J2J-r: 0/0 J2J-a: 4665176/6542889 J2J-d: 69602 J2J-s: 952721/2800132 | map: 2635 tracked, 1777 hot
[JIT] Stats: 34144256 sends, 3964 compiled, 2025257 failed, 16383/16384 KB code | IC: 5892124/6959476 (84% hit, 95436 patched, 0 stale) | J2J-r: 0/0 J2J-a: 4673942/6556068 J2J-d: 69611 J2J-s: 952739/2804562 | map: 2635 tracked, 1777 hot
[JIT] Stats: 34209792 sends, 3964 compiled, 2029578 failed, 16383/16384 KB code | IC: 5903964/6973801 (84% hit, 95667 patched, 0 stale) | J2J-r: 0/0 J2J-a: 4684139/6569100 J2J-d: 69772 J2J-s: 955845/2810445 | map: 2635 tracked, 1777 hot
[JIT] Stats: 34275328 sends, 3964 compiled, 2033851 failed, 16383/16384 KB code | IC: 5915403/6986890 (84% hit, 95868 patched, 0 stale) | J2J-r: 0/0 J2J-a: 4693240/6581992 J2J-d: 69901 J2J-s: 957044/2815417 | map: 2635 tracked, 1777 hot
[JIT] Stats: 34340864 sends, 3964 compiled, 2038334 failed, 16383/16384 KB code | IC: 5928472/7000785 (84% hit, 95952 patched, 0 stale) | J2J-r: 0/0 J2J-a: 4702830/6595519 J2J-d: 69963 J2J-s: 958060/2820363 | map: 2635 tracked, 1777 hot
[JIT] Stats: 34406400 sends, 3964 compiled, 2042081 failed, 16383/16384 KB code | IC: 5938096/7013619 (84% hit, 96317 patched, 0 stale) | J2J-r: 0/0 J2J-a: 4712025/6607470 J2J-d: 70208 J2J-s: 961056/2826048 | map: 2635 tracked, 1777 hot
[JIT] Stats: 34471936 sends, 3964 compiled, 2046768 failed, 16383/16384 KB code | IC: 5952147/7027670 (84% hit, 96317 patched, 0 stale) | J2J-r: 0/0 J2J-a: 4721369/6621521 J2J-d: 70208 J2J-s: 961074/2830773 | map: 2635 tracked, 1777 hot
[JIT] Stats: 34537472 sends, 3964 compiled, 2051428 failed, 16383/16384 KB code | IC: 5962951/7042539 (84% hit, 96743 patched, 0 stale) | J2J-r: 0/0 J2J-a: 4732400/6634701 J2J-d: 70499 J2J-s: 965600/2837372 | map: 2635 tracked, 1777 hot
[JIT] Stats: 34603008 sends, 3964 compiled, 2055338 failed, 16383/16384 KB code | IC: 5975634/7055719 (84% hit, 96761 patched, 0 stale) | J2J-r: 0/0 J2J-a: 4741165/6647882 J2J-d: 70508 J2J-s: 965619/2841806 | map: 2635 tracked, 1777 hot
[JIT] Stats: 34668544 sends, 3964 compiled, 2059616 failed, 16383/16384 KB code | IC: 5987638/7070504 (84% hit, 96991 patched, 0 stale) | J2J-r: 0/0 J2J-a: 4751681/6661312 J2J-d: 70669 J2J-s: 968674/2847718 | map: 2635 tracked, 1777 hot
[JIT] Stats: 34734080 sends, 3964 compiled, 2063556 failed, 16383/16384 KB code | IC: 5998943/7084127 (84% hit, 97205 patched, 0 stale) | J2J-r: 0/0 J2J-a: 4761015/6674603 J2J-d: 70811 J2J-s: 969873/2852858 | map: 2635 tracked, 1777 hot
[JIT] Stats: 34799616 sends, 3964 compiled, 2068046 failed, 16383/16384 KB code | IC: 6011964/7097711 (84% hit, 97290 patched, 0 stale) | J2J-r: 0/0 J2J-a: 4770351/6687953 J2J-d: 70873 J2J-s: 970683/2857675 | map: 2635 tracked, 1777 hot
[JIT] Stats: 34865152 sends, 3964 compiled, 2073353 failed, 16383/16384 KB code | IC: 6023367/7111152 (84% hit, 97646 patched, 0 stale) | J2J-r: 0/0 J2J-a: 4779887/6700413 J2J-d: 71111 J2J-s: 973608/2863454 | map: 2635 tracked, 1777 hot
[JIT] Stats: 34930688 sends, 3964 compiled, 2078039 failed, 16383/16384 KB code | IC: 6037417/7125202 (84% hit, 97646 patched, 0 stale) | J2J-r: 0/0 J2J-a: 4789233/6714463 J2J-d: 71111 J2J-s: 973624/2868174 | map: 2635 tracked, 1777 hot
[JIT] Stats: 34996224 sends, 3964 compiled, 2081477 failed, 16383/16384 KB code | IC: 6047816/7139499 (84% hit, 98212 patched, 0 stale) | J2J-r: 0/0 J2J-a: 4798816/6726943 J2J-d: 71514 J2J-s: 978252/2875601 | map: 2642 tracked, 1782 hot
[JIT] Stats: 35061760 sends, 3964 compiled, 2085261 failed, 16383/16384 KB code | IC: 6059079/7153006 (84% hit, 98279 patched, 0 stale) | J2J-r: 0/0 J2J-a: 4807780/6740209 J2J-d: 71559 J2J-s: 979335/2880981 | map: 2642 tracked, 1782 hot
[JIT] Stats: 35127296 sends, 3964 compiled, 2089763 failed, 16383/16384 KB code | IC: 6072377/7167375 (84% hit, 98352 patched, 0 stale) | J2J-r: 0/0 J2J-a: 4817636/6754084 J2J-d: 71611 J2J-s: 980393/2886051 | map: 2642 tracked, 1782 hot
[JIT] Stats: 35192832 sends, 3964 compiled, 2094846 failed, 16383/16384 KB code | IC: 6083305/7180442 (84% hit, 98713 patched, 0 stale) | J2J-r: 0/0 J2J-a: 4827051/6766162 J2J-d: 71851 J2J-s: 983588/2891840 | map: 2642 tracked, 1782 hot
[JIT] Stats: 35258368 sends, 3964 compiled, 2099531 failed, 16383/16384 KB code | IC: 6097352/7194490 (84% hit, 98714 patched, 0 stale) | J2J-r: 0/0 J2J-a: 4836392/6780210 J2J-d: 71852 J2J-s: 983606/2896565 | map: 2642 tracked, 1782 hot
[JIT] Stats: 35323904 sends, 3964 compiled, 2103976 failed, 16383/16384 KB code | IC: 6107612/7208722 (84% hit, 99152 patched, 0 stale) | J2J-r: 0/0 J2J-a: 4846826/6793060 J2J-d: 72157 J2J-s: 987564/2902868 | map: 2642 tracked, 1782 hot
[JIT] Stats: 35389440 sends, 3964 compiled, 2107742 failed, 16383/16384 KB code | IC: 6120152/7221907 (84% hit, 99169 patched, 0 stale) | J2J-r: 0/0 J2J-a: 4855588/6806244 J2J-d: 72166 J2J-s: 987586/2907311 | map: 2642 tracked, 1782 hot
[JIT] Stats: 35454976 sends, 3964 compiled, 2112031 failed, 16383/16384 KB code | IC: 6131759/7235390 (84% hit, 99402 patched, 0 stale) | J2J-r: 0/0 J2J-a: 4865097/6818864 J2J-d: 72330 J2J-s: 989964/2912741 | map: 2642 tracked, 1782 hot
[JIT] Stats: 35520512 sends, 3964 compiled, 2116347 failed, 16383/16384 KB code | IC: 6143240/7248822 (84% hit, 99607 patched, 0 stale) | J2J-r: 0/0 J2J-a: 4874492/6831829 J2J-d: 72462 J2J-s: 991683/2918012 | map: 2642 tracked, 1782 hot
[JIT] Stats: 35586048 sends, 3964 compiled, 2120837 failed, 16383/16384 KB code | IC: 6156365/7262323 (84% hit, 99692 patched, 0 stale) | J2J-r: 0/0 J2J-a: 4883649/6845188 J2J-d: 72524 J2J-s: 992208/2922732 | map: 2642 tracked, 1782 hot
[JIT] Stats: 35651584 sends, 3964 compiled, 2124570 failed, 16383/16384 KB code | IC: 6166120/7276409 (84% hit, 100060 patched, 0 stale) | J2J-r: 0/0 J2J-a: 4893797/6857985 J2J-d: 72775 J2J-s: 995693/2928801 | map: 2642 tracked, 1782 hot
[JIT] Stats: 35717120 sends, 3964 compiled, 2129254 failed, 16383/16384 KB code | IC: 6180165/7290457 (84% hit, 100063 patched, 0 stale) | J2J-r: 0/0 J2J-a: 4903141/6872032 J2J-d: 72777 J2J-s: 995709/2933520 | map: 2642 tracked, 1782 hot
[JIT] Stats: 35782656 sends, 3964 compiled, 2134253 failed, 16383/16384 KB code | IC: 6191041/7304678 (84% hit, 100487 patched, 0 stale) | J2J-r: 0/0 J2J-a: 4913611/6884813 J2J-d: 73066 J2J-s: 999871/2939918 | map: 2642 tracked, 1782 hot
[JIT] Stats: 35848192 sends, 3964 compiled, 2137862 failed, 16383/16384 KB code | IC: 6203423/7317857 (84% hit, 100504 patched, 0 stale) | J2J-r: 0/0 J2J-a: 4922375/6897992 J2J-d: 73075 J2J-s: 999890/2944351 | map: 2642 tracked, 1782 hot
[JIT] Stats: 35913728 sends, 3964 compiled, 2142235 failed, 16383/16384 KB code | IC: 6215681/7332699 (84% hit, 100715 patched, 0 stale) | J2J-r: 0/0 J2J-a: 4932823/6911661 J2J-d: 73224 J2J-s: 1002530/2950155 | map: 2642 tracked, 1782 hot
[JIT] Stats: 35979264 sends, 3964 compiled, 2146107 failed, 16383/16384 KB code | IC: 6226575/7346051 (84% hit, 100948 patched, 0 stale) | J2J-r: 0/0 J2J-a: 4942154/6924474 J2J-d: 73376 J2J-s: 1004338/2955429 | map: 2642 tracked, 1782 hot
[JIT] Stats: 36044800 sends, 3964 compiled, 2150606 failed, 16383/16384 KB code | IC: 6239875/7359780 (84% hit, 101021 patched, 0 stale) | J2J-r: 0/0 J2J-a: 4951368/6938030 J2J-d: 73428 J2J-s: 1004749/2960175 | map: 2642 tracked, 1782 hot
[JIT] Stats: 36110336 sends, 3964 compiled, 2154680 failed, 16383/16384 KB code | IC: 6250066/7374197 (84% hit, 101382 patched, 0 stale) | J2J-r: 0/0 J2J-a: 4961928/6950904 J2J-d: 73669 J2J-s: 1008806/2966480 | map: 2642 tracked, 1782 hot
[JIT] Stats: 36175872 sends, 3964 compiled, 2159363 failed, 16383/16384 KB code | IC: 6264110/7388244 (84% hit, 101385 patched, 0 stale) | J2J-r: 0/0 J2J-a: 4971270/6964951 J2J-d: 73671 J2J-s: 1008824/2971203 | map: 2642 tracked, 1782 hot
[JIT] Stats: 36241408 sends, 3964 compiled, 2164104 failed, 16383/16384 KB code | IC: 6274833/7402868 (84% hit, 101823 patched, 0 stale) | J2J-r: 0/0 J2J-a: 4981927/6978085 J2J-d: 73973 J2J-s: 1012851/2977634 | map: 2642 tracked, 1782 hot
[JIT] Stats: 36306944 sends, 3964 compiled, 2167596 failed, 16383/16384 KB code | IC: 6287098/7416047 (84% hit, 101840 patched, 0 stale) | J2J-r: 0/0 J2J-a: 4990691/6991265 J2J-d: 73982 J2J-s: 1012870/2982068 | map: 2642 tracked, 1782 hot
[JIT] Stats: 36372480 sends, 3964 compiled, 2172050 failed, 16383/16384 KB code | IC: 6299166/7429729 (84% hit, 102051 patched, 0 stale) | J2J-r: 0/0 J2J-a: 5000335/7004254 J2J-d: 74135 J2J-s: 1014995/2987479 | map: 2642 tracked, 1782 hot
[JIT] Stats: 36438016 sends, 3964 compiled, 2177063 failed, 16383/16384 KB code | IC: 6311009/7442670 (84% hit, 102281 patched, 0 stale) | J2J-r: 0/0 J2J-a: 5009497/7016658 J2J-d: 74282 J2J-s: 1016939/2992647 | map: 2642 tracked, 1782 hot
[JIT] Stats: 36503552 sends, 3964 compiled, 2181560 failed, 16383/16384 KB code | IC: 6324326/7456241 (84% hit, 102363 patched, 0 stale) | J2J-r: 0/0 J2J-a: 5018539/7030148 J2J-d: 74340 J2J-s: 1017164/2997313 | map: 2642 tracked, 1782 hot
[JIT] Stats: 36569088 sends, 3964 compiled, 2185303 failed, 16383/16384 KB code | IC: 6334339/7471113 (84% hit, 102717 patched, 0 stale) | J2J-r: 0/0 J2J-a: 5029362/7043422 J2J-d: 74578 J2J-s: 1021166/3003700 | map: 2642 tracked, 1782 hot
[JIT] Stats: 36634624 sends, 3964 compiled, 2189985 failed, 16383/16384 KB code | IC: 6348383/7485160 (84% hit, 102720 patched, 0 stale) | J2J-r: 0/0 J2J-a: 5038706/7057468 J2J-d: 74580 J2J-s: 1021183/3008419 | map: 2642 tracked, 1782 hot
[JIT] Stats: 36700160 sends, 3964 compiled, 2195069 failed, 16383/16384 KB code | IC: 6359285/7498666 (84% hit, 103137 patched, 0 stale) | J2J-r: 0/0 J2J-a: 5048768/7069738 J2J-d: 74863 J2J-s: 1025195/3014563 | map: 2642 tracked, 1782 hot
[JIT] Stats: 36765696 sends, 3964 compiled, 2198524 failed, 16383/16384 KB code | IC: 6371505/7511785 (84% hit, 103156 patched, 0 stale) | J2J-r: 0/0 J2J-a: 5057522/7082858 J2J-d: 74873 J2J-s: 1025268/3019001 | map: 2642 tracked, 1782 hot
[JIT] Stats: 36831232 sends, 3964 compiled, 2202973 failed, 16383/16384 KB code | IC: 6383597/7525489 (84% hit, 103371 patched, 0 stale) | J2J-r: 0/0 J2J-a: 5067132/7095864 J2J-d: 75028 J2J-s: 1027347/3024418 | map: 2642 tracked, 1782 hot
[JIT] Stats: 36896768 sends, 3964 compiled, 2206370 failed, 16383/16384 KB code | IC: 6394187/7538645 (84% hit, 103635 patched, 0 stale) | J2J-r: 0/0 J2J-a: 5076177/7108364 J2J-d: 75205 J2J-s: 1030007/3030517 | map: 2642 tracked, 1782 hot
[JIT] Stats: 36962304 sends, 3964 compiled, 2211055 failed, 16383/16384 KB code | IC: 6408239/7552697 (84% hit, 103635 patched, 0 stale) | J2J-r: 0/0 J2J-a: 5085524/7122416 J2J-d: 75205 J2J-s: 1030025/3035240 | map: 2642 tracked, 1782 hot
[JIT] Stats: 37027840 sends, 3964 compiled, 2215179 failed, 16383/16384 KB code | IC: 6418000/7566618 (84% hit, 104055 patched, 0 stale) | J2J-r: 0/0 J2J-a: 5095707/7134889 J2J-d: 75490 J2J-s: 1034107/3041536 | map: 2642 tracked, 1782 hot
[JIT] Stats: 37093376 sends, 3964 compiled, 2219666 failed, 16383/16384 KB code | IC: 6431454/7580087 (84% hit, 104070 patched, 0 stale) | J2J-r: 0/0 J2J-a: 5104663/7148358 J2J-d: 75498 J2J-s: 1034126/3046068 | map: 2642 tracked, 1782 hot
[JIT] Stats: 37158912 sends, 3964 compiled, 2223969 failed, 16383/16384 KB code | IC: 6442910/7594925 (84% hit, 104447 patched, 0 stale) | J2J-r: 0/0 J2J-a: 5115171/7161512 J2J-d: 75756 J2J-s: 1037884/3052401 | map: 2642 tracked, 1782 hot
[JIT] Stats: 37224448 sends, 3964 compiled, 2227893 failed, 16383/16384 KB code | IC: 6454553/7608225 (84% hit, 104520 patched, 0 stale) | J2J-r: 0/0 J2J-a: 5124363/7174810 J2J-d: 75805 J2J-s: 1038504/3057125 | map: 2642 tracked, 1782 hot
[JIT] Stats: 37289984 sends, 3964 compiled, 2232302 failed, 16383/16384 KB code | IC: 6467365/7622648 (84% hit, 104661 patched, 0 stale) | J2J-r: 0/0 J2J-a: 5134370/7188504 J2J-d: 75901 J2J-s: 1040157/3062436 | map: 2642 tracked, 1782 hot
[JIT] Stats: 37355520 sends, 3964 compiled, 2236486 failed, 16383/16384 KB code | IC: 6477992/7636233 (84% hit, 104957 patched, 0 stale) | J2J-r: 0/0 J2J-a: 5144029/7201168 J2J-d: 76099 J2J-s: 1042888/3068126 | map: 2642 tracked, 1782 hot
[JIT] Stats: 37421056 sends, 3964 compiled, 2241171 failed, 16383/16384 KB code | IC: 6492042/7650283 (84% hit, 104957 patched, 0 stale) | J2J-r: 0/0 J2J-a: 5153377/7215218 J2J-d: 76099 J2J-s: 1042903/3072843 | map: 2642 tracked, 1782 hot
[JIT] Stats: 37486592 sends, 3964 compiled, 2245084 failed, 16383/16384 KB code | IC: 6502087/7665293 (84% hit, 105389 patched, 0 stale) | J2J-r: 0/0 J2J-a: 5164391/7228501 J2J-d: 76397 J2J-s: 1047367/3079504 | map: 2642 tracked, 1782 hot
[JIT] Stats: 37552128 sends, 3964 compiled, 2249417 failed, 16383/16384 KB code | IC: 6515196/7678476 (84% hit, 105405 patched, 0 stale) | J2J-r: 0/0 J2J-a: 5173158/7241684 J2J-d: 76405 J2J-s: 1047387/3083939 | map: 2642 tracked, 1782 hot
[JIT] Stats: 37617664 sends, 3964 compiled, 2253735 failed, 16383/16384 KB code | IC: 6526879/7693320 (84% hit, 105765 patched, 0 stale) | J2J-r: 0/0 J2J-a: 5183701/7254887 J2J-d: 76649 J2J-s: 1051077/3090215 | map: 2642 tracked, 1782 hot
[JIT] Stats: 37683200 sends, 3964 compiled, 2258016 failed, 16383/16384 KB code | IC: 6538598/7706330 (84% hit, 105843 patched, 0 stale) | J2J-r: 0/0 J2J-a: 5192718/7267895 J2J-d: 76702 J2J-s: 1051820/3094947 | map: 2642 tracked, 1782 hot
[JIT] Stats: 37748736 sends, 3964 compiled, 2262457 failed, 16383/16384 KB code | IC: 6551364/7720274 (84% hit, 105967 patched, 0 stale) | J2J-r: 0/0 J2J-a: 5202353/7281306 J2J-d: 76792 J2J-s: 1053218/3100097 | map: 2642 tracked, 1782 hot
[JIT] Stats: 37814272 sends, 3964 compiled, 2266244 failed, 16383/16384 KB code | IC: 6561528/7733920 (84% hit, 106287 patched, 0 stale) | J2J-r: 0/0 J2J-a: 5211976/7294006 J2J-d: 77007 J2J-s: 1055901/3105807 | map: 2642 tracked, 1782 hot
[JIT] Stats: 37879808 sends, 3964 compiled, 2270929 failed, 16383/16384 KB code | IC: 6575579/7747971 (84% hit, 106287 patched, 0 stale) | J2J-r: 0/0 J2J-a: 5221321/7308056 J2J-d: 77007 J2J-s: 1055919/3110530 | map: 2642 tracked, 1782 hot
[JIT] Stats: 37945344 sends, 3964 compiled, 2275251 failed, 16383/16384 KB code | IC: 6585803/7762241 (84% hit, 106708 patched, 0 stale) | J2J-r: 0/0 J2J-a: 5231805/7320852 J2J-d: 77294 J2J-s: 1060082/3116931 | map: 2642 tracked, 1782 hot
[JIT] Stats: 38010880 sends, 3964 compiled, 2279525 failed, 16383/16384 KB code | IC: 6598853/7775425 (84% hit, 106724 patched, 0 stale) | J2J-r: 0/0 J2J-a: 5240575/7334036 J2J-d: 77302 J2J-s: 1060100/3121362 | map: 2642 tracked, 1782 hot
[JIT] Stats: 38076416 sends, 3964 compiled, 2283868 failed, 16383/16384 KB code | IC: 6610791/7790595 (84% hit, 107050 patched, 0 stale) | J2J-r: 0/0 J2J-a: 5251430/7347523 J2J-d: 77522 J2J-s: 1063850/3127676 | map: 2642 tracked, 1782 hot
[JIT] Stats: 38141952 sends, 3964 compiled, 2287774 failed, 16383/16384 KB code | IC: 6622184/7803930 (84% hit, 107173 patched, 0 stale) | J2J-r: 0/0 J2J-a: 5260457/7360849 J2J-d: 77606 J2J-s: 1064310/3132430 | map: 2642 tracked, 1782 hot
[JIT] Stats: 38207488 sends, 3964 compiled, 2292231 failed, 16383/16384 KB code | IC: 6634987/7817938 (84% hit, 107347 patched, 0 stale) | J2J-r: 0/0 J2J-a: 5270148/7374331 J2J-d: 77731 J2J-s: 1065689/3137579 | map: 1906 tracked, 1045 hot
[JIT] Stats: 38273024 sends, 3964 compiled, 2296461 failed, 16383/16384 KB code | IC: 6645459/7830700 (84% hit, 107687 patched, 0 stale) | J2J-r: 0/0 J2J-a: 5279305/7386346 J2J-d: 77952 J2J-s: 1068361/3143055 | map: 2206 tracked, 1227 hot
[JIT] Stats: 38338560 sends, 3964 compiled, 2301148 failed, 16383/16384 KB code | IC: 6659509/7844751 (84% hit, 107688 patched, 0 stale) | J2J-r: 0/0 J2J-a: 5288649/7400397 J2J-d: 77953 J2J-s: 1068379/3147780 | map: 2206 tracked, 1227 hot
[JIT] Stats: 38404096 sends, 3964 compiled, 2305186 failed, 16383/16384 KB code | IC: 6670046/7860077 (84% hit, 108144 patched, 0 stale) | J2J-r: 0/0 J2J-a: 5299597/7413947 J2J-d: 78270 J2J-s: 1073233/3155164 | map: 2301 tracked, 1397 hot
[JIT] Stats: 38469632 sends, 3964 compiled, 2309054 failed, 16383/16384 KB code | IC: 6682688/7873258 (84% hit, 108161 patched, 0 stale) | J2J-r: 0/0 J2J-a: 5308359/7427127 J2J-d: 78279 J2J-s: 1073254/3159602 | map: 2301 tracked, 1397 hot
[JIT] Stats: 38535168 sends, 3964 compiled, 2313363 failed, 16383/16384 KB code | IC: 6694471/7887321 (84% hit, 108389 patched, 0 stale) | J2J-r: 0/0 J2J-a: 5318311/7440068 J2J-d: 78438 J2J-s: 1076021/3165301 | map: 2301 tracked, 1446 hot
[JIT] Stats: 38600704 sends, 3964 compiled, 2317663 failed, 16383/16384 KB code | IC: 6705953/7900678 (84% hit, 108592 patched, 0 stale) | J2J-r: 0/0 J2J-a: 5327592/7453054 J2J-d: 78568 J2J-s: 1077492/3170459 | map: 2301 tracked, 1447 hot
[JIT] Stats: 38666240 sends, 3964 compiled, 2322164 failed, 16383/16384 KB code | IC: 6719251/7914920 (84% hit, 108665 patched, 0 stale) | J2J-r: 0/0 J2J-a: 5337320/7466865 J2J-d: 78620 J2J-s: 1078422/3175465 | map: 2301 tracked, 1447 hot
[JIT] Stats: 38731776 sends, 3964 compiled, 2325918 failed, 16383/16384 KB code | IC: 6729135/7928896 (84% hit, 109035 patched, 0 stale) | J2J-r: 0/0 J2J-a: 5347418/7479544 J2J-d: 78867 J2J-s: 1081994/3181552 | map: 2301 tracked, 1453 hot
[JIT] Stats: 38797312 sends, 3964 compiled, 2330602 failed, 16383/16384 KB code | IC: 6743181/7942944 (84% hit, 109037 patched, 0 stale) | J2J-r: 0/0 J2J-a: 5356760/7493592 J2J-d: 78869 J2J-s: 1082012/3186276 | map: 2301 tracked, 1453 hot
[JIT] Stats: 38862848 sends, 3964 compiled, 2335453 failed, 16383/16384 KB code | IC: 6754184/7957931 (84% hit, 109455 patched, 0 stale) | J2J-r: 0/0 J2J-a: 5367833/7506866 J2J-d: 79153 J2J-s: 1086506/3192899 | map: 2301 tracked, 1454 hot
[JIT] Stats: 38928384 sends, 3964 compiled, 2339193 failed, 16383/16384 KB code | IC: 6766697/7971111 (84% hit, 109472 patched, 0 stale) | J2J-r: 0/0 J2J-a: 5376597/7520046 J2J-d: 79162 J2J-s: 1086525/3197333 | map: 2301 tracked, 1454 hot
[JIT] Stats: 38993920 sends, 3964 compiled, 2343471 failed, 16383/16384 KB code | IC: 6778648/7985633 (84% hit, 109700 patched, 0 stale) | J2J-r: 0/0 J2J-a: 5386872/7533404 J2J-d: 79321 J2J-s: 1089208/3203042 | map: 2301 tracked, 1454 hot
[JIT] Stats: 39059456 sends, 3964 compiled, 2347421 failed, 16383/16384 KB code | IC: 6789796/7999073 (84% hit, 109916 patched, 0 stale) | J2J-r: 0/0 J2J-a: 5396328/7546340 J2J-d: 79464 J2J-s: 1091047/3208345 | map: 2301 tracked, 1454 hot
[JIT] Stats: 39124992 sends, 3964 compiled, 2351912 failed, 16383/16384 KB code | IC: 6802854/8012365 (84% hit, 110002 patched, 0 stale) | J2J-r: 0/0 J2J-a: 5405339/7559564 J2J-d: 79526 J2J-s: 1091482/3212986 | map: 2301 tracked, 1454 hot
[JIT] Stats: 39190528 sends, 3964 compiled, 2356010 failed, 16383/16384 KB code | IC: 6813019/8026394 (84% hit, 110355 patched, 0 stale) | J2J-r: 0/0 J2J-a: 5415489/7572251 J2J-d: 79762 J2J-s: 1095153/3219125 | map: 2301 tracked, 1454 hot
[JIT] Stats: 39256064 sends, 3964 compiled, 2360694 failed, 16383/16384 KB code | IC: 6827065/8040441 (84% hit, 110356 patched, 0 stale) | J2J-r: 0/0 J2J-a: 5424831/7586298 J2J-d: 79763 J2J-s: 1095170/3223847 | map: 2301 tracked, 1454 hot
[JIT] Stats: 39321600 sends, 3964 compiled, 2365251 failed, 16383/16384 KB code | IC: 6837795/8055083 (84% hit, 110790 patched, 0 stale) | J2J-r: 0/0 J2J-a: 5435710/7599336 J2J-d: 80060 J2J-s: 1099580/3230344 | map: 2301 tracked, 1454 hot
[JIT] Stats: 39387136 sends, 3964 compiled, 2368907 failed, 16383/16384 KB code | IC: 6850225/8068264 (84% hit, 110807 patched, 0 stale) | J2J-r: 0/0 J2J-a: 5444476/7612516 J2J-d: 80069 J2J-s: 1099598/3234775 | map: 2301 tracked, 1454 hot
[JIT] Stats: 39452672 sends, 3964 compiled, 2373221 failed, 16383/16384 KB code | IC: 6862118/8082345 (84% hit, 111036 patched, 0 stale) | J2J-r: 0/0 J2J-a: 5454372/7625614 J2J-d: 80230 J2J-s: 1102035/3240356 | map: 2301 tracked, 1454 hot
[JIT] Stats: 39518208 sends, 3964 compiled, 2377487 failed, 16383/16384 KB code | IC: 6873683/8095970 (84% hit, 111246 patched, 0 stale) | J2J-r: 0/0 J2J-a: 5463872/7638704 J2J-d: 80365 J2J-s: 1103772/3245665 | map: 2301 tracked, 1454 hot
[JIT] Stats: 39583744 sends, 3964 compiled, 2381982 failed, 16383/16384 KB code | IC: 6886911/8109723 (84% hit, 111328 patched, 0 stale) | J2J-r: 0/0 J2J-a: 5473171/7652241 J2J-d: 80425 J2J-s: 1104333/3250457 | map: 2301 tracked, 1454 hot
[JIT] Stats: 39649280 sends, 3964 compiled, 2385438 failed, 16383/16384 KB code | IC: 6896814/8124384 (84% hit, 111715 patched, 0 stale) | J2J-r: 0/0 J2J-a: 5483499/7665358 J2J-d: 80688 J2J-s: 1108493/3257339 | map: 2301 tracked, 1457 hot
[JIT] Stats: 39714816 sends, 3964 compiled, 2390123 failed, 16383/16384 KB code | IC: 6910862/8138434 (84% hit, 111717 patched, 0 stale) | J2J-r: 0/0 J2J-a: 5492842/7679408 J2J-d: 80689 J2J-s: 1108511/3262064 | map: 2301 tracked, 1457 hot
[JIT] Stats: 39780352 sends, 3964 compiled, 2395415 failed, 16383/16384 KB code | IC: 6921964/8152527 (84% hit, 112141 patched, 0 stale) | J2J-r: 0/0 J2J-a: 5503218/7692130 J2J-d: 80978 J2J-s: 1112514/3268339 | map: 2301 tracked, 1457 hot
[JIT] Stats: 39845888 sends, 3964 compiled, 2398697 failed, 16383/16384 KB code | IC: 6933996/8165513 (84% hit, 112160 patched, 0 stale) | J2J-r: 0/0 J2J-a: 5511961/7705116 J2J-d: 80988 J2J-s: 1112692/3272759 | map: 2301 tracked, 1457 hot
[JIT] Stats: 39911424 sends, 3964 compiled, 2403153 failed, 16383/16384 KB code | IC: 6946579/8180315 (84% hit, 112370 patched, 0 stale) | J2J-r: 0/0 J2J-a: 5522254/7718937 J2J-d: 81138 J2J-s: 1114912/3278451 | map: 2301 tracked, 1457 hot
[JIT] Stats: 39976960 sends, 3964 compiled, 2406956 failed, 16383/16384 KB code | IC: 6957183/8193925 (84% hit, 112607 patched, 0 stale) | J2J-r: 0/0 J2J-a: 5531756/7731857 J2J-d: 81291 J2J-s: 1116870/3283810 | map: 2301 tracked, 1457 hot
[JIT] Stats: 40042496 sends, 3964 compiled, 2411493 failed, 16383/16384 KB code | IC: 6970795/8207541 (84% hit, 112611 patched, 0 stale) | J2J-r: 0/0 J2J-a: 5540817/7745473 J2J-d: 81294 J2J-s: 1116887/3288382 | map: 2301 tracked, 1457 hot
[JIT] Stats: 40108032 sends, 3964 compiled, 2415539 failed, 16383/16384 KB code | IC: 6980222/8220650 (84% hit, 113050 patched, 0 stale) | J2J-r: 0/0 J2J-a: 5550569/7757324 J2J-d: 81593 J2J-s: 1120907/3294426 | map: 2301 tracked, 1457 hot
[JIT] Stats: 40173568 sends, 3964 compiled, 2420222 failed, 16383/16384 KB code | IC: 6994267/8234698 (84% hit, 113053 patched, 0 stale) | J2J-r: 0/0 J2J-a: 5559914/7771372 J2J-d: 81594 J2J-s: 1120923/3299145 | map: 2301 tracked, 1457 hot
[JIT] Stats: 40239104 sends, 3964 compiled, 2425231 failed, 16383/16384 KB code | IC: 7005583/8249936 (84% hit, 113479 patched, 0 stale) | J2J-r: 0/0 J2J-a: 5571021/7784889 J2J-d: 81887 J2J-s: 1125240/3305799 | map: 2301 tracked, 1457 hot
[JIT] Stats: 40304640 sends, 3964 compiled, 2428455 failed, 16383/16384 KB code | IC: 7017542/8262795 (84% hit, 113498 patched, 0 stale) | J2J-r: 0/0 J2J-a: 5579749/7797748 J2J-d: 81897 J2J-s: 1125524/3310213 | map: 2301 tracked, 1457 hot
[JIT] Stats: 40370176 sends, 3964 compiled, 2432903 failed, 16383/16384 KB code | IC: 7029851/8276693 (84% hit, 113704 patched, 0 stale) | J2J-r: 0/0 J2J-a: 5589373/7810956 J2J-d: 82045 J2J-s: 1127379/3315597 | map: 2301 tracked, 1457 hot
[JIT] Stats: 40435712 sends, 3964 compiled, 2437050 failed, 16383/16384 KB code | IC: 7040741/8289847 (84% hit, 113937 patched, 0 stale) | J2J-r: 0/0 J2J-a: 5598606/7823570 J2J-d: 82193 J2J-s: 1129235/3320813 | map: 2301 tracked, 1457 hot
[JIT] Stats: 40501248 sends, 3964 compiled, 2441596 failed, 16383/16384 KB code | IC: 7054378/8303488 (84% hit, 113941 patched, 0 stale) | J2J-r: 0/0 J2J-a: 5607683/7837211 J2J-d: 82196 J2J-s: 1129252/3325394 | map: 2301 tracked, 1457 hot
[JIT] Stats: 40566784 sends, 3964 compiled, 2446264 failed, 16383/16384 KB code | IC: 7064939/8317223 (84% hit, 114396 patched, 0 stale) | J2J-r: 0/0 J2J-a: 5617634/7849610 J2J-d: 82515 J2J-s: 1133581/3332096 | map: 2301 tracked, 1457 hot
[JIT] Stats: 40632320 sends, 3964 compiled, 2450786 failed, 16383/16384 KB code | IC: 7078502/8330801 (84% hit, 114411 patched, 0 stale) | J2J-r: 0/0 J2J-a: 5626664/7863188 J2J-d: 82523 J2J-s: 1133600/3336663 | map: 2301 tracked, 1457 hot
[JIT] Stats: 40697856 sends, 3964 compiled, 2455512 failed, 16383/16384 KB code | IC: 7090139/8345933 (84% hit, 114776 patched, 0 stale) | J2J-r: 0/0 J2J-a: 5637484/7876602 J2J-d: 82768 J2J-s: 1137521/3343105 | map: 2301 tracked, 1457 hot
[JIT] Stats: 40763392 sends, 3964 compiled, 2459386 failed, 16383/16384 KB code | IC: 7102044/8359004 (84% hit, 114840 patched, 0 stale) | J2J-r: 0/0 J2J-a: 5646511/7889671 J2J-d: 82810 J2J-s: 1138106/3347730 | map: 2301 tracked, 1457 hot
[JIT] Stats: 40828928 sends, 3964 compiled, 2463833 failed, 16383/16384 KB code | IC: 7114929/8373791 (84% hit, 115001 patched, 0 stale) | J2J-r: 0/0 J2J-a: 5656784/7903600 J2J-d: 82921 J2J-s: 1139964/3353212 | map: 2301 tracked, 1457 hot
[JIT] Stats: 40894464 sends, 3964 compiled, 2467625 failed, 16383/16384 KB code | IC: 7125310/8387059 (84% hit, 115284 patched, 0 stale) | J2J-r: 0/0 J2J-a: 5666329/7916035 J2J-d: 83112 J2J-s: 1142680/3358776 | map: 2301 tracked, 1457 hot
[JIT] Stats: 40960000 sends, 3964 compiled, 2472309 failed, 16383/16384 KB code | IC: 7139359/8401108 (84% hit, 115284 patched, 0 stale) | J2J-r: 0/0 J2J-a: 5675677/7930084 J2J-d: 83112 J2J-s: 1142695/3363492 | map: 2301 tracked, 1457 hot
[JIT] Stats: 41025536 sends, 3964 compiled, 2476408 failed, 16383/16384 KB code | IC: 7149084/8414348 (84% hit, 115712 patched, 0 stale) | J2J-r: 0/0 J2J-a: 5685600/7942079 J2J-d: 83403 J2J-s: 1146772/3369565 | map: 2301 tracked, 1457 hot
[JIT] Stats: 41091072 sends, 3964 compiled, 2480885 failed, 16383/16384 KB code | IC: 7162507/8427786 (84% hit, 115727 patched, 0 stale) | J2J-r: 0/0 J2J-a: 5694534/7955516 J2J-d: 83411 J2J-s: 1146792/3374088 | map: 2301 tracked, 1457 hot
[JIT] Stats: 41156608 sends, 3964 compiled, 2485049 failed, 16383/16384 KB code | IC: 7174129/8442646 (84% hit, 116104 patched, 0 stale) | J2J-r: 0/0 J2J-a: 5705107/7968741 J2J-d: 83671 J2J-s: 1150630/3380505 | map: 2301 tracked, 1457 hot
[JIT] Stats: 41222144 sends, 3964 compiled, 2488904 failed, 16383/16384 KB code | IC: 7185652/8455974 (84% hit, 116200 patched, 0 stale) | J2J-r: 0/0 J2J-a: 5714175/7982015 J2J-d: 83737 J2J-s: 1151351/3385430 | map: 2301 tracked, 1457 hot
[JIT] Stats: 41287680 sends, 3964 compiled, 2493376 failed, 16383/16384 KB code | IC: 7198697/8470561 (84% hit, 116315 patched, 0 stale) | J2J-r: 0/0 J2J-a: 5724246/7995885 J2J-d: 83819 J2J-s: 1152904/3390761 | map: 2301 tracked, 1457 hot
[JIT] Stats: 41353216 sends, 3964 compiled, 2497492 failed, 16383/16384 KB code | IC: 7209260/8484067 (84% hit, 116623 patched, 0 stale) | J2J-r: 0/0 J2J-a: 5733869/8008412 J2J-d: 84019 J2J-s: 1155778/3396483 | map: 2301 tracked, 1457 hot
[JIT] Stats: 41418752 sends, 3964 compiled, 2502177 failed, 16383/16384 KB code | IC: 7223309/8498116 (84% hit, 116623 patched, 0 stale) | J2J-r: 0/0 J2J-a: 5743215/8022461 J2J-d: 84019 J2J-s: 1155794/3401202 | map: 2301 tracked, 1457 hot
[SISTA-SELECT-EMIT] bc=2 slot=0 vid=4
[JIT] Stats: 41484288 sends, 3964 compiled, 2505650 failed, 16383/16384 KB code | IC: 7233600/8512646 (84% hit, 117277 patched, 0 stale) | J2J-r: 0/0 J2J-a: 5752615/8035058 J2J-d: 84490 J2J-s: 1160604/3409093 | map: 2640 tracked, 1761 hot
[SISTA-ACCUM-CAND] pfbBC=9 doBC=12 outerTemp=0 slot=0 arith=0
[SISTA-ACCUM-EMIT] bc=9 vid=7 packed=0x0
[SISTA-SPLICE-LOWER-OK] method=0x3002f5740
[JIT] Stats: 41549824 sends, 3964 compiled, 2509487 failed, 16383/16384 KB code | IC: 7240987/8523188 (84% hit, 117386 patched, 0 stale) | J2J-r: 0/0 J2J-a: 5757310/8043583 J2J-d: 84792 J2J-s: 1161836/3413363 | map: 2808 tracked, 1897 hot
[JIT] Stats: 41615360 sends, 3964 compiled, 2515002 failed, 16383/16384 KB code | IC: 7248688/8534528 (84% hit, 117404 patched, 0 stale) | J2J-r: 0/0 J2J-a: 5763146/8052027 J2J-d: 84989 J2J-s: 1162688/3415784 | map: 2837 tracked, 1921 hot
[SISTA-SELECT-EMIT] bc=1 slot=0 vid=1

=== Execution Summary ===
Active bytecode steps: 1005168885

=== JIT Stats ===
  compiled: 3601 methods
  IC: 7250075 hits / 8536423 total (84.9%), patches=117495 stale=0
  IC miss breakdown: noSelBits=750247 cold=2836 poly=50525 noICData=482740
  activations: 8785524 hits / 8785524 total (100.0%)
  resume (J2J-r): 0 chains / 0 total (0.0%)
  J2J stencil: calls=3416849 returns=1163067 patches=85069
  materialize: count=0 totalDepth=0
  chain: actChain=7 actFall=32976 | primChain=4600972 primFall=2879
  yields=0 OSR=47104
  T2-IC: 0 hits / 0 total (0.0%)
  T2 (asmjit): compiled=0 bailed=0
  inline-prim: at=0 atPut=0 size=0 bitOp=0 floatOp=0 bcFloat=188 bcArithBail=2658 remoteTemp=4966 basicNew=1637/0 basicNew0=0 sistaSelfRec=0/0 multiSlot=0 retLit=0 tempRet=0 intCmp=0 intArith=0 evenOdd=0 sistaShortcut=0 getter=0 setter=0 retSelf=0
  canSkipJ2JSave: 523/3817 real-compiled methods qualify (13.7%); ic-hits=0 fires=0
=================

=== Display Check ===
Pixel count: 1572864
pixel[0,0]   = 0xff000080
pixel[512,0] = 0xff7f0080
pixel[0,384] = 0xff007f80
pixel[512,384]= 0xff7f7f80
First 100 pixels: 99 modified from gradient
Stopping heartbeat thread...

=== Display Surface Stats ===
Size: 1024x768
Update calls: 0
Pixels changed: NO
Initial checksum: 0x3fbf8040
Current checksum: 0x3fbf8040

Sample pixels:
  [0,0]: 0xff808080 (A=255 R=128 G=128 B=128)
  [10,35]: 0xff808080 (A=255 R=128 G=128 B=128)
  [100,100]: 0xff808080 (A=255 R=128 G=128 B=128)
  [512,384]: 0xff808080 (A=255 R=128 G=128 B=128)
  [1023,767]: 0xff808080 (A=255 R=128 G=128 B=128)

Unique colors: 1
  0xff808080: 786432 pixels

Framebuffer saved to /tmp/pharo-display.ppm

=== Test Complete ===
