Pharo Clean VM - Image Loader Test
===================================

=== Oop Tagging Tests ===
SmallInteger 42:  0x151 isSmallInteger=1 value=42
SmallInteger -100: 0xfffffffffffffce1 value=-100
Character 'A':    0x20b isCharacter=1 codepoint=65
nil:              0x0 isNil=1

SmallFloat tests:
  1 -> 0x7f00000000000005 -> 1 OK
  168 -> 0x8650000000000005 -> 168 OK
  80 -> 0x8540000000000005 -> 80 OK
  -42.5 -> 0x845400000000000d -> -42.5 OK
  0 -> 0x5 -> 0 OK
  1024 -> 0x8900000000000005 -> 1024 OK
  0.5 -> 0x7e00000000000005 -> 0.5 OK

Decoding known SmallFloat values from Pharo:
  0x8540000000000005 -> 80
  0x8650000000000005 -> 168
  0x8000000000000005 -> 2

Tag verification (should use low 3 bits only):
  SmallInteger tag: 1 (expected 1)
  Character tag:    3 (expected 3)

Loading image: /tmp/harness/Pharo-jit.image
Working directory: /private/tmp/harness
Memory initialized successfully
Image loaded successfully!
=== Image Header ===
Format:            68021 (Spur 64-bit)
Header size:       128 bytes
Image size:        59062072 bytes (56 MB)
Old base address:  0x10000000000
Special objects:   0x100010f1838
Last hash:         2479426907823963612
Screen size:       0 x 0
Flags:             0x2
First segment:     59062072 bytes
Free old space:    0 bytes
Eden bytes:        22003584

=== Special Objects ===
Special objects array: 0x3010f1838
  Raw header: 0x3c00000002000033
  Slot count (bits 0-7): 51
  Hash (bits 8-29): 131072
  Format (bits 30-34): 0
  Class index (bits 35-56): 0
  Flags (bits 57-63): 30
  Computed slot count: 60

First 20 special objects:
  [0]: 0x300000000 (object, class: 3075)
  [1]: 0x300000010 (object, class: 3077)
  [2]: 0x300000020 (object, class: 3079)
  [3]: 0x30006d468 (object, class: 3139)
  [4]: 0x3009258e8 (object, class: 7589)
  [5]: 0x300366d28 (object, class: 3080)
  [6]: 0x3000162d0 (object, class: 3086)
  [7]: 0x3000164b0 (object, class: 3092)
  [8]: 0x300020ce8 (object, class: 3135)
  [9]: 0x3000167d0 (object, class: 3102)
  [10]: 0x300016870 (object, class: 3104)
  [11]: 0x300000000 (object, class: 3075)
  [12]: 0x300016cd0 (object, class: 3118)
  [13]: 0x300016690 (object, class: 3098)
  [14]: 0x300000000 (object, class: 3075)
  [15]: 0x300016af0 (object, class: 3112)
  [16]: 0x300000000 (object, class: 3075)
  [17]: 0x30381a6f0 (object, class: 48)
  [18]: 0x300016b90 (object, class: 3114)
  [19]: 0x300366cc0 (object, class: 3082)

=== Memory Layout ===
Old space:  0x300000000 - 0x400000000
Allocated:  0 MB
Free:       4039 MB

First 128 bytes of old space (raw):
  [0]: 0x25c97500800c03
  [8]: 0x0
  [16]: 0x106b2800800c05
  [24]: 0x0
  [32]: 0x2b1f8100800c07
  [40]: 0x0
  [48]: 0x4000000009000013
  [56]: 0x0
  [64]: 0x0
  [72]: 0x0
  [80]: 0x0
  [88]: 0x0
  [96]: 0x0
  [104]: 0x0
  [112]: 0x0
  [120]: 0x0

First object header analysis:
  Raw: 0x25c97500800c03
  Slot count: 3
  Format: 20
  Class index: 309550

=== Object Statistics ===
Total objects:    741393
Pointer objects:  437613
Byte objects:     127367
Compiled methods: 175938
Total size:       56 MB

=== Checking iOS Classes ===
  OSWorldRenderer: found
  OSiOSDriver: NOT FOUND
  OSiOSBackendWindow: NOT FOUND
  NullWorldRenderer: found
  OSWindowDriver: found
  OSWindow: found
  WorldMorph: found
  WorldState: found
  Display: NOT FOUND

=== Display Surface Setup ===
Created 1024x768 test display surface

=== Interpreter Initialization ===
Event callback registered
[RESUME] ctx[0]: SnapshotOperation>>doSnapshot
[RESUME] ctx[1]: SnapshotOperation>>doSnapshot
[RESUME] ctx[2]: FullBlockClosure>>on:do:
[RESUME] ctx[3]: FullBlockClosure>>onErrorDo:
[RESUME] ctx[4]: SnapshotOperation>>executeStoringError:
[RESUME] ctx[5]: SnapshotOperation>>performSnapshot
[RESUME] ctx[6]: SessionManager>>launchSnapshot:andQuit:
[RESUME] ctx[7]: SessionManager>>signal
[RESUME] ctx[8]: FullBlockClosure>>terminateRealActive
[RESUME] inSnapshotCode=1 chainDepth=9
[RESUME] Initial context: method=#doSnapshot pc=55
[RESUME] Patching: stackp=1 stackTopSlot=6 oldVal=true(0x300000020) -> true
[RESUME] Found SnapshotOperation 0x30382dc30 at ctx depth 0, isImageStarting=false
[RESUME] Found SnapshotOperation 0x30382dc30 at ctx depth 1, isImageStarting=true
[RESUME] Found SnapshotOperation 0x30382dc30 at ctx depth 4, isImageStarting=true
[RESUME] Found SnapshotOperation 0x30382dc30 at ctx depth 5, isImageStarting=true
[RESUME] Patched isImageStarting on 1 SnapshotOperation(s)
[STARTUP] Boosting startup process 0x30381e618 from P79 to P80
[JIT] Initialized: 16 MB code zone at 0x1085f4000
[STARTUP] Headless mode: deferring timer semaphore signal
Interpreter initialized successfully!
Active method: 0x300339380

=== Creating Display ===
[ensureDisplayForm] Created 1024x768x32 Form, setGlobal=true
[ensureDisplayForm] Verify: findGlobal(Display)=found raw=0x303e53748 formObj=0x303e53748
Display after ensureDisplayForm: created!

=== Direct BitBlt Test ===
Display bits: object width: 1024 height: 768 depth: 32
Bitmap format: 9 byteSize: 6291456
Filling display with gradient (1572864 pixels)...
Wrote gradient to display bitmap
Heartbeat will start after startup completes...

=== Forced GC Test ===
Before GC: used=62MB free=4033MB
After GC: used=62MB free=4033MB
Freed: 159KB
GC reclaimed: 163776 bytes, moved: 0 objects, took: 93ms

=== Execution Test ===
Running up to 60000000000 bytecode steps...
[SISTA] compile=0 dispatch=1 hook active
[SISTA] hits=0/1 cache=1 disp=0 ret=0 send=0 unk=0
[CACHE-1] #keys -> getter=-1 setter=-1 retSelf=0 prim=0 cls=0x3000173c8 method=0x3003040d0
[CACHE-2] #keysDo: -> getter=-1 setter=-1 retSelf=0 prim=0 cls=0x3000173c8 method=0x300304048
[SISTA-SPLICE-DIAG] doBC=12 litIdx=0 icCls=0 verdict=REJECT reject=no hints provided rejOp=return
[SISTA-SPLICE-DIAG] doBC=4 litIdx=0 icCls=0 verdict=REJECT reject=no hints provided rejOp=return
[SISTA-SPLICE-DIAG] doBC=4 litIdx=0 icCls=0 verdict=REJECT reject=no hints provided rejOp=return
[SISTA-SPLICE-DIAG] doBC=5 litIdx=0 icCls=0 verdict=REJECT reject=no hints provided rejOp=return
[SISTA-ACCUM-DIAG] pfbBC=2 blockLen=11 lead=40 (want 9-10, lead=fb)
[SEM-SIGNAL-2] sem=0x3037f28c0 active-pri=80 waiter=0x302c61398 waiter-pri=80
[CACHE-3] #methodDict -> getter=-1 setter=-1 retSelf=0 prim=0 cls=0x3000168d8 method=0x3003aa4d8
[CACHE-4] #methodDict -> getter=-1 setter=-1 retSelf=0 prim=0 cls=0x300016b58 method=0x3003aa4d8
[JIT] AUTO-EXCLUDED exception infra #findContextSuchThat:
[JIT] AUTO-EXCLUDED exception infra #findContextSuchThat:
[XFER-1] old=0x3037f6668 pri=80 -> new=0x302c61398 pri=80
[SISTA-SPLICE-DIAG] doBC=18 litIdx=1 icCls=0 verdict=REJECT reject=numCopied > 1 rejOp=return
[SISTA-SPLICE-DIAG] doBC=8 litIdx=1 icCls=0 verdict=REJECT reject=no hints provided rejOp=return
[SISTA-ACCUM-DIAG] pfbBC=5 blockLen=11 lead=40 (want 9-10, lead=fb)
[XFER-2] old=0x302c61398 pri=80 -> new=0x3037f28e0 pri=80
[SEM-SIGNAL-3] sem=0x423018e78 active-pri=80 waiter=0x3037f6668 waiter-pri=80
[XFER-3] old=0x3037f28e0 pri=80 -> new=0x3037f6668 pri=80
[XFER-4] old=0x3037f6668 pri=80 -> new=0x3037f2938 pri=80
[SEM-SIGNAL-4] sem=0x42301faf8 active-pri=80 waiter=0x3037f6668 waiter-pri=80
[XFER-5] old=0x3037f2938 pri=80 -> new=0x3037f6668 pri=80
[SISTA-SPLICE-DIAG] doBC=6 litIdx=0 icCls=0 verdict=REJECT reject=numCopied > 1 rejOp=return
[asmjit-t1] code.code_size=3720 out of [1, 3584]
[asmjit-t1] code.code_size=5764 out of [1, 4608]
[asmjit-t1] code.code_size=3944 out of [1, 3584]
[asmjit-t1] code.code_size=3708 out of [1, 3584]
[asmjit-t1] code.code_size=5804 out of [1, 5632]
[SLOW-EXIT-SEND #1] method=#next ic=0xc850d5e00
[IC-PATCH] #at: J2J=1 key=0x32 extra=0x100e0001085f8a70
[SLOW-EXIT-SEND #2] method=#nextPut: ic=0xc84df05a0
[SLOW-EXIT-SEND #3] method=#contents ic=0xc84df0c80
[IC-PATCH] #max: J2J=1 key=0x80000001 extra=0x10000001085f7130
[SLOW-EXIT-SEND #4] method=#copyFrom:to: ic=0xc84df0dc0
[SLOW-EXIT-SEND #5] method=#new: ic=0xc8508e000
[SLOW-EXIT-SEND #6] method=#= ic=0xc867f8a00
[SLOW-EXIT-SEND #7] method=#compare:with: ic=0xc8508f000
[SLOW-EXIT-SEND #8] method=#install ic=0xc84df3ac0
[IC-PATCH] #platformName J2J=1 key=0xc3f extra=0x100000010869b630
[SLOW-EXIT-SEND #9] method=#vm ic=0xc84df1180
[SLOW-EXIT-SEND #10] method=#getSystemAttribute: ic=0xc867f8780
[IC-PATCH] #utf8 J2J=1 key=0x139c extra=0x100000010862dab0
[IC-PATCH] #readStream J2J=1 key=0x32 extra=0x10000001086307b0
[IC-PATCH] #new:streamContents: J2J=1 key=0xc4c extra=0x1000000108603b70
[IC-PATCH] #max: J2J=1 key=0x80000001 extra=0x10000001085f7130
[IC-PATCH] #decodeBytes: J2J=1 key=0x1409 extra=0x100000010862fa70
[IC-PATCH] #size J2J=1 key=0x34 extra=0x10100001085f4070
[IC-PATCH] #reset J2J=1 key=0xc79 extra=0x10000001085f67b0
[IC-PATCH] #at: J2J=1 key=0x32 extra=0x100e0001085f8a70
[IC-PATCH] #findElementOrNil: J2J=1 key=0xc41 extra=0x100000010860adb0
[SISTA-SPLICE-DIAG] doBC=5 litIdx=1 icCls=0 verdict=REJECT reject=no hints provided rejOp=return
[IC-PATCH] #== J2J=1 key=0x80000001 extra=0x100a00010869d4f0
[CACHE-5] #superclass -> getter=0 setter=-1 retSelf=0 prim=264 cls=0x300016478 method=0x3003aa468
[CACHE-6] #superclass -> getter=0 setter=-1 retSelf=0 prim=264 cls=0x30001a1f0 method=0x3003aa468
[IC-PATCH] #reset J2J=1 key=0xc57 extra=0x1000000108619eb0
[IC-PATCH] #asContextWithSender: J2J=1 key=0x26 extra=0x1000000108666370
[IC-PATCH] #header J2J=1 key=0xc2d extra=0x1000000108643d30
[IC-PATCH] #vm J2J=1 key=0xc3f extra=0x1000000108621c30
[IC-PATCH] #header J2J=1 key=0xc2d extra=0x1000000108643d30
[IC-PATCH] #activeProcess J2J=1 key=0xc31 extra=0x10000001086503b0
[IC-PATCH] #new J2J=1 key=0xc22 extra=0x100000010866ae30
[IC-PATCH] #lowestPriority J2J=1 key=0xc31 extra=0x100000010866e230
[IC-PATCH] #size J2J=1 key=0x33 extra=0x10100001085f4070
[IC-PATCH] #isActive J2J=1 key=0xc23 extra=0x10000001086511f0
[IC-PATCH] #== J2J=1 key=0xc8f extra=0x100a00010869d4f0
[IC-PATCH] #findElementOrNil: J2J=1 key=0xc8f extra=0x100000010860adb0
[IC-PATCH] #state J2J=1 key=0xc23 extra=0x1000000108651ef0
[IC-PATCH] #effectiveProcess J2J=1 key=0xc23 extra=0x10000001086508f0
[IC-PATCH] #== J2J=1 key=0xc5b extra=0x100a00010869d4f0
[IC-PATCH] #== J2J=1 key=0x24 extra=0x100a00010869d4f0
[IC-PATCH] #activeProcess J2J=1 key=0xc31 extra=0x10000001086503b0
[INIT-RESOLVER] #1 Resolver class var set non-nil at step 445040 (value=0x4230d1b48) — defer will lift after buffer
[P63] idx=1 arrIdx=0 byte=0x32($2) str='2026-04-06 12:00:00 '(25)
[P63] idx=1 arrIdx=0 byte=0x79($y) str='y-mm-dd'(7)
[SISTA-SPLICE-DIAG] doBC=8 litIdx=1 icCls=0 verdict=REJECT reject=no hints provided rejOp=return
[SISTA-ACCUM-DIAG] pfbBC=5 blockLen=13 lead=4c (want 9-10, lead=fb)
[P63] idx=1 arrIdx=0 byte=0x79($y) str='yyy'(3)
[P63] idx=2 arrIdx=1 byte=0x2d($-) str='y-mm-dd'(7)
[P63] idx=2 arrIdx=1 byte=0x2d($-) str='y-mm-dd'(7)
[P63] idx=1 arrIdx=0 byte=0x32($2) str='2026-04-06 12:00:00 '(25)
[P63] idx=1 arrIdx=0 byte=0x32($2) str='2026-04-06 12:00:00 '(25)
[P63] idx=1 arrIdx=0 byte=0x32($2) str='2026-04-06 12:00:00 '(25)
[P63] idx=2 arrIdx=1 byte=0x30($0) str='2026-04-06 12:00:00 '(25)
[P63] idx=2 arrIdx=1 byte=0x30($0) str='2026-04-06 12:00:00 '(25)
[P63] idx=3 arrIdx=2 byte=0x32($2) str='2026-04-06 12:00:00 '(25)
[P63] idx=3 arrIdx=2 byte=0x32($2) str='2026-04-06 12:00:00 '(25)
[P63] idx=4 arrIdx=3 byte=0x36($6) str='2026-04-06 12:00:00 '(25)
[P63] idx=4 arrIdx=3 byte=0x36($6) str='2026-04-06 12:00:00 '(25)
[P63] idx=5 arrIdx=4 byte=0x2d($-) str='2026-04-06 12:00:00 '(25)
[P63] idx=5 arrIdx=4 byte=0x2d($-) str='2026-04-06 12:00:00 '(25)
[P63] idx=2 arrIdx=1 byte=0x2d($-) str='y-mm-dd'(7)
[P63] idx=5 arrIdx=4 byte=0x2d($-) str='2026-04-06 12:00:00 '(25)
[P63] idx=3 arrIdx=2 byte=0x6d($m) str='y-mm-dd'(7)
[P63] idx=4 arrIdx=3 byte=0x6d($m) str='y-mm-dd'(7)
[P63] idx=1 arrIdx=0 byte=0x30($0) str='04'(2)
[P63] idx=1 arrIdx=0 byte=0x30($0) str='04'(2)
[P63] idx=1 arrIdx=0 byte=0x30($0) str='04'(2)
[P63] idx=1 arrIdx=0 byte=0x30($0) str='04'(2)
[P63] idx=2 arrIdx=1 byte=0x34($4) str='04'(2)
[P63] idx=2 arrIdx=1 byte=0x34($4) str='04'(2)
[P63] idx=5 arrIdx=4 byte=0x2d($-) str='y-mm-dd'(7)
[P63] idx=8 arrIdx=7 byte=0x2d($-) str='2026-04-06 12:00:00 '(25)
[P63] idx=6 arrIdx=5 byte=0x64($d) str='y-mm-dd'(7)
[P63] idx=7 arrIdx=6 byte=0x64($d) str='y-mm-dd'(7)
[SISTA-SPLICE-DIAG] doBC=17 litIdx=3 icCls=0 verdict=REJECT reject=no hints provided rejOp=return
[XFER-6] old=0x3037f6668 pri=80 -> new=0x3037f5f80 pri=80
[SEM-SIGNAL-8] sem=0x4230e0370 active-pri=80 waiter=0x3037f6668 waiter-pri=80
[XFER-7] old=0x3037f5f80 pri=80 -> new=0x3037f6668 pri=80
[asmjit-t1] code.code_size=3720 out of [1, 3584]
[asmjit-t1] code.code_size=5256 out of [1, 5120]
[asmjit-t1] code.code_size=3132 out of [1, 3072]
[SISTA-SPLICE-DIAG] doBC=13 litIdx=2 icCls=0 verdict=REJECT reject=no hints provided rejOp=return
[SISTA-SPLICE-DIAG] doBC=20 litIdx=3 icCls=0 verdict=REJECT reject=no hints provided rejOp=return
[asmjit-t1] code.code_size=3716 out of [1, 3584]
[asmjit-t1] code.code_size=4960 out of [1, 4096]
[asmjit-t1] code.code_size=7592 out of [1, 5632]
[CACHE-7] #keys -> getter=-1 setter=-1 retSelf=0 prim=0 cls=0x30001edd0 method=0x3002e2688
[SISTA-COLLECT-DIAG] send1BC=4 selIdx=1 verdict=REJECT reject=non-simple block op rejOp=send
[SISTA-SPLICE-DIAG] doBC=9 litIdx=1 icCls=0 verdict=REJECT reject=numCopied > 1 rejOp=return
[SISTA-SPLICE-DIAG] doBC=5 litIdx=0 icCls=0 verdict=REJECT reject=no hints provided rejOp=return
[SISTA-ACCUM-DIAG] pfbBC=2 blockLen=7 lead=41 (want 9-10, lead=fb)
[CACHE-8] #superclass -> getter=0 setter=-1 retSelf=0 prim=264 cls=0x30001eb18 method=0x3003aa468
[CACHE-9] #superclass -> getter=0 setter=-1 retSelf=0 prim=264 cls=0x30001b3b0 method=0x3003aa468
[JIT] AUTO-EXCLUDED exception infra #signal (class Exception class)
[JIT] AUTO-EXCLUDED exception infra #receiver (class Exception class)
[JIT] AUTO-EXCLUDED exception infra #signalerContext
[JIT] AUTO-EXCLUDED exception infra #handleSignal:
[SISTA-COLLECT-DIAG] send1BC=10 selIdx=6 verdict=REJECT reject=non-simple block op rejOp=send
[CACHE-10] #methodDict -> getter=-1 setter=-1 retSelf=0 prim=0 cls=0x3002329d0 method=0x3003aa4d8
[CACHE-11] #superclass -> getter=0 setter=-1 retSelf=0 prim=264 cls=0x3002329d0 method=0x3003aa468
[CACHE-12] #methodDict -> getter=-1 setter=-1 retSelf=0 prim=0 cls=0x300232390 method=0x3003aa4d8
[CACHE-13] #methodDict -> getter=-1 setter=-1 retSelf=0 prim=0 cls=0x3002336f0 method=0x3003aa4d8
[asmjit-t1] code.code_size=3716 out of [1, 3584]
[asmjit-t1] code.code_size=7952 out of [1, 7680]
[asmjit-t1] code.code_size=4744 out of [1, 4096]
[asmjit-t1] code.code_size=3944 out of [1, 3584]
[asmjit-t1] code.code_size=6832 out of [1, 6144]
[CACHE-14] #superclass -> getter=0 setter=-1 retSelf=0 prim=264 cls=0x3002336f0 method=0x3003aa468
[CACHE-15] #methodDict -> getter=-1 setter=-1 retSelf=0 prim=0 cls=0x3002333d0 method=0x3003aa4d8
[CACHE-16] #superclass -> getter=0 setter=-1 retSelf=0 prim=264 cls=0x3002333d0 method=0x3003aa468
[CACHE-17] #superclass -> getter=0 setter=-1 retSelf=0 prim=264 cls=0x3002336f0 method=0x3003aa468
[asmjit-t1] code.code_size=3720 out of [1, 3584]
[asmjit-t1] code.code_size=3712 out of [1, 3584]
[CACHE-18] #superclass -> getter=0 setter=-1 retSelf=0 prim=264 cls=0x300024cd0 method=0x3003aa468
[CACHE-19] #superclass -> getter=0 setter=-1 retSelf=0 prim=264 cls=0x30001a710 method=0x3003aa468
[asmjit-t1] code.code_size=7600 out of [1, 5632]
[asmjit-t1] code.code_size=3132 out of [1, 3072]
[asmjit-t1] code.code_size=3948 out of [1, 3584]
[SISTA-SELECT-CAND] pfbBC=1 send1BC=4 selIdx=1 litIdx=0 slot=0
[SISTA-SELECT-EMIT] bc=1 slot=0 vid=1
[asmjit-t1] code.code_size=3132 out of [1, 3072]
[asmjit-t1] code.code_size=4736 out of [1, 4096]
[asmjit-t1] code.code_size=5540 out of [1, 4608]
[SISTA-COLLECT-DIAG] send1BC=15 selIdx=4 verdict=REJECT reject=non-simple block op rejOp=send
[SISTA-SPLICE-DIAG] doBC=9 litIdx=3 icCls=0 verdict=REJECT reject=no hints provided rejOp=return
[SISTA-SPLICE-DIAG] doBC=6 litIdx=1 icCls=0 verdict=REJECT reject=no hints provided rejOp=return
[SISTA-ACCUM-DIAG] pfbBC=3 blockLen=4 lead=40 (want 9-10, lead=fb)
[asmjit-t1] code.code_size=4736 out of [1, 4096]
[asmjit-t1] code.code_size=3932 out of [1, 3584]
[SISTA-COLLECT-DIAG] send1BC=7 selIdx=2 verdict=REJECT reject=non-simple block op rejOp=send
[SISTA-SELECT-CAND] pfbBC=10 send1BC=13 selIdx=4 litIdx=3 slot=0
[SISTA-ACCUM-DIAG] pfbBC=5 blockLen=14 lead=41 (want 9-10, lead=fb)
[SISTA-ACCUM-DIAG] pfbBC=21 blockLen=29 lead=40 (want 9-10, lead=fb)
[asmjit-t1] code.code_size=24244 out of [1, 22528]
[asmjit-t1] code.code_size=9768 out of [1, 9728]
[JIT] Stats: 65536 sends, 674 compiled, 2438 failed, 2528/16384 KB code | IC: 7614/9880 (77% hit, 347 patched, 0 stale) | J2J-r: 0/0 J2J-a: 6731/9511 J2J-d: 226 J2J-s: 2255/4681 | map: 1298 tracked, 841 hot
[asmjit-t1] code.code_size=9768 out of [1, 9728]
[SISTA-INJECT-SPLICE-DIAG] send2BC=7 selIdx=5 verdict=REJECT reject=non-simple block op rejOp=send
[SISTA-ACCUM-DIAG] pfbBC=2 blockLen=8 lead=41 (want 9-10, lead=fb)
[JIT] Stats: 131072 sends, 803 compiled, 4307 failed, 3092/16384 KB code | IC: 14365/19696 (72% hit, 433 patched, 0 stale) | J2J-r: 0/0 J2J-a: 13209/18864 J2J-d: 300 J2J-s: 5027/10257 | map: 1443 tracked, 963 hot
[syncDisplay] displayFormReady_=false (call 0), displayForm_ isNil=0
[JIT] Stats: 196608 sends, 816 compiled, 5866 failed, 3131/16384 KB code | IC: 22303/32466 (68% hit, 445 patched, 0 stale) | J2J-r: 0/0 J2J-a: 21802/30858 J2J-d: 304 J2J-s: 8235/16769 | map: 1447 tracked, 970 hot
[STARTUP] Firing deferred timer semaphore signal (step 5000928)
[XFER-8] old=0x3037f6668 pri=80 -> new=0x302c61398 pri=80
[XFER-9] old=0x302c61398 pri=80 -> new=0x3037f6668 pri=80
[CACHE-20] #keysDo: -> getter=-1 setter=-1 retSelf=0 prim=0 cls=0x300023cc0 method=0x3003359d0
[asmjit-t1] code.code_size=3716 out of [1, 3584]
[asmjit-t1] code.code_size=5772 out of [1, 4608]
[JIT] Stats: 262144 sends, 854 compiled, 7536 failed, 3264/16384 KB code | IC: 30044/44737 (67% hit, 476 patched, 0 stale) | J2J-r: 0/0 J2J-a: 29849/42302 J2J-d: 333 J2J-s: 11086/22870 | map: 1539 tracked, 1019 hot
[asmjit-t1] code.code_size=3716 out of [1, 3584]
[asmjit-t1] code.code_size=8696 out of [1, 8192]
[CACHE-21] #keysDo: -> getter=-1 setter=-1 retSelf=0 prim=0 cls=0x300023cc0 method=0x3003359d0
[CACHE-22] #keysDo: -> getter=-1 setter=-1 retSelf=0 prim=0 cls=0x300023cc0 method=0x3003359d0
[asmjit-t1] code.code_size=6788 out of [1, 5120]
[asmjit-t1] code.code_size=3712 out of [1, 3584]
[asmjit-t1] code.code_size=6788 out of [1, 5120]
[asmjit-t1] code.code_size=3940 out of [1, 3584]
[asmjit-t1] code.code_size=3140 out of [1, 3072]
[JIT] Stats: 327680 sends, 914 compiled, 9251 failed, 3479/16384 KB code | IC: 37889/55176 (68% hit, 522 patched, 0 stale) | J2J-r: 0/0 J2J-a: 36244/52364 J2J-d: 375 J2J-s: 13279/28679 | map: 1601 tracked, 1079 hot
[asmjit-t1] code.code_size=3936 out of [1, 3584]
[asmjit-t1] code.code_size=4976 out of [1, 4096]
[asmjit-t1] code.code_size=4976 out of [1, 4096]
[asmjit-t1] code.code_size=4976 out of [1, 4096]
[syncDisplay] displayFormReady_=false (call 1), displayForm_ isNil=0
[CACHE-23] #keysDo: -> getter=-1 setter=-1 retSelf=0 prim=0 cls=0x300023cc0 method=0x3003359d0
[JIT] Stats: 393216 sends, 970 compiled, 10937 failed, 3655/16384 KB code | IC: 45876/66106 (69% hit, 559 patched, 0 stale) | J2J-r: 0/0 J2J-a: 42725/62825 J2J-d: 413 J2J-s: 15545/34824 | map: 1636 tracked, 1130 hot
[CACHE-24] #keysDo: -> getter=-1 setter=-1 retSelf=0 prim=0 cls=0x300023cc0 method=0x3003359d0
[asmjit-t1] code.code_size=3140 out of [1, 3072]
[asmjit-t1] code.code_size=4168 out of [1, 3584]
[JIT] Stats: 458752 sends, 1006 compiled, 12626 failed, 3758/16384 KB code | IC: 53664/76477 (70% hit, 576 patched, 0 stale) | J2J-r: 0/0 J2J-a: 49129/72885 J2J-d: 426 J2J-s: 17709/40604 | map: 1636 tracked, 1158 hot
[XFER-10] old=0x3037f6668 pri=80 -> new=0x302c61398 pri=80
[XFER-11] old=0x302c61398 pri=80 -> new=0x3037f6668 pri=80
[DNU-STACK] Full call stack for #asInteger (DNU #1):
[DNU-STACK]   [0] Array>>do:
[DNU-STACK]   [1] WorkingSession>>on:do:
[DNU-STACK]   [2] FullBlockClosure>>on:do:
[DNU-STACK]   [3] WorkingSession>>?
[DNU-STACK]   [4] WorkingSession>>startup:
[DNU-STACK]   [5] ClassSessionHandler>>startup:
[DNU-STACK]   [6] SUnitRunner class>>startUp:
[DNU-STACK]   [7] SUnitRunner class>>runAllTests
[DNU-STACK]   [8] SUnitRunner class>>nextRunNumber
[DNU-STACK]   [9] FullBlockClosure>>on:do:
[DNU-STACK]   [10] SUnitRunner class>>asInteger
[DNU-STACK]   [current] #asInteger fd=10
[SISTA-RING] tag=asInteger seq=17897 count=32:
  [0] #size                         RET   rcvr=0x3041e3da0 ret/top=0x19 bailOp=0x00 argc=0 spΔ=0
  [1] #arrayType                    RET   rcvr=0x3000178d0 ret/top=0x3000164b0 bailOp=0x00 argc=0 spΔ=0
  [2] #size                         RET   rcvr=0x423885da8 ret/top=0x11 bailOp=0x00 argc=0 spΔ=0
  [3] #handleClass                  RET   rcvr=0x4230dc100 ret/top=0x300233ae8 bailOp=0x00 argc=0 spΔ=0
  [4] #flag:                        RET   rcvr=0x4238862b0 ret/top=0x4238862b0 bailOp=0x00 argc=0 spΔ=0
  [5] #max:                         RET   rcvr=0x321 ret/top=0x321 bailOp=0x00 argc=0 spΔ=0
  [6] #delimiter                    RET   rcvr=0x300233e08 ret/top=0x17b bailOp=0x00 argc=0 spΔ=0
  [7] #delimiter                    RET   rcvr=0x300233e08 ret/top=0x17b bailOp=0x00 argc=0 spΔ=0
  [8] #max:                         RET   rcvr=0x1 ret/top=0xc9 bailOp=0x00 argc=0 spΔ=0
  [9] #max:                         RET   rcvr=0x1 ret/top=0xc9 bailOp=0x00 argc=0 spΔ=0
  [10] #arrayType                    RET   rcvr=0x3000178d0 ret/top=0x3000164b0 bailOp=0x00 argc=0 spΔ=0
  [11] #size                         RET   rcvr=0x4238891a8 ret/top=0x19 bailOp=0x00 argc=0 spΔ=0
  [12] #arrayType                    RET   rcvr=0x3000178d0 ret/top=0x3000164b0 bailOp=0x00 argc=0 spΔ=0
  [13] #max:                         RET   rcvr=0x31 ret/top=0x31 bailOp=0x00 argc=0 spΔ=0
  [14] #size                         RET   rcvr=0x4238891a8 ret/top=0x21 bailOp=0x00 argc=0 spΔ=0
  [15] #size                         RET   rcvr=0x4238891a8 ret/top=0x31 bailOp=0x00 argc=0 spΔ=0
  [16] #size                         RET   rcvr=0x4238891a8 ret/top=0x31 bailOp=0x00 argc=0 spΔ=0
  [17] #size                         RET   rcvr=0x4238891a8 ret/top=0x31 bailOp=0x00 argc=0 spΔ=0
  [18] #arrayType                    RET   rcvr=0x3000178d0 ret/top=0x3000164b0 bailOp=0x00 argc=0 spΔ=0
  [19] #max:                         RET   rcvr=0x61 ret/top=0x61 bailOp=0x00 argc=0 spΔ=0
  [20] #size                         RET   rcvr=0x4238891a8 ret/top=0x41 bailOp=0x00 argc=0 spΔ=0
  [21] #size                         RET   rcvr=0x4238891a8 ret/top=0x41 bailOp=0x00 argc=0 spΔ=0
  [22] #size                         RET   rcvr=0x4238891a8 ret/top=0x41 bailOp=0x00 argc=0 spΔ=0
  [23] #size                         RET   rcvr=0x4238891a8 ret/top=0x41 bailOp=0x00 argc=0 spΔ=0
  [24] #max:                         RET   rcvr=0x21 ret/top=0x21 bailOp=0x00 argc=0 spΔ=0
  [25] #handlesEncoding:             RET   rcvr=0x300011238 ret/top=0x300000010 bailOp=0x00 argc=0 spΔ=0
  [26] #max:                         RET   rcvr=0x21 ret/top=0x21 bailOp=0x00 argc=0 spΔ=0
  [27] #max:                         RET   rcvr=0x21 ret/top=0x21 bailOp=0x00 argc=0 spΔ=0
  [28] #handlesEncoding:             RET   rcvr=0x300011198 ret/top=0x300000010 bailOp=0x00 argc=0 spΔ=0
  [29] #max:                         RET   rcvr=0x21 ret/top=0x21 bailOp=0x00 argc=0 spΔ=0
  [30] #collectionSpecies            RET   rcvr=0x423889188 ret/top=0x3000175a8 bailOp=0x00 argc=0 spΔ=0
  [31] #max:                         RET   rcvr=0x1 ret/top=0x9 bailOp=0x00 argc=0 spΔ=0
[DNU] #1: #asInteger not understood by rcvr=0x423885e68 argCount=0 fd=10 in #asInteger P80
[DNU]   rcvr cls=5709 fmt=1 class=FileReference
[DNU]   FP=0x427b0ea90 SP=0x427b0eaa8 base=0x427b0e950
[DNU]   receiver_=0x3037fc300 method_=0x30380d5f0
[DNU]   FP[-2] = 0x3000182e0
[DNU]   FP[-1] = 0x30380d620
[DNU]   FP[0] = 0x423885e80
[DNU]   FP[1] = 0x423885e68
[DNU]   FP[2] = 0x423885e68
[DNU]   FP[3] = 0x423885e68
[DNU]   FP[4] = 0x423885eb0
[DNU]   FP[5] = 0x423889188
[DNU]   FP[6] = 0x3041f40a8
[DNU]   FP[7] = 0x42388d2c8
[DNU]   FP[8] = 0x42388d2c8
[DNU]   FP[9] = 0x300000020
[DNU]   FP[10] = 0x3041f40a8
[CACHE-25] #superclass -> getter=0 setter=-1 retSelf=0 prim=264 cls=0x300022b08 method=0x3003aa468
[CACHE-26] #methodDict -> getter=-1 setter=-1 retSelf=0 prim=0 cls=0x30001ac30 method=0x3003aa4d8
[CACHE-27] #superclass -> getter=0 setter=-1 retSelf=0 prim=264 cls=0x30001ac30 method=0x3003aa468
[CACHE-28] #methodDict -> getter=-1 setter=-1 retSelf=0 prim=0 cls=0x3000194d0 method=0x3003aa4d8
[asmjit-t1] code.code_size=3712 out of [1, 3584]
[asmjit-t1] code.code_size=3708 out of [1, 3584]
[asmjit-t1] code.code_size=3944 out of [1, 3584]
[asmjit-t1] code.code_size=8768 out of [1, 8704]
[asmjit-t1] code.code_size=3716 out of [1, 3584]
[JIT] Stats: 524288 sends, 1059 compiled, 13001 failed, 3926/16384 KB code | IC: 62309/85698 (72% hit, 609 patched, 0 stale) | J2J-r: 0/0 J2J-a: 57442/82059 J2J-d: 451 J2J-s: 21627/45353 | map: 1701 tracked, 1217 hot
[JIT] Stats: 589824 sends, 1059 compiled, 13001 failed, 3926/16384 KB code | IC: 71048/94437 (75% hit, 609 patched, 0 stale) | J2J-r: 0/0 J2J-a: 66180/90798 J2J-d: 451 J2J-s: 25996/49723 | map: 1701 tracked, 1217 hot
[JIT] Stats: 655360 sends, 1065 compiled, 13529 failed, 3943/16384 KB code | IC: 79773/103697 (76% hit, 615 patched, 0 stale) | J2J-r: 0/0 J2J-a: 75436/100058 J2J-d: 454 J2J-s: 30360/54091 | map: 1707 tracked, 1222 hot
[asmjit-t1] code.code_size=5540 out of [1, 4608]
[asmjit-t1] code.code_size=4740 out of [1, 4096]
[asmjit-t1] code.code_size=3712 out of [1, 3584]
[JIT] Stats: 720896 sends, 1090 compiled, 13585 failed, 4103/16384 KB code | IC: 86402/111201 (77% hit, 641 patched, 0 stale) | J2J-r: 0/0 J2J-a: 77954/107561 J2J-d: 475 J2J-s: 30948/59499 | map: 1724 tracked, 1239 hot
[syncDisplay] displayFormReady_=false (call 2), displayForm_ isNil=0
[JIT] Stats: 786432 sends, 1236 compiled, 13829 failed, 4313/16384 KB code | IC: 96570/126999 (76% hit, 717 patched, 0 stale) | J2J-r: 0/0 J2J-a: 84587/119380 J2J-d: 1886 J2J-s: 35067/67894 | map: 1880 tracked, 1376 hot
[JIT] Stats: 851968 sends, 1240 compiled, 13830 failed, 4325/16384 KB code | IC: 104061/146415 (71% hit, 721 patched, 0 stale) | J2J-r: 0/0 J2J-a: 86515/126875 J2J-d: 1890 J2J-s: 35854/74248 | map: 1881 tracked, 1379 hot
[JIT] Stats: 917504 sends, 1240 compiled, 13830 failed, 4325/16384 KB code | IC: 111137/165277 (67% hit, 721 patched, 0 stale) | J2J-r: 0/0 J2J-a: 87699/133951 J2J-d: 1890 J2J-s: 35854/80140 | map: 1881 tracked, 1379 hot
[JIT] Stats: 983040 sends, 1240 compiled, 13830 failed, 4325/16384 KB code | IC: 118206/184122 (64% hit, 721 patched, 0 stale) | J2J-r: 0/0 J2J-a: 88880/141020 J2J-d: 1890 J2J-s: 35854/86028 | map: 1881 tracked, 1379 hot
[JIT] Stats: 1048576 sends, 1240 compiled, 13830 failed, 4325/16384 KB code | IC: 125295/202981 (61% hit, 721 patched, 0 stale) | J2J-r: 0/0 J2J-a: 90083/148109 J2J-d: 1890 J2J-s: 35854/91914 | map: 1881 tracked, 1379 hot
[JIT] Stats: 1114112 sends, 1242 compiled, 13830 failed, 4339/16384 KB code | IC: 132338/218716 (60% hit, 721 patched, 0 stale) | J2J-r: 0/0 J2J-a: 91535/155152 J2J-d: 1890 J2J-s: 36125/97776 | map: 1882 tracked, 1380 hot
[JIT] Stats: 1179648 sends, 1242 compiled, 13830 failed, 4339/16384 KB code | IC: 138890/225269 (61% hit, 722 patched, 0 stale) | J2J-r: 0/0 J2J-a: 93212/161705 J2J-d: 1891 J2J-s: 36965/103492 | map: 1882 tracked, 1380 hot
[asmjit-t1] code.code_size=4744 out of [1, 4096]
[CACHE-29] #methodDict -> getter=-1 setter=-1 retSelf=0 prim=0 cls=0x30001ac30 method=0x3003aa4d8
[CACHE-30] #superclass -> getter=0 setter=-1 retSelf=0 prim=264 cls=0x30001ac30 method=0x3003aa468
[CACHE-31] #methodDict -> getter=-1 setter=-1 retSelf=0 prim=0 cls=0x3000168d8 method=0x3003aa4d8
[CACHE-32] #methodDict -> getter=-1 setter=-1 retSelf=0 prim=0 cls=0x30001d310 method=0x3003aa4d8
[CACHE-33] #superclass -> getter=0 setter=-1 retSelf=0 prim=264 cls=0x30001d310 method=0x3003aa468
[CACHE-34] #methodDict -> getter=-1 setter=-1 retSelf=0 prim=0 cls=0x30001ce10 method=0x3003aa4d8
[XFER-12] old=0x3037f6668 pri=80 -> new=0x423c3bc18 pri=80
[XFER-13] old=0x423c3bc18 pri=80 -> new=0x302c61398 pri=80
[XFER-14] old=0x302c61398 pri=80 -> new=0x3037f6668 pri=80
[SISTA-ACCUM-DIAG] pfbBC=2 blockLen=6 lead=4c (want 9-10, lead=fb)
[SISTA-ACCUM-DIAG] pfbBC=9 blockLen=4 lead=40 (want 9-10, lead=fb)
[asmjit-t1] code.code_size=6792 out of [1, 5632]
[syncDisplay] displayFormReady_=false (call 3), displayForm_ isNil=0
[JIT] Stats: 1245184 sends, 1475 compiled, 15600 failed, 5465/16384 KB code | IC: 149839/238509 (62% hit, 1030 patched, 0 stale) | J2J-r: 0/0 J2J-a: 100337/173890 J2J-d: 2107 J2J-s: 39846/111238 | map: 2258 tracked, 1622 hot
[asmjit-t1] code.code_size=3932 out of [1, 3584]
[asmjit-t1] code.code_size=3716 out of [1, 3584]
[SISTA-ACCUM-DIAG] pfbBC=17 blockLen=13 lead=40 (want 9-10, lead=fb)
[CACHE-35] #superclass -> getter=0 setter=-1 retSelf=0 prim=264 cls=0x30001ce10 method=0x3003aa468
[CACHE-36] #superclass -> getter=0 setter=-1 retSelf=0 prim=264 cls=0x30001ceb0 method=0x3003aa468
[CACHE-37] #superclass -> getter=0 setter=-1 retSelf=0 prim=264 cls=0x300017938 method=0x3003aa468
[CACHE-38] #superclass -> getter=0 setter=-1 retSelf=0 prim=264 cls=0x300016f28 method=0x3003aa468
[SISTA-COLLECT-DIAG] send1BC=5 selIdx=2 verdict=REJECT reject=non-simple block op rejOp=send
[CACHE-39] #keysDo: -> getter=-1 setter=-1 retSelf=0 prim=0 cls=0x300023cc0 method=0x3003359d0
[asmjit-t1] code.code_size=14484 out of [1, 13312]
[CACHE-40] #keys -> getter=-1 setter=-1 retSelf=0 prim=0 cls=0x300023cc0 method=0x300335a50
[SISTA-ACCUM-DIAG] pfbBC=3 blockLen=4 lead=40 (want 9-10, lead=fb)
[syncDisplay] displayFormReady_=false (call 4), displayForm_ isNil=0
[SISTA-ACCUM-DIAG] pfbBC=7 blockLen=4 lead=40 (want 9-10, lead=fb)
[SISTA-SELECT-CAND] pfbBC=10 send1BC=13 selIdx=4 litIdx=3 slot=0
[SISTA-SELECT-CAND] pfbBC=2 send1BC=5 selIdx=2 litIdx=1 slot=0
[SISTA-ACCUM-DIAG] pfbBC=88 blockLen=12 lead=40 (want 9-10, lead=fb)
[SISTA-ACCUM-DIAG] pfbBC=15 blockLen=5 lead=4c (want 9-10, lead=fb)
[SISTA-ACCUM-DIAG] pfbBC=22 blockLen=5 lead=4c (want 9-10, lead=fb)
[asmjit-t1] code.code_size=25864 out of [1, 25600]
[SISTA-INJECT-SPLICE-DIAG] send2BC=5 selIdx=1 verdict=REJECT reject=multi-block IR rejOp=return
[SISTA-COLLECT-DIAG] send1BC=4 selIdx=1 verdict=REJECT reject=non-simple block op rejOp=send
[SISTA-INJECT-SPLICE-DIAG] send2BC=6 selIdx=2 verdict=REJECT reject=non-simple block op rejOp=send
[asmjit-t1] code.code_size=5988 out of [1, 4608]
[CACHE-41] #superclass -> getter=0 setter=-1 retSelf=0 prim=264 cls=0x30001ceb0 method=0x3003aa468
[CACHE-42] #superclass -> getter=0 setter=-1 retSelf=0 prim=264 cls=0x300017938 method=0x3003aa468
[asmjit-t1] code.code_size=3716 out of [1, 3584]
[JIT] Stats: 1310720 sends, 1887 compiled, 17306 failed, 7253/16384 KB code | IC: 157445/250408 (62% hit, 1402 patched, 0 stale) | J2J-r: 0/0 J2J-a: 106407/185012 J2J-d: 2450 J2J-s: 43429/119402 | map: 2897 tracked, 2104 hot
[asmjit-t1] code.code_size=3132 out of [1, 3072]
[asmjit-t1] code.code_size=3716 out of [1, 3584]
[asmjit-t1] code.code_size=3716 out of [1, 3584]
[SISTA-INJECT-SPLICE-DIAG] send2BC=36 selIdx=4 verdict=REJECT reject=non-simple block op rejOp=send
[SISTA-INJECT-SPLICE-DIAG] send2BC=52 selIdx=4 verdict=REJECT reject=non-simple block op rejOp=send
[SISTA-IVINJECT-DIAG] toBC=31 verdict=REJECT reject=non-simple block op rejOp=send
[SISTA-IVINJECT-DIAG] toBC=47 verdict=REJECT reject=non-simple block op rejOp=send
[asmjit-t1] code.code_size=5768 out of [1, 5120]
[asmjit-t1] code.code_size=5768 out of [1, 5120]
[SISTA-INJECT-SPLICE-DIAG] send2BC=51 selIdx=6 verdict=REJECT reject=non-simple block op rejOp=send
[SISTA-IVINJECT-DIAG] toBC=46 verdict=REJECT reject=non-simple block op rejOp=send
[asmjit-t1] code.code_size=3940 out of [1, 3584]
[asmjit-t1] code.code_size=4744 out of [1, 4096]
[JIT] Stats: 1376256 sends, 2128 compiled, 18531 failed, 8281/16384 KB code | IC: 163613/261991 (62% hit, 1605 patched, 0 stale) | J2J-r: 0/0 J2J-a: 112982/195641 J2J-d: 2700 J2J-s: 47769/127496 | map: 3057 tracked, 2379 hot
[asmjit-t1] code.code_size=3724 out of [1, 3584]
[asmjit-t1] code.code_size=3724 out of [1, 3584]
[SISTA-COLLECT-DIAG] send1BC=5 selIdx=2 verdict=REJECT reject=non-simple block op rejOp=send
[CACHE-43] #superclass -> getter=0 setter=-1 retSelf=0 prim=264 cls=0x300024a50 method=0x3003aa468
[CACHE-44] #superclass -> getter=0 setter=-1 retSelf=0 prim=264 cls=0x300024af0 method=0x3003aa468
[CACHE-45] #superclass -> getter=0 setter=-1 retSelf=0 prim=264 cls=0x30001ba90 method=0x3003aa468
[CACHE-46] #superclass -> getter=0 setter=-1 retSelf=0 prim=264 cls=0x300019b10 method=0x3003aa468
[SISTA-COLLECT-DIAG] send1BC=5 selIdx=2 verdict=REJECT reject=non-simple block op rejOp=send
[SISTA-SELECT-CAND] pfbBC=2 send1BC=5 selIdx=2 litIdx=1 slot=0
[CACHE-47] #keys -> getter=-1 setter=-1 retSelf=0 prim=0 cls=0x3000173c8 method=0x3003040d0
[CACHE-48] #keysDo: -> getter=-1 setter=-1 retSelf=0 prim=0 cls=0x3000173c8 method=0x300304048
[SISTA-COLLECT-DIAG] send1BC=5 selIdx=2 verdict=REJECT reject=multi-block IR rejOp=return
[CACHE-49] #methodDict -> getter=-1 setter=-1 retSelf=0 prim=0 cls=0x3002329d0 method=0x3003aa4d8
[CACHE-50] #superclass -> getter=0 setter=-1 retSelf=0 prim=264 cls=0x3002329d0 method=0x3003aa468
[SISTA-SELECT-CAND] pfbBC=2 send1BC=5 selIdx=2 litIdx=1 slot=0
[asmjit-t1] code.code_size=10008 out of [1, 8704]
[asmjit-t1] code.code_size=4968 out of [1, 4096]
[asmjit-t1] code.code_size=4740 out of [1, 4096]
[asmjit-t1] code.code_size=3932 out of [1, 3584]
[asmjit-t1] code.code_size=3936 out of [1, 3584]
[XFER-15] old=0x3037f6668 pri=80 -> new=0x4240658d0 pri=80
[XFER-16] old=0x4240658d0 pri=80 -> new=0x3037f6668 pri=80
[JIT] Stats: 1441792 sends, 2384 compiled, 19684 failed, 9291/16384 KB code | IC: 170140/271442 (62% hit, 2012 patched, 0 stale) | J2J-r: 0/0 J2J-a: 117140/204538 J2J-d: 3115 J2J-s: 49637/133784 | map: 3598 tracked, 2689 hot
[XFER-17] old=0x3037f6668 pri=80 -> new=0x302c61398 pri=80
[XFER-18] old=0x302c61398 pri=80 -> new=0x3037f6668 pri=80
[asmjit-t1] code.code_size=3932 out of [1, 3584]
[asmjit-t1] code.code_size=25356 out of [1, 25088]
[asmjit-t1] code.code_size=4744 out of [1, 4608]
[SISTA-COLLECT-DIAG] send1BC=5 selIdx=2 verdict=REJECT reject=multi-block IR rejOp=return
[SISTA-COLLECT-DIAG] send1BC=10 selIdx=2 verdict=REJECT reject=multi-block IR rejOp=return
[SISTA-COLLECT-DIAG] send1BC=6 selIdx=2 verdict=REJECT reject=non-simple block op rejOp=send
[SISTA-COLLECT-DIAG] send1BC=6 selIdx=2 verdict=REJECT reject=non-simple block op rejOp=send
[asmjit-t1] code.code_size=6824 out of [1, 6144]
[asmjit-t1] code.code_size=6024 out of [1, 5632]
[asmjit-t1] code.code_size=5776 out of [1, 4608]
[asmjit-t1] code.code_size=4736 out of [1, 4096]
[SISTA-COLLECT-DIAG] send1BC=8 selIdx=4 verdict=REJECT reject=recursion guard rejOp=return
[SISTA-COLLECT-DIAG] send1BC=5 selIdx=2 verdict=REJECT reject=non-simple block op rejOp=load_lit
[asmjit-t1] code.code_size=19516 out of [1, 18944]
[JIT] Stats: 1507328 sends, 2697 compiled, 22097 failed, 10574/16384 KB code | IC: 178753/282300 (63% hit, 2505 patched, 0 stale) | J2J-r: 0/0 J2J-a: 123078/214625 J2J-d: 3544 J2J-s: 50804/138858 | map: 3902 tracked, 2993 hot
[asmjit-t1] code.code_size=5192 out of [1, 4096]
[asmjit-t1] code.code_size=5192 out of [1, 4096]
[asmjit-t1] code.code_size=3720 out of [1, 3584]
[SISTA-COLLECT-DIAG] send1BC=5 selIdx=2 verdict=REJECT reject=non-simple block op rejOp=send
[asmjit-t1] code.code_size=4744 out of [1, 4096]
[asmjit-t1] code.code_size=10568 out of [1, 10240]
[asmjit-t1] code.code_size=3708 out of [1, 3584]
[XFER-19] old=0x3037f6668 pri=80 -> new=0x302c61398 pri=80
[XFER-20] old=0x302c61398 pri=80 -> new=0x3037f6668 pri=80
[XFER-21] old=0x3037f6668 pri=80 -> new=0x4240658d0 pri=80
[XFER-22] old=0x4240658d0 pri=80 -> new=0x3037f6668 pri=80
[JIT] Stats: 1572864 sends, 2872 compiled, 24865 failed, 11469/16384 KB code | IC: 186698/293634 (63% hit, 2764 patched, 0 stale) | J2J-r: 0/0 J2J-a: 129379/225397 J2J-d: 3821 J2J-s: 53544/145816 | map: 4124 tracked, 3203 hot
[XFER-23] old=0x3037f6668 pri=80 -> new=0x302c61398 pri=80
[XFER-24] old=0x302c61398 pri=80 -> new=0x3037f6668 pri=80
[asmjit-t1] code.code_size=6728 out of [1, 6656]
[JIT] Stats: 1638400 sends, 2913 compiled, 28197 failed, 11705/16384 KB code | IC: 195292/305012 (64% hit, 2871 patched, 0 stale) | J2J-r: 0/0 J2J-a: 136286/236136 J2J-d: 3925 J2J-s: 56228/152055 | map: 4128 tracked, 3235 hot
[asmjit-t1] code.code_size=3940 out of [1, 3584]
[JIT] AUTO-EXCLUDED exception infra #signal: (class Exception class)
[JIT] Stats: 1703936 sends, 2967 compiled, 29412 failed, 11935/16384 KB code | IC: 201862/316281 (63% hit, 3061 patched, 0 stale) | J2J-r: 0/0 J2J-a: 142378/245854 J2J-d: 4174 J2J-s: 59874/159053 | map: 4203 tracked, 3293 hot
[asmjit-t1] code.code_size=5804 out of [1, 5632]
[asmjit-t1] code.code_size=4744 out of [1, 4096]
[asmjit-t1] code.code_size=3132 out of [1, 3072]
[JIT] Stats: 1769472 sends, 3054 compiled, 30793 failed, 12267/16384 KB code | IC: 208723/326456 (63% hit, 3139 patched, 0 stale) | J2J-r: 0/0 J2J-a: 147110/254916 J2J-d: 4356 J2J-s: 62239/165334 | map: 4216 tracked, 3379 hot
[XFER-25] old=0x3037f6668 pri=80 -> new=0x302c61398 pri=80
[XFER-26] old=0x302c61398 pri=80 -> new=0x3037f6668 pri=80
[XFER-27] old=0x3037f6668 pri=80 -> new=0x4240658d0 pri=80
[XFER-28] old=0x4240658d0 pri=80 -> new=0x3037f6668 pri=80
[XFER-29] old=0x3037f6668 pri=80 -> new=0x302c61398 pri=80
[XFER-30] old=0x302c61398 pri=80 -> new=0x3037f6668 pri=80
[JIT] Stats: 1835008 sends, 3069 compiled, 34341 failed, 12338/16384 KB code | IC: 217482/337478 (64% hit, 3329 patched, 0 stale) | J2J-r: 0/0 J2J-a: 153631/265489 J2J-d: 4508 J2J-s: 64522/171418 | map: 1635 tracked, 804 hot
[SISTA-SELECT-CAND] pfbBC=1 send1BC=4 selIdx=1 litIdx=0 slot=0
[SISTA-SELECT-EMIT] bc=1 slot=0 vid=1
[JIT] Stats: 1900544 sends, 3074 compiled, 36198 failed, 12359/16384 KB code | IC: 226121/348538 (64% hit, 3756 patched, 0 stale) | J2J-r: 0/0 J2J-a: 160107/276034 J2J-d: 4847 J2J-s: 67399/177978 | map: 2333 tracked, 1272 hot
[XFER-31] old=0x3037f6668 pri=80 -> new=0x302c61398 pri=80
[XFER-32] old=0x302c61398 pri=80 -> new=0x3037f6668 pri=80
[XFER-33] old=0x3037f6668 pri=80 -> new=0x3043183c8 pri=80
[XFER-34] old=0x3043183c8 pri=80 -> new=0x3037f6668 pri=80
[XFER-35] old=0x3037f6668 pri=80 -> new=0x3043183c8 pri=80
[XFER-36] old=0x3043183c8 pri=80 -> new=0x3037f6668 pri=80
[XFER-37] old=0x3037f6668 pri=80 -> new=0x3043183c8 pri=80
[JIT] Stats: 1966080 sends, 3149 compiled, 38284 failed, 12707/16384 KB code | IC: 236162/361807 (65% hit, 3996 patched, 0 stale) | J2J-r: 0/0 J2J-a: 166250/288462 J2J-d: 5078 J2J-s: 70622/187298 | map: 2619 tracked, 1525 hot
[XFER-38] old=0x3043183c8 pri=80 -> new=0x3037f6668 pri=80
[XFER-39] old=0x3037f6668 pri=80 -> new=0x3043183c8 pri=80
[XFER-40] old=0x3043183c8 pri=80 -> new=0x3037f6668 pri=80
[XFER-41] old=0x3037f6668 pri=80 -> new=0x3043183c8 pri=80
[XFER-42] old=0x3043183c8 pri=80 -> new=0x3037f6668 pri=80
[XFER-43] old=0x3037f6668 pri=80 -> new=0x3043183c8 pri=80
[XFER-44] old=0x3043183c8 pri=80 -> new=0x3037f6668 pri=80
[JIT] Stats: 2031616 sends, 3165 compiled, 40449 failed, 12774/16384 KB code | IC: 249482/377599 (66% hit, 4016 patched, 0 stale) | J2J-r: 0/0 J2J-a: 172332/302537 J2J-d: 5145 J2J-s: 74251/198853 | map: 2621 tracked, 1540 hot
[XFER-45] old=0x3037f6668 pri=80 -> new=0x3043183c8 pri=80
[XFER-46] old=0x3043183c8 pri=80 -> new=0x3037f6668 pri=80
[JIT] Stats: 2097152 sends, 3181 compiled, 44011 failed, 12812/16384 KB code | IC: 260283/390361 (66% hit, 4055 patched, 0 stale) | J2J-r: 0/0 J2J-a: 178867/314319 J2J-d: 5196 J2J-s: 76660/206329 | map: 2673 tracked, 1565 hot
[XFER-47] old=0x3037f6668 pri=80 -> new=0x423717a58 pri=80
[XFER-48] old=0x423717a58 pri=80 -> new=0x3037f6668 pri=80
[JIT] Stats: 2162688 sends, 3191 compiled, 45820 failed, 12859/16384 KB code | IC: 266919/397921 (67% hit, 4136 patched, 0 stale) | J2J-r: 0/0 J2J-a: 184045/321621 J2J-d: 5261 J2J-s: 78769/210415 | map: 2793 tracked, 1740 hot
[XFER-49] old=0x3037f6668 pri=80 -> new=0x302c61398 pri=80
[JIT] Stats: 2228224 sends, 3191 compiled, 45820 failed, 12859/16384 KB code | IC: 266920/397924 (67% hit, 4137 patched, 0 stale) | J2J-r: 0/0 J2J-a: 184046/321623 J2J-d: 5262 J2J-s: 78769/210416 | map: 2796 tracked, 1742 hot
[JIT] Stats: 2293760 sends, 3191 compiled, 45820 failed, 12859/16384 KB code | IC: 266920/397924 (67% hit, 4137 patched, 0 stale) | J2J-r: 0/0 J2J-a: 184046/321623 J2J-d: 5262 J2J-s: 78769/210416 | map: 2796 tracked, 1742 hot
[JIT] Stats: 2359296 sends, 3191 compiled, 45820 failed, 12859/16384 KB code | IC: 266920/397924 (67% hit, 4137 patched, 0 stale) | J2J-r: 0/0 J2J-a: 184046/321623 J2J-d: 5262 J2J-s: 78769/210416 | map: 2796 tracked, 1742 hot
[JIT] Stats: 2424832 sends, 3191 compiled, 45820 failed, 12859/16384 KB code | IC: 266920/397924 (67% hit, 4137 patched, 0 stale) | J2J-r: 0/0 J2J-a: 184046/321623 J2J-d: 5262 J2J-s: 78769/210416 | map: 2796 tracked, 1742 hot
[JIT] Stats: 2490368 sends, 3191 compiled, 45820 failed, 12859/16384 KB code | IC: 266920/397924 (67% hit, 4137 patched, 0 stale) | J2J-r: 0/0 J2J-a: 184046/321623 J2J-d: 5262 J2J-s: 78769/210416 | map: 2796 tracked, 1742 hot
[SISTA-SELECT-CAND] pfbBC=10 send1BC=13 selIdx=4 litIdx=3 slot=0
[SISTA-INJECT-SPLICE-DIAG] send2BC=5 selIdx=1 verdict=REJECT reject=recursion guard rejOp=return
[SISTA-INJECT-SPLICE-DIAG] send2BC=5 selIdx=1 verdict=REJECT reject=recursion guard rejOp=return
[SISTA-INJECT-SPLICE-DIAG] send2BC=6 selIdx=2 verdict=REJECT reject=non-simple block op rejOp=send
[asmjit-t1] code.code_size=24460 out of [1, 24064]
[MUSTBOOL] #1 fd=26 value_class=IceLibgitRepository value=0x30229a930 in=#ifTrue: rcv_class=IceSystemEventListener class method=0x3021ec778 numLits=8 ipOff=19
[MUSTBOOL] method header=0x8000000008600041 slotCount=13 method_class=CompiledBlock method_format=28 method_classIdx=3117
[MUSTBOOL]   slot[0]=0x8000000008600041
[MUSTBOOL]   slot[1]=0x3021f4518 class=3117 format=31
[MUSTBOOL]   slot[2]=0x3021a97e8 class=3139 format=1
[MUSTBOOL]   slot[3]=0x300060c18 class=3085 format=23 bytes="announcer"
[MUSTBOOL]   slot[4]=0x3021a9c50 class=3139 format=1
[MUSTBOOL]   slot[5]=0x30011a4d0 class=3085 format=20 bytes="for:"
[MUSTBOOL]   slot[6]=0x30005f910 class=3085 format=23 bytes="announce:"
[MUSTBOOL]   slot[7]=0x300050708 class=3085 format=17 bytes="ifTrue:"
[MUSTBOOL]   slot[8]=0x3021e1e28 class=3101 format=26
[MUSTBOOL]   slot[9]=0x410200fd4ed201e7 (raw bytecode bytes)
[MUSTBOOL]   slot[10]=0xfbd87b0200f94240 (raw bytecode bytes)
[MUSTBOOL]   slot[11]=0x9440138211c60200 (raw bytecode bytes)
[MUSTBOOL]   slot[12]=0x5e4fb095 (raw bytecode bytes)
[MUSTBOOL] bytecodes near ipOff=19: 00 02 7b d8 fb 00 02 c6 11 82 13 40 94
[MUSTBOOL] full bytecodes (21):
    0: e7 01 d2 4e fd 00 02 41 40 42 f9 00 02 7b d8 fb 00 02 c6 11 82
[MUSTBOOL] receiver slotCount=12 class=IceSystemEventListener class
[MUSTBOOL]   recv.slot[0]=0x300017970 (Object class)
[MUSTBOOL]   recv.slot[1]=0x302cfab68 (MethodDictionary)
[MUSTBOOL]   recv.slot[2]=0x1 (SmI(0))
[MUSTBOOL]   recv.slot[3]=0x3021b8a80 (FixedLayout)
[MUSTBOOL]   recv.slot[4]=0x3021b8a98 (Array)
[MUSTBOOL]   recv.slot[5]=0x300000000 (nil)
[MUSTBOOL]   recv.slot[6]=0x3021b0770 (ByteSymbol)
[MUSTBOOL]   recv.slot[7]=0x300000000 (nil)
[MUSTBOOL] stack: sp=0x427b0ec98 fp=0x427b0ec70 depth=26
[MUSTBOOL]   sp[-3]=0x423754f78 (Array)
[MUSTBOOL]   sp[-2]=0x423755890 (Array)
[MUSTBOOL]   sp[-1]=0x30229a930 (IceLibgitRepository)
[MUSTBOOL]   sp[0]=0x4237558a0 (FullBlockClosure)
[MUSTBOOL]   sp[1]=0x9 (SmallInteger)
[MUSTBOOL]   recent[16] WeakAnnouncementSubscription>>deliver:
[MUSTBOOL]   recent[17] FullBlockClosure>>on:fork:
[MUSTBOOL]   recent[18] FullBlockClosure>>on:do:
[MUSTBOOL]   recent[19] WeakAnnouncementSubscription>>cull:cull:
[MUSTBOOL]   recent[20] WeakMessageSend>>cull:cull:
[MUSTBOOL]   recent[21] WeakMessageSend>>cull:
[MUSTBOOL]   recent[22] WeakMessageSend>>value:
[MUSTBOOL]   recent[23] IceSystemEventListener class>>handleMethodChange:
[MUSTBOOL]   recent[24] IceSystemEventListener class>>handlePackagesChange:
[MUSTBOOL]   recent[25] OrderedCollection>>do:
[JIT] Stats: 2555904 sends, 3308 compiled, 46181 failed, 13510/16384 KB code | IC: 268593/400759 (67% hit, 4635 patched, 0 stale) | J2J-r: 0/0 J2J-a: 185349/324127 J2J-d: 5678 J2J-s: 79311/212084 | map: 3325 tracked, 2123 hot
[DRAIN-1] initial=11 processed=11 wka=3 wkaarr-drop=2 kept=6 dec=0 pending=11->11
[PREEMPT] P40→P60 (active=0x42300ce98 → 0x423010e48)
[asmjit-t1] code.code_size=3712 out of [1, 3584]
[asmjit-t1] code.code_size=3932 out of [1, 3584]
[asmjit-t1] code.code_size=3932 out of [1, 3584]
[asmjit-t1] code.code_size=3932 out of [1, 3584]
[DNU-STACK] Full call stack for #suspend (DNU #2):
[DNU-STACK]   [0] SUnitRunner class>>runSingleTest:selector:timeout:priority:on:
[DNU-STACK]   [1] FullBlockClosure>>on:do:
[DNU-STACK]   [2] Process>>unwindTo:
[DNU-STACK]   [current] #suspend fd=2
[SISTA-RING] tag=suspend seq=51669 count=32:
  [0] #max:                         RET   rcvr=0x9 ret/top=0x9 bailOp=0x00 argc=0 spΔ=0
  [1] #max:                         RET   rcvr=0x9 ret/top=0x9 bailOp=0x00 argc=0 spΔ=0
  [2] #max:                         RET   rcvr=0x9 ret/top=0x9 bailOp=0x00 argc=0 spΔ=0
  [3] #unresolvedName               RET   rcvr=0x42303bb08 ret/top=0x301b35f68 bailOp=0x00 argc=0 spΔ=0
  [4] #defaultContent               RET   rcvr=0x42303bb08 ret/top=0x3002711b8 bailOp=0x00 argc=0 spΔ=0
  [5] #defaultAuthor                RET   rcvr=0x42303bb08 ret/top=0x3002711b8 bailOp=0x00 argc=0 spΔ=0
  [6] #arrayType                    RET   rcvr=0x3000178d0 ret/top=0x3000164b0 bailOp=0x00 argc=0 spΔ=0
  [7] #max:                         RET   rcvr=0x9 ret/top=0x9 bailOp=0x00 argc=0 spΔ=0
  [8] #unresolvedName               RET   rcvr=0x42303c2f8 ret/top=0x301b35f68 bailOp=0x00 argc=0 spΔ=0
  [9] #arrayType                    RET   rcvr=0x3000178d0 ret/top=0x3000164b0 bailOp=0x00 argc=0 spΔ=0
  [10] #max:                         RET   rcvr=0x9 ret/top=0x9 bailOp=0x00 argc=0 spΔ=0
  [11] #max:                         RET   rcvr=0x9 ret/top=0x9 bailOp=0x00 argc=0 spΔ=0
  [12] #arrayType                    RET   rcvr=0x3000178d0 ret/top=0x3000164b0 bailOp=0x00 argc=0 spΔ=0
  [13] #size                         RET   rcvr=0x423040348 ret/top=0x1 bailOp=0x00 argc=0 spΔ=0
  [14] #size                         RET   rcvr=0x423040348 ret/top=0x1 bailOp=0x00 argc=0 spΔ=0
  [15] #size                         RET   rcvr=0x423040348 ret/top=0x1 bailOp=0x00 argc=0 spΔ=0
  [16] #size                         RET   rcvr=0x423040348 ret/top=0x1 bailOp=0x00 argc=0 spΔ=0
  [17] #arrayType                    RET   rcvr=0x3000178d0 ret/top=0x3000164b0 bailOp=0x00 argc=0 spΔ=0
  [18] #size                         RET   rcvr=0x423040348 ret/top=0x1 bailOp=0x00 argc=0 spΔ=0
  [19] #size                         RET   rcvr=0x4230403e8 ret/top=0x9 bailOp=0x00 argc=0 spΔ=0
  [20] #size                         RET   rcvr=0x4230403e8 ret/top=0x9 bailOp=0x00 argc=0 spΔ=0
  [21] #size                         RET   rcvr=0x4230403e8 ret/top=0x9 bailOp=0x00 argc=0 spΔ=0
  [22] #size                         RET   rcvr=0x4230403e8 ret/top=0x9 bailOp=0x00 argc=0 spΔ=0
  [23] #arrayType                    RET   rcvr=0x3000178d0 ret/top=0x3000164b0 bailOp=0x00 argc=0 spΔ=0
  [24] #size                         RET   rcvr=0x4230403e8 ret/top=0x9 bailOp=0x00 argc=0 spΔ=0
  [25] #size                         RET   rcvr=0x4230404a0 ret/top=0x29 bailOp=0x00 argc=0 spΔ=0
  [26] #size                         RET   rcvr=0x4230404a0 ret/top=0x29 bailOp=0x00 argc=0 spΔ=0
  [27] #max:                         RET   rcvr=0x61 ret/top=0x61 bailOp=0x00 argc=0 spΔ=0
  [28] #max:                         RET   rcvr=0x9 ret/top=0x9 bailOp=0x00 argc=0 spΔ=0
  [29] #arrayType                    RET   rcvr=0x3000178d0 ret/top=0x3000164b0 bailOp=0x00 argc=0 spΔ=0
  [30] #instanceVariablesToKeep      RET   rcvr=0x423025ff0 ret/top=0x3005a68b8 bailOp=0x00 argc=0 spΔ=0
  [31] #instanceVariablesToKeep      RET   rcvr=0x423025ff0 ret/top=0x3005a68b8 bailOp=0x00 argc=0 spΔ=0
[DNU] #2: #suspend not understood by rcvr=0x300000000 argCount=0 fd=2 in #suspend P80
[DNU]   rcvr cls=3075 fmt=0 class=nil
[DNU] 1MB-aligned check: rcvr=0x300000000 classAtIdx(3075).isNil=0 trap_env=0
[DNU]   FP=0x427b0e9e8 SP=0x427b0ea00 base=0x427b0e950
[DNU]   receiver_=0x3037fbf10 method_=0x303809d38
[DNU]   FP[-2] = 0x3000182e0
[DNU]   FP[-1] = 0x303809d60
[DNU]   FP[0] = 0x423043b40
[DNU]   FP[1] = 0x300000000
[DNU]   FP[2] = 0x300000000
[DNU]   FP[3] = 0x80001
[DNU]   FP[4] = 0x423042ca8
[DNU]   FP[5] = 0x4230430b0
[DNU]   FP[6] = 0x300000000
[DNU]   FP[7] = 0x3005a6ab8
[DNU]   FP[8] = 0x423042ca8
[DNU]   FP[9] = 0x4230430b0
[DNU]   FP[10] = 0x301b87260
[asmjit-t1] code.code_size=4960 out of [1, 4096]
[asmjit-t1] code.code_size=3132 out of [1, 3072]
[PREEMPT] P40→P60 (active=0x423049398 → 0x42304d348)
[DNU-STACK] Full call stack for #suspend (DNU #3):
[DNU-STACK]   [0] SUnitRunner class>>runSingleTest:selector:timeout:priority:on:
[DNU-STACK]   [1] FullBlockClosure>>on:do:
[DNU-STACK]   [2] Process>>unwindTo:
[DNU-STACK]   [current] #suspend fd=2
[SISTA-RING] tag=suspend seq=51812 count=32:
  [0] #max:                         RET   rcvr=0x9 ret/top=0x9 bailOp=0x00 argc=0 spΔ=0
  [1] #max:                         RET   rcvr=0x9 ret/top=0x9 bailOp=0x00 argc=0 spΔ=0
  [2] #max:                         RET   rcvr=0x9 ret/top=0x9 bailOp=0x00 argc=0 spΔ=0
  [3] #unresolvedName               RET   rcvr=0x423068c08 ret/top=0x301b35f68 bailOp=0x00 argc=0 spΔ=0
  [4] #defaultContent               RET   rcvr=0x423068c08 ret/top=0x3002711b8 bailOp=0x00 argc=0 spΔ=0
  [5] #defaultAuthor                RET   rcvr=0x423068c08 ret/top=0x3002711b8 bailOp=0x00 argc=0 spΔ=0
  [6] #arrayType                    RET   rcvr=0x3000178d0 ret/top=0x3000164b0 bailOp=0x00 argc=0 spΔ=0
  [7] #max:                         RET   rcvr=0x9 ret/top=0x9 bailOp=0x00 argc=0 spΔ=0
  [8] #unresolvedName               RET   rcvr=0x423069e00 ret/top=0x301b35f68 bailOp=0x00 argc=0 spΔ=0
  [9] #arrayType                    RET   rcvr=0x3000178d0 ret/top=0x3000164b0 bailOp=0x00 argc=0 spΔ=0
  [10] #max:                         RET   rcvr=0x9 ret/top=0x9 bailOp=0x00 argc=0 spΔ=0
  [11] #max:                         RET   rcvr=0x9 ret/top=0x9 bailOp=0x00 argc=0 spΔ=0
  [12] #arrayType                    RET   rcvr=0x3000178d0 ret/top=0x3000164b0 bailOp=0x00 argc=0 spΔ=0
  [13] #size                         RET   rcvr=0x42306de50 ret/top=0x1 bailOp=0x00 argc=0 spΔ=0
  [14] #size                         RET   rcvr=0x42306de50 ret/top=0x1 bailOp=0x00 argc=0 spΔ=0
  [15] #size                         RET   rcvr=0x42306de50 ret/top=0x1 bailOp=0x00 argc=0 spΔ=0
  [16] #size                         RET   rcvr=0x42306de50 ret/top=0x1 bailOp=0x00 argc=0 spΔ=0
  [17] #arrayType                    RET   rcvr=0x3000178d0 ret/top=0x3000164b0 bailOp=0x00 argc=0 spΔ=0
  [18] #size                         RET   rcvr=0x42306de50 ret/top=0x1 bailOp=0x00 argc=0 spΔ=0
  [19] #size                         RET   rcvr=0x42306def0 ret/top=0x9 bailOp=0x00 argc=0 spΔ=0
  [20] #size                         RET   rcvr=0x42306def0 ret/top=0x9 bailOp=0x00 argc=0 spΔ=0
  [21] #size                         RET   rcvr=0x42306def0 ret/top=0x9 bailOp=0x00 argc=0 spΔ=0
  [22] #size                         RET   rcvr=0x42306def0 ret/top=0x9 bailOp=0x00 argc=0 spΔ=0
  [23] #arrayType                    RET   rcvr=0x3000178d0 ret/top=0x3000164b0 bailOp=0x00 argc=0 spΔ=0
  [24] #size                         RET   rcvr=0x42306def0 ret/top=0x9 bailOp=0x00 argc=0 spΔ=0
  [25] #size                         RET   rcvr=0x42306dfa8 ret/top=0x29 bailOp=0x00 argc=0 spΔ=0
  [26] #size                         RET   rcvr=0x42306dfa8 ret/top=0x29 bailOp=0x00 argc=0 spΔ=0
  [27] #max:                         RET   rcvr=0x61 ret/top=0x61 bailOp=0x00 argc=0 spΔ=0
  [28] #max:                         RET   rcvr=0x9 ret/top=0x9 bailOp=0x00 argc=0 spΔ=0
  [29] #size                         RET   rcvr=0x423055330 ret/top=0x21 bailOp=0x00 argc=0 spΔ=0
  [30] #arrayType                    RET   rcvr=0x3000178d0 ret/top=0x3000164b0 bailOp=0x00 argc=0 spΔ=0
  [31] #instanceVariablesToKeep      RET   rcvr=0x423052578 ret/top=0x3005a68b8 bailOp=0x00 argc=0 spΔ=0
[DNU] #3: #suspend not understood by rcvr=0x300000000 argCount=0 fd=2 in #suspend P80
[DNU]   rcvr cls=3075 fmt=0 class=nil
[DNU] 1MB-aligned check: rcvr=0x300000000 classAtIdx(3075).isNil=0 trap_env=0
[DNU]   FP=0x427b0e9e8 SP=0x427b0ea00 base=0x427b0e950
[DNU]   receiver_=0x3037fbf10 method_=0x303809d38
[DNU]   FP[-2] = 0x3000182e0
[DNU]   FP[-1] = 0x303809d60
[DNU]   FP[0] = 0x423071648
[DNU]   FP[1] = 0x300000000
[DNU]   FP[2] = 0x300000000
[DNU]   FP[3] = 0x80001
[DNU]   FP[4] = 0x4230707b0
[DNU]   FP[5] = 0x423070bb8
[DNU]   FP[6] = 0x300000000
[DNU]   FP[7] = 0x3005a6ab8
[DNU]   FP[8] = 0x4230707b0
[DNU]   FP[9] = 0x423070bb8
[DNU]   FP[10] = 0x301b87260
[SISTA-SELECT-CAND] pfbBC=27 send1BC=30 selIdx=11 litIdx=10 slot=0
[PREEMPT] P40→P60 (active=0x423076ea0 → 0x42307ae50)
[asmjit-t1] code.code_size=3932 out of [1, 3584]
[PREEMPT] P40→P60 (active=0x423076ea0 → 0x42307ae50)
[DNU-STACK] Full call stack for #suspend (DNU #4):
[DNU-STACK]   [0] SUnitRunner class>>runSingleTest:selector:timeout:priority:on:
[DNU-STACK]   [1] FullBlockClosure>>on:do:
[DNU-STACK]   [2] Process>>unwindTo:
[DNU-STACK]   [current] #suspend fd=2
[SISTA-RING] tag=suspend seq=51959 count=32:
  [0] #max:                         RET   rcvr=0x9 ret/top=0x9 bailOp=0x00 argc=0 spΔ=0
  [1] #unresolvedName               RET   rcvr=0x42309e4a8 ret/top=0x301b35f68 bailOp=0x00 argc=0 spΔ=0
  [2] #defaultContent               RET   rcvr=0x42309e4a8 ret/top=0x3002711b8 bailOp=0x00 argc=0 spΔ=0
  [3] #defaultAuthor                RET   rcvr=0x42309e4a8 ret/top=0x3002711b8 bailOp=0x00 argc=0 spΔ=0
  [4] #arrayType                    RET   rcvr=0x3000178d0 ret/top=0x3000164b0 bailOp=0x00 argc=0 spΔ=0
  [5] #max:                         RET   rcvr=0x9 ret/top=0x9 bailOp=0x00 argc=0 spΔ=0
  [6] #unresolvedName               RET   rcvr=0x42309ec98 ret/top=0x301b35f68 bailOp=0x00 argc=0 spΔ=0
  [7] #arrayType                    RET   rcvr=0x3000178d0 ret/top=0x3000164b0 bailOp=0x00 argc=0 spΔ=0
  [8] #max:                         RET   rcvr=0x9 ret/top=0x9 bailOp=0x00 argc=0 spΔ=0
  [9] #max:                         RET   rcvr=0x9 ret/top=0x9 bailOp=0x00 argc=0 spΔ=0
  [10] #arrayType                    RET   rcvr=0x3000178d0 ret/top=0x3000164b0 bailOp=0x00 argc=0 spΔ=0
  [11] #size                         RET   rcvr=0x4230a2a10 ret/top=0x1 bailOp=0x00 argc=0 spΔ=0
  [12] #size                         RET   rcvr=0x4230a2a10 ret/top=0x1 bailOp=0x00 argc=0 spΔ=0
  [13] #size                         RET   rcvr=0x4230a2a10 ret/top=0x1 bailOp=0x00 argc=0 spΔ=0
  [14] #size                         RET   rcvr=0x4230a2a10 ret/top=0x1 bailOp=0x00 argc=0 spΔ=0
  [15] #arrayType                    RET   rcvr=0x3000178d0 ret/top=0x3000164b0 bailOp=0x00 argc=0 spΔ=0
  [16] #size                         RET   rcvr=0x4230a2a10 ret/top=0x1 bailOp=0x00 argc=0 spΔ=0
  [17] #size                         RET   rcvr=0x4230a2ab0 ret/top=0x9 bailOp=0x00 argc=0 spΔ=0
  [18] #size                         RET   rcvr=0x4230a2ab0 ret/top=0x9 bailOp=0x00 argc=0 spΔ=0
  [19] #size                         RET   rcvr=0x4230a2ab0 ret/top=0x9 bailOp=0x00 argc=0 spΔ=0
  [20] #size                         RET   rcvr=0x4230a2ab0 ret/top=0x9 bailOp=0x00 argc=0 spΔ=0
  [21] #arrayType                    RET   rcvr=0x3000178d0 ret/top=0x3000164b0 bailOp=0x00 argc=0 spΔ=0
  [22] #size                         RET   rcvr=0x4230a2ab0 ret/top=0x9 bailOp=0x00 argc=0 spΔ=0
  [23] #size                         RET   rcvr=0x4230a2b68 ret/top=0x29 bailOp=0x00 argc=0 spΔ=0
  [24] #size                         RET   rcvr=0x4230a2b68 ret/top=0x29 bailOp=0x00 argc=0 spΔ=0
  [25] #max:                         RET   rcvr=0x61 ret/top=0x61 bailOp=0x00 argc=0 spΔ=0
  [26] #max:                         RET   rcvr=0x9 ret/top=0x9 bailOp=0x00 argc=0 spΔ=0
  [27] #size                         RET   rcvr=0x423081df8 ret/top=0x21 bailOp=0x00 argc=0 spΔ=0
  [28] #arrayType                    RET   rcvr=0x3000178d0 ret/top=0x3000164b0 bailOp=0x00 argc=0 spΔ=0
  [29] #size                         RET   rcvr=0x4230a4420 ret/top=0x9 bailOp=0x00 argc=0 spΔ=0
  [30] #arrayType                    RET   rcvr=0x3000178d0 ret/top=0x3000164b0 bailOp=0x00 argc=0 spΔ=0
  [31] #instanceVariablesToKeep      RET   rcvr=0x42307fe68 ret/top=0x3005a68b8 bailOp=0x00 argc=0 spΔ=0
[DNU] #4: #suspend not understood by rcvr=0x300000000 argCount=0 fd=2 in #suspend P80
[DNU]   rcvr cls=3075 fmt=0 class=nil
[DNU] 1MB-aligned check: rcvr=0x300000000 classAtIdx(3075).isNil=0 trap_env=0
[PREEMPT] P40→P60 (active=0x4230ad0e0 → 0x4230b1090)
[asmjit-t1] code.code_size=4960 out of [1, 4096]
[DNU-STACK] Full call stack for #suspend (DNU #5):
[DNU-STACK]   [0] SUnitRunner class>>runSingleTest:selector:timeout:priority:on:
[DNU-STACK]   [1] FullBlockClosure>>on:do:
[DNU-STACK]   [2] Process>>unwindTo:
[DNU-STACK]   [current] #suspend fd=2
[SISTA-RING] tag=suspend seq=52110 count=32:
  [0] #max:                         RET   rcvr=0x9 ret/top=0x9 bailOp=0x00 argc=0 spΔ=0
  [1] #unresolvedName               RET   rcvr=0x4230d2f68 ret/top=0x301b35f68 bailOp=0x00 argc=0 spΔ=0
  [2] #arrayType                    RET   rcvr=0x3000178d0 ret/top=0x3000164b0 bailOp=0x00 argc=0 spΔ=0
  [3] #max:                         RET   rcvr=0x9 ret/top=0x9 bailOp=0x00 argc=0 spΔ=0
  [4] #max:                         RET   rcvr=0x9 ret/top=0x9 bailOp=0x00 argc=0 spΔ=0
  [5] #arrayType                    RET   rcvr=0x3000178d0 ret/top=0x3000164b0 bailOp=0x00 argc=0 spΔ=0
  [6] #size                         RET   rcvr=0x4230d6ce0 ret/top=0x1 bailOp=0x00 argc=0 spΔ=0
  [7] #size                         RET   rcvr=0x4230d6ce0 ret/top=0x1 bailOp=0x00 argc=0 spΔ=0
  [8] #size                         RET   rcvr=0x4230d6ce0 ret/top=0x1 bailOp=0x00 argc=0 spΔ=0
  [9] #size                         RET   rcvr=0x4230d6ce0 ret/top=0x1 bailOp=0x00 argc=0 spΔ=0
  [10] #arrayType                    RET   rcvr=0x3000178d0 ret/top=0x3000164b0 bailOp=0x00 argc=0 spΔ=0
  [11] #size                         RET   rcvr=0x4230d6ce0 ret/top=0x1 bailOp=0x00 argc=0 spΔ=0
  [12] #size                         RET   rcvr=0x4230d6d80 ret/top=0x9 bailOp=0x00 argc=0 spΔ=0
  [13] #size                         RET   rcvr=0x4230d6d80 ret/top=0x9 bailOp=0x00 argc=0 spΔ=0
  [14] #size                         RET   rcvr=0x4230d6d80 ret/top=0x9 bailOp=0x00 argc=0 spΔ=0
  [15] #size                         RET   rcvr=0x4230d6d80 ret/top=0x9 bailOp=0x00 argc=0 spΔ=0
  [16] #arrayType                    RET   rcvr=0x3000178d0 ret/top=0x3000164b0 bailOp=0x00 argc=0 spΔ=0
  [17] #size                         RET   rcvr=0x4230d6d80 ret/top=0x9 bailOp=0x00 argc=0 spΔ=0
  [18] #size                         RET   rcvr=0x4230d6e38 ret/top=0x29 bailOp=0x00 argc=0 spΔ=0
  [19] #size                         RET   rcvr=0x4230d6e38 ret/top=0x29 bailOp=0x00 argc=0 spΔ=0
  [20] #max:                         RET   rcvr=0x61 ret/top=0x61 bailOp=0x00 argc=0 spΔ=0
  [21] #max:                         RET   rcvr=0x9 ret/top=0x9 bailOp=0x00 argc=0 spΔ=0
  [22] #flag:                        RET   rcvr=0x30001bb68 ret/top=0x30001bb68 bailOp=0x00 argc=0 spΔ=0
  [23] #max:                         RET   rcvr=0x1 ret/top=0x9 bailOp=0x00 argc=0 spΔ=0
  [24] #size                         RET   rcvr=0x4230b8038 ret/top=0x9 bailOp=0x00 argc=0 spΔ=0
  [25] #flag:                        RET   rcvr=0x30001bb68 ret/top=0x30001bb68 bailOp=0x00 argc=0 spΔ=0
  [26] #max:                         RET   rcvr=0x1 ret/top=0x9 bailOp=0x00 argc=0 spΔ=0
  [27] #flag:                        RET   rcvr=0x30001bb68 ret/top=0x30001bb68 bailOp=0x00 argc=0 spΔ=0
  [28] #max:                         RET   rcvr=0x1 ret/top=0x9 bailOp=0x00 argc=0 spΔ=0
  [29] #size                         RET   rcvr=0x4230b8038 ret/top=0x19 bailOp=0x00 argc=0 spΔ=0
  [30] #arrayType                    RET   rcvr=0x3000178d0 ret/top=0x3000164b0 bailOp=0x00 argc=0 spΔ=0
  [31] #instanceVariablesToKeep      RET   rcvr=0x4230b60a8 ret/top=0x3005a68b8 bailOp=0x00 argc=0 spΔ=0
[DNU] #5: #suspend not understood by rcvr=0x300000000 argCount=0 fd=2 in #suspend P80
[DNU]   rcvr cls=3075 fmt=0 class=nil
[DNU] 1MB-aligned check: rcvr=0x300000000 classAtIdx(3075).isNil=0 trap_env=0
[DNU-STACK] Full call stack for #suspend (DNU #6):
[DNU-STACK]   [0] SUnitRunner class>>runSingleTest:selector:timeout:priority:on:
[DNU-STACK]   [1] FullBlockClosure>>on:do:
[DNU-STACK]   [2] Process>>unwindTo:
[DNU-STACK]   [current] #suspend fd=2
[SISTA-RING] tag=suspend seq=52265 count=32:
  [0] #arrayType                    RET   rcvr=0x3000178d0 ret/top=0x3000164b0 bailOp=0x00 argc=0 spΔ=0
  [1] #size                         RET   rcvr=0x42310f6d0 ret/top=0x1 bailOp=0x00 argc=0 spΔ=0
  [2] #size                         RET   rcvr=0x42310f770 ret/top=0x9 bailOp=0x00 argc=0 spΔ=0
  [3] #size                         RET   rcvr=0x42310f770 ret/top=0x9 bailOp=0x00 argc=0 spΔ=0
  [4] #size                         RET   rcvr=0x42310f770 ret/top=0x9 bailOp=0x00 argc=0 spΔ=0
  [5] #size                         RET   rcvr=0x42310f770 ret/top=0x9 bailOp=0x00 argc=0 spΔ=0
  [6] #arrayType                    RET   rcvr=0x3000178d0 ret/top=0x3000164b0 bailOp=0x00 argc=0 spΔ=0
  [7] #size                         RET   rcvr=0x42310f770 ret/top=0x9 bailOp=0x00 argc=0 spΔ=0
  [8] #size                         RET   rcvr=0x42310f828 ret/top=0x29 bailOp=0x00 argc=0 spΔ=0
  [9] #size                         RET   rcvr=0x42310f828 ret/top=0x29 bailOp=0x00 argc=0 spΔ=0
  [10] #max:                         RET   rcvr=0x61 ret/top=0x61 bailOp=0x00 argc=0 spΔ=0
  [11] #max:                         RET   rcvr=0x9 ret/top=0x9 bailOp=0x00 argc=0 spΔ=0
  [12] #arrayType                    RET   rcvr=0x3000178d0 ret/top=0x3000164b0 bailOp=0x00 argc=0 spΔ=0
  [13] #max:                         RET   rcvr=0x9 ret/top=0x9 bailOp=0x00 argc=0 spΔ=0
  [14] #max:                         RET   rcvr=0x29 ret/top=0x29 bailOp=0x00 argc=0 spΔ=0
  [15] #max:                         RET   rcvr=0x29 ret/top=0x29 bailOp=0x00 argc=0 spΔ=0
  [16] #isSuspended                  RET   rcvr=0x42310a0d0 ret/top=0x300000010 bailOp=0x00 argc=0 spΔ=0
  [17] #maxSmallSize                 RET   rcvr=0x300016e10 ret/top=0x7f9 bailOp=0x00 argc=0 spΔ=0
  [18] #maxSmallSize                 RET   rcvr=0x300016e10 ret/top=0x7f9 bailOp=0x00 argc=0 spΔ=0
  [19] #max:                         RET   rcvr=0x1 ret/top=0x1 bailOp=0x00 argc=0 spΔ=0
  [20] #arrayType                    RET   rcvr=0x3000178d0 ret/top=0x3000164b0 bailOp=0x00 argc=0 spΔ=0
  [21] #size                         RET   rcvr=0x423119510 ret/top=0x1 bailOp=0x00 argc=0 spΔ=0
  [22] #arrayType                    RET   rcvr=0x3000178d0 ret/top=0x3000164b0 bailOp=0x00 argc=0 spΔ=0
  [23] #arrayType                    RET   rcvr=0x3000178d0 ret/top=0x3000164b0 bailOp=0x00 argc=0 spΔ=0
  [24] #arrayType                    RET   rcvr=0x3000178d0 ret/top=0x3000164b0 bailOp=0x00 argc=0 spΔ=0
  [25] #max:                         RET   rcvr=0x9 ret/top=0x9 bailOp=0x00 argc=0 spΔ=0
  [26] #max:                         RET   rcvr=0x9 ret/top=0x9 bailOp=0x00 argc=0 spΔ=0
  [27] #max:                         RET   rcvr=0x1 ret/top=0x9 bailOp=0x00 argc=0 spΔ=0
  [28] #max:                         RET   rcvr=0x1 ret/top=0x1 bailOp=0x00 argc=0 spΔ=0
  [29] #size                         RET   rcvr=0x423110db8 ret/top=0x9 bailOp=0x00 argc=0 spΔ=0
  [30] #arrayType                    RET   rcvr=0x3000178d0 ret/top=0x3000164b0 bailOp=0x00 argc=0 spΔ=0
  [31] #instanceVariablesToKeep      RET   rcvr=0x4230f5580 ret/top=0x3005a68b8 bailOp=0x00 argc=0 spΔ=0
[DNU] #6: #suspend not understood by rcvr=0x300000000 argCount=0 fd=2 in #suspend P80
[DNU]   rcvr cls=3075 fmt=0 class=nil
[DNU] 1MB-aligned check: rcvr=0x300000000 classAtIdx(3075).isNil=0 trap_env=0
[JIT] Stats: 2621440 sends, 3568 compiled, 47083 failed, 14338/16384 KB code | IC: 274991/410836 (66% hit, 5215 patched, 0 stale) | J2J-r: 0/0 J2J-a: 189217/332961 J2J-d: 6092 J2J-s: 81259/218763 | map: 2105 tracked, 1234 hot
[asmjit-t1] code.code_size=3932 out of [1, 3584]
[asmjit-t1] code.code_size=3932 out of [1, 3584]
[asmjit-t1] code.code_size=4960 out of [1, 4096]
[DNU-STACK] Full call stack for #suspend (DNU #7):
[DNU-STACK]   [0] SUnitRunner class>>runSingleTest:selector:timeout:priority:on:
[DNU-STACK]   [1] FullBlockClosure>>on:do:
[DNU-STACK]   [2] Process>>unwindTo:
[DNU-STACK]   [current] #suspend fd=2
[SISTA-RING] tag=suspend seq=52737 count=32:
  [0] #arrayType                    RET   rcvr=0x3000178d0 ret/top=0x3000164b0 bailOp=0x00 argc=0 spΔ=0
  [1] #isSuspended                  RET   rcvr=0x423145090 ret/top=0x300000010 bailOp=0x00 argc=0 spΔ=0
  [2] #maxSmallSize                 RET   rcvr=0x300016e10 ret/top=0x7f9 bailOp=0x00 argc=0 spΔ=0
  [3] #maxSmallSize                 RET   rcvr=0x300016e10 ret/top=0x7f9 bailOp=0x00 argc=0 spΔ=0
  [4] #max:                         RET   rcvr=0x1 ret/top=0x1 bailOp=0x00 argc=0 spΔ=0
  [5] #arrayType                    RET   rcvr=0x3000178d0 ret/top=0x3000164b0 bailOp=0x00 argc=0 spΔ=0
  [6] #size                         RET   rcvr=0x4231ade90 ret/top=0x1 bailOp=0x00 argc=0 spΔ=0
  [7] #arrayType                    RET   rcvr=0x3000178d0 ret/top=0x3000164b0 bailOp=0x00 argc=0 spΔ=0
  [8] #arrayType                    RET   rcvr=0x3000178d0 ret/top=0x3000164b0 bailOp=0x00 argc=0 spΔ=0
  [9] #arrayType                    RET   rcvr=0x3000178d0 ret/top=0x3000164b0 bailOp=0x00 argc=0 spΔ=0
  [10] #max:                         RET   rcvr=0x9 ret/top=0x9 bailOp=0x00 argc=0 spΔ=0
  [11] #max:                         RET   rcvr=0x1 ret/top=0x9 bailOp=0x00 argc=0 spΔ=0
  [12] #max:                         RET   rcvr=0x1 ret/top=0x1 bailOp=0x00 argc=0 spΔ=0
  [13] #max:                         RET   rcvr=0x1 ret/top=0x1 bailOp=0x00 argc=0 spΔ=0
  [14] #max:                         RET   rcvr=0x1 ret/top=0x9 bailOp=0x00 argc=0 spΔ=0
  [15] #max:                         RET   rcvr=0x1 ret/top=0x1 bailOp=0x00 argc=0 spΔ=0
  [16] #max:                         RET   rcvr=0x1 ret/top=0x1 bailOp=0x00 argc=0 spΔ=0
  [17] #size                         RET   rcvr=0x42318c5d0 ret/top=0x11 bailOp=0x00 argc=0 spΔ=0
  [18] #isSuspended                  RET   rcvr=0x423145090 ret/top=0x300000010 bailOp=0x00 argc=0 spΔ=0
  [19] #maxSmallSize                 RET   rcvr=0x300016e10 ret/top=0x7f9 bailOp=0x00 argc=0 spΔ=0
  [20] #maxSmallSize                 RET   rcvr=0x300016e10 ret/top=0x7f9 bailOp=0x00 argc=0 spΔ=0
  [21] #max:                         RET   rcvr=0x1 ret/top=0x1 bailOp=0x00 argc=0 spΔ=0
  [22] #arrayType                    RET   rcvr=0x3000178d0 ret/top=0x3000164b0 bailOp=0x00 argc=0 spΔ=0
  [23] #size                         RET   rcvr=0x4231c0788 ret/top=0x1 bailOp=0x00 argc=0 spΔ=0
  [24] #arrayType                    RET   rcvr=0x3000178d0 ret/top=0x3000164b0 bailOp=0x00 argc=0 spΔ=0
  [25] #arrayType                    RET   rcvr=0x3000178d0 ret/top=0x3000164b0 bailOp=0x00 argc=0 spΔ=0
  [26] #arrayType                    RET   rcvr=0x3000178d0 ret/top=0x3000164b0 bailOp=0x00 argc=0 spΔ=0
  [27] #max:                         RET   rcvr=0x1 ret/top=0x9 bailOp=0x00 argc=0 spΔ=0
  [28] #max:                         RET   rcvr=0x1 ret/top=0x1 bailOp=0x00 argc=0 spΔ=0
  [29] #size                         RET   rcvr=0x42318c5d0 ret/top=0x19 bailOp=0x00 argc=0 spΔ=0
  [30] #arrayType                    RET   rcvr=0x3000178d0 ret/top=0x3000164b0 bailOp=0x00 argc=0 spΔ=0
  [31] #instanceVariablesToKeep      RET   rcvr=0x423130210 ret/top=0x3005a68b8 bailOp=0x00 argc=0 spΔ=0
[DNU] #7: #suspend not understood by rcvr=0x300000000 argCount=0 fd=2 in #suspend P80
[DNU]   rcvr cls=3075 fmt=0 class=nil
[DNU] 1MB-aligned check: rcvr=0x300000000 classAtIdx(3075).isNil=0 trap_env=0
[DNU-STACK] Full call stack for #suspend (DNU #8):
[DNU-STACK]   [0] SUnitRunner class>>runSingleTest:selector:timeout:priority:on:
[DNU-STACK]   [1] FullBlockClosure>>on:do:
[DNU-STACK]   [2] Process>>unwindTo:
[DNU-STACK]   [current] #suspend fd=2
[SISTA-RING] tag=suspend seq=53060 count=32:
  [0] #max:                         RET   rcvr=0x1 ret/top=0x1 bailOp=0x00 argc=0 spΔ=0
  [1] #max:                         RET   rcvr=0x1 ret/top=0x1 bailOp=0x00 argc=0 spΔ=0
  [2] #size                         RET   rcvr=0x423215c80 ret/top=0x1 bailOp=0x00 argc=0 spΔ=0
  [3] #max:                         RET   rcvr=0x9 ret/top=0x9 bailOp=0x00 argc=0 spΔ=0
  [4] #max:                         RET   rcvr=0x9 ret/top=0x9 bailOp=0x00 argc=0 spΔ=0
  [5] #maxSmallSize                 RET   rcvr=0x300016e10 ret/top=0x7f9 bailOp=0x00 argc=0 spΔ=0
  [6] #maxSmallSize                 RET   rcvr=0x300016e10 ret/top=0x7f9 bailOp=0x00 argc=0 spΔ=0
  [7] #max:                         RET   rcvr=0x1 ret/top=0x1 bailOp=0x00 argc=0 spΔ=0
  [8] #arrayType                    RET   rcvr=0x3000178d0 ret/top=0x3000164b0 bailOp=0x00 argc=0 spΔ=0
  [9] #size                         RET   rcvr=0x42322e720 ret/top=0x1 bailOp=0x00 argc=0 spΔ=0
  [10] #arrayType                    RET   rcvr=0x3000178d0 ret/top=0x3000164b0 bailOp=0x00 argc=0 spΔ=0
  [11] #arrayType                    RET   rcvr=0x3000178d0 ret/top=0x3000164b0 bailOp=0x00 argc=0 spΔ=0
  [12] #arrayType                    RET   rcvr=0x3000178d0 ret/top=0x3000164b0 bailOp=0x00 argc=0 spΔ=0
  [13] #isSuspended                  RET   rcvr=0x4231ebce0 ret/top=0x300000010 bailOp=0x00 argc=0 spΔ=0
  [14] #maxSmallSize                 RET   rcvr=0x300016e10 ret/top=0x7f9 bailOp=0x00 argc=0 spΔ=0
  [15] #maxSmallSize                 RET   rcvr=0x300016e10 ret/top=0x7f9 bailOp=0x00 argc=0 spΔ=0
  [16] #max:                         RET   rcvr=0x1 ret/top=0x1 bailOp=0x00 argc=0 spΔ=0
  [17] #arrayType                    RET   rcvr=0x3000178d0 ret/top=0x3000164b0 bailOp=0x00 argc=0 spΔ=0
  [18] #size                         RET   rcvr=0x4232337d8 ret/top=0x1 bailOp=0x00 argc=0 spΔ=0
  [19] #arrayType                    RET   rcvr=0x3000178d0 ret/top=0x3000164b0 bailOp=0x00 argc=0 spΔ=0
  [20] #arrayType                    RET   rcvr=0x3000178d0 ret/top=0x3000164b0 bailOp=0x00 argc=0 spΔ=0
  [21] #arrayType                    RET   rcvr=0x3000178d0 ret/top=0x3000164b0 bailOp=0x00 argc=0 spΔ=0
  [22] #max:                         RET   rcvr=0x9 ret/top=0x9 bailOp=0x00 argc=0 spΔ=0
  [23] #max:                         RET   rcvr=0x1 ret/top=0x1 bailOp=0x00 argc=0 spΔ=0
  [24] #max:                         RET   rcvr=0x1 ret/top=0x1 bailOp=0x00 argc=0 spΔ=0
  [25] #max:                         RET   rcvr=0x1 ret/top=0x1 bailOp=0x00 argc=0 spΔ=0
  [26] #max:                         RET   rcvr=0x1 ret/top=0x1 bailOp=0x00 argc=0 spΔ=0
  [27] #max:                         RET   rcvr=0x1 ret/top=0x1 bailOp=0x00 argc=0 spΔ=0
  [28] #max:                         RET   rcvr=0x1 ret/top=0x9 bailOp=0x00 argc=0 spΔ=0
  [29] #size                         RET   rcvr=0x423215c80 ret/top=0x9 bailOp=0x00 argc=0 spΔ=0
  [30] #arrayType                    RET   rcvr=0x3000178d0 ret/top=0x3000164b0 bailOp=0x00 argc=0 spΔ=0
  [31] #instanceVariablesToKeep      RET   rcvr=0x4231d6ed8 ret/top=0x3005a68b8 bailOp=0x00 argc=0 spΔ=0
[DNU] #8: #suspend not understood by rcvr=0x300000000 argCount=0 fd=2 in #suspend P80
[DNU]   rcvr cls=3075 fmt=0 class=nil
[DNU] 1MB-aligned check: rcvr=0x300000000 classAtIdx(3075).isNil=0 trap_env=0
[DNU-STACK] Full call stack for #suspend (DNU #9):
[DNU-STACK]   [0] SUnitRunner class>>runSingleTest:selector:timeout:priority:on:
[DNU-STACK]   [1] FullBlockClosure>>on:do:
[DNU-STACK]   [2] Process>>unwindTo:
[DNU-STACK]   [current] #suspend fd=2
[SISTA-RING] tag=suspend seq=53081 count=32:
  [0] #arrayType                    RET   rcvr=0x3000178d0 ret/top=0x3000164b0 bailOp=0x00 argc=0 spΔ=0
  [1] #max:                         RET   rcvr=0x9 ret/top=0x9 bailOp=0x00 argc=0 spΔ=0
  [2] #max:                         RET   rcvr=0x1 ret/top=0x1 bailOp=0x00 argc=0 spΔ=0
  [3] #max:                         RET   rcvr=0x1 ret/top=0x1 bailOp=0x00 argc=0 spΔ=0
  [4] #max:                         RET   rcvr=0x1 ret/top=0x1 bailOp=0x00 argc=0 spΔ=0
  [5] #max:                         RET   rcvr=0x1 ret/top=0x1 bailOp=0x00 argc=0 spΔ=0
  [6] #max:                         RET   rcvr=0x1 ret/top=0x1 bailOp=0x00 argc=0 spΔ=0
  [7] #max:                         RET   rcvr=0x1 ret/top=0x9 bailOp=0x00 argc=0 spΔ=0
  [8] #size                         RET   rcvr=0x423215c80 ret/top=0x9 bailOp=0x00 argc=0 spΔ=0
  [9] #arrayType                    RET   rcvr=0x3000178d0 ret/top=0x3000164b0 bailOp=0x00 argc=0 spΔ=0
  [10] #instanceVariablesToKeep      RET   rcvr=0x4231d6ed8 ret/top=0x3005a68b8 bailOp=0x00 argc=0 spΔ=0
  [11] #>=                           SEND  rcvr=0x4232456f8 ret/top=0x4232456f8 bailOp=0x64 argc=0 spΔ=2
  [12] #>                            SEND  rcvr=0x303e56210 ret/top=0x303e56210 bailOp=0x62 argc=0 spΔ=2
  [13] #handleNewProcess:            RET   rcvr=0x303e73990 ret/top=0x303e73990 bailOp=0x00 argc=0 spΔ=0
  [14] #max:                         RET   rcvr=0x29 ret/top=0x29 bailOp=0x00 argc=0 spΔ=0
  [15] #handleNewProcess:            RET   rcvr=0x303e73990 ret/top=0x303e73990 bailOp=0x00 argc=0 spΔ=0
  [16] #max:                         RET   rcvr=0x29 ret/top=0x29 bailOp=0x00 argc=0 spΔ=0
  [17] #resources                    RET   rcvr=0x301b69e68 ret/top=0x300261cf8 bailOp=0x00 argc=0 spΔ=0
  [18] #unresolvedName               RET   rcvr=0x423253718 ret/top=0x301b35f68 bailOp=0x00 argc=0 spΔ=0
  [19] #max:                         RET   rcvr=0x9 ret/top=0x9 bailOp=0x00 argc=0 spΔ=0
  [20] #unresolvedName               RET   rcvr=0x4232537f8 ret/top=0x301b35f68 bailOp=0x00 argc=0 spΔ=0
  [21] #arrayType                    RET   rcvr=0x3000178d0 ret/top=0x3000164b0 bailOp=0x00 argc=0 spΔ=0
  [22] #arrayType                    RET   rcvr=0x3000178d0 ret/top=0x3000164b0 bailOp=0x00 argc=0 spΔ=0
  [23] #max:                         RET   rcvr=0x9 ret/top=0x9 bailOp=0x00 argc=0 spΔ=0
  [24] #unresolvedName               RET   rcvr=0x423254508 ret/top=0x301b35f68 bailOp=0x00 argc=0 spΔ=0
  [25] #defaultVersion               RET   rcvr=0x423254508 ret/top=0x31 bailOp=0x00 argc=0 spΔ=0
  [26] #max:                         RET   rcvr=0x9 ret/top=0x9 bailOp=0x00 argc=0 spΔ=0
  [27] #max:                         RET   rcvr=0x9 ret/top=0x9 bailOp=0x00 argc=0 spΔ=0
  [28] #max:                         RET   rcvr=0x1 ret/top=0x9 bailOp=0x00 argc=0 spΔ=0
  [29] #size                         RET   rcvr=0x4232539d8 ret/top=0x9 bailOp=0x00 argc=0 spΔ=0
  [30] #arrayType                    RET   rcvr=0x3000178d0 ret/top=0x3000164b0 bailOp=0x00 argc=0 spΔ=0
  [31] #instanceVariablesToKeep      RET   rcvr=0x4232518f8 ret/top=0x3005a68b8 bailOp=0x00 argc=0 spΔ=0
[DNU] #9: #suspend not understood by rcvr=0x300000000 argCount=0 fd=2 in #suspend P80
[DNU]   rcvr cls=3075 fmt=0 class=nil
[DNU] 1MB-aligned check: rcvr=0x300000000 classAtIdx(3075).isNil=0 trap_env=0
[DNU-STACK] Full call stack for #suspend (DNU #10):
[DNU-STACK]   [0] SUnitRunner class>>runSingleTest:selector:timeout:priority:on:
[DNU-STACK]   [1] FullBlockClosure>>on:do:
[DNU-STACK]   [2] Process>>unwindTo:
[DNU-STACK]   [current] #suspend fd=2
[SISTA-RING] tag=suspend seq=53219 count=32:
  [0] #max:                         RET   rcvr=0x9 ret/top=0x9 bailOp=0x00 argc=0 spΔ=0
  [1] #max:                         RET   rcvr=0x9 ret/top=0x9 bailOp=0x00 argc=0 spΔ=0
  [2] #max:                         RET   rcvr=0x9 ret/top=0x9 bailOp=0x00 argc=0 spΔ=0
  [3] #max:                         RET   rcvr=0x9 ret/top=0x9 bailOp=0x00 argc=0 spΔ=0
  [4] #unresolvedName               RET   rcvr=0x4232811e0 ret/top=0x301b35f68 bailOp=0x00 argc=0 spΔ=0
  [5] #defaultContent               RET   rcvr=0x4232811e0 ret/top=0x3002711b8 bailOp=0x00 argc=0 spΔ=0
  [6] #defaultAuthor                RET   rcvr=0x4232811e0 ret/top=0x3002711b8 bailOp=0x00 argc=0 spΔ=0
  [7] #arrayType                    RET   rcvr=0x3000178d0 ret/top=0x3000164b0 bailOp=0x00 argc=0 spΔ=0
  [8] #max:                         RET   rcvr=0x9 ret/top=0x9 bailOp=0x00 argc=0 spΔ=0
  [9] #unresolvedName               RET   rcvr=0x4232819d0 ret/top=0x301b35f68 bailOp=0x00 argc=0 spΔ=0
  [10] #arrayType                    RET   rcvr=0x3000178d0 ret/top=0x3000164b0 bailOp=0x00 argc=0 spΔ=0
  [11] #max:                         RET   rcvr=0x9 ret/top=0x9 bailOp=0x00 argc=0 spΔ=0
  [12] #max:                         RET   rcvr=0x9 ret/top=0x9 bailOp=0x00 argc=0 spΔ=0
  [13] #arrayType                    RET   rcvr=0x3000178d0 ret/top=0x3000164b0 bailOp=0x00 argc=0 spΔ=0
  [14] #size                         RET   rcvr=0x423285748 ret/top=0x1 bailOp=0x00 argc=0 spΔ=0
  [15] #size                         RET   rcvr=0x423285748 ret/top=0x1 bailOp=0x00 argc=0 spΔ=0
  [16] #size                         RET   rcvr=0x423285748 ret/top=0x1 bailOp=0x00 argc=0 spΔ=0
  [17] #size                         RET   rcvr=0x423285748 ret/top=0x1 bailOp=0x00 argc=0 spΔ=0
  [18] #arrayType                    RET   rcvr=0x3000178d0 ret/top=0x3000164b0 bailOp=0x00 argc=0 spΔ=0
  [19] #size                         RET   rcvr=0x423285748 ret/top=0x1 bailOp=0x00 argc=0 spΔ=0
  [20] #size                         RET   rcvr=0x4232857e8 ret/top=0x9 bailOp=0x00 argc=0 spΔ=0
  [21] #size                         RET   rcvr=0x4232857e8 ret/top=0x9 bailOp=0x00 argc=0 spΔ=0
  [22] #size                         RET   rcvr=0x4232857e8 ret/top=0x9 bailOp=0x00 argc=0 spΔ=0
  [23] #size                         RET   rcvr=0x4232857e8 ret/top=0x9 bailOp=0x00 argc=0 spΔ=0
  [24] #arrayType                    RET   rcvr=0x3000178d0 ret/top=0x3000164b0 bailOp=0x00 argc=0 spΔ=0
  [25] #size                         RET   rcvr=0x4232857e8 ret/top=0x9 bailOp=0x00 argc=0 spΔ=0
  [26] #size                         RET   rcvr=0x4232858a0 ret/top=0x29 bailOp=0x00 argc=0 spΔ=0
  [27] #size                         RET   rcvr=0x4232858a0 ret/top=0x29 bailOp=0x00 argc=0 spΔ=0
  [28] #max:                         RET   rcvr=0x61 ret/top=0x61 bailOp=0x00 argc=0 spΔ=0
  [29] #max:                         RET   rcvr=0x9 ret/top=0x9 bailOp=0x00 argc=0 spΔ=0
  [30] #arrayType                    RET   rcvr=0x3000178d0 ret/top=0x3000164b0 bailOp=0x00 argc=0 spΔ=0
  [31] #instanceVariablesToKeep      RET   rcvr=0x423269238 ret/top=0x3005a68b8 bailOp=0x00 argc=0 spΔ=0
[DNU] #10: #suspend not understood by rcvr=0x300000000 argCount=0 fd=2 in #suspend P80
[DNU]   rcvr cls=3075 fmt=0 class=nil
[DNU] 1MB-aligned check: rcvr=0x300000000 classAtIdx(3075).isNil=0 trap_env=0
[JIT] Stats: 2686976 sends, 3655 compiled, 47712 failed, 14745/16384 KB code | IC: 281805/420755 (66% hit, 5300 patched, 0 stale) | J2J-r: 0/0 J2J-a: 192842/342124 J2J-d: 6159 J2J-s: 83339/226194 | map: 2186 tracked, 1354 hot
[asmjit-t1] code.code_size=8880 out of [1, 7168]
[asmjit-t1] code.code_size=12556 out of [1, 12288]
[JIT] Stats: 2752512 sends, 3671 compiled, 47888 failed, 14793/16384 KB code | IC: 286040/429844 (66% hit, 5565 patched, 0 stale) | J2J-r: 0/0 J2J-a: 197814/349658 J2J-d: 6370 J2J-s: 85323/230653 | map: 2601 tracked, 1618 hot
[JIT] Stats: 2818048 sends, 3671 compiled, 47888 failed, 14793/16384 KB code | IC: 288662/437259 (66% hit, 5565 patched, 0 stale) | J2J-r: 0/0 J2J-a: 200309/354602 J2J-d: 6370 J2J-s: 85510/233289 | map: 2601 tracked, 1620 hot
[JIT] Stats: 2883584 sends, 3671 compiled, 47888 failed, 14793/16384 KB code | IC: 291268/444670 (65% hit, 5566 patched, 0 stale) | J2J-r: 0/0 J2J-a: 202808/359543 J2J-d: 6370 J2J-s: 85693/235914 | map: 2601 tracked, 1620 hot
[JIT] Stats: 2949120 sends, 3671 compiled, 47888 failed, 14793/16384 KB code | IC: 293863/452073 (65% hit, 5567 patched, 0 stale) | J2J-r: 0/0 J2J-a: 205292/364478 J2J-d: 6370 J2J-s: 85853/238525 | map: 2601 tracked, 1620 hot
[JIT] Stats: 3014656 sends, 3671 compiled, 47888 failed, 14793/16384 KB code | IC: 296471/459452 (64% hit, 5567 patched, 0 stale) | J2J-r: 0/0 J2J-a: 207774/369399 J2J-d: 6370 J2J-s: 86045/241156 | map: 2601 tracked, 1620 hot
[JIT] Stats: 3080192 sends, 3671 compiled, 47888 failed, 14793/16384 KB code | IC: 299081/466888 (64% hit, 5567 patched, 0 stale) | J2J-r: 0/0 J2J-a: 210278/374358 J2J-d: 6370 J2J-s: 86222/243788 | map: 2601 tracked, 1620 hot
[JIT] Stats: 3145728 sends, 3671 compiled, 47889 failed, 14793/16384 KB code | IC: 301679/474318 (63% hit, 5567 patched, 0 stale) | J2J-r: 0/0 J2J-a: 212780/379311 J2J-d: 6370 J2J-s: 86393/246410 | map: 2601 tracked, 1620 hot
[JIT] Stats: 3211264 sends, 3671 compiled, 47889 failed, 14793/16384 KB code | IC: 304290/481725 (63% hit, 5567 patched, 0 stale) | J2J-r: 0/0 J2J-a: 215255/384250 J2J-d: 6370 J2J-s: 86563/249044 | map: 2601 tracked, 1620 hot
[JIT] Stats: 3276800 sends, 3671 compiled, 47889 failed, 14793/16384 KB code | IC: 306921/489146 (62% hit, 5567 patched, 0 stale) | J2J-r: 0/0 J2J-a: 217729/389199 J2J-d: 6370 J2J-s: 86729/251685 | map: 2601 tracked, 1620 hot
[JIT] Stats: 3342336 sends, 3674 compiled, 47889 failed, 14811/16384 KB code | IC: 313614/496737 (63% hit, 5570 patched, 0 stale) | J2J-r: 0/0 J2J-a: 218892/396333 J2J-d: 6372 J2J-s: 86756/257683 | map: 2603 tracked, 1622 hot
[JIT] Stats: 3407872 sends, 3674 compiled, 47889 failed, 14811/16384 KB code | IC: 321172/504295 (63% hit, 5570 patched, 0 stale) | J2J-r: 0/0 J2J-a: 219587/403891 J2J-d: 6372 J2J-s: 86756/264546 | map: 2603 tracked, 1622 hot
[JIT] Stats: 3473408 sends, 3674 compiled, 47889 failed, 14811/16384 KB code | IC: 328803/511926 (64% hit, 5570 patched, 0 stale) | J2J-r: 0/0 J2J-a: 220468/411522 J2J-d: 6372 J2J-s: 86756/271296 | map: 2603 tracked, 1622 hot
[JIT] Stats: 3538944 sends, 3674 compiled, 47889 failed, 14811/16384 KB code | IC: 336236/519359 (64% hit, 5570 patched, 0 stale) | J2J-r: 0/0 J2J-a: 220845/418954 J2J-d: 6372 J2J-s: 86756/278351 | map: 2603 tracked, 1622 hot
[JIT] Stats: 3604480 sends, 3674 compiled, 47889 failed, 14811/16384 KB code | IC: 343835/526958 (65% hit, 5570 patched, 0 stale) | J2J-r: 0/0 J2J-a: 221652/426554 J2J-d: 6372 J2J-s: 86756/285144 | map: 2603 tracked, 1622 hot
[JIT] Stats: 3670016 sends, 3674 compiled, 47889 failed, 14811/16384 KB code | IC: 351390/534513 (65% hit, 5570 patched, 0 stale) | J2J-r: 0/0 J2J-a: 222338/434109 J2J-d: 6372 J2J-s: 86756/292013 | map: 2603 tracked, 1622 hot
[JIT] Stats: 3735552 sends, 3674 compiled, 47890 failed, 14811/16384 KB code | IC: 359001/542124 (66% hit, 5570 patched, 0 stale) | J2J-r: 0/0 J2J-a: 223171/441720 J2J-d: 6372 J2J-s: 86757/298792 | map: 2603 tracked, 1622 hot
[SISTA-SELECT-CAND] pfbBC=1 send1BC=4 selIdx=1 litIdx=0 slot=0
[SISTA-SELECT-EMIT] bc=1 slot=0 vid=1
[JIT] Stats: 3801088 sends, 3694 compiled, 47988 failed, 14874/16384 KB code | IC: 366634/550125 (66% hit, 5683 patched, 0 stale) | J2J-r: 0/0 J2J-a: 224112/449667 J2J-d: 6457 J2J-s: 87091/306122 | map: 2756 tracked, 1721 hot
[JIT] Stats: 3866624 sends, 3694 compiled, 48386 failed, 14874/16384 KB code | IC: 375168/559190 (67% hit, 5687 patched, 0 stale) | J2J-r: 0/0 J2J-a: 225131/458276 J2J-d: 6460 J2J-s: 87642/314263 | map: 2756 tracked, 1721 hot
[JIT] Stats: 3932160 sends, 3695 compiled, 49293 failed, 14875/16384 KB code | IC: 385421/570500 (67% hit, 5692 patched, 0 stale) | J2J-r: 0/0 J2J-a: 227998/468644 J2J-d: 6465 J2J-s: 88859/322979 | map: 2756 tracked, 1725 hot
[JIT] Stats: 3997696 sends, 3697 compiled, 49905 failed, 14883/16384 KB code | IC: 394836/580638 (68% hit, 5695 patched, 0 stale) | J2J-r: 0/0 J2J-a: 230325/478228 J2J-d: 6468 J2J-s: 89925/331292 | map: 2757 tracked, 1738 hot
[JIT] Stats: 4063232 sends, 3701 compiled, 49970 failed, 14896/16384 KB code | IC: 402524/588400 (68% hit, 5697 patched, 0 stale) | J2J-r: 0/0 J2J-a: 231141/485942 J2J-d: 6469 J2J-s: 90018/338283 | map: 2759 tracked, 1746 hot
[JIT] Stats: 4128768 sends, 3701 compiled, 49970 failed, 14896/16384 KB code | IC: 410113/595989 (68% hit, 5697 patched, 0 stale) | J2J-r: 0/0 J2J-a: 231906/493531 J2J-d: 6469 J2J-s: 90018/345107 | map: 2759 tracked, 1746 hot
[JIT] Stats: 4194304 sends, 3701 compiled, 49970 failed, 14896/16384 KB code | IC: 417560/603436 (69% hit, 5697 patched, 0 stale) | J2J-r: 0/0 J2J-a: 232322/500978 J2J-d: 6469 J2J-s: 90018/352138 | map: 2759 tracked, 1746 hot
[JIT] Stats: 4259840 sends, 3701 compiled, 49970 failed, 14896/16384 KB code | IC: 425190/611066 (69% hit, 5697 patched, 0 stale) | J2J-r: 0/0 J2J-a: 233211/508608 J2J-d: 6469 J2J-s: 90018/358879 | map: 2759 tracked, 1746 hot
[JIT] Stats: 4325376 sends, 3701 compiled, 49970 failed, 14896/16384 KB code | IC: 432743/618619 (69% hit, 5697 patched, 0 stale) | J2J-r: 0/0 J2J-a: 233896/516161 J2J-d: 6469 J2J-s: 90018/365747 | map: 2759 tracked, 1746 hot
[JIT] Stats: 4390912 sends, 3701 compiled, 49970 failed, 14896/16384 KB code | IC: 440290/626166 (70% hit, 5697 patched, 0 stale) | J2J-r: 0/0 J2J-a: 234563/523708 J2J-d: 6469 J2J-s: 90018/372627 | map: 2759 tracked, 1746 hot
[JIT] Stats: 4456448 sends, 3701 compiled, 49970 failed, 14896/16384 KB code | IC: 447573/633449 (70% hit, 5697 patched, 0 stale) | J2J-r: 0/0 J2J-a: 234565/530991 J2J-d: 6469 J2J-s: 90018/379908 | map: 2759 tracked, 1746 hot
[JIT] Stats: 4521984 sends, 3701 compiled, 49970 failed, 14896/16384 KB code | IC: 454855/640731 (70% hit, 5697 patched, 0 stale) | J2J-r: 0/0 J2J-a: 234566/538273 J2J-d: 6469 J2J-s: 90018/387189 | map: 2759 tracked, 1746 hot
[JIT] Stats: 4587520 sends, 3703 compiled, 49972 failed, 14909/16384 KB code | IC: 462180/648069 (71% hit, 5698 patched, 0 stale) | J2J-r: 0/0 J2J-a: 235125/545611 J2J-d: 6470 J2J-s: 90371/394321 | map: 2762 tracked, 1750 hot
[JIT] Stats: 4653056 sends, 3703 compiled, 49972 failed, 14909/16384 KB code | IC: 469311/655200 (71% hit, 5698 patched, 0 stale) | J2J-r: 0/0 J2J-a: 238691/552742 J2J-d: 6470 J2J-s: 93937/401452 | map: 2762 tracked, 1750 hot
[JIT] Stats: 4718592 sends, 3703 compiled, 49972 failed, 14909/16384 KB code | IC: 476484/662373 (71% hit, 5698 patched, 0 stale) | J2J-r: 0/0 J2J-a: 242277/559915 J2J-d: 6470 J2J-s: 97523/408625 | map: 2762 tracked, 1750 hot
[JIT] Stats: 4784128 sends, 3707 compiled, 49973 failed, 14912/16384 KB code | IC: 482740/670339 (72% hit, 5714 patched, 0 stale) | J2J-r: 0/0 J2J-a: 246283/567049 J2J-d: 6473 J2J-s: 100680/414910 | map: 2765 tracked, 1754 hot
[JIT] Stats: 4849664 sends, 3707 compiled, 49973 failed, 14912/16384 KB code | IC: 482740/683454 (70% hit, 5714 patched, 0 stale) | J2J-r: 0/0 J2J-a: 252854/573620 J2J-d: 6473 J2J-s: 100698/414928 | map: 2765 tracked, 1754 hot
[JIT] Stats: 4915200 sends, 3707 compiled, 49973 failed, 14912/16384 KB code | IC: 482742/689976 (69% hit, 5714 patched, 0 stale) | J2J-r: 0/0 J2J-a: 256118/576886 J2J-d: 6473 J2J-s: 100703/414935 | map: 2765 tracked, 1754 hot
[JIT] Stats: 4980736 sends, 3707 compiled, 49973 failed, 14912/16384 KB code | IC: 482742/689976 (69% hit, 5714 patched, 0 stale) | J2J-r: 0/0 J2J-a: 256118/576886 J2J-d: 6473 J2J-s: 100703/414935 | map: 2765 tracked, 1754 hot
[JIT] Stats: 5046272 sends, 3722 compiled, 50954 failed, 14968/16384 KB code | IC: 486293/694372 (70% hit, 5744 patched, 0 stale) | J2J-r: 0/0 J2J-a: 258231/581040 J2J-d: 6612 J2J-s: 101397/417664 | map: 2786 tracked, 1776 hot
[JIT] Stats: 5111808 sends, 3725 compiled, 51482 failed, 14975/16384 KB code | IC: 489256/698147 (70% hit, 5776 patched, 0 stale) | J2J-r: 0/0 J2J-a: 259508/584630 J2J-d: 6733 J2J-s: 101651/420231 | map: 1474 tracked, 666 hot
[JIT] Stats: 5177344 sends, 3729 compiled, 53935 failed, 14985/16384 KB code | IC: 494409/703959 (70% hit, 5791 patched, 0 stale) | J2J-r: 0/0 J2J-a: 263002/590185 J2J-d: 6866 J2J-s: 102485/423126 | map: 1475 tracked, 666 hot
[JIT] Stats: 5242880 sends, 3733 compiled, 56291 failed, 14999/16384 KB code | IC: 499482/709448 (70% hit, 5798 patched, 0 stale) | J2J-r: 0/0 J2J-a: 266200/595490 J2J-d: 6961 J2J-s: 103195/425943 | map: 1475 tracked, 667 hot
[JIT] Stats: 5308416 sends, 3733 compiled, 57119 failed, 14999/16384 KB code | IC: 502718/713241 (70% hit, 5798 patched, 0 stale) | J2J-r: 0/0 J2J-a: 267466/599023 J2J-d: 7100 J2J-s: 103476/428491 | map: 1475 tracked, 667 hot
[JIT] Stats: 5373952 sends, 3733 compiled, 58120 failed, 14999/16384 KB code | IC: 506178/717147 (70% hit, 5799 patched, 0 stale) | J2J-r: 0/0 J2J-a: 268994/602725 J2J-d: 7208 J2J-s: 103871/431060 | map: 1475 tracked, 667 hot
[JIT] Stats: 5439488 sends, 3733 compiled, 59195 failed, 14999/16384 KB code | IC: 510104/721968 (70% hit, 5799 patched, 0 stale) | J2J-r: 0/0 J2J-a: 270775/607127 J2J-d: 7421 J2J-s: 104313/434123 | map: 1475 tracked, 667 hot
[JIT] Stats: 5505024 sends, 3733 compiled, 60260 failed, 14999/16384 KB code | IC: 514103/726935 (70% hit, 5799 patched, 0 stale) | J2J-r: 0/0 J2J-a: 272636/611648 J2J-d: 7651 J2J-s: 104819/437289 | map: 1475 tracked, 667 hot
[JIT] Stats: 5570560 sends, 3733 compiled, 61297 failed, 14999/16384 KB code | IC: 518019/731810 (70% hit, 5799 patched, 0 stale) | J2J-r: 0/0 J2J-a: 274386/616086 J2J-d: 7884 J2J-s: 105244/440402 | map: 1475 tracked, 667 hot
[JIT] Stats: 5636096 sends, 3733 compiled, 62232 failed, 14999/16384 KB code | IC: 521841/736529 (70% hit, 5799 patched, 0 stale) | J2J-r: 0/0 J2J-a: 275917/620387 J2J-d: 8110 J2J-s: 105587/443515 | map: 1475 tracked, 667 hot
[JIT] Stats: 5701632 sends, 3733 compiled, 63320 failed, 14999/16384 KB code | IC: 525454/740735 (70% hit, 5799 patched, 0 stale) | J2J-r: 0/0 J2J-a: 277574/624317 J2J-d: 8249 J2J-s: 105981/446182 | map: 1475 tracked, 667 hot
[JIT] Stats: 5767168 sends, 3733 compiled, 64012 failed, 14999/16384 KB code | IC: 528225/743755 (71% hit, 5799 patched, 0 stale) | J2J-r: 0/0 J2J-a: 278528/627227 J2J-d: 8308 J2J-s: 106167/448324 | map: 1475 tracked, 667 hot
[JIT] Stats: 5832704 sends, 3733 compiled, 64917 failed, 14999/16384 KB code | IC: 531598/747664 (71% hit, 5801 patched, 0 stale) | J2J-r: 0/0 J2J-a: 279982/630895 J2J-d: 8451 J2J-s: 106564/450935 | map: 1476 tracked, 667 hot
[JIT] Stats: 5898240 sends, 3733 compiled, 66110 failed, 14999/16384 KB code | IC: 535220/751781 (71% hit, 5801 patched, 0 stale) | J2J-r: 0/0 J2J-a: 281759/634782 J2J-d: 8578 J2J-s: 107016/453497 | map: 1476 tracked, 667 hot
[JIT] Stats: 5963776 sends, 3733 compiled, 66550 failed, 14999/16384 KB code | IC: 537699/754556 (71% hit, 5801 patched, 0 stale) | J2J-r: 0/0 J2J-a: 282442/637422 J2J-d: 8652 J2J-s: 107175/455613 | map: 1476 tracked, 667 hot
[JIT] Stats: 6029312 sends, 3734 compiled, 67591 failed, 15007/16384 KB code | IC: 541152/758421 (71% hit, 5802 patched, 0 stale) | J2J-r: 0/0 J2J-a: 284060/641114 J2J-d: 8755 J2J-s: 107617/458129 | map: 1476 tracked, 667 hot
[JIT] Stats: 6094848 sends, 3734 compiled, 68488 failed, 15007/16384 KB code | IC: 544677/762447 (71% hit, 5802 patched, 0 stale) | J2J-r: 0/0 J2J-a: 285476/644918 J2J-d: 8882 J2J-s: 107987/460887 | map: 1476 tracked, 667 hot
[JIT] Stats: 6160384 sends, 3734 compiled, 69360 failed, 15007/16384 KB code | IC: 548074/766491 (71% hit, 5803 patched, 0 stale) | J2J-r: 0/0 J2J-a: 286891/648679 J2J-d: 9022 J2J-s: 108311/463557 | map: 1476 tracked, 667 hot
[JIT] Stats: 6225920 sends, 3735 compiled, 70354 failed, 15007/16384 KB code | IC: 551268/770262 (71% hit, 5803 patched, 0 stale) | J2J-r: 0/0 J2J-a: 288374/652187 J2J-d: 9170 J2J-s: 108634/465905 | map: 1476 tracked, 668 hot
[JIT] Stats: 6291456 sends, 3735 compiled, 71257 failed, 15007/16384 KB code | IC: 554568/774204 (71% hit, 5803 patched, 0 stale) | J2J-r: 0/0 J2J-a: 289799/655832 J2J-d: 9324 J2J-s: 108968/468459 | map: 1476 tracked, 668 hot
[JIT] Stats: 6356992 sends, 3735 compiled, 72316 failed, 15007/16384 KB code | IC: 558124/778129 (71% hit, 5803 patched, 0 stale) | J2J-r: 0/0 J2J-a: 291333/659589 J2J-d: 9409 J2J-s: 109328/471042 | map: 1476 tracked, 668 hot
[JIT] Stats: 6422528 sends, 3736 compiled, 73135 failed, 15012/16384 KB code | IC: 560699/780882 (71% hit, 5806 patched, 0 stale) | J2J-r: 0/0 J2J-a: 292371/662274 J2J-d: 9445 J2J-s: 109473/472834 | map: 1476 tracked, 668 hot
[JIT] Stats: 6488064 sends, 3736 compiled, 73990 failed, 15012/16384 KB code | IC: 563671/784291 (71% hit, 5806 patched, 0 stale) | J2J-r: 0/0 J2J-a: 293723/665490 J2J-d: 9544 J2J-s: 109825/475050 | map: 1476 tracked, 668 hot
[JIT] Stats: 6553600 sends, 3736 compiled, 75018 failed, 15012/16384 KB code | IC: 567381/788563 (71% hit, 5806 patched, 0 stale) | J2J-r: 0/0 J2J-a: 295362/669516 J2J-d: 9671 J2J-s: 110250/477862 | map: 1476 tracked, 668 hot
[JIT] Stats: 6619136 sends, 3736 compiled, 76254 failed, 15012/16384 KB code | IC: 571498/793433 (72% hit, 5806 patched, 0 stale) | J2J-r: 0/0 J2J-a: 297354/674054 J2J-d: 9863 J2J-s: 110777/480935 | map: 1476 tracked, 668 hot
[JIT] Stats: 6684672 sends, 3736 compiled, 77340 failed, 15012/16384 KB code | IC: 575416/798307 (72% hit, 5806 patched, 0 stale) | J2J-r: 0/0 J2J-a: 299154/678548 J2J-d: 10152 J2J-s: 111210/484062 | map: 1476 tracked, 668 hot
[JIT] Stats: 6750208 sends, 3736 compiled, 78527 failed, 15012/16384 KB code | IC: 579428/803180 (72% hit, 5806 patched, 0 stale) | J2J-r: 0/0 J2J-a: 301150/683069 J2J-d: 10408 J2J-s: 111768/487145 | map: 1476 tracked, 668 hot
[JIT] Stats: 6815744 sends, 3736 compiled, 79074 failed, 15012/16384 KB code | IC: 581394/805345 (72% hit, 5806 patched, 0 stale) | J2J-r: 0/0 J2J-a: 301869/685142 J2J-d: 10456 J2J-s: 111882/488613 | map: 1476 tracked, 668 hot
[JIT] Stats: 6881280 sends, 3736 compiled, 79947 failed, 15012/16384 KB code | IC: 584926/809553 (72% hit, 5806 patched, 0 stale) | J2J-r: 0/0 J2J-a: 303287/689060 J2J-d: 10640 J2J-s: 112225/491456 | map: 1476 tracked, 668 hot
[JIT] Stats: 6946816 sends, 3736 compiled, 80808 failed, 15012/16384 KB code | IC: 588322/813718 (72% hit, 5806 patched, 0 stale) | J2J-r: 0/0 J2J-a: 304656/692876 J2J-d: 10864 J2J-s: 112537/494215 | map: 1476 tracked, 668 hot
[JIT] Stats: 7012352 sends, 3736 compiled, 82024 failed, 15012/16384 KB code | IC: 591991/817727 (72% hit, 5806 patched, 0 stale) | J2J-r: 0/0 J2J-a: 306418/696741 J2J-d: 10939 J2J-s: 112976/496757 | map: 1476 tracked, 668 hot
[JIT] Stats: 7077888 sends, 3736 compiled, 83159 failed, 15012/16384 KB code | IC: 595756/822139 (72% hit, 5806 patched, 0 stale) | J2J-r: 0/0 J2J-a: 308236/700865 J2J-d: 11089 J2J-s: 113454/499541 | map: 1476 tracked, 668 hot
[JIT] Stats: 7143424 sends, 3737 compiled, 84104 failed, 15014/16384 KB code | IC: 599411/826778 (72% hit, 5808 patched, 0 stale) | J2J-r: 0/0 J2J-a: 309758/704986 J2J-d: 11357 J2J-s: 113833/502519 | map: 1476 tracked, 668 hot
[JIT] Stats: 7208960 sends, 3738 compiled, 85542 failed, 15016/16384 KB code | IC: 603507/831332 (72% hit, 5809 patched, 0 stale) | J2J-r: 0/0 J2J-a: 311944/709320 J2J-d: 11468 J2J-s: 114460/505294 | map: 1476 tracked, 668 hot
[JIT] Stats: 7274496 sends, 3738 compiled, 86475 failed, 15016/16384 KB code | IC: 606729/835070 (72% hit, 5811 patched, 0 stale) | J2J-r: 0/0 J2J-a: 313408/712820 J2J-d: 11592 J2J-s: 114839/507709 | map: 1476 tracked, 668 hot
[JIT] Stats: 7340032 sends, 3739 compiled, 87427 failed, 15018/16384 KB code | IC: 610007/838926 (72% hit, 5812 patched, 0 stale) | J2J-r: 0/0 J2J-a: 314898/716406 J2J-d: 11735 J2J-s: 115212/510178 | map: 1476 tracked, 668 hot
[JIT] Stats: 7405568 sends, 3739 compiled, 88009 failed, 15018/16384 KB code | IC: 612963/842059 (72% hit, 5812 patched, 0 stale) | J2J-r: 0/0 J2J-a: 315698/719452 J2J-d: 11780 J2J-s: 115384/512596 | map: 1476 tracked, 668 hot
[JIT] Stats: 7471104 sends, 3739 compiled, 88824 failed, 15018/16384 KB code | IC: 616228/846007 (72% hit, 5812 patched, 0 stale) | J2J-r: 0/0 J2J-a: 317072/723088 J2J-d: 11938 J2J-s: 115732/515206 | map: 1476 tracked, 668 hot
[JIT] Stats: 7536640 sends, 3742 compiled, 89636 failed, 15024/16384 KB code | IC: 618937/849078 (72% hit, 5843 patched, 0 stale) | J2J-r: 0/0 J2J-a: 318299/725999 J2J-d: 12037 J2J-s: 116042/517200 | map: 1476 tracked, 667 hot
[JIT] Stats: 7602176 sends, 3742 compiled, 90417 failed, 15024/16384 KB code | IC: 621974/852498 (72% hit, 5846 patched, 0 stale) | J2J-r: 0/0 J2J-a: 319410/729233 J2J-d: 12131 J2J-s: 116269/519550 | map: 1476 tracked, 668 hot
[JIT] Stats: 7667712 sends, 3742 compiled, 91200 failed, 15024/16384 KB code | IC: 625178/856132 (73% hit, 5849 patched, 0 stale) | J2J-r: 0/0 J2J-a: 320642/732675 J2J-d: 12229 J2J-s: 116587/522078 | map: 1476 tracked, 668 hot
[JIT] Stats: 7733248 sends, 3742 compiled, 92066 failed, 15024/16384 KB code | IC: 629017/860651 (73% hit, 5849 patched, 0 stale) | J2J-r: 0/0 J2J-a: 322116/736872 J2J-d: 12391 J2J-s: 117007/525221 | map: 1476 tracked, 668 hot
[JIT] Stats: 7798784 sends, 3742 compiled, 93027 failed, 15024/16384 KB code | IC: 632074/864018 (73% hit, 5849 patched, 0 stale) | J2J-r: 0/0 J2J-a: 323418/740099 J2J-d: 12465 J2J-s: 117253/527392 | map: 1476 tracked, 668 hot
[JIT] Stats: 7864320 sends, 3742 compiled, 93734 failed, 15024/16384 KB code | IC: 634915/867201 (73% hit, 5849 patched, 0 stale) | J2J-r: 0/0 J2J-a: 324467/743122 J2J-d: 12547 J2J-s: 117497/529610 | map: 1477 tracked, 668 hot
[JIT] Stats: 7929856 sends, 3742 compiled, 94730 failed, 15024/16384 KB code | IC: 638341/870978 (73% hit, 5850 patched, 0 stale) | J2J-r: 0/0 J2J-a: 325984/746756 J2J-d: 12629 J2J-s: 117906/532136 | map: 1477 tracked, 668 hot
[JIT] Stats: 7995392 sends, 3742 compiled, 96081 failed, 15024/16384 KB code | IC: 642323/875414 (73% hit, 5850 patched, 0 stale) | J2J-r: 0/0 J2J-a: 328157/750989 J2J-d: 12733 J2J-s: 118586/534876 | map: 1477 tracked, 668 hot
[JIT] Stats: 8060928 sends, 3742 compiled, 97062 failed, 15024/16384 KB code | IC: 645604/879195 (73% hit, 5850 patched, 0 stale) | J2J-r: 0/0 J2J-a: 329701/754548 J2J-d: 12845 J2J-s: 118986/537291 | map: 1477 tracked, 668 hot
[JIT] Stats: 8126464 sends, 3742 compiled, 98341 failed, 15024/16384 KB code | IC: 649361/883543 (73% hit, 5850 patched, 0 stale) | J2J-r: 0/0 J2J-a: 331814/758630 J2J-d: 12978 J2J-s: 119628/539902 | map: 1477 tracked, 668 hot
[JIT] Stats: 8192000 sends, 3742 compiled, 99307 failed, 15024/16384 KB code | IC: 652760/887451 (73% hit, 5850 patched, 0 stale) | J2J-r: 0/0 J2J-a: 333276/762299 J2J-d: 13100 J2J-s: 119977/542458 | map: 1477 tracked, 668 hot
[JIT] Stats: 8257536 sends, 3742 compiled, 100008 failed, 15024/16384 KB code | IC: 655780/890866 (73% hit, 5852 patched, 0 stale) | J2J-r: 0/0 J2J-a: 334302/765523 J2J-d: 13203 J2J-s: 120201/544880 | map: 1477 tracked, 668 hot
[JIT] Stats: 8323072 sends, 3742 compiled, 100835 failed, 15024/16384 KB code | IC: 659062/894664 (73% hit, 5852 patched, 0 stale) | J2J-r: 0/0 J2J-a: 335606/769097 J2J-d: 13330 J2J-s: 120513/547462 | map: 1477 tracked, 668 hot
[JIT] Stats: 8388608 sends, 3742 compiled, 101694 failed, 15024/16384 KB code | IC: 662196/898301 (73% hit, 5852 patched, 0 stale) | J2J-r: 0/0 J2J-a: 336962/772507 J2J-d: 13455 J2J-s: 120859/549862 | map: 1477 tracked, 668 hot
[JIT] Stats: 8454144 sends, 3742 compiled, 102524 failed, 15024/16384 KB code | IC: 665271/901889 (73% hit, 5852 patched, 0 stale) | J2J-r: 0/0 J2J-a: 338205/775852 J2J-d: 13586 J2J-s: 121133/552238 | map: 1477 tracked, 668 hot
[JIT] Stats: 8519680 sends, 3742 compiled, 103453 failed, 15024/16384 KB code | IC: 668677/905826 (73% hit, 5852 patched, 0 stale) | J2J-r: 0/0 J2J-a: 339618/779552 J2J-d: 13726 J2J-s: 121465/554857 | map: 1477 tracked, 668 hot
[JIT] Stats: 8585216 sends, 3742 compiled, 104405 failed, 15024/16384 KB code | IC: 672104/909955 (73% hit, 5852 patched, 0 stale) | J2J-r: 0/0 J2J-a: 341138/783361 J2J-d: 13898 J2J-s: 121823/557504 | map: 1477 tracked, 668 hot
[JIT] Stats: 8650752 sends, 3742 compiled, 105827 failed, 15024/16384 KB code | IC: 676723/915794 (73% hit, 5852 patched, 0 stale) | J2J-r: 0/0 J2J-a: 343660/788633 J2J-d: 14182 J2J-s: 122555/560986 | map: 1477 tracked, 668 hot
[JIT] Stats: 8716288 sends, 3742 compiled, 106937 failed, 15024/16384 KB code | IC: 680447/920239 (73% hit, 5852 patched, 0 stale) | J2J-r: 0/0 J2J-a: 345538/792754 J2J-d: 14352 J2J-s: 123096/563770 | map: 1477 tracked, 668 hot
[JIT] Stats: 8781824 sends, 3742 compiled, 107657 failed, 15024/16384 KB code | IC: 682906/923003 (73% hit, 5852 patched, 0 stale) | J2J-r: 0/0 J2J-a: 346635/795374 J2J-d: 14420 J2J-s: 123381/565578 | map: 1477 tracked, 668 hot
[JIT] Stats: 8847360 sends, 3742 compiled, 108296 failed, 15024/16384 KB code | IC: 685706/926112 (74% hit, 5852 patched, 0 stale) | J2J-r: 0/0 J2J-a: 347576/798340 J2J-d: 14496 J2J-s: 123593/567815 | map: 1477 tracked, 668 hot
[JIT] Stats: 8912896 sends, 3742 compiled, 109061 failed, 15024/16384 KB code | IC: 688922/929878 (74% hit, 5852 patched, 0 stale) | J2J-r: 0/0 J2J-a: 348870/801857 J2J-d: 14620 J2J-s: 123946/570391 | map: 1477 tracked, 668 hot
[JIT] Stats: 8978432 sends, 3742 compiled, 110479 failed, 15024/16384 KB code | IC: 692906/934308 (74% hit, 5854 patched, 0 stale) | J2J-r: 0/0 J2J-a: 351135/806097 J2J-d: 14715 J2J-s: 124649/573069 | map: 1477 tracked, 668 hot
[JIT] Stats: 9043968 sends, 3742 compiled, 111554 failed, 15024/16384 KB code | IC: 696390/938167 (74% hit, 5854 patched, 0 stale) | J2J-r: 0/0 J2J-a: 352804/809809 J2J-d: 14794 J2J-s: 125096/575559 | map: 1477 tracked, 668 hot
[JIT] Stats: 9109504 sends, 3742 compiled, 112539 failed, 15024/16384 KB code | IC: 699561/941947 (74% hit, 5854 patched, 0 stale) | J2J-r: 0/0 J2J-a: 354272/813310 J2J-d: 14957 J2J-s: 125412/577908 | map: 1477 tracked, 668 hot
[JIT] Stats: 9175040 sends, 3742 compiled, 113580 failed, 15024/16384 KB code | IC: 702740/945363 (74% hit, 5855 patched, 0 stale) | J2J-r: 0/0 J2J-a: 355696/816620 J2J-d: 15013 J2J-s: 125721/580103 | map: 1477 tracked, 668 hot
[JIT] Stats: 9240576 sends, 3742 compiled, 114705 failed, 15024/16384 KB code | IC: 706619/949915 (74% hit, 5855 patched, 0 stale) | J2J-r: 0/0 J2J-a: 357433/820898 J2J-d: 15209 J2J-s: 126130/583053 | map: 1477 tracked, 668 hot
[JIT] Stats: 9306112 sends, 3742 compiled, 116112 failed, 15024/16384 KB code | IC: 710867/954963 (74% hit, 5855 patched, 0 stale) | J2J-r: 0/0 J2J-a: 359702/825623 J2J-d: 15462 J2J-s: 126770/586149 | map: 1477 tracked, 668 hot
[JIT] Stats: 9371648 sends, 3742 compiled, 117433 failed, 15024/16384 KB code | IC: 714972/959787 (74% hit, 5855 patched, 0 stale) | J2J-r: 0/0 J2J-a: 361791/830142 J2J-d: 15659 J2J-s: 127339/589148 | map: 1477 tracked, 668 hot
[JIT] Stats: 9437184 sends, 3742 compiled, 118347 failed, 15024/16384 KB code | IC: 718172/963589 (74% hit, 5855 patched, 0 stale) | J2J-r: 0/0 J2J-a: 363155/833668 J2J-d: 15825 J2J-s: 127629/591600 | map: 1477 tracked, 668 hot
[JIT] Stats: 9502720 sends, 3742 compiled, 119348 failed, 15024/16384 KB code | IC: 721916/968238 (74% hit, 5855 patched, 0 stale) | J2J-r: 0/0 J2J-a: 364755/837904 J2J-d: 16092 J2J-s: 128003/594610 | map: 1477 tracked, 668 hot
[JIT] Stats: 9568256 sends, 3742 compiled, 120609 failed, 15024/16384 KB code | IC: 725832/972835 (74% hit, 5855 patched, 0 stale) | J2J-r: 0/0 J2J-a: 366678/842214 J2J-d: 16293 J2J-s: 128475/597469 | map: 1477 tracked, 668 hot
[JIT] Stats: 9633792 sends, 3742 compiled, 121485 failed, 15024/16384 KB code | IC: 729002/976613 (74% hit, 5855 patched, 0 stale) | J2J-r: 0/0 J2J-a: 368060/845734 J2J-d: 16468 J2J-s: 128806/599938 | map: 1477 tracked, 668 hot
[JIT] Stats: 9699328 sends, 3742 compiled, 122522 failed, 15024/16384 KB code | IC: 732722/981136 (74% hit, 5855 patched, 0 stale) | J2J-r: 0/0 J2J-a: 369760/849909 J2J-d: 16706 J2J-s: 129252/602859 | map: 1477 tracked, 668 hot
[JIT] Stats: 9764864 sends, 3742 compiled, 123693 failed, 15024/16384 KB code | IC: 736626/985809 (74% hit, 5855 patched, 0 stale) | J2J-r: 0/0 J2J-a: 371654/854252 J2J-d: 16927 J2J-s: 129757/605813 | map: 1477 tracked, 668 hot
[JIT] Stats: 9830400 sends, 3742 compiled, 124959 failed, 15024/16384 KB code | IC: 740504/990446 (74% hit, 5855 patched, 0 stale) | J2J-r: 0/0 J2J-a: 373653/858578 J2J-d: 17168 J2J-s: 130283/608666 | map: 1477 tracked, 668 hot
[JIT] Stats: 9895936 sends, 3742 compiled, 125952 failed, 15024/16384 KB code | IC: 744079/994554 (74% hit, 5855 patched, 0 stale) | J2J-r: 0/0 J2J-a: 375193/862448 J2J-d: 17316 J2J-s: 130683/611396 | map: 1477 tracked, 668 hot
[JIT] Stats: 9961472 sends, 3742 compiled, 126979 failed, 15024/16384 KB code | IC: 747395/998401 (74% hit, 5855 patched, 0 stale) | J2J-r: 0/0 J2J-a: 376702/866078 J2J-d: 17478 J2J-s: 131015/613849 | map: 1477 tracked, 668 hot
[JIT] Stats: 10027008 sends, 3742 compiled, 127985 failed, 15024/16384 KB code | IC: 750687/1002195 (74% hit, 5885 patched, 0 stale) | J2J-r: 0/0 J2J-a: 378249/869688 J2J-d: 17592 J2J-s: 131369/616266 | map: 1475 tracked, 666 hot
[JIT] Stats: 10092544 sends, 3742 compiled, 129045 failed, 15024/16384 KB code | IC: 753876/1005668 (74% hit, 5885 patched, 0 stale) | J2J-r: 0/0 J2J-a: 379608/873065 J2J-d: 17683 J2J-s: 131572/618487 | map: 1476 tracked, 666 hot
[JIT] Stats: 10158080 sends, 3742 compiled, 129994 failed, 15024/16384 KB code | IC: 757152/1009474 (75% hit, 5888 patched, 0 stale) | J2J-r: 0/0 J2J-a: 380947/876658 J2J-d: 17815 J2J-s: 131781/620950 | map: 1476 tracked, 667 hot
[JIT] Stats: 10223616 sends, 3742 compiled, 131059 failed, 15024/16384 KB code | IC: 760415/1013188 (75% hit, 5888 patched, 0 stale) | J2J-r: 0/0 J2J-a: 382348/880193 J2J-d: 17941 J2J-s: 131980/623283 | map: 1476 tracked, 667 hot
[JIT] Stats: 10289152 sends, 3742 compiled, 132145 failed, 15024/16384 KB code | IC: 764030/1017234 (75% hit, 5888 patched, 0 stale) | J2J-r: 0/0 J2J-a: 383940/884050 J2J-d: 18046 J2J-s: 132352/625920 | map: 1476 tracked, 667 hot
[JIT] Stats: 10354688 sends, 3742 compiled, 132894 failed, 15024/16384 KB code | IC: 767154/1020727 (75% hit, 5889 patched, 0 stale) | J2J-r: 0/0 J2J-a: 385078/887376 J2J-d: 18129 J2J-s: 132632/628388 | map: 1476 tracked, 667 hot
[JIT] Stats: 10420224 sends, 3742 compiled, 133745 failed, 15024/16384 KB code | IC: 770001/1023966 (75% hit, 5889 patched, 0 stale) | J2J-r: 0/0 J2J-a: 386359/890431 J2J-d: 18225 J2J-s: 132956/630486 | map: 1476 tracked, 667 hot
[JIT] Stats: 10485760 sends, 3742 compiled, 134510 failed, 15024/16384 KB code | IC: 773104/1027450 (75% hit, 5890 patched, 0 stale) | J2J-r: 0/0 J2J-a: 387428/893736 J2J-d: 18314 J2J-s: 133152/632918 | map: 1476 tracked, 667 hot
[JIT] Stats: 10551296 sends, 3742 compiled, 135551 failed, 15024/16384 KB code | IC: 776389/1031253 (75% hit, 5890 patched, 0 stale) | J2J-r: 0/0 J2J-a: 388994/897309 J2J-d: 18429 J2J-s: 133512/635285 | map: 1476 tracked, 667 hot
[JIT] Stats: 10616832 sends, 3742 compiled, 137098 failed, 15024/16384 KB code | IC: 780563/1035873 (75% hit, 5891 patched, 0 stale) | J2J-r: 0/0 J2J-a: 391477/901741 J2J-d: 18523 J2J-s: 134286/638008 | map: 1476 tracked, 667 hot
[JIT] Stats: 10682368 sends, 3742 compiled, 138172 failed, 15024/16384 KB code | IC: 784107/1039907 (75% hit, 5891 patched, 0 stale) | J2J-r: 0/0 J2J-a: 393232/905551 J2J-d: 18634 J2J-s: 134813/640590 | map: 1476 tracked, 667 hot
[SISTA-SELECT-CAND] pfbBC=1 send1BC=4 selIdx=1 litIdx=0 slot=0
[SISTA-SELECT-EMIT] bc=1 slot=0 vid=1
[DNU] #11: #suspend not understood by rcvr=0x300000000 argCount=0 fd=2 in #suspend P80
[DNU]   rcvr cls=3075 fmt=0 class=nil
[DNU] 1MB-aligned check: rcvr=0x300000000 classAtIdx(3075).isNil=0 trap_env=0
[JIT] Stats: 10747904 sends, 3778 compiled, 138916 failed, 15247/16384 KB code | IC: 790043/1048678 (75% hit, 6689 patched, 0 stale) | J2J-r: 0/0 J2J-a: 397058/913789 J2J-d: 19274 J2J-s: 136784/646796 | map: 2742 tracked, 1630 hot
[DNU] #12: #suspend not understood by rcvr=0x300000000 argCount=0 fd=2 in #suspend P80
[DNU]   rcvr cls=3075 fmt=0 class=nil
[DNU] 1MB-aligned check: rcvr=0x300000000 classAtIdx(3075).isNil=0 trap_env=0
[asmjit-t1] code.code_size=3936 out of [1, 3584]
[DNU] #13: #suspend not understood by rcvr=0x300000000 argCount=0 fd=2 in #suspend P80
[DNU]   rcvr cls=3075 fmt=0 class=nil
[DNU] 1MB-aligned check: rcvr=0x300000000 classAtIdx(3075).isNil=0 trap_env=0
[DNU] #14: #suspend not understood by rcvr=0x300000000 argCount=0 fd=2 in #suspend P80
[DNU]   rcvr cls=3075 fmt=0 class=nil
[DNU] 1MB-aligned check: rcvr=0x300000000 classAtIdx(3075).isNil=0 trap_env=0
[DNU] #15: #suspend not understood by rcvr=0x300000000 argCount=0 fd=2 in #suspend P80
[DNU]   rcvr cls=3075 fmt=0 class=nil
[DNU] 1MB-aligned check: rcvr=0x300000000 classAtIdx(3075).isNil=0 trap_env=0
[SISTA-SELECT-CAND] pfbBC=2 send1BC=5 selIdx=2 litIdx=1 slot=0
[DNU] #16: #suspend not understood by rcvr=0x300000000 argCount=0 fd=2 in #suspend P80
[DNU]   rcvr cls=3075 fmt=0 class=nil
[DNU] 1MB-aligned check: rcvr=0x300000000 classAtIdx(3075).isNil=0 trap_env=0
[asmjit-t1] code.code_size=3932 out of [1, 3584]
[asmjit-t1] code.code_size=5776 out of [1, 4608]
[asmjit-t1] code.code_size=5776 out of [1, 4608]
[asmjit-t1] code.code_size=4960 out of [1, 4096]
[JIT] Stats: 10813440 sends, 3830 compiled, 139927 failed, 15441/16384 KB code | IC: 797274/1060130 (75% hit, 6780 patched, 0 stale) | J2J-r: 0/0 J2J-a: 401583/924057 J2J-d: 19355 J2J-s: 138651/654142 | map: 2893 tracked, 1759 hot
[asmjit-t1] code.code_size=3932 out of [1, 3584]
[asmjit-t1] code.code_size=3932 out of [1, 3584]
[asmjit-t1] code.code_size=4960 out of [1, 4096]
[DNU] #17: #suspend not understood by rcvr=0x300000000 argCount=0 fd=2 in #suspend P80
[DNU]   rcvr cls=3075 fmt=0 class=nil
[DNU] 1MB-aligned check: rcvr=0x300000000 classAtIdx(3075).isNil=0 trap_env=0
[asmjit-t1] code.code_size=4960 out of [1, 4096]
[DNU] #18: #suspend not understood by rcvr=0x300000000 argCount=0 fd=2 in #suspend P80
[DNU]   rcvr cls=3075 fmt=0 class=nil
[DNU] 1MB-aligned check: rcvr=0x300000000 classAtIdx(3075).isNil=0 trap_env=0
[asmjit-t1] code.code_size=3936 out of [1, 3584]
[asmjit-t1] code.code_size=3936 out of [1, 3584]
[DNU] #19: #suspend not understood by rcvr=0x300000000 argCount=0 fd=2 in #suspend P80
[DNU]   rcvr cls=3075 fmt=0 class=nil
[DNU] 1MB-aligned check: rcvr=0x300000000 classAtIdx(3075).isNil=0 trap_env=0
[asmjit-t1] code.code_size=3936 out of [1, 3584]
[DNU] #20: #suspend not understood by rcvr=0x300000000 argCount=0 fd=2 in #suspend P80
[DNU]   rcvr cls=3075 fmt=0 class=nil
[DNU] 1MB-aligned check: rcvr=0x300000000 classAtIdx(3075).isNil=0 trap_env=0
[JIT] Stats: 10878976 sends, 3885 compiled, 140940 failed, 15612/16384 KB code | IC: 804949/1072307 (75% hit, 6872 patched, 0 stale) | J2J-r: 0/0 J2J-a: 406341/935109 J2J-d: 19428 J2J-s: 140862/662363 | map: 2970 tracked, 1862 hot
[DNU] #21: #suspend not understood by rcvr=0x300000000 argCount=0 fd=2 in #suspend P80
[DNU]   rcvr cls=3075 fmt=0 class=nil
[DNU] 1MB-aligned check: rcvr=0x300000000 classAtIdx(3075).isNil=0 trap_env=0
[DNU] #22: #suspend not understood by rcvr=0x300000000 argCount=0 fd=2 in #suspend P80
[DNU]   rcvr cls=3075 fmt=0 class=nil
[DNU] 1MB-aligned check: rcvr=0x300000000 classAtIdx(3075).isNil=0 trap_env=0
[DNU] #23: #suspend not understood by rcvr=0x300000000 argCount=0 fd=2 in #suspend P80
[DNU]   rcvr cls=3075 fmt=0 class=nil
[DNU] 1MB-aligned check: rcvr=0x300000000 classAtIdx(3075).isNil=0 trap_env=0
[DNU] #24: #suspend not understood by rcvr=0x300000000 argCount=0 fd=2 in #suspend P80
[DNU]   rcvr cls=3075 fmt=0 class=nil
[DNU] 1MB-aligned check: rcvr=0x300000000 classAtIdx(3075).isNil=0 trap_env=0
[asmjit-t1] code.code_size=18692 out of [1, 16896]
[DNU] #25: #suspend not understood by rcvr=0x300000000 argCount=0 fd=2 in #suspend P80
[DNU]   rcvr cls=3075 fmt=0 class=nil
[DNU] 1MB-aligned check: rcvr=0x300000000 classAtIdx(3075).isNil=0 trap_env=0
[DNU] #26: #suspend not understood by rcvr=0x300000000 argCount=0 fd=2 in #suspend P80
[DNU]   rcvr cls=3075 fmt=0 class=nil
[DNU] 1MB-aligned check: rcvr=0x300000000 classAtIdx(3075).isNil=0 trap_env=0
[DNU] #27: #suspend not understood by rcvr=0x300000000 argCount=0 fd=2 in #suspend P80
[DNU]   rcvr cls=3075 fmt=0 class=nil
[DNU] 1MB-aligned check: rcvr=0x300000000 classAtIdx(3075).isNil=0 trap_env=0
[DNU] #28: #suspend not understood by rcvr=0x300000000 argCount=0 fd=2 in #suspend P80
[DNU]   rcvr cls=3075 fmt=0 class=nil
[DNU] 1MB-aligned check: rcvr=0x300000000 classAtIdx(3075).isNil=0 trap_env=0
[DNU] #29: #suspend not understood by rcvr=0x300000000 argCount=0 fd=2 in #suspend P80
[DNU]   rcvr cls=3075 fmt=0 class=nil
[DNU] 1MB-aligned check: rcvr=0x300000000 classAtIdx(3075).isNil=0 trap_env=0
[DNU] #30: #suspend not understood by rcvr=0x300000000 argCount=0 fd=2 in #suspend P80
[DNU]   rcvr cls=3075 fmt=0 class=nil
[DNU] 1MB-aligned check: rcvr=0x300000000 classAtIdx(3075).isNil=0 trap_env=0
[DNU] #31: #suspend not understood by rcvr=0x300000000 argCount=0 fd=2 in #suspend P80
[DNU]   rcvr cls=3075 fmt=0 class=nil
[DNU] 1MB-aligned check: rcvr=0x300000000 classAtIdx(3075).isNil=0 trap_env=0
[JIT] Stats: 10944512 sends, 3895 compiled, 142105 failed, 15654/16384 KB code | IC: 813825/1084811 (75% hit, 6889 patched, 0 stale) | J2J-r: 0/0 J2J-a: 411330/946759 J2J-d: 19444 J2J-s: 143271/671175 | map: 2995 tracked, 1871 hot
[DNU] #32: #suspend not understood by rcvr=0x300000000 argCount=0 fd=2 in #suspend P80
[DNU]   rcvr cls=3075 fmt=0 class=nil
[DNU] 1MB-aligned check: rcvr=0x300000000 classAtIdx(3075).isNil=0 trap_env=0
[DNU] #33: #suspend not understood by rcvr=0x300000000 argCount=0 fd=2 in #suspend P80
[DNU]   rcvr cls=3075 fmt=0 class=nil
[DNU] 1MB-aligned check: rcvr=0x300000000 classAtIdx(3075).isNil=0 trap_env=0
[DNU] #34: #suspend not understood by rcvr=0x300000000 argCount=0 fd=2 in #suspend P80
[DNU]   rcvr cls=3075 fmt=0 class=nil
[DNU] 1MB-aligned check: rcvr=0x300000000 classAtIdx(3075).isNil=0 trap_env=0
[DNU] #35: #suspend not understood by rcvr=0x300000000 argCount=0 fd=2 in #suspend P80
[DNU]   rcvr cls=3075 fmt=0 class=nil
[DNU] 1MB-aligned check: rcvr=0x300000000 classAtIdx(3075).isNil=0 trap_env=0
[asmjit-t1] code.code_size=6796 out of [1, 5120]
[DNU] #36: #suspend not understood by rcvr=0x300000000 argCount=0 fd=2 in #suspend P80
[DNU]   rcvr cls=3075 fmt=0 class=nil
[DNU] 1MB-aligned check: rcvr=0x300000000 classAtIdx(3075).isNil=0 trap_env=0
[DNU] #37: #suspend not understood by rcvr=0x300000000 argCount=0 fd=2 in #suspend P80
[DNU]   rcvr cls=3075 fmt=0 class=nil
[DNU] 1MB-aligned check: rcvr=0x300000000 classAtIdx(3075).isNil=0 trap_env=0
[DNU] #38: #suspend not understood by rcvr=0x300000000 argCount=0 fd=2 in #suspend P80
[DNU]   rcvr cls=3075 fmt=0 class=nil
[DNU] 1MB-aligned check: rcvr=0x300000000 classAtIdx(3075).isNil=0 trap_env=0
[DNU] #39: #suspend not understood by rcvr=0x300000000 argCount=0 fd=2 in #suspend P80
[DNU]   rcvr cls=3075 fmt=0 class=nil
[DNU] 1MB-aligned check: rcvr=0x300000000 classAtIdx(3075).isNil=0 trap_env=0
[DNU] #40: #suspend not understood by rcvr=0x300000000 argCount=0 fd=2 in #suspend P80
[DNU]   rcvr cls=3075 fmt=0 class=nil
[DNU] 1MB-aligned check: rcvr=0x300000000 classAtIdx(3075).isNil=0 trap_env=0
[JIT] Stats: 11010048 sends, 3930 compiled, 143152 failed, 15788/16384 KB code | IC: 821967/1097249 (74% hit, 6945 patched, 0 stale) | J2J-r: 0/0 J2J-a: 416415/958185 J2J-d: 19489 J2J-s: 145801/679788 | map: 3011 tracked, 1891 hot
[DNU] #41: #suspend not understood by rcvr=0x300000000 argCount=0 fd=2 in #suspend P80
[DNU]   rcvr cls=3075 fmt=0 class=nil
[DNU] 1MB-aligned check: rcvr=0x300000000 classAtIdx(3075).isNil=0 trap_env=0
[DNU] #42: #suspend not understood by rcvr=0x300000000 argCount=0 fd=2 in #suspend P80
[DNU]   rcvr cls=3075 fmt=0 class=nil
[DNU] 1MB-aligned check: rcvr=0x300000000 classAtIdx(3075).isNil=0 trap_env=0
[asmjit-t1] code.code_size=20400 out of [1, 19968]
[asmjit-t1] code.code_size=3136 out of [1, 3072]
[DNU] #43: #suspend not understood by rcvr=0x300000000 argCount=0 fd=2 in #suspend P80
[DNU]   rcvr cls=3075 fmt=0 class=nil
[DNU] 1MB-aligned check: rcvr=0x300000000 classAtIdx(3075).isNil=0 trap_env=0
[DNU] #44: #suspend not understood by rcvr=0x300000000 argCount=0 fd=2 in #suspend P80
[DNU]   rcvr cls=3075 fmt=0 class=nil
[DNU] 1MB-aligned check: rcvr=0x300000000 classAtIdx(3075).isNil=0 trap_env=0
[asmjit-t1] code.code_size=4160 out of [1, 3584]
[DNU] #45: #suspend not understood by rcvr=0x300000000 argCount=0 fd=2 in #suspend P80
[DNU]   rcvr cls=3075 fmt=0 class=nil
[DNU] 1MB-aligned check: rcvr=0x300000000 classAtIdx(3075).isNil=0 trap_env=0
[DNU] #46: #suspend not understood by rcvr=0x300000000 argCount=0 fd=2 in #suspend P80
[DNU]   rcvr cls=3075 fmt=0 class=nil
[DNU] 1MB-aligned check: rcvr=0x300000000 classAtIdx(3075).isNil=0 trap_env=0
[JIT] AUTO-EXCLUDED exception infra #return: (class Exception class)
[asmjit-t1] code.code_size=3936 out of [1, 3584]
[asmjit-t1] code.code_size=3936 out of [1, 3584]
[JIT] Stats: 11075584 sends, 3986 compiled, 144268 failed, 15956/16384 KB code | IC: 830067/1109806 (74% hit, 7039 patched, 0 stale) | J2J-r: 0/0 J2J-a: 421519/969686 J2J-d: 19561 J2J-s: 148179/688275 | map: 3123 tracked, 1978 hot
[DNU] #47: #suspend not understood by rcvr=0x300000000 argCount=0 fd=2 in #suspend P80
[DNU]   rcvr cls=3075 fmt=0 class=nil
[DNU] 1MB-aligned check: rcvr=0x300000000 classAtIdx(3075).isNil=0 trap_env=0
[asmjit-t1] code.code_size=4960 out of [1, 4096]
[DNU] #48: #suspend not understood by rcvr=0x300000000 argCount=0 fd=2 in #suspend P80
[DNU]   rcvr cls=3075 fmt=0 class=nil
[DNU] 1MB-aligned check: rcvr=0x300000000 classAtIdx(3075).isNil=0 trap_env=0
[DNU] #49: #suspend not understood by rcvr=0x300000000 argCount=0 fd=2 in #suspend P80
[DNU]   rcvr cls=3075 fmt=0 class=nil
[DNU] 1MB-aligned check: rcvr=0x300000000 classAtIdx(3075).isNil=0 trap_env=0
[DNU] #50: #suspend not understood by rcvr=0x300000000 argCount=0 fd=2 in #suspend P80
[DNU]   rcvr cls=3075 fmt=0 class=nil
[DNU] 1MB-aligned check: rcvr=0x300000000 classAtIdx(3075).isNil=0 trap_env=0
[DNU] #51: #suspend not understood by rcvr=0x300000000 argCount=0 fd=2 in #suspend P80
[DNU]   rcvr cls=3075 fmt=0 class=nil
[DNU] 1MB-aligned check: rcvr=0x300000000 classAtIdx(3075).isNil=0 trap_env=0
[DNU] #52: #suspend not understood by rcvr=0x300000000 argCount=0 fd=2 in #suspend P80
[DNU]   rcvr cls=3075 fmt=0 class=nil
[DNU] 1MB-aligned check: rcvr=0x300000000 classAtIdx(3075).isNil=0 trap_env=0
[DNU] #53: #suspend not understood by rcvr=0x300000000 argCount=0 fd=2 in #suspend P80
[DNU]   rcvr cls=3075 fmt=0 class=nil
[DNU] 1MB-aligned check: rcvr=0x300000000 classAtIdx(3075).isNil=0 trap_env=0
[JIT] Stats: 11141120 sends, 4016 compiled, 145357 failed, 16085/16384 KB code | IC: 838029/1121853 (74% hit, 7095 patched, 0 stale) | J2J-r: 0/0 J2J-a: 426098/980744 J2J-d: 19608 J2J-s: 150228/696545 | map: 3223 tracked, 2030 hot
[asmjit-t1] code.code_size=7612 out of [1, 5632]
[asmjit-t1] code.code_size=3932 out of [1, 3584]
[DNU] #54: #suspend not understood by rcvr=0x300000000 argCount=0 fd=2 in #suspend P80
[DNU]   rcvr cls=3075 fmt=0 class=nil
[DNU] 1MB-aligned check: rcvr=0x300000000 classAtIdx(3075).isNil=0 trap_env=0
[DNU] #55: #suspend not understood by rcvr=0x300000000 argCount=0 fd=2 in #suspend P80
[DNU]   rcvr cls=3075 fmt=0 class=nil
[DNU] 1MB-aligned check: rcvr=0x300000000 classAtIdx(3075).isNil=0 trap_env=0
[DNU] #56: #suspend not understood by rcvr=0x300000000 argCount=0 fd=2 in #suspend P80
[DNU]   rcvr cls=3075 fmt=0 class=nil
[DNU] 1MB-aligned check: rcvr=0x300000000 classAtIdx(3075).isNil=0 trap_env=0
[DNU] #57: #suspend not understood by rcvr=0x300000000 argCount=0 fd=2 in #suspend P80
[DNU]   rcvr cls=3075 fmt=0 class=nil
[DNU] 1MB-aligned check: rcvr=0x300000000 classAtIdx(3075).isNil=0 trap_env=0
[asmjit-t1] code.code_size=3944 out of [1, 3584]
[JIT] Stats: 11206656 sends, 4063 compiled, 146352 failed, 16248/16384 KB code | IC: 845556/1133174 (74% hit, 7147 patched, 0 stale) | J2J-r: 0/0 J2J-a: 430901/991175 J2J-d: 19713 J2J-s: 152595/704234 | map: 3248 tracked, 2053 hot
[DNU] #58: #suspend not understood by rcvr=0x300000000 argCount=0 fd=2 in #suspend P80
[DNU]   rcvr cls=3075 fmt=0 class=nil
[DNU] 1MB-aligned check: rcvr=0x300000000 classAtIdx(3075).isNil=0 trap_env=0
[DNU] #59: #suspend not understood by rcvr=0x300000000 argCount=0 fd=2 in #suspend P80
[DNU]   rcvr cls=3075 fmt=0 class=nil
[DNU] 1MB-aligned check: rcvr=0x300000000 classAtIdx(3075).isNil=0 trap_env=0
[asmjit-t1] code.code_size=16060 out of [1, 13824]
[DNU] #60: #suspend not understood by rcvr=0x300000000 argCount=0 fd=2 in #suspend P80
[DNU]   rcvr cls=3075 fmt=0 class=nil
[DNU] 1MB-aligned check: rcvr=0x300000000 classAtIdx(3075).isNil=0 trap_env=0
[JIT] Stats: 11272192 sends, 4097 compiled, 147367 failed, 16381/16384 KB code | IC: 853157/1145449 (74% hit, 7191 patched, 0 stale) | J2J-r: 0/0 J2J-a: 435946/1002358 J2J-d: 19757 J2J-s: 155065/712513 | map: 3290 tracked, 2086 hot
[asmjit-t1] code.code_size=16732 out of [1, 16384]
[JIT] Stats: 11337728 sends, 4101 compiled, 148488 failed, 16383/16384 KB code | IC: 861295/1158153 (74% hit, 7213 patched, 0 stale) | J2J-r: 0/0 J2J-a: 441492/1014011 J2J-d: 19802 J2J-s: 157822/721043 | map: 3334 tracked, 2121 hot
[asmjit-t1] code.code_size=3140 out of [1, 3072]
[SISTA-ACCUM-CAND] pfbBC=9 doBC=12 outerTemp=0 slot=0 arith=0
[SISTA-ACCUM-EMIT] bc=9 vid=7 packed=0x0
[SISTA-SPLICE-LOWER-OK] method=0x3002f5740
[JIT] Stats: 11403264 sends, 4102 compiled, 149877 failed, 16383/16384 KB code | IC: 868857/1170455 (74% hit, 7231 patched, 0 stale) | J2J-r: 0/0 J2J-a: 446265/1025224 J2J-d: 19827 J2J-s: 159768/729104 | map: 3388 tracked, 2148 hot
[asmjit-t1] code.code_size=4960 out of [1, 4608]
[SISTA-SELECT-CAND] pfbBC=3 send1BC=6 selIdx=2 litIdx=1 slot=0
[SISTA-SELECT-CAND] pfbBC=3 send1BC=6 selIdx=2 litIdx=1 slot=0
[JIT] Stats: 11468800 sends, 4102 compiled, 150982 failed, 16383/16384 KB code | IC: 876050/1182383 (74% hit, 7446 patched, 0 stale) | J2J-r: 0/0 J2J-a: 451287/1036080 J2J-d: 20050 J2J-s: 162407/737226 | map: 2112 tracked, 1004 hot
[asmjit-t1] code.code_size=14876 out of [1, 14848]
[asmjit-t1] code.code_size=55688 out of [1, 44544]
[JIT] Stats: 11534336 sends, 4102 compiled, 152741 failed, 16383/16384 KB code | IC: 884783/1194125 (74% hit, 7772 patched, 0 stale) | J2J-r: 0/0 J2J-a: 455574/1046804 J2J-d: 20284 J2J-s: 164686/745648 | map: 2517 tracked, 1439 hot
[SISTA-SELECT-CAND] pfbBC=2 send1BC=5 selIdx=2 litIdx=1 slot=0
[asmjit-t1] code.code_size=3132 out of [1, 3072]
[asmjit-t1] code.code_size=3932 out of [1, 3584]
[asmjit-t1] code.code_size=3932 out of [1, 3584]
[asmjit-t1] code.code_size=3932 out of [1, 3584]
[JIT] Stats: 11599872 sends, 4102 compiled, 154695 failed, 16383/16384 KB code | IC: 893609/1205855 (74% hit, 7853 patched, 0 stale) | J2J-r: 0/0 J2J-a: 459912/1057529 J2J-d: 20340 J2J-s: 166922/754019 | map: 2590 tracked, 1561 hot
[JIT] Stats: 11665408 sends, 4102 compiled, 156943 failed, 16383/16384 KB code | IC: 901982/1217216 (74% hit, 7916 patched, 0 stale) | J2J-r: 0/0 J2J-a: 463926/1067869 J2J-d: 20364 J2J-s: 168749/761861 | map: 2651 tracked, 1605 hot
[asmjit-t1] code.code_size=5876 out of [1, 5632]
[JIT] Stats: 11730944 sends, 4102 compiled, 159232 failed, 16383/16384 KB code | IC: 910889/1229002 (74% hit, 8076 patched, 0 stale) | J2J-r: 0/0 J2J-a: 468369/1078666 J2J-d: 20494 J2J-s: 171161/770334 | map: 2912 tracked, 1777 hot
[SISTA-SELECT-CAND] pfbBC=2 send1BC=5 selIdx=2 litIdx=1 slot=0
[JIT] Stats: 11796480 sends, 4102 compiled, 161427 failed, 16383/16384 KB code | IC: 920067/1240697 (74% hit, 8100 patched, 0 stale) | J2J-r: 0/0 J2J-a: 472734/1089539 J2J-d: 20527 J2J-s: 173353/778737 | map: 2978 tracked, 1808 hot
[JIT] Stats: 11862016 sends, 4102 compiled, 163881 failed, 16383/16384 KB code | IC: 928204/1251769 (74% hit, 8108 patched, 0 stale) | J2J-r: 0/0 J2J-a: 476588/1099638 J2J-d: 20561 J2J-s: 174898/786248 | map: 2980 tracked, 1810 hot
[asmjit-t1] code.code_size=9124 out of [1, 7680]
[JIT] Stats: 11927552 sends, 4102 compiled, 165976 failed, 16383/16384 KB code | IC: 936370/1262776 (74% hit, 8134 patched, 0 stale) | J2J-r: 0/0 J2J-a: 480567/1109673 J2J-d: 20622 J2J-s: 177128/794250 | map: 3041 tracked, 1865 hot
[JIT] Stats: 11993088 sends, 4102 compiled, 168638 failed, 16383/16384 KB code | IC: 945159/1274406 (74% hit, 8146 patched, 0 stale) | J2J-r: 0/0 J2J-a: 484868/1120370 J2J-d: 20704 J2J-s: 179222/802450 | map: 3076 tracked, 1894 hot
[JIT] Stats: 12058624 sends, 4102 compiled, 171289 failed, 16383/16384 KB code | IC: 952826/1285087 (74% hit, 8148 patched, 0 stale) | J2J-r: 0/0 J2J-a: 488460/1129959 J2J-d: 20717 J2J-s: 180709/809619 | map: 3081 tracked, 1901 hot
[JIT] Stats: 12124160 sends, 4102 compiled, 173856 failed, 16383/16384 KB code | IC: 960462/1295652 (74% hit, 8156 patched, 0 stale) | J2J-r: 0/0 J2J-a: 491981/1139475 J2J-d: 20737 J2J-s: 182197/816799 | map: 3096 tracked, 1912 hot
[JIT] Stats: 12189696 sends, 4102 compiled, 176308 failed, 16383/16384 KB code | IC: 968937/1306791 (74% hit, 8176 patched, 0 stale) | J2J-r: 0/0 J2J-a: 495934/1149685 J2J-d: 20862 J2J-s: 184273/824887 | map: 3122 tracked, 1934 hot
[JIT] Stats: 12255232 sends, 4102 compiled, 179128 failed, 16383/16384 KB code | IC: 977006/1318352 (74% hit, 8177 patched, 0 stale) | J2J-r: 0/0 J2J-a: 500098/1159971 J2J-d: 20994 J2J-s: 186549/833021 | map: 3128 tracked, 1937 hot
[asmjit-t1] code.code_size=3940 out of [1, 3584]
[asmjit-t1] code.code_size=18416 out of [1, 16384]
[JIT] Stats: 12320768 sends, 4102 compiled, 182152 failed, 16383/16384 KB code | IC: 986185/1330408 (74% hit, 8189 patched, 0 stale) | J2J-r: 0/0 J2J-a: 504614/1171114 J2J-d: 21203 J2J-s: 188828/841655 | map: 3171 tracked, 1953 hot
[asmjit-t1] code.code_size=3932 out of [1, 3584]
[asmjit-t1] code.code_size=3712 out of [1, 3584]
[asmjit-t1] code.code_size=4964 out of [1, 4096]
[JIT] Stats: 12386304 sends, 4102 compiled, 185210 failed, 16383/16384 KB code | IC: 994742/1342253 (74% hit, 8274 patched, 0 stale) | J2J-r: 0/0 J2J-a: 508878/1181865 J2J-d: 21379 J2J-s: 190811/849765 | map: 3273 tracked, 2090 hot
[JIT] Stats: 12451840 sends, 4102 compiled, 188259 failed, 16383/16384 KB code | IC: 1003014/1353844 (74% hit, 8296 patched, 0 stale) | J2J-r: 0/0 J2J-a: 513316/1192321 J2J-d: 21452 J2J-s: 192997/857577 | map: 3286 tracked, 2118 hot
[JIT] Stats: 12517376 sends, 4102 compiled, 191607 failed, 16383/16384 KB code | IC: 1011189/1365312 (74% hit, 8306 patched, 0 stale) | J2J-r: 0/0 J2J-a: 517352/1202687 J2J-d: 21503 J2J-s: 194779/865296 | map: 3301 tracked, 2129 hot
[JIT] Stats: 12582912 sends, 4102 compiled, 194769 failed, 16383/16384 KB code | IC: 1019556/1377059 (74% hit, 8750 patched, 0 stale) | J2J-r: 0/0 J2J-a: 521711/1213373 J2J-d: 21852 J2J-s: 196803/873267 | map: 2826 tracked, 1515 hot
[JIT] Stats: 12648448 sends, 4102 compiled, 198035 failed, 16383/16384 KB code | IC: 1028588/1388841 (74% hit, 8836 patched, 0 stale) | J2J-r: 0/0 J2J-a: 526034/1224156 J2J-d: 21912 J2J-s: 198718/881298 | map: 2915 tracked, 1749 hot
[JIT] Stats: 12713984 sends, 4102 compiled, 200924 failed, 16383/16384 KB code | IC: 1037161/1399861 (74% hit, 8915 patched, 0 stale) | J2J-r: 0/0 J2J-a: 529895/1234331 J2J-d: 21960 J2J-s: 200376/888978 | map: 3042 tracked, 1808 hot
[JIT] Stats: 12779520 sends, 4102 compiled, 204284 failed, 16383/16384 KB code | IC: 1046339/1411620 (74% hit, 8954 patched, 0 stale) | J2J-r: 0/0 J2J-a: 534136/1245144 J2J-d: 21986 J2J-s: 202196/897087 | map: 3055 tracked, 1852 hot
[JIT] Stats: 12845056 sends, 4102 compiled, 207388 failed, 16383/16384 KB code | IC: 1054870/1423036 (74% hit, 9054 patched, 0 stale) | J2J-r: 0/0 J2J-a: 538422/1255599 J2J-d: 22068 J2J-s: 204228/904918 | map: 3159 tracked, 1936 hot
[JIT] Stats: 12910592 sends, 4102 compiled, 210471 failed, 16383/16384 KB code | IC: 1063761/1434634 (74% hit, 9087 patched, 0 stale) | J2J-r: 0/0 J2J-a: 542822/1266198 J2J-d: 22099 J2J-s: 206421/912955 | map: 3210 tracked, 1991 hot
[JIT] Stats: 12976128 sends, 4102 compiled, 213442 failed, 16383/16384 KB code | IC: 1072614/1446300 (74% hit, 9121 patched, 0 stale) | J2J-r: 0/0 J2J-a: 547289/1276851 J2J-d: 22128 J2J-s: 208706/921085 | map: 3260 tracked, 2043 hot
[JIT] Stats: 13041664 sends, 4102 compiled, 216943 failed, 16383/16384 KB code | IC: 1081476/1457899 (74% hit, 9132 patched, 0 stale) | J2J-r: 0/0 J2J-a: 551462/1287441 J2J-d: 22142 J2J-s: 210467/928946 | map: 3270 tracked, 2048 hot
[asmjit-t1] code.code_size=3936 out of [1, 3584]
[asmjit-t1] code.code_size=3932 out of [1, 3584]
[asmjit-t1] code.code_size=3712 out of [1, 3584]
[asmjit-t1] code.code_size=3936 out of [1, 3584]
[SISTA-SELECT-EMIT] bc=1 slot=0 vid=1
[JIT] Stats: 13107200 sends, 4102 compiled, 219905 failed, 16383/16384 KB code | IC: 1090413/1470096 (74% hit, 9372 patched, 0 stale) | J2J-r: 0/0 J2J-a: 556140/1298445 J2J-d: 22342 J2J-s: 212647/937152 | map: 3692 tracked, 2265 hot

=== Injecting Right-Click (World Menu) ===
[TEST] Injected mouse DOWN at (50,300) button=2 subtype=1 queueAddr=0x1006e7d98 isEmpty=0
[TEST] Injected mouse UP at (50,300) subtype=2
[SISTA-INJECT-SPLICE-DIAG] send2BC=5 selIdx=1 verdict=REJECT reject=multi-block IR rejOp=return
[SISTA-INJECT-SPLICE-DIAG] send2BC=6 selIdx=2 verdict=REJECT reject=non-simple block op rejOp=send
[asmjit-t1] code.code_size=3932 out of [1, 3584]
[JIT] Stats: 13172736 sends, 4102 compiled, 221272 failed, 16383/16384 KB code | IC: 1097180/1481000 (74% hit, 9845 patched, 0 stale) | J2J-r: 0/0 J2J-a: 561569/1308666 J2J-d: 22790 J2J-s: 215123/944094 | map: 4347 tracked, 3075 hot
[asmjit-t1] code.code_size=3932 out of [1, 3584]
[asmjit-t1] code.code_size=3720 out of [1, 3584]
[JIT] Stats: 13238272 sends, 4102 compiled, 222881 failed, 16383/16384 KB code | IC: 1104691/1492765 (74% hit, 9974 patched, 0 stale) | J2J-r: 0/0 J2J-a: 567198/1319338 J2J-d: 22983 J2J-s: 217842/951473 | map: 4436 tracked, 3183 hot
[JIT] Stats: 13303808 sends, 4102 compiled, 224048 failed, 16383/16384 KB code | IC: 1112739/1504612 (73% hit, 10051 patched, 0 stale) | J2J-r: 0/0 J2J-a: 574166/1330536 J2J-d: 23064 J2J-s: 220044/957718 | map: 4520 tracked, 3219 hot
[JIT] Stats: 13369344 sends, 4102 compiled, 228727 failed, 16383/16384 KB code | IC: 1126784/1518660 (74% hit, 10054 patched, 0 stale) | J2J-r: 0/0 J2J-a: 583510/1344584 J2J-d: 23066 J2J-s: 220060/962438 | map: 4521 tracked, 3221 hot
[asmjit-t1] code.code_size=3716 out of [1, 3584]
[JIT] Stats: 13434880 sends, 4102 compiled, 232255 failed, 16383/16384 KB code | IC: 1137533/1532287 (74% hit, 10484 patched, 0 stale) | J2J-r: 0/0 J2J-a: 593553/1356910 J2J-d: 23363 J2J-s: 224053/968639 | map: 4585 tracked, 3300 hot
[JIT] Stats: 13500416 sends, 4102 compiled, 235688 failed, 16383/16384 KB code | IC: 1149745/1545466 (74% hit, 10501 patched, 0 stale) | J2J-r: 0/0 J2J-a: 602318/1370089 J2J-d: 23372 J2J-s: 224071/973070 | map: 4585 tracked, 3300 hot
[JIT] Stats: 13565952 sends, 4102 compiled, 239728 failed, 16383/16384 KB code | IC: 1162244/1560360 (74% hit, 10705 patched, 0 stale) | J2J-r: 0/0 J2J-a: 612762/1383902 J2J-d: 23517 J2J-s: 226530/978842 | map: 4585 tracked, 3329 hot
[JIT] Stats: 13631488 sends, 4102 compiled, 242333 failed, 16383/16384 KB code | IC: 1172836/1573546 (74% hit, 10946 patched, 0 stale) | J2J-r: 0/0 J2J-a: 622071/1396471 J2J-d: 23674 J2J-s: 228559/984113 | map: 4588 tracked, 3329 hot
[JIT] Stats: 13697024 sends, 4102 compiled, 246791 failed, 16383/16384 KB code | IC: 1186223/1587078 (74% hit, 11014 patched, 0 stale) | J2J-r: 0/0 J2J-a: 631078/1409964 J2J-d: 23725 J2J-s: 228666/988702 | map: 4588 tracked, 3329 hot
[JIT] Stats: 13762560 sends, 4102 compiled, 249361 failed, 16383/16384 KB code | IC: 1196098/1601304 (74% hit, 11391 patched, 0 stale) | J2J-r: 0/0 J2J-a: 641476/1422760 J2J-d: 23975 J2J-s: 232548/994911 | map: 4588 tracked, 3335 hot
[JIT] Stats: 13828096 sends, 4102 compiled, 254038 failed, 16383/16384 KB code | IC: 1210143/1615352 (74% hit, 11394 patched, 0 stale) | J2J-r: 0/0 J2J-a: 650820/1436808 J2J-d: 23977 J2J-s: 232564/999631 | map: 4588 tracked, 3335 hot
[JIT] Stats: 13893632 sends, 4102 compiled, 257454 failed, 16383/16384 KB code | IC: 1220859/1629384 (74% hit, 11838 patched, 0 stale) | J2J-r: 0/0 J2J-a: 661140/1449499 J2J-d: 24283 J2J-s: 236519/1005883 | map: 4588 tracked, 3338 hot
[JIT] Stats: 13959168 sends, 4102 compiled, 260713 failed, 16383/16384 KB code | IC: 1232866/1642303 (75% hit, 11857 patched, 0 stale) | J2J-r: 0/0 J2J-a: 669875/1462418 J2J-d: 24293 J2J-s: 236752/1010299 | map: 4588 tracked, 3338 hot
[JIT] Stats: 14024704 sends, 4102 compiled, 264801 failed, 16383/16384 KB code | IC: 1245144/1656208 (75% hit, 12069 patched, 0 stale) | J2J-r: 0/0 J2J-a: 679518/1475622 J2J-d: 24446 J2J-s: 238650/1015700 | map: 4588 tracked, 3338 hot
[JIT] Stats: 14090240 sends, 4102 compiled, 267792 failed, 16383/16384 KB code | IC: 1256085/1669711 (75% hit, 12302 patched, 0 stale) | J2J-r: 0/0 J2J-a: 689112/1488382 J2J-d: 24595 J2J-s: 240897/1021093 | map: 4588 tracked, 3338 hot
[JIT] Stats: 14155776 sends, 4102 compiled, 272357 failed, 16383/16384 KB code | IC: 1269799/1683429 (75% hit, 12306 patched, 0 stale) | J2J-r: 0/0 J2J-a: 698238/1502100 J2J-d: 24598 J2J-s: 240915/1025703 | map: 4588 tracked, 3338 hot
[JIT] Stats: 14221312 sends, 4102 compiled, 274637 failed, 16383/16384 KB code | IC: 1279099/1697459 (75% hit, 12751 patched, 0 stale) | J2J-r: 0/0 J2J-a: 708693/1514538 J2J-d: 24904 J2J-s: 245335/1032031 | map: 4588 tracked, 3338 hot
[JIT] Stats: 14286848 sends, 4102 compiled, 279313 failed, 16383/16384 KB code | IC: 1293142/1711506 (75% hit, 12755 patched, 0 stale) | J2J-r: 0/0 J2J-a: 718038/1528585 J2J-d: 24906 J2J-s: 245351/1036749 | map: 4588 tracked, 3338 hot
[JIT] Stats: 14352384 sends, 4102 compiled, 283398 failed, 16383/16384 KB code | IC: 1304236/1725333 (75% hit, 13185 patched, 0 stale) | J2J-r: 0/0 J2J-a: 728113/1541177 J2J-d: 25202 J2J-s: 249056/1042896 | map: 4588 tracked, 3338 hot
[JIT] Stats: 14417920 sends, 4102 compiled, 286534 failed, 16383/16384 KB code | IC: 1316101/1738102 (75% hit, 13204 patched, 0 stale) | J2J-r: 0/0 J2J-a: 736830/1553946 J2J-d: 25212 J2J-s: 249411/1047302 | map: 4588 tracked, 3338 hot
[JIT] Stats: 14483456 sends, 4102 compiled, 290694 failed, 16383/16384 KB code | IC: 1328513/1752011 (75% hit, 13387 patched, 0 stale) | J2J-r: 0/0 J2J-a: 746474/1567198 J2J-d: 25344 J2J-s: 251196/1052648 | map: 4588 tracked, 3338 hot
[JIT] Stats: 14548992 sends, 4102 compiled, 293451 failed, 16383/16384 KB code | IC: 1338733/1764699 (75% hit, 13657 patched, 0 stale) | J2J-r: 0/0 J2J-a: 755609/1579300 J2J-d: 25523 J2J-s: 253482/1057874 | map: 4588 tracked, 3338 hot
[JIT] Stats: 14614528 sends, 4102 compiled, 298129 failed, 16383/16384 KB code | IC: 1352784/1778750 (76% hit, 13657 patched, 0 stale) | J2J-r: 0/0 J2J-a: 764956/1593350 J2J-d: 25523 J2J-s: 253498/1062593 | map: 4588 tracked, 3338 hot
[JIT] Stats: 14680064 sends, 4102 compiled, 300762 failed, 16383/16384 KB code | IC: 1361867/1791446 (76% hit, 14090 patched, 0 stale) | J2J-r: 0/0 J2J-a: 774525/1604815 J2J-d: 25821 J2J-s: 257550/1068465 | map: 4588 tracked, 3338 hot
[JIT] Stats: 14745600 sends, 4102 compiled, 305388 failed, 16383/16384 KB code | IC: 1375757/1805351 (76% hit, 14105 patched, 0 stale) | J2J-r: 0/0 J2J-a: 783772/1618720 J2J-d: 25829 J2J-s: 257569/1073142 | map: 4588 tracked, 3338 hot
[JIT] Stats: 14811136 sends, 4102 compiled, 309236 failed, 16383/16384 KB code | IC: 1386782/1819287 (76% hit, 14491 patched, 0 stale) | J2J-r: 0/0 J2J-a: 793932/1631421 J2J-d: 26092 J2J-s: 261241/1079283 | map: 4588 tracked, 3338 hot
[JIT] Stats: 14876672 sends, 4102 compiled, 312347 failed, 16383/16384 KB code | IC: 1398622/1832443 (76% hit, 14556 patched, 0 stale) | J2J-r: 0/0 J2J-a: 802691/1644574 J2J-d: 26136 J2J-s: 261313/1083746 | map: 4588 tracked, 3338 hot
[JIT] Stats: 14942208 sends, 4102 compiled, 316515 failed, 16383/16384 KB code | IC: 1411055/1846362 (76% hit, 14735 patched, 0 stale) | J2J-r: 0/0 J2J-a: 812338/1657844 J2J-d: 26265 J2J-s: 263037/1089050 | map: 4588 tracked, 3338 hot
[JIT] Stats: 15007744 sends, 4102 compiled, 319670 failed, 16383/16384 KB code | IC: 1421808/1859555 (76% hit, 14995 patched, 0 stale) | J2J-r: 0/0 J2J-a: 821612/1670441 J2J-d: 26433 J2J-s: 265019/1094323 | map: 4588 tracked, 3338 hot
[JIT] Stats: 15073280 sends, 4102 compiled, 324336 failed, 16383/16384 KB code | IC: 1435823/1873574 (76% hit, 14999 patched, 0 stale) | J2J-r: 0/0 J2J-a: 830939/1684460 J2J-d: 26436 J2J-s: 265037/1099033 | map: 4588 tracked, 3338 hot
[JIT] Stats: 15138816 sends, 4102 compiled, 326680 failed, 16383/16384 KB code | IC: 1445527/1887294 (76% hit, 15460 patched, 0 stale) | J2J-r: 0/0 J2J-a: 840882/1696829 J2J-d: 26760 J2J-s: 269745/1106095 | map: 4588 tracked, 3338 hot
[JIT] Stats: 15204352 sends, 4102 compiled, 330886 failed, 16383/16384 KB code | IC: 1458515/1900477 (76% hit, 15476 patched, 0 stale) | J2J-r: 0/0 J2J-a: 849652/1710013 J2J-d: 26768 J2J-s: 269763/1110526 | map: 4588 tracked, 3338 hot
[JIT] Stats: 15269888 sends, 4102 compiled, 334860 failed, 16383/16384 KB code | IC: 1470263/1914909 (76% hit, 15780 patched, 0 stale) | J2J-r: 0/0 J2J-a: 859979/1723015 J2J-d: 26979 J2J-s: 273201/1116577 | map: 4588 tracked, 3338 hot
[JIT] Stats: 15335424 sends, 4102 compiled, 338214 failed, 16383/16384 KB code | IC: 1481758/1927974 (76% hit, 15922 patched, 0 stale) | J2J-r: 0/0 J2J-a: 868940/1736040 J2J-d: 27069 J2J-s: 273928/1121352 | map: 4588 tracked, 3338 hot
[JIT] Stats: 15400960 sends, 4102 compiled, 342610 failed, 16383/16384 KB code | IC: 1494945/1942717 (76% hit, 16041 patched, 0 stale) | J2J-r: 0/0 J2J-a: 879156/1750070 J2J-d: 27152 J2J-s: 275442/1126664 | map: 4588 tracked, 3338 hot
[JIT] Stats: 15466496 sends, 4102 compiled, 345188 failed, 16383/16384 KB code | IC: 1504890/1956177 (76% hit, 16367 patched, 0 stale) | J2J-r: 0/0 J2J-a: 888745/1762521 J2J-d: 27371 J2J-s: 278390/1132416 | map: 4588 tracked, 3338 hot
[JIT] Stats: 15532032 sends, 4102 compiled, 349866 failed, 16383/16384 KB code | IC: 1518941/1970228 (77% hit, 16367 patched, 0 stale) | J2J-r: 0/0 J2J-a: 898088/1776572 J2J-d: 27371 J2J-s: 278408/1137142 | map: 4588 tracked, 3338 hot
[JIT] Stats: 15597568 sends, 4102 compiled, 353139 failed, 16383/16384 KB code | IC: 1529556/1985096 (77% hit, 16788 patched, 0 stale) | J2J-r: 0/0 J2J-a: 909082/1789750 J2J-d: 27656 J2J-s: 282884/1143726 | map: 4588 tracked, 3338 hot
[JIT] Stats: 15663104 sends, 4102 compiled, 357191 failed, 16383/16384 KB code | IC: 1542390/1998278 (77% hit, 16805 patched, 0 stale) | J2J-r: 0/0 J2J-a: 917845/1802933 J2J-d: 27665 J2J-s: 282905/1148166 | map: 4588 tracked, 3338 hot
[JIT] Stats: 15728640 sends, 4102 compiled, 361185 failed, 16383/16384 KB code | IC: 1554106/2012408 (77% hit, 17043 patched, 0 stale) | J2J-r: 0/0 J2J-a: 928007/1815846 J2J-d: 27833 J2J-s: 285969/1153926 | map: 4588 tracked, 3338 hot
[JIT] Stats: 15794176 sends, 4102 compiled, 364191 failed, 16383/16384 KB code | IC: 1565218/2025708 (77% hit, 17263 patched, 0 stale) | J2J-r: 0/0 J2J-a: 937135/1828967 J2J-d: 27981 J2J-s: 286965/1158898 | map: 4588 tracked, 3338 hot
[JIT] Stats: 15859712 sends, 4102 compiled, 368634 failed, 16383/16384 KB code | IC: 1578516/2040306 (77% hit, 17336 patched, 0 stale) | J2J-r: 0/0 J2J-a: 947218/1842955 J2J-d: 28033 J2J-s: 288255/1164086 | map: 4588 tracked, 3338 hot
[JIT] Stats: 15925248 sends, 4102 compiled, 372812 failed, 16383/16384 KB code | IC: 1589773/2053479 (77% hit, 17701 patched, 0 stale) | J2J-r: 0/0 J2J-a: 956461/1855264 J2J-d: 28276 J2J-s: 290899/1169726 | map: 4588 tracked, 3338 hot
[JIT] Stats: 15990784 sends, 4102 compiled, 377491 failed, 16383/16384 KB code | IC: 1603822/2067528 (77% hit, 17701 patched, 0 stale) | J2J-r: 0/0 J2J-a: 965807/1869313 J2J-d: 28276 J2J-s: 290915/1174445 | map: 4588 tracked, 3338 hot
[JIT] Stats: 16056320 sends, 4102 compiled, 380529 failed, 16383/16384 KB code | IC: 1613738/2081053 (77% hit, 18136 patched, 0 stale) | J2J-r: 0/0 J2J-a: 975857/1881582 J2J-d: 28576 J2J-s: 294939/1180615 | map: 4588 tracked, 3338 hot
[JIT] Stats: 16121856 sends, 4102 compiled, 384493 failed, 16383/16384 KB code | IC: 1626483/2094234 (77% hit, 18153 patched, 0 stale) | J2J-r: 0/0 J2J-a: 984619/1894762 J2J-d: 28585 J2J-s: 294960/1185053 | map: 4588 tracked, 3338 hot
[JIT] Stats: 16187392 sends, 4102 compiled, 388526 failed, 16383/16384 KB code | IC: 1638476/2109029 (77% hit, 18382 patched, 0 stale) | J2J-r: 0/0 J2J-a: 995170/1908160 J2J-d: 28743 J2J-s: 298117/1191000 | map: 4588 tracked, 3338 hot
[JIT] Stats: 16252928 sends, 4102 compiled, 391900 failed, 16383/16384 KB code | IC: 1650000/2122584 (77% hit, 18590 patched, 0 stale) | J2J-r: 0/0 J2J-a: 1004436/1921451 J2J-d: 28879 J2J-s: 299169/1196058 | map: 4588 tracked, 3338 hot
[JIT] Stats: 16318464 sends, 4102 compiled, 396336 failed, 16383/16384 KB code | IC: 1663000/2136230 (77% hit, 18677 patched, 0 stale) | J2J-r: 0/0 J2J-a: 1013857/1934821 J2J-d: 28941 J2J-s: 300074/1200905 | map: 4588 tracked, 3338 hot
[JIT] Stats: 16384000 sends, 4102 compiled, 398912 failed, 16383/16384 KB code | IC: 1672975/2149910 (77% hit, 19037 patched, 0 stale) | J2J-r: 0/0 J2J-a: 1023702/1947341 J2J-d: 29182 J2J-s: 303377/1206815 | map: 4588 tracked, 3338 hot
[JIT] Stats: 16449536 sends, 4102 compiled, 403590 failed, 16383/16384 KB code | IC: 1687023/2163959 (77% hit, 19038 patched, 0 stale) | J2J-r: 0/0 J2J-a: 1033048/1961391 J2J-d: 29183 J2J-s: 303393/1211535 | map: 4588 tracked, 3338 hot
[JIT] Stats: 16515072 sends, 4102 compiled, 407036 failed, 16383/16384 KB code | IC: 1697942/2179251 (77% hit, 19459 patched, 0 stale) | J2J-r: 0/0 J2J-a: 1044171/1974999 J2J-d: 29469 J2J-s: 307580/1218131 | map: 4588 tracked, 3338 hot
[JIT] Stats: 16580608 sends, 4102 compiled, 410997 failed, 16383/16384 KB code | IC: 1710684/2192432 (78% hit, 19476 patched, 0 stale) | J2J-r: 0/0 J2J-a: 1052936/1988179 J2J-d: 29478 J2J-s: 307598/1222563 | map: 4588 tracked, 3338 hot
[JIT] Stats: 16646144 sends, 4102 compiled, 415049 failed, 16383/16384 KB code | IC: 1722202/2205839 (78% hit, 19715 patched, 0 stale) | J2J-r: 0/0 J2J-a: 1062489/2000616 J2J-d: 29646 J2J-s: 310311/1228101 | map: 4588 tracked, 3338 hot
[asmjit-t1] code.code_size=7820 out of [1, 5632]
[JIT] Stats: 16711680 sends, 4102 compiled, 417719 failed, 16383/16384 KB code | IC: 1729893/2218298 (77% hit, 20279 patched, 0 stale) | J2J-r: 0/0 J2J-a: 1068411/2011902 J2J-d: 30036 J2J-s: 313730/1236603 | map: 4604 tracked, 3366 hot
[JIT] Stats: 16777216 sends, 4102 compiled, 420200 failed, 16383/16384 KB code | IC: 1740758/2232143 (77% hit, 20395 patched, 0 stale) | J2J-r: 0/0 J2J-a: 1077264/2025279 J2J-d: 30122 J2J-s: 315076/1242454 | map: 4608 tracked, 3377 hot
[JIT] Stats: 16842752 sends, 4102 compiled, 424653 failed, 16383/16384 KB code | IC: 1753998/2245603 (78% hit, 20479 patched, 0 stale) | J2J-r: 0/0 J2J-a: 1086261/2038673 J2J-d: 30182 J2J-s: 315320/1247088 | map: 4608 tracked, 3377 hot
[JIT] Stats: 16908288 sends, 4102 compiled, 427631 failed, 16383/16384 KB code | IC: 1763967/2259555 (78% hit, 20837 patched, 0 stale) | J2J-r: 0/0 J2J-a: 1096497/2051230 J2J-d: 30421 J2J-s: 319229/1253247 | map: 4608 tracked, 3377 hot
[JIT] Stats: 16973824 sends, 4102 compiled, 432307 failed, 16383/16384 KB code | IC: 1778012/2273602 (78% hit, 20839 patched, 0 stale) | J2J-r: 0/0 J2J-a: 1105839/2065278 J2J-d: 30422 J2J-s: 319247/1257971 | map: 4608 tracked, 3377 hot
[JIT] Stats: 17039360 sends, 4102 compiled, 436012 failed, 16383/16384 KB code | IC: 1788942/2288554 (78% hit, 21267 patched, 0 stale) | J2J-r: 0/0 J2J-a: 1116819/2078528 J2J-d: 30716 J2J-s: 323663/1264584 | map: 4608 tracked, 3377 hot
[JIT] Stats: 17104896 sends, 4102 compiled, 439390 failed, 16383/16384 KB code | IC: 1801098/2301721 (78% hit, 21286 patched, 0 stale) | J2J-r: 0/0 J2J-a: 1125580/2091695 J2J-d: 30726 J2J-s: 323695/1269021 | map: 4608 tracked, 3377 hot
[JIT] Stats: 17170432 sends, 4102 compiled, 443814 failed, 16383/16384 KB code | IC: 1813770/2316640 (78% hit, 21577 patched, 0 stale) | J2J-r: 0/0 J2J-a: 1135989/2105548 J2J-d: 30925 J2J-s: 326068/1274781 | map: 2616 tracked, 1441 hot
[JIT] Stats: 17235968 sends, 4102 compiled, 447172 failed, 16383/16384 KB code | IC: 1824883/2330023 (78% hit, 21814 patched, 0 stale) | J2J-r: 0/0 J2J-a: 1145454/2118246 J2J-d: 31077 J2J-s: 328189/1280115 | map: 2809 tracked, 1537 hot
[JIT] Stats: 17301504 sends, 4102 compiled, 451660 failed, 16383/16384 KB code | IC: 1838353/2343551 (78% hit, 21853 patched, 0 stale) | J2J-r: 0/0 J2J-a: 1154446/2131762 J2J-d: 31105 J2J-s: 328234/1284681 | map: 2842 tracked, 1560 hot
[JIT] Stats: 17367040 sends, 4102 compiled, 454305 failed, 16383/16384 KB code | IC: 1848037/2358454 (78% hit, 22263 patched, 0 stale) | J2J-r: 0/0 J2J-a: 1165244/2144986 J2J-d: 31383 J2J-s: 332372/1291174 | map: 2883 tracked, 1697 hot
[JIT] Stats: 17432576 sends, 4102 compiled, 458981 failed, 16383/16384 KB code | IC: 1862083/2372503 (78% hit, 22266 patched, 0 stale) | J2J-r: 0/0 J2J-a: 1174587/2159035 J2J-d: 31384 J2J-s: 332390/1295898 | map: 2883 tracked, 1697 hot
[JIT] Stats: 17498112 sends, 4102 compiled, 463235 failed, 16383/16384 KB code | IC: 1873598/2387689 (78% hit, 22688 patched, 0 stale) | J2J-r: 0/0 J2J-a: 1185658/2172523 J2J-d: 31672 J2J-s: 336674/1302523 | map: 2883 tracked, 1748 hot
[JIT] Stats: 17563648 sends, 4102 compiled, 466456 failed, 16383/16384 KB code | IC: 1885565/2400585 (78% hit, 22707 patched, 0 stale) | J2J-r: 0/0 J2J-a: 1194391/2185419 J2J-d: 31682 J2J-s: 336927/1306938 | map: 2883 tracked, 1748 hot
[JIT] Stats: 17629184 sends, 4102 compiled, 470702 failed, 16383/16384 KB code | IC: 1897882/2414520 (78% hit, 22910 patched, 0 stale) | J2J-r: 0/0 J2J-a: 1204031/2198636 J2J-d: 31830 J2J-s: 338802/1312337 | map: 2883 tracked, 1748 hot
[JIT] Stats: 17694720 sends, 4102 compiled, 473566 failed, 16383/16384 KB code | IC: 1908203/2427285 (78% hit, 23164 patched, 0 stale) | J2J-r: 0/0 J2J-a: 1213182/2210855 J2J-d: 31995 J2J-s: 340964/1317545 | map: 2883 tracked, 1754 hot
[JIT] Stats: 17760256 sends, 4102 compiled, 478175 failed, 16383/16384 KB code | IC: 1922046/2441132 (78% hit, 23168 patched, 0 stale) | J2J-r: 0/0 J2J-a: 1222394/2224702 J2J-d: 31998 J2J-s: 340983/1322199 | map: 2883 tracked, 1754 hot
[JIT] Stats: 17825792 sends, 4102 compiled, 481061 failed, 16383/16384 KB code | IC: 1931740/2455735 (78% hit, 23600 patched, 0 stale) | J2J-r: 0/0 J2J-a: 1233028/2237623 J2J-d: 32289 J2J-s: 345159/1328585 | map: 2883 tracked, 1754 hot
[JIT] Stats: 17891328 sends, 4102 compiled, 485737 failed, 16383/16384 KB code | IC: 1945783/2469781 (78% hit, 23603 patched, 0 stale) | J2J-r: 0/0 J2J-a: 1242373/2251669 J2J-d: 32290 J2J-s: 345175/1333302 | map: 2883 tracked, 1754 hot
[JIT] Stats: 17956864 sends, 4102 compiled, 489737 failed, 16383/16384 KB code | IC: 1956586/2483664 (78% hit, 24036 patched, 0 stale) | J2J-r: 0/0 J2J-a: 1252481/2264312 J2J-d: 32588 J2J-s: 348884/1339473 | map: 2883 tracked, 1754 hot
[JIT] Stats: 18022400 sends, 4102 compiled, 492856 failed, 16383/16384 KB code | IC: 1968437/2496438 (78% hit, 24055 patched, 0 stale) | J2J-r: 0/0 J2J-a: 1261198/2277086 J2J-d: 32598 J2J-s: 349239/1343884 | map: 2883 tracked, 1754 hot
[JIT] Stats: 18087936 sends, 4102 compiled, 497163 failed, 16383/16384 KB code | IC: 1980885/2510411 (78% hit, 24233 patched, 0 stale) | J2J-r: 0/0 J2J-a: 1270861/2290386 J2J-d: 32726 J2J-s: 351006/1349243 | map: 2883 tracked, 1754 hot
[JIT] Stats: 18153472 sends, 4102 compiled, 500328 failed, 16383/16384 KB code | IC: 1991468/2523153 (78% hit, 24498 patched, 0 stale) | J2J-r: 0/0 J2J-a: 1280039/2302544 J2J-d: 32898 J2J-s: 353302/1354488 | map: 2883 tracked, 1754 hot
[JIT] Stats: 18219008 sends, 4102 compiled, 505006 failed, 16383/16384 KB code | IC: 2005519/2537204 (79% hit, 24498 patched, 0 stale) | J2J-r: 0/0 J2J-a: 1289384/2316595 J2J-d: 32898 J2J-s: 353320/1359212 | map: 2883 tracked, 1754 hot
[JIT] Stats: 18284544 sends, 4102 compiled, 508660 failed, 16383/16384 KB code | IC: 2015511/2550170 (79% hit, 24928 patched, 0 stale) | J2J-r: 0/0 J2J-a: 1298909/2328322 J2J-d: 33194 J2J-s: 357061/1365081 | map: 2883 tracked, 1754 hot
[JIT] Stats: 18350080 sends, 4102 compiled, 513328 failed, 16383/16384 KB code | IC: 2029528/2564202 (79% hit, 24943 patched, 0 stale) | J2J-r: 0/0 J2J-a: 1308241/2342354 J2J-d: 33202 J2J-s: 357079/1369799 | map: 2883 tracked, 1754 hot
[JIT] Stats: 18415616 sends, 4102 compiled, 517681 failed, 16383/16384 KB code | IC: 2040820/2578148 (79% hit, 25363 patched, 0 stale) | J2J-r: 0/0 J2J-a: 1318384/2355042 J2J-d: 33488 J2J-s: 360799/1375988 | map: 2883 tracked, 1754 hot
[JIT] Stats: 18481152 sends, 4102 compiled, 520804 failed, 16383/16384 KB code | IC: 2052669/2590893 (79% hit, 25382 patched, 0 stale) | J2J-r: 0/0 J2J-a: 1327099/2367788 J2J-d: 33498 J2J-s: 361174/1380393 | map: 2883 tracked, 1754 hot
[JIT] Stats: 18546688 sends, 4102 compiled, 525122 failed, 16383/16384 KB code | IC: 2065101/2604820 (79% hit, 25566 patched, 0 stale) | J2J-r: 0/0 J2J-a: 1336759/2381067 J2J-d: 33631 J2J-s: 362928/1385720 | map: 2883 tracked, 1754 hot
[JIT] Stats: 18612224 sends, 4102 compiled, 528841 failed, 16383/16384 KB code | IC: 2076694/2618148 (79% hit, 25860 patched, 0 stale) | J2J-r: 0/0 J2J-a: 1345847/2393711 J2J-d: 33831 J2J-s: 365580/1391899 | map: 2912 tracked, 1780 hot
[JIT] Stats: 18677760 sends, 4102 compiled, 533519 failed, 16383/16384 KB code | IC: 2090744/2632198 (79% hit, 25860 patched, 0 stale) | J2J-r: 0/0 J2J-a: 1355193/2407761 J2J-d: 33831 J2J-s: 365596/1396619 | map: 2912 tracked, 1780 hot
[JIT] Stats: 18743296 sends, 4102 compiled, 537503 failed, 16383/16384 KB code | IC: 2101417/2645556 (79% hit, 26279 patched, 0 stale) | J2J-r: 0/0 J2J-a: 1365178/2419903 J2J-d: 34117 J2J-s: 369629/1402734 | map: 2912 tracked, 1780 hot
[JIT] Stats: 18808832 sends, 4102 compiled, 541888 failed, 16383/16384 KB code | IC: 2114585/2658740 (79% hit, 26295 patched, 0 stale) | J2J-r: 0/0 J2J-a: 1373943/2433087 J2J-d: 34125 J2J-s: 369650/1407173 | map: 2912 tracked, 1780 hot
[JIT] Stats: 18874368 sends, 4102 compiled, 546026 failed, 16383/16384 KB code | IC: 2126151/2672460 (79% hit, 26555 patched, 0 stale) | J2J-r: 0/0 J2J-a: 1383782/2445621 J2J-d: 34309 J2J-s: 372804/1412962 | map: 2912 tracked, 1780 hot
[JIT] Stats: 18939904 sends, 4102 compiled, 549926 failed, 16383/16384 KB code | IC: 2138127/2685390 (79% hit, 26749 patched, 0 stale) | J2J-r: 0/0 J2J-a: 1392739/2458487 J2J-d: 34436 J2J-s: 373716/1417768 | map: 2912 tracked, 1780 hot
[JIT] Stats: 19005440 sends, 4102 compiled, 554367 failed, 16383/16384 KB code | IC: 2151141/2699467 (79% hit, 26873 patched, 0 stale) | J2J-r: 0/0 J2J-a: 1402500/2472093 J2J-d: 34527 J2J-s: 374971/1422853 | map: 2912 tracked, 1780 hot
[JIT] Stats: 19070976 sends, 4102 compiled, 557409 failed, 16383/16384 KB code | IC: 2161122/2712091 (79% hit, 27194 patched, 0 stale) | J2J-r: 0/0 J2J-a: 1411565/2483933 J2J-d: 34740 J2J-s: 377772/1428370 | map: 2912 tracked, 1780 hot
[JIT] Stats: 19136512 sends, 4102 compiled, 562087 failed, 16383/16384 KB code | IC: 2175170/2726139 (79% hit, 27194 patched, 0 stale) | J2J-r: 0/0 J2J-a: 1420910/2497981 J2J-d: 34740 J2J-s: 377789/1433090 | map: 2912 tracked, 1780 hot
[JIT] Stats: 19202048 sends, 4102 compiled, 565211 failed, 16383/16384 KB code | IC: 2185505/2741324 (79% hit, 27627 patched, 0 stale) | J2J-r: 0/0 J2J-a: 1431938/2511504 J2J-d: 35038 J2J-s: 381953/1439676 | map: 2912 tracked, 1780 hot
[JIT] Stats: 19267584 sends, 4102 compiled, 569244 failed, 16383/16384 KB code | IC: 2198316/2754502 (79% hit, 27644 patched, 0 stale) | J2J-r: 0/0 J2J-a: 1440703/2524682 J2J-d: 35047 J2J-s: 381971/1444106 | map: 2912 tracked, 1780 hot
[JIT] Stats: 19333120 sends, 4102 compiled, 573379 failed, 16383/16384 KB code | IC: 2209881/2768099 (79% hit, 27881 patched, 0 stale) | J2J-r: 0/0 J2J-a: 1450435/2537214 J2J-d: 35215 J2J-s: 384853/1449732 | map: 2912 tracked, 1780 hot
[JIT] Stats: 19398656 sends, 4102 compiled, 576735 failed, 16383/16384 KB code | IC: 2221314/2781180 (79% hit, 28093 patched, 0 stale) | J2J-r: 0/0 J2J-a: 1459555/2550112 J2J-d: 35352 J2J-s: 386048/1454686 | map: 2912 tracked, 1780 hot
[JIT] Stats: 19464192 sends, 4102 compiled, 581198 failed, 16383/16384 KB code | IC: 2234354/2795019 (79% hit, 28179 patched, 0 stale) | J2J-r: 0/0 J2J-a: 1469127/2563598 J2J-d: 35414 J2J-s: 387072/1459617 | map: 2912 tracked, 1780 hot
[JIT] Stats: 19529728 sends, 4102 compiled, 583880 failed, 16383/16384 KB code | IC: 2244220/2808711 (79% hit, 28549 patched, 0 stale) | J2J-r: 0/0 J2J-a: 1478856/2576164 J2J-d: 35664 J2J-s: 390200/1465513 | map: 2912 tracked, 1780 hot
[JIT] Stats: 19595264 sends, 4102 compiled, 588559 failed, 16383/16384 KB code | IC: 2258270/2822761 (80% hit, 28549 patched, 0 stale) | J2J-r: 0/0 J2J-a: 1488204/2590214 J2J-d: 35664 J2J-s: 390215/1470230 | map: 2912 tracked, 1780 hot
[JIT] Stats: 19660800 sends, 4102 compiled, 592111 failed, 16383/16384 KB code | IC: 2269058/2837787 (79% hit, 28970 patched, 0 stale) | J2J-r: 0/0 J2J-a: 1499279/2603517 J2J-d: 35949 J2J-s: 394688/1476856 | map: 2912 tracked, 1780 hot
[JIT] Stats: 19726336 sends, 4102 compiled, 596054 failed, 16383/16384 KB code | IC: 2281781/2850967 (80% hit, 28987 patched, 0 stale) | J2J-r: 0/0 J2J-a: 1508045/2616697 J2J-d: 35958 J2J-s: 394706/1481287 | map: 2912 tracked, 1780 hot
[JIT] Stats: 19791872 sends, 4102 compiled, 600188 failed, 16383/16384 KB code | IC: 2293814/2865844 (80% hit, 29219 patched, 0 stale) | J2J-r: 0/0 J2J-a: 1518629/2630160 J2J-d: 36120 J2J-s: 397868/1487270 | map: 2912 tracked, 1780 hot
[JIT] Stats: 19857408 sends, 4102 compiled, 603234 failed, 16383/16384 KB code | IC: 2305128/2879512 (80% hit, 29435 patched, 0 stale) | J2J-r: 0/0 J2J-a: 1527955/2643543 J2J-d: 36261 J2J-s: 398907/1492349 | map: 2912 tracked, 1780 hot
[JIT] Stats: 19922944 sends, 4102 compiled, 607698 failed, 16383/16384 KB code | IC: 2318201/2893375 (80% hit, 29521 patched, 0 stale) | J2J-r: 0/0 J2J-a: 1537520/2657061 J2J-d: 36323 J2J-s: 399889/1497277 | map: 2912 tracked, 1780 hot
[JIT] Stats: 19988480 sends, 4102 compiled, 612014 failed, 16383/16384 KB code | IC: 2329596/2906649 (80% hit, 29876 patched, 0 stale) | J2J-r: 0/0 J2J-a: 1546873/2669435 J2J-d: 36561 J2J-s: 402619/1502958 | map: 2912 tracked, 1780 hot
[JIT] Stats: 20054016 sends, 4102 compiled, 616692 failed, 16383/16384 KB code | IC: 2343646/2920699 (80% hit, 29876 patched, 0 stale) | J2J-r: 0/0 J2J-a: 1556217/2683485 J2J-d: 36561 J2J-s: 402637/1507682 | map: 2912 tracked, 1780 hot
[JIT] Stats: 20119552 sends, 4102 compiled, 620357 failed, 16383/16384 KB code | IC: 2354405/2934669 (80% hit, 30336 patched, 0 stale) | J2J-r: 0/0 J2J-a: 1566171/2696114 J2J-d: 36883 J2J-s: 406984/1514629 | map: 2912 tracked, 1783 hot
[JIT] Stats: 20185088 sends, 4102 compiled, 624740 failed, 16383/16384 KB code | IC: 2367567/2947848 (80% hit, 30353 patched, 0 stale) | J2J-r: 0/0 J2J-a: 1574935/2709293 J2J-d: 36892 J2J-s: 407004/1519063 | map: 2912 tracked, 1783 hot
[JIT] Stats: 20250624 sends, 4102 compiled, 628954 failed, 16383/16384 KB code | IC: 2379473/2961623 (80% hit, 30571 patched, 0 stale) | J2J-r: 0/0 J2J-a: 1584702/2722264 J2J-d: 37047 J2J-s: 409272/1524477 | map: 2912 tracked, 1783 hot
[JIT] Stats: 20316160 sends, 4102 compiled, 632243 failed, 16383/16384 KB code | IC: 2390667/2974841 (80% hit, 30796 patched, 0 stale) | J2J-r: 0/0 J2J-a: 1594024/2734942 J2J-d: 37191 J2J-s: 411180/1529722 | map: 2912 tracked, 1783 hot
[JIT] Stats: 20381696 sends, 4102 compiled, 636710 failed, 16383/16384 KB code | IC: 2403866/2988273 (80% hit, 30881 patched, 0 stale) | J2J-r: 0/0 J2J-a: 1603033/2748306 J2J-d: 37253 J2J-s: 411473/1534363 | map: 2912 tracked, 1783 hot
[JIT] Stats: 20447232 sends, 4102 compiled, 639402 failed, 16383/16384 KB code | IC: 2413307/3001513 (80% hit, 31246 patched, 0 stale) | J2J-r: 0/0 J2J-a: 1612826/2760359 J2J-d: 37500 J2J-s: 415234/1540317 | map: 2912 tracked, 1783 hot
[JIT] Stats: 20512768 sends, 4102 compiled, 644079 failed, 16383/16384 KB code | IC: 2427354/3015563 (80% hit, 31249 patched, 0 stale) | J2J-r: 0/0 J2J-a: 1622171/2774409 J2J-d: 37502 J2J-s: 415250/1545038 | map: 2912 tracked, 1783 hot
[JIT] Stats: 20578304 sends, 4102 compiled, 648139 failed, 16383/16384 KB code | IC: 2438151/3029178 (80% hit, 31676 patched, 0 stale) | J2J-r: 0/0 J2J-a: 1632277/2786753 J2J-d: 37795 J2J-s: 419283/1551233 | map: 2912 tracked, 1783 hot
[JIT] Stats: 20643840 sends, 4102 compiled, 651609 failed, 16383/16384 KB code | IC: 2450400/3042357 (80% hit, 31693 patched, 0 stale) | J2J-r: 0/0 J2J-a: 1641043/2799933 J2J-d: 37804 J2J-s: 419301/1555664 | map: 2912 tracked, 1783 hot
[JIT] Stats: 20709376 sends, 4102 compiled, 655883 failed, 16383/16384 KB code | IC: 2462805/3057082 (80% hit, 31909 patched, 0 stale) | J2J-r: 0/0 J2J-a: 1651432/2813650 J2J-d: 37960 J2J-s: 421724/1561360 | map: 2912 tracked, 1783 hot
[JIT] Stats: 20774912 sends, 4102 compiled, 658769 failed, 16383/16384 KB code | IC: 2473489/3070607 (80% hit, 32159 patched, 0 stale) | J2J-r: 0/0 J2J-a: 1660793/2826573 J2J-d: 38125 J2J-s: 423442/1566622 | map: 2912 tracked, 1783 hot
[JIT] Stats: 20840448 sends, 4102 compiled, 663242 failed, 16383/16384 KB code | IC: 2486802/3084129 (80% hit, 32239 patched, 0 stale) | J2J-r: 0/0 J2J-a: 1669788/2840035 J2J-d: 38183 J2J-s: 423623/1571263 | map: 2912 tracked, 1783 hot
[JIT] Stats: 20905984 sends, 4102 compiled, 666316 failed, 16383/16384 KB code | IC: 2496575/3097686 (80% hit, 32602 patched, 0 stale) | J2J-r: 0/0 J2J-a: 1679670/2852415 J2J-d: 38427 J2J-s: 427154/1577221 | map: 2912 tracked, 1783 hot
[JIT] Stats: 20971520 sends, 4102 compiled, 670993 failed, 16383/16384 KB code | IC: 2510619/3111733 (80% hit, 32605 patched, 0 stale) | J2J-r: 0/0 J2J-a: 1689014/2866462 J2J-d: 38429 J2J-s: 427171/1581941 | map: 2912 tracked, 1783 hot
[JIT] Stats: 21037056 sends, 4102 compiled, 674741 failed, 16383/16384 KB code | IC: 2521209/3125324 (80% hit, 33031 patched, 0 stale) | J2J-r: 0/0 J2J-a: 1699119/2878795 J2J-d: 38723 J2J-s: 431186/1588111 | map: 2912 tracked, 1783 hot
[JIT] Stats: 21102592 sends, 4102 compiled, 678174 failed, 16383/16384 KB code | IC: 2533416/3138451 (80% hit, 33050 patched, 0 stale) | J2J-r: 0/0 J2J-a: 1707875/2891921 J2J-d: 38733 J2J-s: 431253/1592547 | map: 2912 tracked, 1783 hot
[JIT] Stats: 21168128 sends, 4102 compiled, 682484 failed, 16383/16384 KB code | IC: 2545647/3152554 (80% hit, 33261 patched, 0 stale) | J2J-r: 0/0 J2J-a: 1717754/2905201 J2J-d: 38885 J2J-s: 433437/1598074 | map: 2912 tracked, 1783 hot
[JIT] Stats: 21233664 sends, 4102 compiled, 685698 failed, 16383/16384 KB code | IC: 2556770/3165869 (80% hit, 33492 patched, 0 stale) | J2J-r: 0/0 J2J-a: 1727172/2917894 J2J-d: 39031 J2J-s: 435431/1603323 | map: 2912 tracked, 1783 hot
[JIT] Stats: 21299200 sends, 4102 compiled, 690171 failed, 16383/16384 KB code | IC: 2570073/3179368 (80% hit, 33565 patched, 0 stale) | J2J-r: 0/0 J2J-a: 1736157/2931337 J2J-d: 39083 J2J-s: 435610/1607953 | map: 2912 tracked, 1783 hot
[JIT] Stats: 21364736 sends, 4102 compiled, 692620 failed, 16383/16384 KB code | IC: 2579936/3194093 (80% hit, 33946 patched, 0 stale) | J2J-r: 0/0 J2J-a: 1746760/2944386 J2J-d: 39346 J2J-s: 440266/1614986 | map: 2912 tracked, 1783 hot
[JIT] Stats: 21430272 sends, 4102 compiled, 697265 failed, 16383/16384 KB code | IC: 2593884/3208056 (80% hit, 33961 patched, 0 stale) | J2J-r: 0/0 J2J-a: 1756047/2958349 J2J-d: 39354 J2J-s: 440284/1619680 | map: 2912 tracked, 1783 hot
[JIT] Stats: 21495808 sends, 4102 compiled, 701677 failed, 16383/16384 KB code | IC: 2605596/3223368 (80% hit, 34332 patched, 0 stale) | J2J-r: 0/0 J2J-a: 1767125/2971956 J2J-d: 39603 J2J-s: 444409/1626260 | map: 2912 tracked, 1783 hot
[JIT] Stats: 21561344 sends, 4102 compiled, 704793 failed, 16383/16384 KB code | IC: 2617382/3236166 (80% hit, 34397 patched, 0 stale) | J2J-r: 0/0 J2J-a: 1775876/2984753 J2J-d: 39647 J2J-s: 444829/1630723 | map: 2912 tracked, 1783 hot
[JIT] Stats: 21626880 sends, 4102 compiled, 709130 failed, 16383/16384 KB code | IC: 2629836/3250062 (80% hit, 34576 patched, 0 stale) | J2J-r: 0/0 J2J-a: 1785489/2998016 J2J-d: 39776 J2J-s: 446503/1636006 | map: 2912 tracked, 1783 hot
[JIT] Stats: 21692416 sends, 4102 compiled, 711964 failed, 16383/16384 KB code | IC: 2640022/3262815 (80% hit, 34848 patched, 0 stale) | J2J-r: 0/0 J2J-a: 1794674/3010155 J2J-d: 39955 J2J-s: 448886/1641310 | map: 2912 tracked, 1783 hot
[JIT] Stats: 21757952 sends, 4102 compiled, 716642 failed, 16383/16384 KB code | IC: 2654070/3276864 (80% hit, 34849 patched, 0 stale) | J2J-r: 0/0 J2J-a: 1804018/3024204 J2J-d: 39955 J2J-s: 448905/1646034 | map: 2912 tracked, 1785 hot
[JIT] Stats: 21823488 sends, 4102 compiled, 719651 failed, 16383/16384 KB code | IC: 2663503/3290020 (80% hit, 35277 patched, 0 stale) | J2J-r: 0/0 J2J-a: 1813826/3036090 J2J-d: 40249 J2J-s: 452955/1652084 | map: 2912 tracked, 1785 hot
[JIT] Stats: 21889024 sends, 4102 compiled, 724192 failed, 16383/16384 KB code | IC: 2677137/3303669 (81% hit, 35292 patched, 0 stale) | J2J-r: 0/0 J2J-a: 1822903/3049739 J2J-d: 40257 J2J-s: 452974/1656675 | map: 2912 tracked, 1785 hot
[JIT] Stats: 21954560 sends, 4102 compiled, 728295 failed, 16383/16384 KB code | IC: 2688673/3318760 (81% hit, 35673 patched, 0 stale) | J2J-r: 0/0 J2J-a: 1833757/3063157 J2J-d: 40516 J2J-s: 456922/1663116 | map: 2912 tracked, 1785 hot
[JIT] Stats: 22020096 sends, 4102 compiled, 731394 failed, 16383/16384 KB code | IC: 2700436/3332089 (81% hit, 35738 patched, 0 stale) | J2J-r: 0/0 J2J-a: 1842768/3076484 J2J-d: 40560 J2J-s: 457201/1667708 | map: 2912 tracked, 1785 hot
[JIT] Stats: 22085632 sends, 4102 compiled, 735765 failed, 16383/16384 KB code | IC: 2712930/3345867 (81% hit, 35903 patched, 0 stale) | J2J-r: 0/0 J2J-a: 1852290/3089689 J2J-d: 40677 J2J-s: 458777/1672929 | map: 2912 tracked, 1785 hot
[JIT] Stats: 22151168 sends, 4102 compiled, 738953 failed, 16383/16384 KB code | IC: 2723840/3359685 (81% hit, 36178 patched, 0 stale) | J2J-r: 0/0 J2J-a: 1862065/3102624 J2J-d: 40857 J2J-s: 461249/1678521 | map: 2912 tracked, 1785 hot
[JIT] Stats: 22216704 sends, 4102 compiled, 743631 failed, 16383/16384 KB code | IC: 2737890/3373735 (81% hit, 36178 patched, 0 stale) | J2J-r: 0/0 J2J-a: 1871412/3116674 J2J-d: 40857 J2J-s: 461265/1683240 | map: 2912 tracked, 1785 hot
[JIT] Stats: 22282240 sends, 4102 compiled, 746279 failed, 16383/16384 KB code | IC: 2747830/3388698 (81% hit, 36635 patched, 0 stale) | J2J-r: 0/0 J2J-a: 1882133/3130023 J2J-d: 41175 J2J-s: 465672/1690201 | map: 2912 tracked, 1785 hot
[JIT] Stats: 22347776 sends, 4102 compiled, 750564 failed, 16383/16384 KB code | IC: 2760900/3401884 (81% hit, 36651 patched, 0 stale) | J2J-r: 0/0 J2J-a: 1890902/3143208 J2J-d: 41183 J2J-s: 465691/1694635 | map: 2912 tracked, 1785 hot
[JIT] Stats: 22413312 sends, 4102 compiled, 754727 failed, 16383/16384 KB code | IC: 2772320/3415604 (81% hit, 36974 patched, 0 stale) | J2J-r: 0/0 J2J-a: 1900728/3155695 J2J-d: 41404 J2J-s: 468970/1700505 | map: 2912 tracked, 1785 hot
[JIT] Stats: 22478848 sends, 4102 compiled, 758098 failed, 16383/16384 KB code | IC: 2783913/3428550 (81% hit, 37092 patched, 0 stale) | J2J-r: 0/0 J2J-a: 1909740/3168631 J2J-d: 41481 J2J-s: 469767/1705220 | map: 2912 tracked, 1785 hot
[JIT] Stats: 22544384 sends, 4102 compiled, 762503 failed, 16383/16384 KB code | IC: 2796729/3442529 (81% hit, 37222 patched, 0 stale) | J2J-r: 0/0 J2J-a: 1919429/3182097 J2J-d: 41574 J2J-s: 471129/1710338 | map: 2912 tracked, 1785 hot
[JIT] Stats: 22609920 sends, 4102 compiled, 765305 failed, 16383/16384 KB code | IC: 2806745/3455667 (81% hit, 37546 patched, 0 stale) | J2J-r: 0/0 J2J-a: 1928652/3194499 J2J-d: 41790 J2J-s: 473477/1715813 | map: 2912 tracked, 1785 hot
[JIT] Stats: 22675456 sends, 4102 compiled, 769983 failed, 16383/16384 KB code | IC: 2820794/3469716 (81% hit, 37546 patched, 0 stale) | J2J-r: 0/0 J2J-a: 1937997/3208548 J2J-d: 41790 J2J-s: 473493/1720533 | map: 2912 tracked, 1785 hot
[JIT] Stats: 22740992 sends, 4102 compiled, 773246 failed, 16383/16384 KB code | IC: 2831119/3484046 (81% hit, 37972 patched, 0 stale) | J2J-r: 0/0 J2J-a: 1948540/3221400 J2J-d: 42081 J2J-s: 477653/1726925 | map: 2912 tracked, 1785 hot
[JIT] Stats: 22806528 sends, 4102 compiled, 777533 failed, 16383/16384 KB code | IC: 2844188/3497229 (81% hit, 37988 patched, 0 stale) | J2J-r: 0/0 J2J-a: 1957308/3234583 J2J-d: 42089 J2J-s: 477672/1731358 | map: 2912 tracked, 1785 hot
[JIT] Stats: 22872064 sends, 4102 compiled, 781698 failed, 16383/16384 KB code | IC: 2856073/3512337 (81% hit, 38305 patched, 0 stale) | J2J-r: 0/0 J2J-a: 1968087/3247998 J2J-d: 42302 J2J-s: 481419/1737671 | map: 2912 tracked, 1785 hot
[JIT] Stats: 22937600 sends, 4102 compiled, 784546 failed, 16383/16384 KB code | IC: 2867472/3525917 (81% hit, 38456 patched, 0 stale) | J2J-r: 0/0 J2J-a: 1977147/3261468 J2J-d: 42408 J2J-s: 482157/1742814 | map: 2912 tracked, 1785 hot
[JIT] Stats: 23003136 sends, 4102 compiled, 789007 failed, 16383/16384 KB code | IC: 2880517/3540004 (81% hit, 38553 patched, 0 stale) | J2J-r: 0/0 J2J-a: 1986932/3275085 J2J-d: 42479 J2J-s: 483393/1747874 | map: 2912 tracked, 1785 hot
[JIT] Stats: 23068672 sends, 4102 compiled, 792086 failed, 16383/16384 KB code | IC: 2890718/3552957 (81% hit, 38892 patched, 0 stale) | J2J-r: 0/0 J2J-a: 1996206/3287159 J2J-d: 42701 J2J-s: 486284/1753496 | map: 2912 tracked, 1785 hot
[JIT] Stats: 23134208 sends, 4102 compiled, 796765 failed, 16383/16384 KB code | IC: 2904766/3567006 (81% hit, 38893 patched, 0 stale) | J2J-r: 0/0 J2J-a: 2005553/3301208 J2J-d: 42702 J2J-s: 486299/1758213 | map: 2912 tracked, 1785 hot
[JIT] Stats: 23199744 sends, 4102 compiled, 799962 failed, 16383/16384 KB code | IC: 2914116/3580623 (81% hit, 39691 patched, 0 stale) | J2J-r: 0/0 J2J-a: 2014759/3313167 J2J-d: 43288 J2J-s: 490575/1765080 | map: 3409 tracked, 2111 hot
[SISTA-INJECT-SPLICE-DIAG] send2BC=5 selIdx=1 verdict=REJECT reject=multi-block IR rejOp=return
[SISTA-INJECT-SPLICE-DIAG] send2BC=6 selIdx=2 verdict=REJECT reject=non-simple block op rejOp=send
[SISTA-SELECT-EMIT] bc=1 slot=0 vid=1
[asmjit-t1] code.code_size=4752 out of [1, 4096]
[JIT] Stats: 23265280 sends, 4102 compiled, 802109 failed, 16383/16384 KB code | IC: 2921442/3592315 (81% hit, 40360 patched, 0 stale) | J2J-r: 0/0 J2J-a: 2020175/3323880 J2J-d: 43857 J2J-s: 493287/1772686 | map: 4370 tracked, 2901 hot
[JIT] Stats: 23330816 sends, 4102 compiled, 804459 failed, 16383/16384 KB code | IC: 2932129/3605864 (81% hit, 40415 patched, 0 stale) | J2J-r: 0/0 J2J-a: 2028940/3336963 J2J-d: 43892 J2J-s: 494813/1778498 | map: 4374 tracked, 3003 hot
[JIT] Stats: 23396352 sends, 4102 compiled, 808935 failed, 16383/16384 KB code | IC: 2945493/3619379 (81% hit, 40487 patched, 0 stale) | J2J-r: 0/0 J2J-a: 2037933/3350441 J2J-d: 43944 J2J-s: 494934/1783099 | map: 4374 tracked, 3003 hot
[JIT] Stats: 23461888 sends, 4102 compiled, 812008 failed, 16383/16384 KB code | IC: 2955578/3633959 (81% hit, 40849 patched, 0 stale) | J2J-r: 0/0 J2J-a: 2048646/3363360 J2J-d: 44184 J2J-s: 499248/1789547 | map: 4374 tracked, 3003 hot
[JIT] Stats: 23527424 sends, 4102 compiled, 816684 failed, 16383/16384 KB code | IC: 2969620/3648004 (81% hit, 40852 patched, 0 stale) | J2J-r: 0/0 J2J-a: 2057991/3377406 J2J-d: 44186 J2J-s: 499263/1794263 | map: 4374 tracked, 3003 hot
[JIT] Stats: 23592960 sends, 4102 compiled, 820634 failed, 16383/16384 KB code | IC: 2980737/3663187 (81% hit, 41284 patched, 0 stale) | J2J-r: 0/0 J2J-a: 2069060/3390871 J2J-d: 44481 J2J-s: 503600/1800922 | map: 4374 tracked, 3003 hot
[JIT] Stats: 23658496 sends, 4102 compiled, 823889 failed, 16383/16384 KB code | IC: 2992747/3676174 (81% hit, 41303 patched, 0 stale) | J2J-r: 0/0 J2J-a: 2077801/3403858 J2J-d: 44491 J2J-s: 503778/1805345 | map: 4374 tracked, 3003 hot
[JIT] Stats: 23724032 sends, 4102 compiled, 828170 failed, 16383/16384 KB code | IC: 3005158/3690489 (81% hit, 41518 patched, 0 stale) | J2J-r: 0/0 J2J-a: 2087780/3417363 J2J-d: 44644 J2J-s: 505786/1810825 | map: 4374 tracked, 3003 hot
[JIT] Stats: 23789568 sends, 4102 compiled, 831412 failed, 16383/16384 KB code | IC: 3015972/3703789 (81% hit, 41755 patched, 0 stale) | J2J-r: 0/0 J2J-a: 2097143/3430027 J2J-d: 44796 J2J-s: 507822/1816139 | map: 4374 tracked, 3003 hot
[JIT] Stats: 23855104 sends, 4102 compiled, 836013 failed, 16383/16384 KB code | IC: 3029792/3717613 (81% hit, 41759 patched, 0 stale) | J2J-r: 0/0 J2J-a: 2106341/3443851 J2J-d: 44799 J2J-s: 507840/1820783 | map: 4374 tracked, 3003 hot
[JIT] Stats: 23920640 sends, 4102 compiled, 838611 failed, 16383/16384 KB code | IC: 3038785/3730984 (81% hit, 42198 patched, 0 stale) | J2J-r: 0/0 J2J-a: 2116310/3455831 J2J-d: 45101 J2J-s: 511999/1826879 | map: 4374 tracked, 3003 hot
[JIT] Stats: 23986176 sends, 4102 compiled, 843285 failed, 16383/16384 KB code | IC: 3052822/3745034 (81% hit, 42211 patched, 0 stale) | J2J-r: 0/0 J2J-a: 2125654/3469881 J2J-d: 45107 J2J-s: 512017/1831603 | map: 4374 tracked, 3003 hot
[JIT] Stats: 24051712 sends, 4102 compiled, 847738 failed, 16383/16384 KB code | IC: 3064517/3760327 (81% hit, 42587 patched, 0 stale) | J2J-r: 0/0 J2J-a: 2136731/3483483 J2J-d: 45361 J2J-s: 516156/1838193 | map: 4374 tracked, 3003 hot
[JIT] Stats: 24117248 sends, 4102 compiled, 850836 failed, 16383/16384 KB code | IC: 3076286/3773074 (81% hit, 42652 patched, 0 stale) | J2J-r: 0/0 J2J-a: 2145455/3496228 J2J-d: 45405 J2J-s: 516578/1842633 | map: 4374 tracked, 3003 hot
[JIT] Stats: 24182784 sends, 4102 compiled, 855144 failed, 16383/16384 KB code | IC: 3088931/3787581 (81% hit, 42829 patched, 0 stale) | J2J-r: 0/0 J2J-a: 2155558/3509932 J2J-d: 45533 J2J-s: 518450/1848066 | map: 4374 tracked, 3003 hot
[JIT] Stats: 24248320 sends, 4102 compiled, 858010 failed, 16383/16384 KB code | IC: 3099411/3801479 (81% hit, 43107 patched, 0 stale) | J2J-r: 0/0 J2J-a: 2165307/3522949 J2J-d: 45719 J2J-s: 520811/1853662 | map: 4374 tracked, 3003 hot
[JIT] Stats: 24313856 sends, 4102 compiled, 862688 failed, 16383/16384 KB code | IC: 3113460/3815528 (81% hit, 43107 patched, 0 stale) | J2J-r: 0/0 J2J-a: 2174655/3536999 J2J-d: 45719 J2J-s: 520827/1858380 | map: 4374 tracked, 3003 hot
[JIT] Stats: 24379392 sends, 4102 compiled, 865726 failed, 16383/16384 KB code | IC: 3122887/3828772 (81% hit, 43537 patched, 0 stale) | J2J-r: 0/0 J2J-a: 2184451/3548991 J2J-d: 46014 J2J-s: 524729/1864401 | map: 4374 tracked, 3003 hot
[JIT] Stats: 24444928 sends, 4102 compiled, 870262 failed, 16383/16384 KB code | IC: 3136509/3842409 (81% hit, 43552 patched, 0 stale) | J2J-r: 0/0 J2J-a: 2193520/3562628 J2J-d: 46022 J2J-s: 524747/1868987 | map: 4374 tracked, 3003 hot
[JIT] Stats: 24510464 sends, 4102 compiled, 874398 failed, 16383/16384 KB code | IC: 3147477/3856071 (81% hit, 43938 patched, 0 stale) | J2J-r: 0/0 J2J-a: 2203325/3575048 J2J-d: 46287 J2J-s: 528187/1874971 | map: 4374 tracked, 3003 hot
[JIT] Stats: 24576000 sends, 4102 compiled, 877471 failed, 16383/16384 KB code | IC: 3159158/3869076 (81% hit, 44003 patched, 0 stale) | J2J-r: 0/0 J2J-a: 2212342/3588050 J2J-d: 46331 J2J-s: 528811/1879577 | map: 4374 tracked, 3003 hot
[JIT] Stats: 24641536 sends, 4102 compiled, 881829 failed, 16383/16384 KB code | IC: 3171681/3882909 (81% hit, 44170 patched, 0 stale) | J2J-r: 0/0 J2J-a: 2221921/3601312 J2J-d: 46450 J2J-s: 530357/1884772 | map: 4374 tracked, 3003 hot
[JIT] Stats: 24707072 sends, 4102 compiled, 885024 failed, 16383/16384 KB code | IC: 3182403/3896604 (81% hit, 44453 patched, 0 stale) | J2J-r: 0/0 J2J-a: 2231652/3614103 J2J-d: 46637 J2J-s: 532967/1890400 | map: 4374 tracked, 3003 hot
[JIT] Stats: 24772608 sends, 4102 compiled, 889702 failed, 16383/16384 KB code | IC: 3196452/3910653 (81% hit, 44453 patched, 0 stale) | J2J-r: 0/0 J2J-a: 2240999/3628152 J2J-d: 46637 J2J-s: 532983/1895118 | map: 4374 tracked, 3003 hot
[JIT] Stats: 24838144 sends, 4102 compiled, 892435 failed, 16383/16384 KB code | IC: 3206221/3925156 (81% hit, 44890 patched, 0 stale) | J2J-r: 0/0 J2J-a: 2251779/3641007 J2J-d: 46937 J2J-s: 537433/1901570 | map: 4374 tracked, 3003 hot
[JIT] Stats: 24903680 sends, 4102 compiled, 896903 failed, 16383/16384 KB code | IC: 3219639/3938589 (81% hit, 44905 patched, 0 stale) | J2J-r: 0/0 J2J-a: 2260709/3654440 J2J-d: 46945 J2J-s: 537453/1906093 | map: 4374 tracked, 3003 hot
[JIT] Stats: 24969216 sends, 4102 compiled, 901130 failed, 16383/16384 KB code | IC: 3230826/3952191 (81% hit, 45278 patched, 0 stale) | J2J-r: 0/0 J2J-a: 2270439/3666803 J2J-d: 47199 J2J-s: 540816/1912016 | map: 4374 tracked, 3003 hot
[JIT] Stats: 25034752 sends, 4102 compiled, 904466 failed, 16383/16384 KB code | IC: 3242803/3965655 (81% hit, 45343 patched, 0 stale) | J2J-r: 0/0 J2J-a: 2279554/3680265 J2J-d: 47243 J2J-s: 541135/1916679 | map: 4374 tracked, 3003 hot
[JIT] Stats: 25100288 sends, 4102 compiled, 908840 failed, 16383/16384 KB code | IC: 3255374/3979576 (81% hit, 45508 patched, 0 stale) | J2J-r: 0/0 J2J-a: 2289185/3693585 J2J-d: 47360 J2J-s: 542714/1921913 | map: 4374 tracked, 3003 hot
[JIT] Stats: 25165824 sends, 4102 compiled, 911297 failed, 16383/16384 KB code | IC: 3265771/3993469 (81% hit, 45816 patched, 0 stale) | J2J-r: 0/0 J2J-a: 2298773/3706477 J2J-d: 47571 J2J-s: 545995/1928457 | map: 4374 tracked, 3003 hot
[JIT] Stats: 25231360 sends, 4102 compiled, 915975 failed, 16383/16384 KB code | IC: 3279819/4007517 (81% hit, 45816 patched, 0 stale) | J2J-r: 0/0 J2J-a: 2308120/3720525 J2J-d: 47571 J2J-s: 546010/1933173 | map: 4374 tracked, 3003 hot
[JIT] Stats: 25296896 sends, 4102 compiled, 919564 failed, 16383/16384 KB code | IC: 3290436/4022165 (81% hit, 46239 patched, 0 stale) | J2J-r: 0/0 J2J-a: 2318975/3733564 J2J-d: 47860 J2J-s: 550412/1939685 | map: 4374 tracked, 3003 hot
[JIT] Stats: 25362432 sends, 4102 compiled, 923537 failed, 16383/16384 KB code | IC: 3303187/4035343 (81% hit, 46256 patched, 0 stale) | J2J-r: 0/0 J2J-a: 2327740/3746743 J2J-d: 47869 J2J-s: 550430/1944116 | map: 4374 tracked, 3003 hot
[JIT] Stats: 25427968 sends, 4102 compiled, 927722 failed, 16383/16384 KB code | IC: 3314994/4049645 (81% hit, 46492 patched, 0 stale) | J2J-r: 0/0 J2J-a: 2337885/3759770 J2J-d: 48036 J2J-s: 553458/1949967 | map: 4374 tracked, 3003 hot
[JIT] Stats: 25493504 sends, 4102 compiled, 930763 failed, 16383/16384 KB code | IC: 3326101/4063036 (81% hit, 46712 patched, 0 stale) | J2J-r: 0/0 J2J-a: 2347059/3772923 J2J-d: 48183 J2J-s: 554535/1955006 | map: 4374 tracked, 3003 hot
[JIT] Stats: 25559040 sends, 4102 compiled, 935245 failed, 16383/16384 KB code | IC: 3339405/4077519 (81% hit, 46793 patched, 0 stale) | J2J-r: 0/0 J2J-a: 2357017/3786860 J2J-d: 48241 J2J-s: 555695/1960138 | map: 4374 tracked, 3003 hot
[JIT] Stats: 25624576 sends, 4102 compiled, 939268 failed, 16383/16384 KB code | IC: 3350240/4090359 (81% hit, 47147 patched, 0 stale) | J2J-r: 0/0 J2J-a: 2366283/3798781 J2J-d: 48477 J2J-s: 558793/1965822 | map: 4374 tracked, 3003 hot
[JIT] Stats: 25690112 sends, 4102 compiled, 943947 failed, 16383/16384 KB code | IC: 3364288/4104408 (81% hit, 47148 patched, 0 stale) | J2J-r: 0/0 J2J-a: 2375627/3812830 J2J-d: 48478 J2J-s: 558811/1970545 | map: 4374 tracked, 3003 hot
[JIT] Stats: 25755648 sends, 4102 compiled, 947771 failed, 16383/16384 KB code | IC: 3374800/4118115 (81% hit, 47585 patched, 0 stale) | J2J-r: 0/0 J2J-a: 2385764/3825235 J2J-d: 48783 J2J-s: 562840/1976769 | map: 4374 tracked, 3003 hot
[JIT] Stats: 25821184 sends, 4102 compiled, 952154 failed, 16383/16384 KB code | IC: 3387963/4131295 (82% hit, 47602 patched, 0 stale) | J2J-r: 0/0 J2J-a: 2394529/3838415 J2J-d: 48792 J2J-s: 562858/1981201 | map: 4374 tracked, 3003 hot
[JIT] Stats: 25886720 sends, 4102 compiled, 956340 failed, 16383/16384 KB code | IC: 3399852/4145712 (82% hit, 47834 patched, 0 stale) | J2J-r: 0/0 J2J-a: 2404711/3851596 J2J-d: 48954 J2J-s: 565719/1987003 | map: 4374 tracked, 3003 hot
[JIT] Stats: 25952256 sends, 4102 compiled, 959754 failed, 16383/16384 KB code | IC: 3411391/4159394 (82% hit, 48045 patched, 0 stale) | J2J-r: 0/0 J2J-a: 2414087/3864907 J2J-d: 49091 J2J-s: 566986/1992186 | map: 4374 tracked, 3003 hot
[JIT] Stats: 26017792 sends, 4102 compiled, 964230 failed, 16383/16384 KB code | IC: 3424428/4172893 (82% hit, 48132 patched, 0 stale) | J2J-r: 0/0 J2J-a: 2423332/3878222 J2J-d: 49153 J2J-s: 567687/1996950 | map: 4374 tracked, 3003 hot
[JIT] Stats: 26083328 sends, 4102 compiled, 968245 failed, 16383/16384 KB code | IC: 3435356/4186431 (82% hit, 48499 patched, 0 stale) | J2J-r: 0/0 J2J-a: 2432946/3890724 J2J-d: 49401 J2J-s: 570691/2002774 | map: 4374 tracked, 3003 hot
[JIT] Stats: 26148864 sends, 4102 compiled, 972922 failed, 16383/16384 KB code | IC: 3449400/4200476 (82% hit, 48500 patched, 0 stale) | J2J-r: 0/0 J2J-a: 2442290/3904769 J2J-d: 49402 J2J-s: 570706/2007490 | map: 4374 tracked, 3003 hot
[JIT] Stats: 26214400 sends, 4102 compiled, 976695 failed, 16383/16384 KB code | IC: 3459949/4214360 (82% hit, 48928 patched, 0 stale) | J2J-r: 0/0 J2J-a: 2452562/3917306 J2J-d: 49695 J2J-s: 574785/2013758 | map: 4374 tracked, 3003 hot
[JIT] Stats: 26279936 sends, 4102 compiled, 980495 failed, 16383/16384 KB code | IC: 3472531/4227543 (82% hit, 48945 patched, 0 stale) | J2J-r: 0/0 J2J-a: 2461326/3930488 J2J-d: 49704 J2J-s: 574805/2018195 | map: 4374 tracked, 3003 hot
[JIT] Stats: 26345472 sends, 4102 compiled, 984651 failed, 16383/16384 KB code | IC: 3484266/4241526 (82% hit, 49183 patched, 0 stale) | J2J-r: 0/0 J2J-a: 2471281/3943461 J2J-d: 49871 J2J-s: 577391/2023742 | map: 4374 tracked, 3003 hot
[JIT] Stats: 26411008 sends, 4102 compiled, 987715 failed, 16383/16384 KB code | IC: 3495589/4255222 (82% hit, 49396 patched, 0 stale) | J2J-r: 0/0 J2J-a: 2480776/3956706 J2J-d: 50011 J2J-s: 578914/2028998 | map: 4374 tracked, 3003 hot
[JIT] Stats: 26476544 sends, 4102 compiled, 992188 failed, 16383/16384 KB code | IC: 3508871/4269368 (82% hit, 49478 patched, 0 stale) | J2J-r: 0/0 J2J-a: 2490414/3970463 J2J-d: 50069 J2J-s: 579765/2033961 | map: 4374 tracked, 3003 hot
[JIT] Stats: 26542080 sends, 4102 compiled, 995304 failed, 16383/16384 KB code | IC: 3519027/4283011 (82% hit, 49830 patched, 0 stale) | J2J-r: 0/0 J2J-a: 2500137/3983024 J2J-d: 50302 J2J-s: 582858/2039823 | map: 4374 tracked, 3003 hot
[JIT] Stats: 26607616 sends, 4102 compiled, 999981 failed, 16383/16384 KB code | IC: 3533072/4297057 (82% hit, 49831 patched, 0 stale) | J2J-r: 0/0 J2J-a: 2509480/3997070 J2J-d: 50303 J2J-s: 582874/2044542 | map: 4374 tracked, 3003 hot
[JIT] Stats: 26673152 sends, 4102 compiled, 1003463 failed, 16383/16384 KB code | IC: 3543593/4311084 (82% hit, 50289 patched, 0 stale) | J2J-r: 0/0 J2J-a: 2519466/4009745 J2J-d: 50622 J2J-s: 587228/2051511 | map: 4374 tracked, 3003 hot
[JIT] Stats: 26738688 sends, 4102 compiled, 1006883 failed, 16383/16384 KB code | IC: 3555793/4324265 (82% hit, 50306 patched, 0 stale) | J2J-r: 0/0 J2J-a: 2528230/4022926 J2J-d: 50631 J2J-s: 587248/2055947 | map: 4374 tracked, 3003 hot
[JIT] Stats: 26804224 sends, 4102 compiled, 1011239 failed, 16383/16384 KB code | IC: 3568000/4338231 (82% hit, 50513 patched, 0 stale) | J2J-r: 0/0 J2J-a: 2538034/4036132 J2J-d: 50779 J2J-s: 589368/2061413 | map: 4374 tracked, 3003 hot
[JIT] Stats: 26869760 sends, 4102 compiled, 1014480 failed, 16383/16384 KB code | IC: 3578973/4351498 (82% hit, 50746 patched, 0 stale) | J2J-r: 0/0 J2J-a: 2547420/4048756 J2J-d: 50927 J2J-s: 591435/2066698 | map: 4374 tracked, 3003 hot
[JIT] Stats: 26935296 sends, 4102 compiled, 1018966 failed, 16383/16384 KB code | IC: 3592366/4365036 (82% hit, 50816 patched, 0 stale) | J2J-r: 0/0 J2J-a: 2556427/4062256 J2J-d: 50980 J2J-s: 591542/2071294 | map: 4374 tracked, 3003 hot
[JIT] Stats: 27000832 sends, 4102 compiled, 1021734 failed, 16383/16384 KB code | IC: 3602097/4379590 (82% hit, 51197 patched, 0 stale) | J2J-r: 0/0 J2J-a: 2567246/4075140 J2J-d: 51236 J2J-s: 595997/2077744 | map: 4374 tracked, 3003 hot
[JIT] Stats: 27066368 sends, 4102 compiled, 1026410 failed, 16383/16384 KB code | IC: 3616142/4393638 (82% hit, 51200 patched, 0 stale) | J2J-r: 0/0 J2J-a: 2576591/4089189 J2J-d: 51237 J2J-s: 596013/2082464 | map: 4374 tracked, 3003 hot
[JIT] Stats: 27131904 sends, 4102 compiled, 1030719 failed, 16383/16384 KB code | IC: 3627350/4408060 (82% hit, 51629 patched, 0 stale) | J2J-r: 0/0 J2J-a: 2587145/4102134 J2J-d: 51533 J2J-s: 600102/2088868 | map: 4374 tracked, 3003 hot
[JIT] Stats: 27197440 sends, 4102 compiled, 1033998 failed, 16383/16384 KB code | IC: 3639401/4421176 (82% hit, 51648 patched, 0 stale) | J2J-r: 0/0 J2J-a: 2595901/4115251 J2J-d: 51543 J2J-s: 600177/2093303 | map: 4374 tracked, 3003 hot
[JIT] Stats: 27262976 sends, 4102 compiled, 1038351 failed, 16383/16384 KB code | IC: 3651878/4435669 (82% hit, 51854 patched, 0 stale) | J2J-r: 0/0 J2J-a: 2605967/4128854 J2J-d: 51690 J2J-s: 602288/2098895 | map: 4374 tracked, 3003 hot
[JIT] Stats: 27328512 sends, 4102 compiled, 1041245 failed, 16383/16384 KB code | IC: 3662498/4449189 (82% hit, 52100 patched, 0 stale) | J2J-r: 0/0 J2J-a: 2615616/4141605 J2J-d: 51852 J2J-s: 604621/2104312 | map: 4374 tracked, 3003 hot
[JIT] Stats: 27394048 sends, 4102 compiled, 1045796 failed, 16383/16384 KB code | IC: 3676170/4462865 (82% hit, 52104 patched, 0 stale) | J2J-r: 0/0 J2J-a: 2624715/4155281 J2J-d: 51855 J2J-s: 604638/2108906 | map: 4374 tracked, 3003 hot
[JIT] Stats: 27459584 sends, 4102 compiled, 1048822 failed, 16383/16384 KB code | IC: 3685750/4476826 (82% hit, 52544 patched, 0 stale) | J2J-r: 0/0 J2J-a: 2635038/4167786 J2J-d: 52153 J2J-s: 608702/2115077 | map: 4374 tracked, 3003 hot
[JIT] Stats: 27525120 sends, 4102 compiled, 1053498 failed, 16383/16384 KB code | IC: 3699794/4490873 (82% hit, 52547 patched, 0 stale) | J2J-r: 0/0 J2J-a: 2644381/4181833 J2J-d: 52155 J2J-s: 608719/2119798 | map: 4374 tracked, 3003 hot
[JIT] Stats: 27590656 sends, 4102 compiled, 1057554 failed, 16383/16384 KB code | IC: 3710865/4505387 (82% hit, 52981 patched, 0 stale) | J2J-r: 0/0 J2J-a: 2654947/4194872 J2J-d: 52452 J2J-s: 612720/2126198 | map: 4374 tracked, 3003 hot
[JIT] Stats: 27656192 sends, 4102 compiled, 1060743 failed, 16383/16384 KB code | IC: 3722793/4518227 (82% hit, 53000 patched, 0 stale) | J2J-r: 0/0 J2J-a: 2663673/4207712 J2J-d: 52462 J2J-s: 613019/2130610 | map: 4374 tracked, 3003 hot
[JIT] Stats: 27721728 sends, 4102 compiled, 1065097 failed, 16383/16384 KB code | IC: 3735156/4532146 (82% hit, 53179 patched, 0 stale) | J2J-r: 0/0 J2J-a: 2673338/4220947 J2J-d: 52591 J2J-s: 614843/2135958 | map: 4374 tracked, 3003 hot
[JIT] Stats: 27787264 sends, 4102 compiled, 1068339 failed, 16383/16384 KB code | IC: 3745959/4545267 (82% hit, 53441 patched, 0 stale) | J2J-r: 0/0 J2J-a: 2682545/4233528 J2J-d: 52761 J2J-s: 616720/2141179 | map: 4374 tracked, 3003 hot
[JIT] Stats: 27852800 sends, 4102 compiled, 1072909 failed, 16383/16384 KB code | IC: 3759688/4559000 (82% hit, 53445 patched, 0 stale) | J2J-r: 0/0 J2J-a: 2691679/4247261 J2J-d: 52764 J2J-s: 616739/2145797 | map: 4374 tracked, 3003 hot
[JIT] Stats: 27918336 sends, 4102 compiled, 1075545 failed, 16383/16384 KB code | IC: 3769385/4572985 (82% hit, 53906 patched, 0 stale) | J2J-r: 0/0 J2J-a: 2701787/4259917 J2J-d: 53086 J2J-s: 621129/2152659 | map: 4374 tracked, 3003 hot
[JIT] Stats: 27983872 sends, 4102 compiled, 1079968 failed, 16383/16384 KB code | IC: 3782666/4586281 (82% hit, 53921 patched, 0 stale) | J2J-r: 0/0 J2J-a: 2710631/4273213 J2J-d: 53094 J2J-s: 621146/2157128 | map: 4374 tracked, 3003 hot
[JIT] Stats: 28049408 sends, 4102 compiled, 1084185 failed, 16383/16384 KB code | IC: 3794295/4601289 (82% hit, 54280 patched, 0 stale) | J2J-r: 0/0 J2J-a: 2721296/4286505 J2J-d: 53334 J2J-s: 624930/2163464 | map: 4374 tracked, 3003 hot
[JIT] Stats: 28114944 sends, 4102 compiled, 1087587 failed, 16383/16384 KB code | IC: 3806161/4614439 (82% hit, 54357 patched, 0 stale) | J2J-r: 0/0 J2J-a: 2730453/4299653 J2J-d: 53386 J2J-s: 625653/2168175 | map: 4374 tracked, 3003 hot
[JIT] Stats: 28180480 sends, 4102 compiled, 1091979 failed, 16383/16384 KB code | IC: 3818996/4628886 (82% hit, 54478 patched, 0 stale) | J2J-r: 0/0 J2J-a: 2740416/4313349 J2J-d: 53471 J2J-s: 627288/2173516 | map: 4374 tracked, 3003 hot
[JIT] Stats: 28246016 sends, 4102 compiled, 1094882 failed, 16383/16384 KB code | IC: 3829191/4642384 (82% hit, 54801 patched, 0 stale) | J2J-r: 0/0 J2J-a: 2749928/4326023 J2J-d: 53688 J2J-s: 629785/2179126 | map: 4374 tracked, 3003 hot
[JIT] Stats: 28311552 sends, 4102 compiled, 1099560 failed, 16383/16384 KB code | IC: 3843240/4656433 (82% hit, 54801 patched, 0 stale) | J2J-r: 0/0 J2J-a: 2759275/4340072 J2J-d: 53688 J2J-s: 629801/2183844 | map: 4374 tracked, 3003 hot
[JIT] Stats: 28377088 sends, 4102 compiled, 1102814 failed, 16383/16384 KB code | IC: 3853221/4670236 (82% hit, 55235 patched, 0 stale) | J2J-r: 0/0 J2J-a: 2769544/4352514 J2J-d: 53985 J2J-s: 633975/2190114 | map: 4374 tracked, 3003 hot
[JIT] Stats: 28442624 sends, 4102 compiled, 1107163 failed, 16383/16384 KB code | IC: 3866356/4683422 (82% hit, 55251 patched, 0 stale) | J2J-r: 0/0 J2J-a: 2778311/4365700 J2J-d: 53993 J2J-s: 633995/2194552 | map: 4374 tracked, 3003 hot
[JIT] Stats: 28508160 sends, 4102 compiled, 1111340 failed, 16383/16384 KB code | IC: 3877628/4697084 (82% hit, 55619 patched, 0 stale) | J2J-r: 0/0 J2J-a: 2788077/4378112 J2J-d: 54245 J2J-s: 637299/2200430 | map: 4374 tracked, 3003 hot
[JIT] Stats: 28573696 sends, 4102 compiled, 1114412 failed, 16383/16384 KB code | IC: 3889139/4710127 (82% hit, 55704 patched, 0 stale) | J2J-r: 0/0 J2J-a: 2797166/4391151 J2J-d: 54303 J2J-s: 638076/2205154 | map: 4374 tracked, 3003 hot
[JIT] Stats: 28639232 sends, 4102 compiled, 1118824 failed, 16383/16384 KB code | IC: 3901859/4724027 (82% hit, 55833 patched, 0 stale) | J2J-r: 0/0 J2J-a: 2806790/4404526 J2J-d: 54396 J2J-s: 639487/2210291 | map: 4374 tracked, 3003 hot
[JIT] Stats: 28704768 sends, 4102 compiled, 1122033 failed, 16383/16384 KB code | IC: 3912339/4737232 (82% hit, 56150 patched, 0 stale) | J2J-r: 0/0 J2J-a: 2816094/4417018 J2J-d: 54609 J2J-s: 641804/2215745 | map: 4374 tracked, 3003 hot
[JIT] Stats: 28770304 sends, 4102 compiled, 1126711 failed, 16383/16384 KB code | IC: 3926388/4751281 (82% hit, 56150 patched, 0 stale) | J2J-r: 0/0 J2J-a: 2825441/4431067 J2J-d: 54609 J2J-s: 641820/2220463 | map: 4374 tracked, 3003 hot
[JIT] Stats: 28835840 sends, 4102 compiled, 1129652 failed, 16383/16384 KB code | IC: 3936323/4765467 (82% hit, 56608 patched, 0 stale) | J2J-r: 0/0 J2J-a: 2835701/4443788 J2J-d: 54928 J2J-s: 646253/2227282 | map: 4374 tracked, 3003 hot
[JIT] Stats: 28901376 sends, 4102 compiled, 1133728 failed, 16383/16384 KB code | IC: 3949179/4778648 (82% hit, 56625 patched, 0 stale) | J2J-r: 0/0 J2J-a: 2844467/4456969 J2J-d: 54937 J2J-s: 646271/2231714 | map: 4374 tracked, 3003 hot
[JIT] Stats: 28966912 sends, 4102 compiled, 1137986 failed, 16383/16384 KB code | IC: 3961247/4793708 (82% hit, 56852 patched, 0 stale) | J2J-r: 0/0 J2J-a: 2855154/4470434 J2J-d: 55095 J2J-s: 649741/2237904 | map: 4374 tracked, 3003 hot
[JIT] Stats: 29032448 sends, 4102 compiled, 1141370 failed, 16383/16384 KB code | IC: 3972690/4806778 (82% hit, 57058 patched, 0 stale) | J2J-r: 0/0 J2J-a: 2864227/4483379 J2J-d: 55229 J2J-s: 650773/2242789 | map: 4374 tracked, 3003 hot
[JIT] Stats: 29097984 sends, 4102 compiled, 1145862 failed, 16383/16384 KB code | IC: 3985989/4821508 (82% hit, 57133 patched, 0 stale) | J2J-r: 0/0 J2J-a: 2874440/4497437 J2J-d: 55283 J2J-s: 652193/2248047 | map: 4374 tracked, 3003 hot
[JIT] Stats: 29163520 sends, 4102 compiled, 1148663 failed, 16383/16384 KB code | IC: 3995992/4835211 (82% hit, 57504 patched, 0 stale) | J2J-r: 0/0 J2J-a: 2884082/4510134 J2J-d: 55530 J2J-s: 654992/2253833 | map: 4374 tracked, 3003 hot
[JIT] Stats: 29229056 sends, 4102 compiled, 1153341 failed, 16383/16384 KB code | IC: 4010039/4849259 (82% hit, 57505 patched, 0 stale) | J2J-r: 0/0 J2J-a: 2893428/4524183 J2J-d: 55531 J2J-s: 655008/2258552 | map: 4374 tracked, 3003 hot
[JIT] Stats: 29294592 sends, 4102 compiled, 1156889 failed, 16383/16384 KB code | IC: 4020393/4863187 (82% hit, 57929 patched, 0 stale) | J2J-r: 0/0 J2J-a: 2903594/4536869 J2J-d: 55820 J2J-s: 658732/2264719 | map: 4374 tracked, 3003 hot
[JIT] Stats: 29360128 sends, 4102 compiled, 1160972 failed, 16383/16384 KB code | IC: 4033257/4876368 (82% hit, 57946 patched, 0 stale) | J2J-r: 0/0 J2J-a: 2912358/4550050 J2J-d: 55829 J2J-s: 658751/2269154 | map: 4374 tracked, 3003 hot
[JIT] Stats: 29425664 sends, 4102 compiled, 1165171 failed, 16383/16384 KB code | IC: 4045154/4891023 (82% hit, 58180 patched, 0 stale) | J2J-r: 0/0 J2J-a: 2922858/4563286 J2J-d: 55993 J2J-s: 662048/2275130 | map: 4374 tracked, 3003 hot
[JIT] Stats: 29491200 sends, 4102 compiled, 1168004 failed, 16383/16384 KB code | IC: 4056331/4904417 (82% hit, 58422 patched, 0 stale) | J2J-r: 0/0 J2J-a: 2931940/4576441 J2J-d: 56158 J2J-s: 663300/2280437 | map: 4374 tracked, 3003 hot
[JIT] Stats: 29556736 sends, 4102 compiled, 1172492 failed, 16383/16384 KB code | IC: 4069630/4918746 (82% hit, 58495 patched, 0 stale) | J2J-r: 0/0 J2J-a: 2941755/4590296 J2J-d: 56210 J2J-s: 664317/2285487 | map: 4374 tracked, 3003 hot
[JIT] Stats: 29622272 sends, 4102 compiled, 1175916 failed, 16383/16384 KB code | IC: 4080154/4932456 (82% hit, 58950 patched, 0 stale) | J2J-r: 0/0 J2J-a: 2951645/4602793 J2J-d: 56508 J2J-s: 667770/2291474 | map: 2889 tracked, 1566 hot
[JIT] Stats: 29687808 sends, 4102 compiled, 1180593 failed, 16383/16384 KB code | IC: 4094201/4946504 (82% hit, 58951 patched, 0 stale) | J2J-r: 0/0 J2J-a: 2960987/4616842 J2J-d: 56509 J2J-s: 667788/2296199 | map: 2889 tracked, 1569 hot
[JIT] Stats: 29753344 sends, 4102 compiled, 1184247 failed, 16383/16384 KB code | IC: 4104679/4960710 (82% hit, 59574 patched, 0 stale) | J2J-r: 0/0 J2J-a: 2970626/4629362 J2J-d: 56957 J2J-s: 672160/2303359 | map: 3293 tracked, 1916 hot
[asmjit-t1] code.code_size=3932 out of [1, 3584]
[asmjit-t1] code.code_size=3132 out of [1, 3072]
[JIT] Stats: 29818880 sends, 4102 compiled, 1187038 failed, 16383/16384 KB code | IC: 4111957/4972697 (82% hit, 59751 patched, 0 stale) | J2J-r: 0/0 J2J-a: 2975811/4640309 J2J-d: 57096 J2J-s: 674910/2311571 | map: 3534 tracked, 2212 hot
[asmjit-t1] code.code_size=8696 out of [1, 8192]
[JIT] Stats: 29884416 sends, 4102 compiled, 1189988 failed, 16383/16384 KB code | IC: 4120514/4984802 (82% hit, 59835 patched, 0 stale) | J2J-r: 0/0 J2J-a: 2980984/4651592 J2J-d: 57160 J2J-s: 677635/2320165 | map: 3636 tracked, 2282 hot
[asmjit-t1] code.code_size=16172 out of [1, 12288]
[asmjit-t1] code.code_size=3932 out of [1, 3584]
[JIT] Stats: 29949952 sends, 4102 compiled, 1192633 failed, 16383/16384 KB code | IC: 4127185/4996371 (82% hit, 59902 patched, 0 stale) | J2J-r: 0/0 J2J-a: 2986089/4662108 J2J-d: 57196 J2J-s: 680384/2327993 | map: 3709 tracked, 2354 hot
[JIT] Stats: 30015488 sends, 4102 compiled, 1195363 failed, 16383/16384 KB code | IC: 4135441/5008378 (82% hit, 59955 patched, 0 stale) | J2J-r: 0/0 J2J-a: 2991318/4673239 J2J-d: 57246 J2J-s: 683393/2336668 | map: 3773 tracked, 2390 hot
[asmjit-t1] code.code_size=3944 out of [1, 3584]
[JIT] Stats: 30081024 sends, 4102 compiled, 1198178 failed, 16383/16384 KB code | IC: 4142847/5019250 (82% hit, 59982 patched, 0 stale) | J2J-r: 0/0 J2J-a: 2996009/4683423 J2J-d: 57288 J2J-s: 685241/2343789 | map: 3854 tracked, 2405 hot
[JIT] Stats: 30146560 sends, 4102 compiled, 1201081 failed, 16383/16384 KB code | IC: 4149470/5029917 (82% hit, 59989 patched, 0 stale) | J2J-r: 0/0 J2J-a: 3000880/4693263 J2J-d: 57329 J2J-s: 687048/2350346 | map: 3860 tracked, 2406 hot
[JIT] Stats: 30212096 sends, 4102 compiled, 1203828 failed, 16383/16384 KB code | IC: 4155896/5040053 (82% hit, 59990 patched, 0 stale) | J2J-r: 0/0 J2J-a: 3005301/4702642 J2J-d: 57362 J2J-s: 688700/2356755 | map: 3862 tracked, 2413 hot
[JIT] Stats: 30277632 sends, 4102 compiled, 1207039 failed, 16383/16384 KB code | IC: 4162576/5050993 (82% hit, 59991 patched, 0 stale) | J2J-r: 0/0 J2J-a: 3010324/4712722 J2J-d: 57400 J2J-s: 690604/2363493 | map: 3862 tracked, 2413 hot
[JIT] Stats: 30343168 sends, 4102 compiled, 1210301 failed, 16383/16384 KB code | IC: 4169218/5061820 (82% hit, 59991 patched, 0 stale) | J2J-r: 0/0 J2J-a: 3015334/4722703 J2J-d: 57436 J2J-s: 692465/2370096 | map: 3862 tracked, 2413 hot
[JIT] Stats: 30408704 sends, 4102 compiled, 1213183 failed, 16383/16384 KB code | IC: 4175642/5071838 (82% hit, 59991 patched, 0 stale) | J2J-r: 0/0 J2J-a: 3019658/4731996 J2J-d: 57468 J2J-s: 694084/2376490 | map: 3862 tracked, 2413 hot
[JIT] Stats: 30474240 sends, 4102 compiled, 1216561 failed, 16383/16384 KB code | IC: 4182217/5082500 (82% hit, 59991 patched, 0 stale) | J2J-r: 0/0 J2J-a: 3024641/4741831 J2J-d: 57504 J2J-s: 695909/2382952 | map: 3862 tracked, 2413 hot
[JIT] Stats: 30539776 sends, 4102 compiled, 1219347 failed, 16383/16384 KB code | IC: 4188438/5092100 (82% hit, 59992 patched, 0 stale) | J2J-r: 0/0 J2J-a: 3028826/4750745 J2J-d: 57533 J2J-s: 697423/2389010 | map: 3862 tracked, 2414 hot
[JIT] Stats: 30605312 sends, 4102 compiled, 1222800 failed, 16383/16384 KB code | IC: 4195078/5102922 (82% hit, 59992 patched, 0 stale) | J2J-r: 0/0 J2J-a: 3033836/4760723 J2J-d: 57570 J2J-s: 699293/2395621 | map: 3862 tracked, 2414 hot
[JIT] Stats: 30670848 sends, 4102 compiled, 1226219 failed, 16383/16384 KB code | IC: 4201640/5113626 (82% hit, 59993 patched, 0 stale) | J2J-r: 0/0 J2J-a: 3038757/4770588 J2J-d: 57607 J2J-s: 701145/2402197 | map: 3862 tracked, 2414 hot
[JIT] Stats: 30736384 sends, 4102 compiled, 1229650 failed, 16383/16384 KB code | IC: 4208162/5124308 (82% hit, 59994 patched, 0 stale) | J2J-r: 0/0 J2J-a: 3043644/4780426 J2J-d: 57644 J2J-s: 702999/2408777 | map: 3862 tracked, 2414 hot
[JIT] Stats: 30801920 sends, 4102 compiled, 1233047 failed, 16383/16384 KB code | IC: 4214650/5134921 (82% hit, 59994 patched, 0 stale) | J2J-r: 0/0 J2J-a: 3048533/4790205 J2J-d: 57680 J2J-s: 704844/2415296 | map: 3862 tracked, 2414 hot
[JIT] Stats: 30867456 sends, 4102 compiled, 1235472 failed, 16383/16384 KB code | IC: 4220936/5144130 (82% hit, 59994 patched, 0 stale) | J2J-r: 0/0 J2J-a: 3052014/4798825 J2J-d: 57706 J2J-s: 706159/2421592 | map: 3862 tracked, 2414 hot
[DIAG] P40 IdentityDictionary>>ifTrue: ip=27 fd=24
[DIAG]   [-1] IdentityDictionary>>at:ifAbsent:
[DIAG]   [-2] RGBehavior>>propertyNamed:ifAbsent:
[DIAG]   [-3] RGBehavior>>environment
[DIAG]   [-4] RGClassStrategy>>environment
[DIAG]   [-5] RGClassStrategy>>defaultPackage
[DIAG]   [-6] RGClassStrategy>>initializeUnresolved
[DIAG]   [-7] RGBehavior>>behaviorStrategy:
[DIAG]   [-8] RGBehavior class>>named:parent:behaviorStrategy:
[DIAG]   [-9] RGClass class>>named:parent:
[DIAG]   [-10] CDClassSideTraitDefinitionNode class>>named:parent:
[DIAG]   [-11] RGReadOnlyImageBackend>>?
[DIAG]   [-12] IdentityDictionary>>?
[DIAG]   [-13] IdentityDictionary>>at:ifPresent:ifAbsent:
[DIAG]   [-14] IdentityDictionary>>at:ifPresent:ifAbsentPut:
[DIAG]   [-15] RGReadOnlyImageBackend>>definitionFor:ifAbsentRegister:
[DIAG]   [-16] CDClassSideTraitDefinitionNode class>>asRingMinimalDefinitionIn:
[DIAG]   [-17] RGReadOnlyImageBackend>>asRingMinimalDefinitionIn:
[DIAG]   [-18] RGReadOnlyImageBackend>>?
[DIAG]   [-19] IdentityDictionary>>?
[DIAG]   [-20] IdentityDictionary>>at:ifPresent:ifAbsent:
[DIAG-TIMER] usecArmed=1 msArmed=0 timerWasArmed=1 timerSem=set lastSignal=0s ago nextUsec=0xe0f4a05f2add0 nextMs=0
[DIAG-TIMER] wakeup delta=680926 usec (0.681 sec)
[DIAG-QUEUE] P80 proc=0x3037f62a8 susp=SUnitRunner class>>ifFalse:
[DIAG-QUEUE] P60 proc=0x4237f4650 susp=SUnitRunner class>>ifFalse:
[DIAG-QUEUE] P10 proc=0x303e55370 susp=ProcessorScheduler class>>idleProcess
[JIT] Stats: 30932992 sends, 4102 compiled, 1239025 failed, 16383/16384 KB code | IC: 4227630/5155093 (82% hit, 59994 patched, 0 stale) | J2J-r: 0/0 J2J-a: 3057047/4808923 J2J-d: 57743 J2J-s: 708059/2428324 | map: 3862 tracked, 2414 hot
[JIT] Stats: 30998528 sends, 4102 compiled, 1242561 failed, 16383/16384 KB code | IC: 4234263/5165909 (81% hit, 59995 patched, 0 stale) | J2J-r: 0/0 J2J-a: 3062064/4818896 J2J-d: 57781 J2J-s: 709935/2434940 | map: 3862 tracked, 2414 hot
[PROGRESS] 10s: ~687085383 steps
[JIT] Stats: 31064064 sends, 4102 compiled, 1246306 failed, 16383/16384 KB code | IC: 4241199/5176856 (81% hit, 60120 patched, 0 stale) | J2J-r: 0/0 J2J-a: 3067095/4828980 J2J-d: 57899 J2J-s: 711817/2441647 | map: 2871 tracked, 1554 hot
[JIT] Stats: 31129600 sends, 4102 compiled, 1250348 failed, 16383/16384 KB code | IC: 4249045/5187662 (81% hit, 60125 patched, 0 stale) | J2J-r: 0/0 J2J-a: 3072134/4838945 J2J-d: 57940 J2J-s: 713602/2448134 | map: 2871 tracked, 1555 hot
[JIT] Stats: 31195136 sends, 4102 compiled, 1254448 failed, 16383/16384 KB code | IC: 4256890/5198505 (81% hit, 60131 patched, 0 stale) | J2J-r: 0/0 J2J-a: 3077129/4848939 J2J-d: 57983 J2J-s: 715410/2454713 | map: 2871 tracked, 1555 hot
[JIT] Stats: 31260672 sends, 4102 compiled, 1258494 failed, 16383/16384 KB code | IC: 4264665/5209230 (81% hit, 60131 patched, 0 stale) | J2J-r: 0/0 J2J-a: 3082089/4858826 J2J-d: 58019 J2J-s: 717190/2461198 | map: 2871 tracked, 1555 hot
[JIT] Stats: 31326208 sends, 4102 compiled, 1262399 failed, 16383/16384 KB code | IC: 4272306/5219727 (81% hit, 60137 patched, 0 stale) | J2J-r: 0/0 J2J-a: 3086992/4868508 J2J-d: 58055 J2J-s: 718912/2467482 | map: 2871 tracked, 1555 hot
[JIT] Stats: 31391744 sends, 4102 compiled, 1266338 failed, 16383/16384 KB code | IC: 4279921/5230219 (81% hit, 60137 patched, 0 stale) | J2J-r: 0/0 J2J-a: 3091855/4878186 J2J-d: 58091 J2J-s: 720651/2473822 | map: 2871 tracked, 1555 hot
[JIT] Stats: 31457280 sends, 4102 compiled, 1268846 failed, 16383/16384 KB code | IC: 4286342/5238471 (81% hit, 60146 patched, 0 stale) | J2J-r: 0/0 J2J-a: 3094878/4885920 J2J-d: 58121 J2J-s: 721760/2479501 | map: 2884 tracked, 1562 hot
[JIT] Stats: 31522816 sends, 4102 compiled, 1272873 failed, 16383/16384 KB code | IC: 4294020/5249102 (81% hit, 60150 patched, 0 stale) | J2J-r: 0/0 J2J-a: 3099749/4895713 J2J-d: 58160 J2J-s: 723538/2485983 | map: 2884 tracked, 1562 hot
[JIT] Stats: 31588352 sends, 4102 compiled, 1276855 failed, 16383/16384 KB code | IC: 4301646/5259644 (81% hit, 60151 patched, 0 stale) | J2J-r: 0/0 J2J-a: 3104586/4905422 J2J-d: 58196 J2J-s: 725293/2492390 | map: 2884 tracked, 1562 hot
[JIT] Stats: 31653888 sends, 4102 compiled, 1278375 failed, 16383/16384 KB code | IC: 4307915/5267028 (81% hit, 60160 patched, 0 stale) | J2J-r: 0/0 J2J-a: 3106456/4912488 J2J-d: 58216 J2J-s: 725969/2498175 | map: 2891 tracked, 1571 hot
[JIT] Stats: 31719424 sends, 4102 compiled, 1282536 failed, 16383/16384 KB code | IC: 4315857/5278003 (81% hit, 60160 patched, 0 stale) | J2J-r: 0/0 J2J-a: 3111505/4922602 J2J-d: 58254 J2J-s: 727799/2504839 | map: 2891 tracked, 1571 hot
[JIT] Stats: 31784960 sends, 4102 compiled, 1286645 failed, 16383/16384 KB code | IC: 4323776/5288929 (81% hit, 60160 patched, 0 stale) | J2J-r: 0/0 J2J-a: 3116548/4932673 J2J-d: 58291 J2J-s: 729616/2511453 | map: 2891 tracked, 1571 hot
[JIT] Stats: 31850496 sends, 4102 compiled, 1290793 failed, 16383/16384 KB code | IC: 4331681/5299864 (81% hit, 60160 patched, 0 stale) | J2J-r: 0/0 J2J-a: 3121564/4942746 J2J-d: 58328 J2J-s: 731441/2518105 | map: 2891 tracked, 1571 hot
[JIT] Stats: 31916032 sends, 4102 compiled, 1294887 failed, 16383/16384 KB code | IC: 4339549/5310746 (81% hit, 60160 patched, 0 stale) | J2J-r: 0/0 J2J-a: 3126587/4952766 J2J-d: 58365 J2J-s: 733260/2524693 | map: 2891 tracked, 1571 hot
[JIT] Stats: 31981568 sends, 4102 compiled, 1299005 failed, 16383/16384 KB code | IC: 4347437/5321654 (81% hit, 60160 patched, 0 stale) | J2J-r: 0/0 J2J-a: 3131598/4962815 J2J-d: 58402 J2J-s: 735077/2531324 | map: 2891 tracked, 1571 hot
[JIT] Stats: 32047104 sends, 4102 compiled, 1303149 failed, 16383/16384 KB code | IC: 4355345/5332582 (81% hit, 60160 patched, 0 stale) | J2J-r: 0/0 J2J-a: 3136607/4972885 J2J-d: 58440 J2J-s: 736907/2537981 | map: 2891 tracked, 1571 hot
[JIT] Stats: 32112640 sends, 4102 compiled, 1307204 failed, 16383/16384 KB code | IC: 4363191/5343415 (81% hit, 60160 patched, 0 stale) | J2J-r: 0/0 J2J-a: 3141618/4982863 J2J-d: 58476 J2J-s: 738699/2544511 | map: 2891 tracked, 1571 hot
[JIT] Stats: 32178176 sends, 4102 compiled, 1311312 failed, 16383/16384 KB code | IC: 4371056/5354278 (81% hit, 60160 patched, 0 stale) | J2J-r: 0/0 J2J-a: 3146637/4992875 J2J-d: 58513 J2J-s: 740507/2551078 | map: 2891 tracked, 1571 hot
[JIT] Stats: 32243712 sends, 4102 compiled, 1315346 failed, 16383/16384 KB code | IC: 4378844/5365018 (81% hit, 60160 patched, 0 stale) | J2J-r: 0/0 J2J-a: 3151626/5002773 J2J-d: 58550 J2J-s: 742291/2557551 | map: 2891 tracked, 1571 hot
[JIT] Stats: 32309248 sends, 4102 compiled, 1319435 failed, 16383/16384 KB code | IC: 4386712/5375876 (81% hit, 60161 patched, 0 stale) | J2J-r: 0/0 J2J-a: 3156636/5012778 J2J-d: 58586 J2J-s: 744089/2564121 | map: 2891 tracked, 1571 hot
[JIT] Stats: 32374784 sends, 4102 compiled, 1323491 failed, 16383/16384 KB code | IC: 4394508/5386639 (81% hit, 60161 patched, 0 stale) | J2J-r: 0/0 J2J-a: 3161603/5022698 J2J-d: 58623 J2J-s: 745875/2570640 | map: 2891 tracked, 1571 hot
[JIT] Stats: 32440320 sends, 4102 compiled, 1327602 failed, 16383/16384 KB code | IC: 4402367/5397501 (81% hit, 60161 patched, 0 stale) | J2J-r: 0/0 J2J-a: 3166588/5032707 J2J-d: 58660 J2J-s: 747689/2577252 | map: 2891 tracked, 1571 hot
[JIT] Stats: 32505856 sends, 4102 compiled, 1331697 failed, 16383/16384 KB code | IC: 4410189/5408368 (81% hit, 60252 patched, 0 stale) | J2J-r: 0/0 J2J-a: 3171591/5042727 J2J-d: 58760 J2J-s: 749495/2583845 | map: 2847 tracked, 1474 hot
[JIT] Stats: 32571392 sends, 4102 compiled, 1335811 failed, 16383/16384 KB code | IC: 4418874/5418892 (81% hit, 60297 patched, 0 stale) | J2J-r: 0/0 J2J-a: 3175768/5052383 J2J-d: 58824 J2J-s: 750881/2590484 | map: 2872 tracked, 1555 hot
[JIT] Stats: 32636928 sends, 4102 compiled, 1339913 failed, 16383/16384 KB code | IC: 4427527/5429516 (81% hit, 60329 patched, 0 stale) | J2J-r: 0/0 J2J-a: 3179905/5062116 J2J-d: 58863 J2J-s: 752223/2597176 | map: 2902 tracked, 1584 hot
[JIT] Stats: 32702464 sends, 4102 compiled, 1344023 failed, 16383/16384 KB code | IC: 4436207/5440149 (81% hit, 60331 patched, 0 stale) | J2J-r: 0/0 J2J-a: 3184009/5071846 J2J-d: 58888 J2J-s: 753592/2603924 | map: 2902 tracked, 1584 hot
[JIT] Stats: 32768000 sends, 4102 compiled, 1348071 failed, 16383/16384 KB code | IC: 4444851/5450552 (81% hit, 60339 patched, 0 stale) | J2J-r: 0/0 J2J-a: 3188183/5081408 J2J-d: 58930 J2J-s: 754938/2610433 | map: 2902 tracked, 1584 hot
[JIT] Stats: 32833536 sends, 4102 compiled, 1352195 failed, 16383/16384 KB code | IC: 4453543/5461214 (81% hit, 60340 patched, 0 stale) | J2J-r: 0/0 J2J-a: 3192327/5091165 J2J-d: 58954 J2J-s: 756303/2617160 | map: 2902 tracked, 1584 hot
[JIT] Stats: 32899072 sends, 4102 compiled, 1356119 failed, 16383/16384 KB code | IC: 4462039/5471440 (81% hit, 60340 patched, 0 stale) | J2J-r: 0/0 J2J-a: 3196522/5100558 J2J-d: 58989 J2J-s: 757614/2623455 | map: 2902 tracked, 1584 hot
[JIT] Stats: 32964608 sends, 4102 compiled, 1360113 failed, 16383/16384 KB code | IC: 4470615/5481753 (81% hit, 60340 patched, 0 stale) | J2J-r: 0/0 J2J-a: 3200672/5110034 J2J-d: 59025 J2J-s: 758947/2629897 | map: 2902 tracked, 1584 hot
[JIT] Stats: 33030144 sends, 4102 compiled, 1363181 failed, 16383/16384 KB code | IC: 4478146/5490613 (81% hit, 60347 patched, 0 stale) | J2J-r: 0/0 J2J-a: 3203884/5118261 J2J-d: 59059 J2J-s: 759972/2635767 | map: 2910 tracked, 1587 hot
[JIT] Stats: 33095680 sends, 4102 compiled, 1365166 failed, 16383/16384 KB code | IC: 4484667/5497986 (81% hit, 60349 patched, 0 stale) | J2J-r: 0/0 J2J-a: 3205829/5125227 J2J-d: 59078 J2J-s: 760633/2641345 | map: 2913 tracked, 1591 hot
[JIT] Stats: 33161216 sends, 4102 compiled, 1369315 failed, 16383/16384 KB code | IC: 4493378/5508495 (81% hit, 60349 patched, 0 stale) | J2J-r: 0/0 J2J-a: 3209948/5134871 J2J-d: 59116 J2J-s: 762016/2648025 | map: 2913 tracked, 1591 hot
[JIT] Stats: 33226752 sends, 4102 compiled, 1373503 failed, 16383/16384 KB code | IC: 4502176/5519128 (81% hit, 60349 patched, 0 stale) | J2J-r: 0/0 J2J-a: 3214137/5144627 J2J-d: 59154 J2J-s: 763422/2654770 | map: 2913 tracked, 1591 hot
[JIT] Stats: 33292288 sends, 4102 compiled, 1377608 failed, 16383/16384 KB code | IC: 4510817/5529557 (81% hit, 60349 patched, 0 stale) | J2J-r: 0/0 J2J-a: 3218263/5154198 J2J-d: 59191 J2J-s: 764796/2661364 | map: 2913 tracked, 1591 hot
[JIT] Stats: 33357824 sends, 4102 compiled, 1381708 failed, 16383/16384 KB code | IC: 4519481/5540005 (81% hit, 60349 patched, 0 stale) | J2J-r: 0/0 J2J-a: 3222390/5163792 J2J-d: 59228 J2J-s: 766165/2667975 | map: 2913 tracked, 1591 hot
[JIT] Stats: 33423360 sends, 4102 compiled, 1385874 failed, 16383/16384 KB code | IC: 4528204/5550546 (81% hit, 60349 patched, 0 stale) | J2J-r: 0/0 J2J-a: 3226541/5173461 J2J-d: 59265 J2J-s: 767552/2674653 | map: 2913 tracked, 1591 hot
[JIT] Stats: 33488896 sends, 4102 compiled, 1390020 failed, 16383/16384 KB code | IC: 4536928/5561059 (81% hit, 60349 patched, 0 stale) | J2J-r: 0/0 J2J-a: 3230677/5183116 J2J-d: 59303 J2J-s: 768933/2681324 | map: 2913 tracked, 1591 hot
[JIT] Stats: 33554432 sends, 4102 compiled, 1394131 failed, 16383/16384 KB code | IC: 4545551/5571466 (81% hit, 60349 patched, 0 stale) | J2J-r: 0/0 J2J-a: 3234750/5192667 J2J-d: 59340 J2J-s: 770304/2687944 | map: 2913 tracked, 1591 hot
[JIT] Stats: 33619968 sends, 4102 compiled, 1398172 failed, 16383/16384 KB code | IC: 4554090/5581753 (81% hit, 60349 patched, 0 stale) | J2J-r: 0/0 J2J-a: 3238820/5202113 J2J-d: 59376 J2J-s: 771650/2694449 | map: 2913 tracked, 1591 hot
[JIT] Stats: 33685504 sends, 4102 compiled, 1399684 failed, 16383/16384 KB code | IC: 4561102/5589431 (81% hit, 60356 patched, 0 stale) | J2J-r: 0/0 J2J-a: 3240378/5209473 J2J-d: 59393 J2J-s: 772161/2700680 | map: 2916 tracked, 1595 hot
[JIT] Stats: 33751040 sends, 4102 compiled, 1400647 failed, 16383/16384 KB code | IC: 4566924/5595665 (81% hit, 60358 patched, 0 stale) | J2J-r: 0/0 J2J-a: 3241339/5215511 J2J-d: 59403 J2J-s: 772487/2706032 | map: 2916 tracked, 1595 hot
[JIT] Stats: 33816576 sends, 4102 compiled, 1404949 failed, 16383/16384 KB code | IC: 4575877/5606483 (81% hit, 60358 patched, 0 stale) | J2J-r: 0/0 J2J-a: 3245565/5225437 J2J-d: 59442 J2J-s: 773920/2712934 | map: 2916 tracked, 1595 hot
[JIT] Stats: 33882112 sends, 4102 compiled, 1409212 failed, 16383/16384 KB code | IC: 4584824/5617278 (81% hit, 60358 patched, 0 stale) | J2J-r: 0/0 J2J-a: 3249783/5235342 J2J-d: 59481 J2J-s: 775340/2719803 | map: 2916 tracked, 1595 hot
[JIT] Stats: 33947648 sends, 4102 compiled, 1413364 failed, 16383/16384 KB code | IC: 4593680/5627949 (81% hit, 60359 patched, 0 stale) | J2J-r: 0/0 J2J-a: 3254048/5245144 J2J-d: 59518 J2J-s: 776727/2726497 | map: 2916 tracked, 1595 hot
[JIT] Stats: 34013184 sends, 4102 compiled, 1417577 failed, 16383/16384 KB code | IC: 4602566/5638665 (81% hit, 60359 patched, 0 stale) | J2J-r: 0/0 J2J-a: 3258292/5254982 J2J-d: 59556 J2J-s: 778132/2733267 | map: 2916 tracked, 1595 hot
[JIT] Stats: 34078720 sends, 4102 compiled, 1421795 failed, 16383/16384 KB code | IC: 4611242/5649658 (81% hit, 60490 patched, 0 stale) | J2J-r: 0/0 J2J-a: 3262765/5265096 J2J-d: 59682 J2J-s: 779547/2740094 | map: 2876 tracked, 1560 hot
[JIT] Stats: 34144256 sends, 4102 compiled, 1426035 failed, 16383/16384 KB code | IC: 4619973/5660723 (81% hit, 60493 patched, 0 stale) | J2J-r: 0/0 J2J-a: 3267288/5275261 J2J-d: 59723 J2J-s: 780975/2746934 | map: 2876 tracked, 1560 hot
[JIT] Stats: 34209792 sends, 4102 compiled, 1430123 failed, 16383/16384 KB code | IC: 4628564/5671656 (81% hit, 60529 patched, 0 stale) | J2J-r: 0/0 J2J-a: 3271709/5285311 J2J-d: 59770 J2J-s: 782335/2753687 | map: 2900 tracked, 1584 hot
[JIT] Stats: 34275328 sends, 4102 compiled, 1434383 failed, 16383/16384 KB code | IC: 4637307/5682712 (81% hit, 60530 patched, 0 stale) | J2J-r: 0/0 J2J-a: 3276195/5295478 J2J-d: 59810 J2J-s: 783755/2760558 | map: 2900 tracked, 1584 hot
[JIT] Stats: 34340864 sends, 4102 compiled, 1438583 failed, 16383/16384 KB code | IC: 4646020/5693700 (81% hit, 60531 patched, 0 stale) | J2J-r: 0/0 J2J-a: 3280707/5305590 J2J-d: 59849 J2J-s: 785160/2767338 | map: 2900 tracked, 1584 hot
[JIT] Stats: 34406400 sends, 4102 compiled, 1442790 failed, 16383/16384 KB code | IC: 4654730/5704701 (81% hit, 60531 patched, 0 stale) | J2J-r: 0/0 J2J-a: 3285189/5315709 J2J-d: 59887 J2J-s: 786563/2774149 | map: 2900 tracked, 1584 hot
[JIT] Stats: 34471936 sends, 4102 compiled, 1446987 failed, 16383/16384 KB code | IC: 4663426/5715672 (81% hit, 60533 patched, 0 stale) | J2J-r: 0/0 J2J-a: 3289711/5325807 J2J-d: 59926 J2J-s: 787959/2780899 | map: 2900 tracked, 1584 hot
[JIT] Stats: 34537472 sends, 4102 compiled, 1451177 failed, 16383/16384 KB code | IC: 4672091/5726620 (81% hit, 60534 patched, 0 stale) | J2J-r: 0/0 J2J-a: 3294195/5335873 J2J-d: 59963 J2J-s: 789354/2787652 | map: 2900 tracked, 1584 hot
[JIT] Stats: 34603008 sends, 4102 compiled, 1455318 failed, 16383/16384 KB code | IC: 4680760/5737578 (81% hit, 60535 patched, 0 stale) | J2J-r: 0/0 J2J-a: 3298749/5345940 J2J-d: 60001 J2J-s: 790752/2794337 | map: 2900 tracked, 1584 hot
[JIT] Stats: 34668544 sends, 4102 compiled, 1459484 failed, 16383/16384 KB code | IC: 4689412/5748585 (81% hit, 60535 patched, 0 stale) | J2J-r: 0/0 J2J-a: 3303301/5356028 J2J-d: 60039 J2J-s: 792184/2801080 | map: 2900 tracked, 1584 hot
[JIT] Stats: 34734080 sends, 4102 compiled, 1463656 failed, 16383/16384 KB code | IC: 4698056/5759519 (81% hit, 60536 patched, 0 stale) | J2J-r: 0/0 J2J-a: 3307793/5366076 J2J-d: 60076 J2J-s: 793574/2807799 | map: 2900 tracked, 1584 hot
[JIT] Stats: 34799616 sends, 4102 compiled, 1467732 failed, 16383/16384 KB code | IC: 4706637/5770402 (81% hit, 60537 patched, 0 stale) | J2J-r: 0/0 J2J-a: 3312374/5376058 J2J-d: 60113 J2J-s: 794976/2814385 | map: 2900 tracked, 1584 hot
[JIT] Stats: 34865152 sends, 4102 compiled, 1471939 failed, 16383/16384 KB code | IC: 4715328/5781406 (81% hit, 60537 patched, 0 stale) | J2J-r: 0/0 J2J-a: 3316843/5386175 J2J-d: 60149 J2J-s: 796377/2821199 | map: 2900 tracked, 1584 hot
[JIT] Stats: 34930688 sends, 4102 compiled, 1476148 failed, 16383/16384 KB code | IC: 4724027/5792461 (81% hit, 60537 patched, 0 stale) | J2J-r: 0/0 J2J-a: 3321348/5396330 J2J-d: 60180 J2J-s: 797773/2828006 | map: 2900 tracked, 1584 hot
[JIT] Stats: 34996224 sends, 4102 compiled, 1480323 failed, 16383/16384 KB code | IC: 4732702/5803400 (81% hit, 60538 patched, 0 stale) | J2J-r: 0/0 J2J-a: 3325879/5406403 J2J-d: 60217 J2J-s: 799161/2834711 | map: 2901 tracked, 1584 hot
[JIT] Stats: 35061760 sends, 4102 compiled, 1484523 failed, 16383/16384 KB code | IC: 4741380/5814352 (81% hit, 60538 patched, 0 stale) | J2J-r: 0/0 J2J-a: 3330394/5416483 J2J-d: 60255 J2J-s: 800559/2841447 | map: 2901 tracked, 1584 hot
[JIT] Stats: 35127296 sends, 4102 compiled, 1488711 failed, 16383/16384 KB code | IC: 4750052/5825290 (81% hit, 60538 patched, 0 stale) | J2J-r: 0/0 J2J-a: 3334888/5426550 J2J-d: 60293 J2J-s: 801955/2848189 | map: 2901 tracked, 1584 hot
[JIT] Stats: 35192832 sends, 4102 compiled, 1492898 failed, 16383/16384 KB code | IC: 4758709/5836227 (81% hit, 60538 patched, 0 stale) | J2J-r: 0/0 J2J-a: 3339366/5436609 J2J-d: 60331 J2J-s: 803351/2854939 | map: 2901 tracked, 1584 hot
[JIT] Stats: 35258368 sends, 4102 compiled, 1497065 failed, 16383/16384 KB code | IC: 4767380/5847155 (81% hit, 60538 patched, 0 stale) | J2J-r: 0/0 J2J-a: 3343897/5446673 J2J-d: 60368 J2J-s: 804736/2861632 | map: 2901 tracked, 1584 hot
[JIT] Stats: 35323904 sends, 4102 compiled, 1501211 failed, 16383/16384 KB code | IC: 4776057/5858086 (81% hit, 60540 patched, 0 stale) | J2J-r: 0/0 J2J-a: 3348440/5456737 J2J-d: 60408 J2J-s: 806121/2868313 | map: 2901 tracked, 1584 hot
[JIT] Stats: 35389440 sends, 4102 compiled, 1505312 failed, 16383/16384 KB code | IC: 4784626/5868923 (81% hit, 60663 patched, 0 stale) | J2J-r: 0/0 J2J-a: 3352951/5466722 J2J-d: 60526 J2J-s: 807505/2874954 | map: 2876 tracked, 1559 hot
[JIT] Stats: 35454976 sends, 4102 compiled, 1509361 failed, 16383/16384 KB code | IC: 4793330/5879554 (81% hit, 60674 patched, 0 stale) | J2J-r: 0/0 J2J-a: 3357150/5476487 J2J-d: 60571 J2J-s: 808891/2881672 | map: 2876 tracked, 1560 hot
[JIT] Stats: 35520512 sends, 4102 compiled, 1513428 failed, 16383/16384 KB code | IC: 4802044/5890199 (81% hit, 60679 patched, 0 stale) | J2J-r: 0/0 J2J-a: 3361367/5486261 J2J-d: 60610 J2J-s: 810280/2888389 | map: 2876 tracked, 1560 hot
[JIT] Stats: 35586048 sends, 4102 compiled, 1517479 failed, 16383/16384 KB code | IC: 4810758/5900836 (81% hit, 60682 patched, 0 stale) | J2J-r: 0/0 J2J-a: 3365605/5496030 J2J-d: 60649 J2J-s: 811667/2895082 | map: 2876 tracked, 1560 hot
[JIT] Stats: 35651584 sends, 4102 compiled, 1521521 failed, 16383/16384 KB code | IC: 4819432/5911424 (81% hit, 60682 patched, 0 stale) | J2J-r: 0/0 J2J-a: 3369817/5505755 J2J-d: 60686 J2J-s: 813045/2901745 | map: 2876 tracked, 1560 hot
[JIT] Stats: 35717120 sends, 4102 compiled, 1525497 failed, 16383/16384 KB code | IC: 4827966/5921846 (81% hit, 60685 patched, 0 stale) | J2J-r: 0/0 J2J-a: 3373977/5515325 J2J-d: 60725 J2J-s: 814405/2908287 | map: 2876 tracked, 1560 hot
[JIT] Stats: 35782656 sends, 4102 compiled, 1529514 failed, 16383/16384 KB code | IC: 4836602/5932389 (81% hit, 60685 patched, 0 stale) | J2J-r: 0/0 J2J-a: 3378160/5525007 J2J-d: 60763 J2J-s: 815788/2914948 | map: 2876 tracked, 1560 hot
[JIT] Stats: 35848192 sends, 4102 compiled, 1533530 failed, 16383/16384 KB code | IC: 4845204/5942902 (81% hit, 60686 patched, 0 stale) | J2J-r: 0/0 J2J-a: 3382316/5534659 J2J-d: 60801 J2J-s: 817164/2921599 | map: 2876 tracked, 1560 hot
[JIT] Stats: 35913728 sends, 4102 compiled, 1537610 failed, 16383/16384 KB code | IC: 4853907/5953529 (81% hit, 60686 patched, 0 stale) | J2J-r: 0/0 J2J-a: 3386514/5544420 J2J-d: 60839 J2J-s: 818556/2928324 | map: 2876 tracked, 1560 hot
[JIT] Stats: 35979264 sends, 4102 compiled, 1541599 failed, 16383/16384 KB code | IC: 4862525/5964041 (81% hit, 60687 patched, 0 stale) | J2J-r: 0/0 J2J-a: 3390697/5554077 J2J-d: 60876 J2J-s: 819928/2934946 | map: 2876 tracked, 1560 hot
[JIT] Stats: 36044800 sends, 4102 compiled, 1545628 failed, 16383/16384 KB code | IC: 4871151/5974611 (81% hit, 60687 patched, 0 stale) | J2J-r: 0/0 J2J-a: 3394896/5563765 J2J-d: 60913 J2J-s: 821321/2941600 | map: 2876 tracked, 1560 hot
[JIT] Stats: 36110336 sends, 4102 compiled, 1549615 failed, 16383/16384 KB code | IC: 4879697/5985074 (81% hit, 60688 patched, 0 stale) | J2J-r: 0/0 J2J-a: 3399036/5573354 J2J-d: 60950 J2J-s: 822693/2948196 | map: 2876 tracked, 1560 hot
[JIT] Stats: 36175872 sends, 4102 compiled, 1553589 failed, 16383/16384 KB code | IC: 4888265/5995561 (81% hit, 60688 patched, 0 stale) | J2J-r: 0/0 J2J-a: 3403212/5582967 J2J-d: 60987 J2J-s: 824067/2954786 | map: 2876 tracked, 1560 hot
[JIT] Stats: 36241408 sends, 4102 compiled, 1557614 failed, 16383/16384 KB code | IC: 4896882/6006089 (81% hit, 60688 patched, 0 stale) | J2J-r: 0/0 J2J-a: 3407368/5592630 J2J-d: 61024 J2J-s: 825441/2961434 | map: 2876 tracked, 1560 hot
[JIT] Stats: 36306944 sends, 4102 compiled, 1561595 failed, 16383/16384 KB code | IC: 4905423/6016539 (81% hit, 60688 patched, 0 stale) | J2J-r: 0/0 J2J-a: 3411501/5602210 J2J-d: 61061 J2J-s: 826807/2968026 | map: 2876 tracked, 1560 hot
[JIT] Stats: 36372480 sends, 4102 compiled, 1565571 failed, 16383/16384 KB code | IC: 4913992/6026981 (81% hit, 60688 patched, 0 stale) | J2J-r: 0/0 J2J-a: 3415658/5611808 J2J-d: 61098 J2J-s: 828167/2974602 | map: 2876 tracked, 1560 hot
[JIT] Stats: 36438016 sends, 4102 compiled, 1569549 failed, 16383/16384 KB code | IC: 4922558/6037433 (81% hit, 60689 patched, 0 stale) | J2J-r: 0/0 J2J-a: 3419817/5621410 J2J-d: 61136 J2J-s: 829530/2981185 | map: 2876 tracked, 1560 hot
[JIT] Stats: 36503552 sends, 4102 compiled, 1573529 failed, 16383/16384 KB code | IC: 4931149/6047913 (81% hit, 60689 patched, 0 stale) | J2J-r: 0/0 J2J-a: 3423996/5631037 J2J-d: 61173 J2J-s: 830893/2987771 | map: 2876 tracked, 1560 hot
[JIT] Stats: 36569088 sends, 4102 compiled, 1577448 failed, 16383/16384 KB code | IC: 4939705/6058328 (81% hit, 60689 patched, 0 stale) | J2J-r: 0/0 J2J-a: 3428218/5640615 J2J-d: 61209 J2J-s: 832234/2994246 | map: 2876 tracked, 1560 hot
[JIT] Stats: 36634624 sends, 4102 compiled, 1581432 failed, 16383/16384 KB code | IC: 4948284/6068796 (81% hit, 60689 patched, 0 stale) | J2J-r: 0/0 J2J-a: 3432381/5650228 J2J-d: 61246 J2J-s: 833594/3000833 | map: 2876 tracked, 1560 hot
[JIT] Stats: 36700160 sends, 4102 compiled, 1585415 failed, 16383/16384 KB code | IC: 4956912/6079349 (81% hit, 60690 patched, 0 stale) | J2J-r: 0/0 J2J-a: 3436589/5659897 J2J-d: 61284 J2J-s: 834962/3007436 | map: 2876 tracked, 1560 hot
[JIT] Stats: 36765696 sends, 4102 compiled, 1589391 failed, 16383/16384 KB code | IC: 4965311/6089921 (81% hit, 60812 patched, 0 stale) | J2J-r: 0/0 J2J-a: 3440967/5669622 J2J-d: 61401 J2J-s: 836410/3014009 | map: 2876 tracked, 1560 hot
[JIT] Stats: 36831232 sends, 4102 compiled, 1593336 failed, 16383/16384 KB code | IC: 4973047/6100537 (81% hit, 60819 patched, 0 stale) | J2J-r: 0/0 J2J-a: 3445963/5679422 J2J-d: 61442 J2J-s: 838144/3020327 | map: 2876 tracked, 1560 hot
[JIT] Stats: 36896768 sends, 4102 compiled, 1597325 failed, 16383/16384 KB code | IC: 4980812/6111236 (81% hit, 60826 patched, 0 stale) | J2J-r: 0/0 J2J-a: 3450939/5689283 J2J-d: 61482 J2J-s: 839912/3026763 | map: 2876 tracked, 1560 hot
[JIT] Stats: 36962304 sends, 4102 compiled, 1599230 failed, 16383/16384 KB code | IC: 4986703/6118532 (81% hit, 60833 patched, 0 stale) | J2J-r: 0/0 J2J-a: 3453425/5696168 J2J-d: 61505 J2J-s: 840753/3031898 | map: 2884 tracked, 1563 hot
[JIT] Stats: 37027840 sends, 4102 compiled, 1599266 failed, 16383/16384 KB code | IC: 4991259/6123093 (81% hit, 60835 patched, 0 stale) | J2J-r: 0/0 J2J-a: 3453479/5700729 J2J-d: 61507 J2J-s: 840770/3036421 | map: 2889 tracked, 1567 hot
[JIT] Stats: 37093376 sends, 4102 compiled, 1602450 failed, 16383/16384 KB code | IC: 4998382/6132536 (81% hit, 60837 patched, 0 stale) | J2J-r: 0/0 J2J-a: 3457310/5709513 J2J-d: 61536 J2J-s: 842171/3042600 | map: 2889 tracked, 1567 hot
[JIT] Stats: 37158912 sends, 4102 compiled, 1606563 failed, 16383/16384 KB code | IC: 5006243/6143398 (81% hit, 60840 patched, 0 stale) | J2J-r: 0/0 J2J-a: 3462311/5719524 J2J-d: 61575 J2J-s: 843983/3049197 | map: 2889 tracked, 1567 hot
[JIT] Stats: 37224448 sends, 4102 compiled, 1610633 failed, 16383/16384 KB code | IC: 5014065/6154204 (81% hit, 60842 patched, 0 stale) | J2J-r: 0/0 J2J-a: 3467292/5729482 J2J-d: 61614 J2J-s: 845780/3055747 | map: 2889 tracked, 1567 hot
[JIT] Stats: 37289984 sends, 4102 compiled, 1614830 failed, 16383/16384 KB code | IC: 5022049/6165255 (81% hit, 60844 patched, 0 stale) | J2J-r: 0/0 J2J-a: 3472351/5739664 J2J-d: 61652 J2J-s: 847633/3062500 | map: 2889 tracked, 1567 hot
[JIT] Stats: 37355520 sends, 4102 compiled, 1619011 failed, 16383/16384 KB code | IC: 5029990/6176253 (81% hit, 60846 patched, 0 stale) | J2J-r: 0/0 J2J-a: 3477359/5749794 J2J-d: 61691 J2J-s: 849481/3069237 | map: 2890 tracked, 1567 hot
[JIT] Stats: 37421056 sends, 4102 compiled, 1623107 failed, 16383/16384 KB code | IC: 5037798/6187059 (81% hit, 60846 patched, 0 stale) | J2J-r: 0/0 J2J-a: 3482316/5759747 J2J-d: 61728 J2J-s: 851287/3075814 | map: 2890 tracked, 1567 hot
[JIT] Stats: 37486592 sends, 4102 compiled, 1627197 failed, 16383/16384 KB code | IC: 5045562/6197808 (81% hit, 60846 patched, 0 stale) | J2J-r: 0/0 J2J-a: 3487239/5769651 J2J-d: 61765 J2J-s: 853089/3082373 | map: 2890 tracked, 1567 hot
[JIT] Stats: 37552128 sends, 4102 compiled, 1631315 failed, 16383/16384 KB code | IC: 5053375/6208650 (81% hit, 60847 patched, 0 stale) | J2J-r: 0/0 J2J-a: 3492186/5779630 J2J-d: 61802 J2J-s: 854907/3088998 | map: 2890 tracked, 1567 hot
[JIT] Stats: 37617664 sends, 4102 compiled, 1635321 failed, 16383/16384 KB code | IC: 5061095/6219294 (81% hit, 60847 patched, 0 stale) | J2J-r: 0/0 J2J-a: 3497118/5789444 J2J-d: 61838 J2J-s: 856675/3095431 | map: 2890 tracked, 1567 hot
[JIT] Stats: 37683200 sends, 4102 compiled, 1639320 failed, 16383/16384 KB code | IC: 5068776/6230116 (81% hit, 60875 patched, 0 stale) | J2J-r: 0/0 J2J-a: 3502082/5799392 J2J-d: 61878 J2J-s: 858508/3102001 | map: 2907 tracked, 1584 hot
[JIT] Stats: 37748736 sends, 4102 compiled, 1643363 failed, 16383/16384 KB code | IC: 5076499/6240785 (81% hit, 60875 patched, 0 stale) | J2J-r: 0/0 J2J-a: 3506999/5809226 J2J-d: 61915 J2J-s: 860292/3108478 | map: 2907 tracked, 1584 hot
[JIT] Stats: 37814272 sends, 4102 compiled, 1647421 failed, 16383/16384 KB code | IC: 5084220/6251484 (81% hit, 60875 patched, 0 stale) | J2J-r: 0/0 J2J-a: 3511901/5819075 J2J-d: 61951 J2J-s: 862077/3114986 | map: 2907 tracked, 1584 hot
[JIT] Stats: 37879808 sends, 4102 compiled, 1651439 failed, 16383/16384 KB code | IC: 5091922/6262151 (81% hit, 60875 patched, 0 stale) | J2J-r: 0/0 J2J-a: 3516815/5828889 J2J-d: 61987 J2J-s: 863862/3121453 | map: 2907 tracked, 1584 hot
[JIT] Stats: 37945344 sends, 4102 compiled, 1655498 failed, 16383/16384 KB code | IC: 5099601/6272802 (81% hit, 60875 patched, 0 stale) | J2J-r: 0/0 J2J-a: 3521680/5838694 J2J-d: 62024 J2J-s: 865653/3127958 | map: 2907 tracked, 1584 hot
[JIT] Stats: 38010880 sends, 4102 compiled, 1659549 failed, 16383/16384 KB code | IC: 5107327/6283489 (81% hit, 60875 patched, 0 stale) | J2J-r: 0/0 J2J-a: 3526567/5848538 J2J-d: 62061 J2J-s: 867435/3134473 | map: 2907 tracked, 1584 hot
[JIT] Stats: 38076416 sends, 4102 compiled, 1663563 failed, 16383/16384 KB code | IC: 5114975/6294076 (81% hit, 60875 patched, 0 stale) | J2J-r: 0/0 J2J-a: 3531407/5858289 J2J-d: 62097 J2J-s: 869204/3140932 | map: 2907 tracked, 1584 hot
[JIT] Stats: 38141952 sends, 4102 compiled, 1667528 failed, 16383/16384 KB code | IC: 5122604/6304628 (81% hit, 60876 patched, 0 stale) | J2J-r: 0/0 J2J-a: 3536286/5868006 J2J-d: 62133 J2J-s: 870968/3147320 | map: 2907 tracked, 1584 hot
[JIT] Stats: 38207488 sends, 4102 compiled, 1671205 failed, 16383/16384 KB code | IC: 5130221/6314940 (81% hit, 60880 patched, 0 stale) | J2J-r: 0/0 J2J-a: 3540684/5877551 J2J-d: 62169 J2J-s: 872598/3153889 | map: 2911 tracked, 1590 hot
[JIT] Stats: 38273024 sends, 4102 compiled, 1671237 failed, 16383/16384 KB code | IC: 5136420/6321151 (81% hit, 60880 patched, 0 stale) | J2J-r: 0/0 J2J-a: 3540738/5883756 J2J-d: 62169 J2J-s: 872614/3160056 | map: 2911 tracked, 1590 hot
[JIT] Stats: 38338560 sends, 4102 compiled, 1671371 failed, 16383/16384 KB code | IC: 5141959/6326780 (81% hit, 60883 patched, 0 stale) | J2J-r: 0/0 J2J-a: 3540926/5889360 J2J-d: 62173 J2J-s: 872679/3165532 | map: 2914 tracked, 1593 hot
[JIT] Stats: 38404096 sends, 4102 compiled, 1671401 failed, 16383/16384 KB code | IC: 5146854/6331675 (81% hit, 60883 patched, 0 stale) | J2J-r: 0/0 J2J-a: 3540971/5894255 J2J-d: 62173 J2J-s: 872694/3170397 | map: 2914 tracked, 1593 hot
[JIT] Stats: 38469632 sends, 4102 compiled, 1674965 failed, 16383/16384 KB code | IC: 5154296/6341730 (81% hit, 60884 patched, 0 stale) | J2J-r: 0/0 J2J-a: 3545297/5903564 J2J-d: 62205 J2J-s: 874273/3176760 | map: 2914 tracked, 1593 hot
[JIT] Stats: 38535168 sends, 4102 compiled, 1679062 failed, 16383/16384 KB code | IC: 5162328/6352428 (81% hit, 61014 patched, 0 stale) | J2J-r: 0/0 J2J-a: 3549543/5913389 J2J-d: 62330 J2J-s: 875700/3183543 | map: 2876 tracked, 1560 hot
[JIT] Stats: 38600704 sends, 4102 compiled, 1683102 failed, 16383/16384 KB code | IC: 5170416/6363051 (81% hit, 61020 patched, 0 stale) | J2J-r: 0/0 J2J-a: 3553750/5923135 J2J-d: 62374 J2J-s: 877092/3190243 | map: 2876 tracked, 1560 hot
[JIT] Stats: 38666240 sends, 4102 compiled, 1687232 failed, 16383/16384 KB code | IC: 5178601/6373854 (81% hit, 61026 patched, 0 stale) | J2J-r: 0/0 J2J-a: 3558001/5933027 J2J-d: 62413 J2J-s: 878516/3197075 | map: 2876 tracked, 1560 hot
[JIT] Stats: 38731776 sends, 4102 compiled, 1691408 failed, 16383/16384 KB code | IC: 5186818/6384674 (81% hit, 61028 patched, 0 stale) | J2J-r: 0/0 J2J-a: 3562215/5942953 J2J-d: 62452 J2J-s: 879945/3203980 | map: 2876 tracked, 1560 hot
[JIT] Stats: 38797312 sends, 4102 compiled, 1695592 failed, 16383/16384 KB code | IC: 5195029/6395493 (81% hit, 61033 patched, 0 stale) | J2J-r: 0/0 J2J-a: 3566430/5952874 J2J-d: 62492 J2J-s: 881375/3210877 | map: 2876 tracked, 1560 hot
[JIT] Stats: 38862848 sends, 4102 compiled, 1699690 failed, 16383/16384 KB code | IC: 5203176/6406189 (81% hit, 61033 patched, 0 stale) | J2J-r: 0/0 J2J-a: 3570657/5962696 J2J-d: 62530 J2J-s: 882781/3217650 | map: 2876 tracked, 1560 hot
[JIT] Stats: 38928384 sends, 4102 compiled, 1703807 failed, 16383/16384 KB code | IC: 5211330/6416906 (81% hit, 61033 patched, 0 stale) | J2J-r: 0/0 J2J-a: 3574880/5972535 J2J-d: 62569 J2J-s: 884196/3224449 | map: 2876 tracked, 1560 hot
[JIT] Stats: 38993920 sends, 4102 compiled, 1707963 failed, 16383/16384 KB code | IC: 5219560/6427720 (81% hit, 61033 patched, 0 stale) | J2J-r: 0/0 J2J-a: 3579103/5982459 J2J-d: 62607 J2J-s: 885617/3231332 | map: 2876 tracked, 1560 hot
[JIT] Stats: 39059456 sends, 4102 compiled, 1712100 failed, 16383/16384 KB code | IC: 5227785/6438514 (81% hit, 61033 patched, 0 stale) | J2J-r: 0/0 J2J-a: 3583361/5992372 J2J-d: 62645 J2J-s: 887032/3238168 | map: 2876 tracked, 1560 hot
[JIT] Stats: 39124992 sends, 4102 compiled, 1716197 failed, 16383/16384 KB code | IC: 5235965/6449238 (81% hit, 61033 patched, 0 stale) | J2J-r: 0/0 J2J-a: 3587613/6002222 J2J-d: 62683 J2J-s: 888434/3244933 | map: 2876 tracked, 1560 hot
[JIT] Stats: 39190528 sends, 4102 compiled, 1720356 failed, 16383/16384 KB code | IC: 5244219/6460074 (81% hit, 61033 patched, 0 stale) | J2J-r: 0/0 J2J-a: 3591887/6012172 J2J-d: 62722 J2J-s: 889859/3251802 | map: 2876 tracked, 1560 hot
[JIT] Stats: 39256064 sends, 4102 compiled, 1724486 failed, 16383/16384 KB code | IC: 5252423/6470846 (81% hit, 61033 patched, 0 stale) | J2J-r: 0/0 J2J-a: 3596129/6022060 J2J-d: 62760 J2J-s: 891272/3258632 | map: 2876 tracked, 1560 hot
[JIT] Stats: 39321600 sends, 4102 compiled, 1728633 failed, 16383/16384 KB code | IC: 5260644/6481654 (81% hit, 61033 patched, 0 stale) | J2J-r: 0/0 J2J-a: 3600360/6031982 J2J-d: 62799 J2J-s: 892700/3265518 | map: 2876 tracked, 1560 hot
[JIT] Stats: 39387136 sends, 4102 compiled, 1732752 failed, 16383/16384 KB code | IC: 5268808/6492380 (81% hit, 61033 patched, 0 stale) | J2J-r: 0/0 J2J-a: 3604585/6041825 J2J-d: 62837 J2J-s: 894108/3272313 | map: 2876 tracked, 1560 hot
[JIT] Stats: 39452672 sends, 4102 compiled, 1736870 failed, 16383/16384 KB code | IC: 5277009/6503165 (81% hit, 61033 patched, 0 stale) | J2J-r: 0/0 J2J-a: 3608816/6051721 J2J-d: 62875 J2J-s: 895525/3279162 | map: 2876 tracked, 1560 hot
[JIT] Stats: 39518208 sends, 4102 compiled, 1740954 failed, 16383/16384 KB code | IC: 5285176/6513878 (81% hit, 61033 patched, 0 stale) | J2J-r: 0/0 J2J-a: 3613031/6061559 J2J-d: 62913 J2J-s: 896927/3285953 | map: 2876 tracked, 1560 hot
[JIT] Stats: 39583744 sends, 4102 compiled, 1745103 failed, 16383/16384 KB code | IC: 5293369/6524656 (81% hit, 61033 patched, 0 stale) | J2J-r: 0/0 J2J-a: 3617266/6071450 J2J-d: 62952 J2J-s: 898348/3292792 | map: 2876 tracked, 1560 hot
[JIT] Stats: 39649280 sends, 4102 compiled, 1749271 failed, 16383/16384 KB code | IC: 5301587/6535473 (81% hit, 61033 patched, 0 stale) | J2J-r: 0/0 J2J-a: 3621521/6081371 J2J-d: 62990 J2J-s: 899771/3299647 | map: 2876 tracked, 1560 hot
[JIT] Stats: 39714816 sends, 4102 compiled, 1753396 failed, 16383/16384 KB code | IC: 5309791/6546249 (81% hit, 61033 patched, 0 stale) | J2J-r: 0/0 J2J-a: 3625747/6091264 J2J-d: 63029 J2J-s: 901187/3306495 | map: 2876 tracked, 1560 hot
[JIT] Stats: 39780352 sends, 4102 compiled, 1757453 failed, 16383/16384 KB code | IC: 5317913/6556899 (81% hit, 61034 patched, 0 stale) | J2J-r: 0/0 J2J-a: 3629987/6101047 J2J-d: 63066 J2J-s: 902582/3313207 | map: 2877 tracked, 1560 hot
[JIT] Stats: 39845888 sends, 4102 compiled, 1761368 failed, 16383/16384 KB code | IC: 5326218/6567706 (81% hit, 61168 patched, 0 stale) | J2J-r: 0/0 J2J-a: 3634258/6110972 J2J-d: 63194 J2J-s: 904005/3320060 | map: 2876 tracked, 1560 hot
[JIT] Stats: 39911424 sends, 4102 compiled, 1765089 failed, 16383/16384 KB code | IC: 5334575/6578347 (81% hit, 61173 patched, 0 stale) | J2J-r: 0/0 J2J-a: 3638484/6120728 J2J-d: 63233 J2J-s: 905398/3326756 | map: 2876 tracked, 1560 hot
[JIT] Stats: 39976960 sends, 4102 compiled, 1768862 failed, 16383/16384 KB code | IC: 5342973/6589057 (81% hit, 61175 patched, 0 stale) | J2J-r: 0/0 J2J-a: 3642690/6130544 J2J-d: 63272 J2J-s: 906816/3333553 | map: 2876 tracked, 1560 hot
[JIT] Stats: 40042496 sends, 4102 compiled, 1772575 failed, 16383/16384 KB code | IC: 5351342/6599673 (81% hit, 61181 patched, 0 stale) | J2J-r: 0/0 J2J-a: 3646926/6140294 J2J-d: 63314 J2J-s: 908200/3340229 | map: 2876 tracked, 1560 hot
[JIT] Stats: 40108032 sends, 4102 compiled, 1776363 failed, 16383/16384 KB code | IC: 5359819/6610459 (81% hit, 61182 patched, 0 stale) | J2J-r: 0/0 J2J-a: 3651172/6150192 J2J-d: 63353 J2J-s: 909615/3347058 | map: 2876 tracked, 1560 hot
[JIT] Stats: 40173568 sends, 4102 compiled, 1780175 failed, 16383/16384 KB code | IC: 5368307/6621243 (81% hit, 61183 patched, 0 stale) | J2J-r: 0/0 J2J-a: 3655404/6160090 J2J-d: 63392 J2J-s: 911036/3353915 | map: 2876 tracked, 1560 hot
[JIT] Stats: 40239104 sends, 4102 compiled, 1783976 failed, 16383/16384 KB code | IC: 5376749/6631988 (81% hit, 61184 patched, 0 stale) | J2J-r: 0/0 J2J-a: 3659626/6169949 J2J-d: 63430 J2J-s: 912449/3360729 | map: 2876 tracked, 1560 hot
[JIT] Stats: 40304640 sends, 4102 compiled, 1787789 failed, 16383/16384 KB code | IC: 5385210/6642757 (81% hit, 61184 patched, 0 stale) | J2J-r: 0/0 J2J-a: 3663853/6179829 J2J-d: 63469 J2J-s: 913865/3367561 | map: 2876 tracked, 1560 hot
[JIT] Stats: 40370176 sends, 4102 compiled, 1791565 failed, 16383/16384 KB code | IC: 5393657/6653493 (81% hit, 61184 patched, 0 stale) | J2J-r: 0/0 J2J-a: 3668080/6189679 J2J-d: 63507 J2J-s: 915279/3374366 | map: 2876 tracked, 1560 hot
[JIT] Stats: 40435712 sends, 4102 compiled, 1795316 failed, 16383/16384 KB code | IC: 5402057/6664165 (81% hit, 61184 patched, 0 stale) | J2J-r: 0/0 J2J-a: 3672319/6199478 J2J-d: 63545 J2J-s: 916674/3381090 | map: 2876 tracked, 1560 hot
[JIT] Stats: 40501248 sends, 4102 compiled, 1799137 failed, 16383/16384 KB code | IC: 5410560/6674961 (81% hit, 61184 patched, 0 stale) | J2J-r: 0/0 J2J-a: 3676539/6209388 J2J-d: 63584 J2J-s: 918101/3387973 | map: 2876 tracked, 1560 hot
[JIT] Stats: 40566784 sends, 4102 compiled, 1802918 failed, 16383/16384 KB code | IC: 5419013/6685688 (81% hit, 61184 patched, 0 stale) | J2J-r: 0/0 J2J-a: 3680762/6219238 J2J-d: 63622 J2J-s: 919506/3394771 | map: 2876 tracked, 1560 hot
[JIT] Stats: 40632320 sends, 4102 compiled, 1806566 failed, 16383/16384 KB code | IC: 5427253/6696158 (81% hit, 61184 patched, 0 stale) | J2J-r: 0/0 J2J-a: 3684956/6228854 J2J-d: 63659 J2J-s: 920881/3401344 | map: 2876 tracked, 1560 hot
[JIT] Stats: 40697856 sends, 4102 compiled, 1810316 failed, 16383/16384 KB code | IC: 5435680/6706844 (81% hit, 61184 patched, 0 stale) | J2J-r: 0/0 J2J-a: 3689164/6238665 J2J-d: 63697 J2J-s: 922273/3408109 | map: 2876 tracked, 1560 hot
[JIT] Stats: 40763392 sends, 4102 compiled, 1814075 failed, 16383/16384 KB code | IC: 5444067/6717508 (81% hit, 61185 patched, 0 stale) | J2J-r: 0/0 J2J-a: 3693354/6248450 J2J-d: 63736 J2J-s: 923673/3414872 | map: 2876 tracked, 1560 hot
[JIT] Stats: 40828928 sends, 4102 compiled, 1817835 failed, 16383/16384 KB code | IC: 5452425/6728140 (81% hit, 61185 patched, 0 stale) | J2J-r: 0/0 J2J-a: 3697524/6258205 J2J-d: 63774 J2J-s: 925073/3421622 | map: 2876 tracked, 1560 hot
[JIT] Stats: 40894464 sends, 4102 compiled, 1821512 failed, 16383/16384 KB code | IC: 5460751/6738671 (81% hit, 61185 patched, 0 stale) | J2J-r: 0/0 J2J-a: 3701719/6267883 J2J-d: 63811 J2J-s: 926442/3428251 | map: 2876 tracked, 1560 hot
[JIT] Stats: 40960000 sends, 4102 compiled, 1825206 failed, 16383/16384 KB code | IC: 5469059/6749222 (81% hit, 61185 patched, 0 stale) | J2J-r: 0/0 J2J-a: 3705931/6277573 J2J-d: 63848 J2J-s: 927815/3434875 | map: 2876 tracked, 1560 hot
[JIT] Stats: 41025536 sends, 4102 compiled, 1828968 failed, 16383/16384 KB code | IC: 5477424/6759864 (81% hit, 61185 patched, 0 stale) | J2J-r: 0/0 J2J-a: 3710104/6287339 J2J-d: 63886 J2J-s: 929218/3441637 | map: 2876 tracked, 1560 hot
[JIT] Stats: 41091072 sends, 4102 compiled, 1832662 failed, 16383/16384 KB code | IC: 5485724/6770406 (81% hit, 61185 patched, 0 stale) | J2J-r: 0/0 J2J-a: 3714284/6297019 J2J-d: 63923 J2J-s: 930600/3448295 | map: 2876 tracked, 1560 hot
[JIT] Stats: 41156608 sends, 4102 compiled, 1836354 failed, 16383/16384 KB code | IC: 5493933/6781013 (81% hit, 61325 patched, 0 stale) | J2J-r: 0/0 J2J-a: 3718462/6306752 J2J-d: 64049 J2J-s: 931978/3454993 | map: 2875 tracked, 1520 hot
[JIT] Stats: 41222144 sends, 4102 compiled, 1840561 failed, 16383/16384 KB code | IC: 5502528/6791715 (81% hit, 61346 patched, 0 stale) | J2J-r: 0/0 J2J-a: 3722685/6316576 J2J-d: 64097 J2J-s: 933380/3461763 | map: 2876 tracked, 1560 hot
[JIT] Stats: 41287680 sends, 4102 compiled, 1844838 failed, 16383/16384 KB code | IC: 5511205/6802510 (81% hit, 61346 patched, 0 stale) | J2J-r: 0/0 J2J-a: 3726898/6326485 J2J-d: 64136 J2J-s: 934804/3468647 | map: 2876 tracked, 1560 hot
[JIT] Stats: 41353216 sends, 4102 compiled, 1849031 failed, 16383/16384 KB code | IC: 5519788/6813170 (81% hit, 61348 patched, 0 stale) | J2J-r: 0/0 J2J-a: 3731123/6336273 J2J-d: 64175 J2J-s: 936198/3475376 | map: 2876 tracked, 1560 hot
[JIT] Stats: 41418752 sends, 4102 compiled, 1853257 failed, 16383/16384 KB code | IC: 5528419/6823907 (81% hit, 61349 patched, 0 stale) | J2J-r: 0/0 J2J-a: 3735356/6346129 J2J-d: 64213 J2J-s: 937604/3482174 | map: 2876 tracked, 1560 hot
[JIT] Stats: 41484288 sends, 4102 compiled, 1857405 failed, 16383/16384 KB code | IC: 5536956/6834599 (81% hit, 61380 patched, 0 stale) | J2J-r: 0/0 J2J-a: 3739554/6355937 J2J-d: 64262 J2J-s: 938982/3488925 | map: 2893 tracked, 1576 hot
[JIT] Stats: 41549824 sends, 4102 compiled, 1861649 failed, 16383/16384 KB code | IC: 5545586/6845343 (81% hit, 61383 patched, 0 stale) | J2J-r: 0/0 J2J-a: 3743772/6365796 J2J-d: 64302 J2J-s: 940394/3495751 | map: 2893 tracked, 1576 hot
[JIT] Stats: 41615360 sends, 4102 compiled, 1865820 failed, 16383/16384 KB code | IC: 5554149/6855980 (81% hit, 61383 patched, 0 stale) | J2J-r: 0/0 J2J-a: 3747965/6375564 J2J-d: 64340 J2J-s: 941788/3502489 | map: 2893 tracked, 1576 hot
[JIT] Stats: 41680896 sends, 4102 compiled, 1870084 failed, 16383/16384 KB code | IC: 5562807/6866760 (81% hit, 61384 patched, 0 stale) | J2J-r: 0/0 J2J-a: 3752194/6385455 J2J-d: 64378 J2J-s: 943200/3509327 | map: 2893 tracked, 1576 hot
[JIT] Stats: 41746432 sends, 4102 compiled, 1874237 failed, 16383/16384 KB code | IC: 5571379/6877395 (81% hit, 61384 patched, 0 stale) | J2J-r: 0/0 J2J-a: 3756449/6395227 J2J-d: 64416 J2J-s: 944588/3516008 | map: 2893 tracked, 1576 hot
[JIT] Stats: 41811968 sends, 4102 compiled, 1878422 failed, 16383/16384 KB code | IC: 5579971/6888066 (81% hit, 61384 patched, 0 stale) | J2J-r: 0/0 J2J-a: 3760662/6405027 J2J-d: 64454 J2J-s: 945981/3522760 | map: 2893 tracked, 1576 hot
[JIT] Stats: 41877504 sends, 4102 compiled, 1882583 failed, 16383/16384 KB code | IC: 5588548/6898734 (81% hit, 61384 patched, 0 stale) | J2J-r: 0/0 J2J-a: 3764914/6414813 J2J-d: 64491 J2J-s: 947374/3529459 | map: 2893 tracked, 1576 hot
[JIT] Stats: 41943040 sends, 4102 compiled, 1886748 failed, 16383/16384 KB code | IC: 5597116/6909365 (81% hit, 61384 patched, 0 stale) | J2J-r: 0/0 J2J-a: 3769143/6424580 J2J-d: 64529 J2J-s: 948762/3536159 | map: 2893 tracked, 1576 hot
[JIT] Stats: 42008576 sends, 4102 compiled, 1890858 failed, 16383/16384 KB code | IC: 5605653/6919938 (81% hit, 61385 patched, 0 stale) | J2J-r: 0/0 J2J-a: 3773393/6434301 J2J-d: 64566 J2J-s: 950130/3542767 | map: 2894 tracked, 1576 hot
[JIT] Stats: 42074112 sends, 4102 compiled, 1895049 failed, 16383/16384 KB code | IC: 5614253/6930619 (81% hit, 61387 patched, 0 stale) | J2J-r: 0/0 J2J-a: 3777635/6444108 J2J-d: 64604 J2J-s: 951521/3549491 | map: 2894 tracked, 1576 hot
[JIT] Stats: 42139648 sends, 4102 compiled, 1899258 failed, 16383/16384 KB code | IC: 5622879/6941348 (81% hit, 61388 patched, 0 stale) | J2J-r: 0/0 J2J-a: 3781864/6453958 J2J-d: 64643 J2J-s: 952930/3556288 | map: 2894 tracked, 1576 hot
[JIT] Stats: 42205184 sends, 4102 compiled, 1903504 failed, 16383/16384 KB code | IC: 5631506/6952088 (81% hit, 61388 patched, 0 stale) | J2J-r: 0/0 J2J-a: 3786082/6463811 J2J-d: 64681 J2J-s: 954338/3563091 | map: 2894 tracked, 1576 hot
[JIT] Stats: 42270720 sends, 4102 compiled, 1907556 failed, 16383/16384 KB code | IC: 5639944/6962691 (81% hit, 61390 patched, 0 stale) | J2J-r: 0/0 J2J-a: 3790202/6473536 J2J-d: 64709 J2J-s: 955667/3569766 | map: 2901 tracked, 1579 hot
[JIT] Stats: 42336256 sends, 4102 compiled, 1911514 failed, 16383/16384 KB code | IC: 5648378/6973606 (80% hit, 61391 patched, 0 stale) | J2J-r: 0/0 J2J-a: 3794139/6483481 J2J-d: 64710 J2J-s: 956987/3576755 | map: 2903 tracked, 1583 hot
[JIT] Stats: 42401792 sends, 4102 compiled, 1915598 failed, 16383/16384 KB code | IC: 5656894/6984449 (80% hit, 61392 patched, 0 stale) | J2J-r: 0/0 J2J-a: 3798271/6493381 J2J-d: 64728 J2J-s: 958365/3583608 | map: 2903 tracked, 1583 hot
[JIT] Stats: 42467328 sends, 4102 compiled, 1919775 failed, 16383/16384 KB code | IC: 5665478/6995097 (80% hit, 61392 patched, 0 stale) | J2J-r: 0/0 J2J-a: 3802510/6503165 J2J-d: 64766 J2J-s: 959757/3590318 | map: 2903 tracked, 1583 hot
[JIT] Stats: 42532864 sends, 4102 compiled, 1923914 failed, 16383/16384 KB code | IC: 5673769/7005916 (80% hit, 61514 patched, 0 stale) | J2J-r: 0/0 J2J-a: 3806952/6513100 J2J-d: 64879 J2J-s: 961273/3597084 | map: 2876 tracked, 1560 hot
[JIT] Stats: 42598400 sends, 4102 compiled, 1928005 failed, 16383/16384 KB code | IC: 5681558/7016838 (80% hit, 61522 patched, 0 stale) | J2J-r: 0/0 J2J-a: 3811981/6523155 J2J-d: 64922 J2J-s: 963084/3603690 | map: 2876 tracked, 1560 hot
[JIT] Stats: 42663936 sends, 4102 compiled, 1932073 failed, 16383/16384 KB code | IC: 5689265/7027648 (80% hit, 61525 patched, 0 stale) | J2J-r: 0/0 J2J-a: 3816974/6533109 J2J-d: 64960 J2J-s: 964884/3610224 | map: 2876 tracked, 1560 hot
[JIT] Stats: 42729472 sends, 4102 compiled, 1936207 failed, 16383/16384 KB code | IC: 5697023/7038551 (80% hit, 61526 patched, 0 stale) | J2J-r: 0/0 J2J-a: 3821979/6543149 J2J-d: 64998 J2J-s: 966711/3616857 | map: 2876 tracked, 1560 hot
[JIT] Stats: 42795008 sends, 4102 compiled, 1940221 failed, 16383/16384 KB code | IC: 5704730/7049298 (80% hit, 61526 patched, 0 stale) | J2J-r: 0/0 J2J-a: 3827009/6553063 J2J-d: 65034 J2J-s: 968480/3623292 | map: 2876 tracked, 1560 hot
[JIT] Stats: 42860544 sends, 4102 compiled, 1944288 failed, 16383/16384 KB code | IC: 5712451/7060102 (80% hit, 61530 patched, 0 stale) | J2J-r: 0/0 J2J-a: 3832002/6563022 J2J-d: 65074 J2J-s: 970273/3629819 | map: 2876 tracked, 1560 hot
[JIT] Stats: 42926080 sends, 4102 compiled, 1948337 failed, 16383/16384 KB code | IC: 5720156/7070880 (80% hit, 61531 patched, 0 stale) | J2J-r: 0/0 J2J-a: 3836986/6572955 J2J-d: 65110 J2J-s: 972062/3636331 | map: 2876 tracked, 1560 hot
[JIT] Stats: 42991616 sends, 4102 compiled, 1952418 failed, 16383/16384 KB code | IC: 5727907/7081720 (80% hit, 61532 patched, 0 stale) | J2J-r: 0/0 J2J-a: 3841995/6582950 J2J-d: 65148 J2J-s: 973861/3642894 | map: 2876 tracked, 1560 hot
[JIT] Stats: 43057152 sends, 4102 compiled, 1956478 failed, 16383/16384 KB code | IC: 5735636/7092551 (80% hit, 61533 patched, 0 stale) | J2J-r: 0/0 J2J-a: 3846999/6592923 J2J-d: 65186 J2J-s: 975662/3649437 | map: 2876 tracked, 1560 hot
[JIT] Stats: 43122688 sends, 4102 compiled, 1960402 failed, 16383/16384 KB code | IC: 5743280/7103189 (80% hit, 61534 patched, 0 stale) | J2J-r: 0/0 J2J-a: 3851995/6602730 J2J-d: 65221 J2J-s: 977404/3655774 | map: 2876 tracked, 1560 hot
[JIT] Stats: 43188224 sends, 4102 compiled, 1964423 failed, 16383/16384 KB code | IC: 5750977/7113940 (80% hit, 61536 patched, 0 stale) | J2J-r: 0/0 J2J-a: 3856998/6612643 J2J-d: 65257 J2J-s: 979177/3662235 | map: 2876 tracked, 1560 hot
[JIT] Stats: 43253760 sends, 4102 compiled, 1968454 failed, 16383/16384 KB code | IC: 5758706/7124724 (80% hit, 61536 patched, 0 stale) | J2J-r: 0/0 J2J-a: 3861997/6622589 J2J-d: 65294 J2J-s: 980961/3668745 | map: 2876 tracked, 1560 hot
[JIT] Stats: 43319296 sends, 4102 compiled, 1972504 failed, 16383/16384 KB code | IC: 5766423/7135637 (80% hit, 61562 patched, 0 stale) | J2J-r: 0/0 J2J-a: 3867046/6632643 J2J-d: 65339 J2J-s: 982778/3675326 | map: 2893 tracked, 1576 hot
[JIT] Stats: 43384832 sends, 4102 compiled, 1976596 failed, 16383/16384 KB code | IC: 5774170/7146484 (80% hit, 61564 patched, 0 stale) | J2J-r: 0/0 J2J-a: 3872048/6642642 J2J-d: 65378 J2J-s: 984581/3681900 | map: 2893 tracked, 1576 hot
[JIT] Stats: 43450368 sends, 4102 compiled, 1980649 failed, 16383/16384 KB code | IC: 5781969/7157370 (80% hit, 61565 patched, 0 stale) | J2J-r: 0/0 J2J-a: 3877116/6652680 J2J-d: 65415 J2J-s: 986379/3688446 | map: 2893 tracked, 1576 hot
[JIT] Stats: 43515904 sends, 4102 compiled, 1984746 failed, 16383/16384 KB code | IC: 5789780/7168283 (80% hit, 61565 patched, 0 stale) | J2J-r: 0/0 J2J-a: 3882169/6662742 J2J-d: 65452 J2J-s: 988185/3695035 | map: 2893 tracked, 1576 hot
[JIT] Stats: 43581440 sends, 4102 compiled, 1988899 failed, 16383/16384 KB code | IC: 5797610/7179243 (80% hit, 61566 patched, 0 stale) | J2J-r: 0/0 J2J-a: 3887217/6672844 J2J-d: 65490 J2J-s: 990010/3701682 | map: 2893 tracked, 1576 hot
[JIT] Stats: 43646976 sends, 4102 compiled, 1992957 failed, 16383/16384 KB code | IC: 5805361/7190085 (80% hit, 61566 patched, 0 stale) | J2J-r: 0/0 J2J-a: 3892231/6682833 J2J-d: 65526 J2J-s: 991800/3708219 | map: 2893 tracked, 1576 hot
[JIT] Stats: 43712512 sends, 4102 compiled, 1997119 failed, 16383/16384 KB code | IC: 5813193/7201072 (80% hit, 61570 patched, 0 stale) | J2J-r: 0/0 J2J-a: 3897276/6692958 J2J-d: 65565 J2J-s: 993635/3714903 | map: 2893 tracked, 1576 hot
[JIT] Stats: 43778048 sends, 4102 compiled, 2001269 failed, 16383/16384 KB code | IC: 5821030/7212068 (80% hit, 61570 patched, 0 stale) | J2J-r: 0/0 J2J-a: 3902333/6703087 J2J-d: 65602 J2J-s: 995467/3721578 | map: 2893 tracked, 1576 hot
[JIT] Stats: 43843584 sends, 4102 compiled, 2005372 failed, 16383/16384 KB code | IC: 5828847/7222996 (80% hit, 61570 patched, 0 stale) | J2J-r: 0/0 J2J-a: 3907398/6713160 J2J-d: 65639 J2J-s: 997279/3728169 | map: 2893 tracked, 1576 hot
[JIT] Stats: 43909120 sends, 4102 compiled, 2009481 failed, 16383/16384 KB code | IC: 5836675/7233937 (80% hit, 61692 patched, 0 stale) | J2J-r: 0/0 J2J-a: 3912421/6723247 J2J-d: 65761 J2J-s: 999052/3734779 | map: 2875 tracked, 1559 hot
[JIT] Stats: 43974656 sends, 4102 compiled, 2013604 failed, 16383/16384 KB code | IC: 5845335/7244799 (80% hit, 61701 patched, 0 stale) | J2J-r: 0/0 J2J-a: 3916927/6733254 J2J-d: 65801 J2J-s: 1000428/3741430 | map: 2876 tracked, 1560 hot
[JIT] Stats: 44040192 sends, 4102 compiled, 2017670 failed, 16383/16384 KB code | IC: 5853951/7255588 (80% hit, 61707 patched, 0 stale) | J2J-r: 0/0 J2J-a: 3921453/6743195 J2J-d: 65841 J2J-s: 1001777/3747974 | map: 2876 tracked, 1560 hot
[JIT] Stats: 44105728 sends, 4102 compiled, 2021805 failed, 16383/16384 KB code | IC: 5862642/7266479 (80% hit, 61707 patched, 0 stale) | J2J-r: 0/0 J2J-a: 3925967/6753227 J2J-d: 65879 J2J-s: 1003157/3754646 | map: 2876 tracked, 1560 hot
[JIT] Stats: 44171264 sends, 4102 compiled, 2025951 failed, 16383/16384 KB code | IC: 5871298/7277380 (80% hit, 61710 patched, 0 stale) | J2J-r: 0/0 J2J-a: 3930473/6763252 J2J-d: 65918 J2J-s: 1004551/3761334 | map: 2876 tracked, 1560 hot
[JIT] Stats: 44236800 sends, 4102 compiled, 2030039 failed, 16383/16384 KB code | IC: 5879865/7288139 (80% hit, 61711 patched, 0 stale) | J2J-r: 0/0 J2J-a: 3934931/6773153 J2J-d: 65955 J2J-s: 1005920/3767928 | map: 2876 tracked, 1560 hot
[JIT] Stats: 44302336 sends, 4102 compiled, 2034095 failed, 16383/16384 KB code | IC: 5888429/7298878 (80% hit, 61713 patched, 0 stale) | J2J-r: 0/0 J2J-a: 3939399/6783037 J2J-d: 65992 J2J-s: 1007274/3774477 | map: 2877 tracked, 1560 hot
[JIT] Stats: 44367872 sends, 4102 compiled, 2038245 failed, 16383/16384 KB code | IC: 5897085/7309751 (80% hit, 61714 patched, 0 stale) | J2J-r: 0/0 J2J-a: 3943881/6793042 J2J-d: 66030 J2J-s: 1008654/3781155 | map: 2877 tracked, 1560 hot
[JIT] Stats: 44433408 sends, 4102 compiled, 2042362 failed, 16383/16384 KB code | IC: 5905677/7320539 (80% hit, 61714 patched, 0 stale) | J2J-r: 0/0 J2J-a: 3948345/6802972 J2J-d: 66067 J2J-s: 1010026/3787769 | map: 2877 tracked, 1560 hot
[JIT] Stats: 44498944 sends, 4102 compiled, 2046490 failed, 16383/16384 KB code | IC: 5914335/7331418 (80% hit, 61716 patched, 0 stale) | J2J-r: 0/0 J2J-a: 3952842/6812971 J2J-d: 66105 J2J-s: 1011404/3794423 | map: 2877 tracked, 1560 hot
[JIT] Stats: 44564480 sends, 4102 compiled, 2050527 failed, 16383/16384 KB code | IC: 5922848/7342097 (80% hit, 61717 patched, 0 stale) | J2J-r: 0/0 J2J-a: 3957287/6822804 J2J-d: 66141 J2J-s: 1012750/3800936 | map: 2877 tracked, 1560 hot
[JIT] Stats: 44630016 sends, 4102 compiled, 2054635 failed, 16383/16384 KB code | IC: 5931431/7352893 (80% hit, 61717 patched, 0 stale) | J2J-r: 0/0 J2J-a: 3961751/6832723 J2J-d: 66178 J2J-s: 1014120/3807542 | map: 2877 tracked, 1560 hot
[JIT] Stats: 44695552 sends, 4102 compiled, 2058636 failed, 16383/16384 KB code | IC: 5939946/7363540 (80% hit, 61718 patched, 0 stale) | J2J-r: 0/0 J2J-a: 3966252/6842540 J2J-d: 66214 J2J-s: 1015454/3813977 | map: 2877 tracked, 1560 hot
[JIT] Stats: 44761088 sends, 4102 compiled, 2062705 failed, 16383/16384 KB code | IC: 5948491/7374281 (80% hit, 61718 patched, 0 stale) | J2J-r: 0/0 J2J-a: 3970713/6852419 J2J-d: 66251 J2J-s: 1016815/3820537 | map: 2877 tracked, 1560 hot
[JIT] Stats: 44826624 sends, 4102 compiled, 2066747 failed, 16383/16384 KB code | IC: 5957038/7384977 (80% hit, 61719 patched, 0 stale) | J2J-r: 0/0 J2J-a: 3975162/6862274 J2J-d: 66289 J2J-s: 1018164/3827070 | map: 2877 tracked, 1560 hot
[JIT] Stats: 44892160 sends, 4102 compiled, 2070808 failed, 16383/16384 KB code | IC: 5965575/7395679 (80% hit, 61719 patched, 0 stale) | J2J-r: 0/0 J2J-a: 3979645/6872130 J2J-d: 66325 J2J-s: 1019513/3833572 | map: 2877 tracked, 1560 hot
[JIT] Stats: 44957696 sends, 4102 compiled, 2074911 failed, 16383/16384 KB code | IC: 5974171/7406458 (80% hit, 61719 patched, 0 stale) | J2J-r: 0/0 J2J-a: 3984112/6882058 J2J-d: 66362 J2J-s: 1020875/3840175 | map: 2877 tracked, 1560 hot
[JIT] Stats: 45023232 sends, 4102 compiled, 2078989 failed, 16383/16384 KB code | IC: 5982744/7417216 (80% hit, 61719 patched, 0 stale) | J2J-r: 0/0 J2J-a: 3988588/6891961 J2J-d: 66399 J2J-s: 1022234/3846739 | map: 2877 tracked, 1560 hot
[JIT] Stats: 45088768 sends, 4102 compiled, 2083030 failed, 16383/16384 KB code | IC: 5991295/7427940 (80% hit, 61719 patched, 0 stale) | J2J-r: 0/0 J2J-a: 3993056/6901828 J2J-d: 66436 J2J-s: 1023584/3853268 | map: 2877 tracked, 1560 hot
[JIT] Stats: 45154304 sends, 4102 compiled, 2087105 failed, 16383/16384 KB code | IC: 5999866/7438683 (80% hit, 61720 patched, 0 stale) | J2J-r: 0/0 J2J-a: 3997546/6911727 J2J-d: 66474 J2J-s: 1024942/3859816 | map: 2877 tracked, 1560 hot
[JIT] Stats: 45219840 sends, 4102 compiled, 2091133 failed, 16383/16384 KB code | IC: 6008392/7449366 (80% hit, 61720 patched, 0 stale) | J2J-r: 0/0 J2J-a: 4002019/6921562 J2J-d: 66510 J2J-s: 1026289/3866309 | map: 2877 tracked, 1560 hot
[JIT] Stats: 45285376 sends, 4102 compiled, 2095178 failed, 16383/16384 KB code | IC: 6016917/7460056 (80% hit, 61720 patched, 0 stale) | J2J-r: 0/0 J2J-a: 4006480/6931404 J2J-d: 66546 J2J-s: 1027640/3872824 | map: 2877 tracked, 1560 hot
[JIT] Stats: 45350912 sends, 4102 compiled, 2099061 failed, 16383/16384 KB code | IC: 6024993/7470438 (80% hit, 61856 patched, 0 stale) | J2J-r: 0/0 J2J-a: 4010705/6940957 J2J-d: 66673 J2J-s: 1028987/3879284 | map: 2876 tracked, 1560 hot
[JIT] Stats: 45416448 sends, 4102 compiled, 2102899 failed, 16383/16384 KB code | IC: 6033065/7480708 (80% hit, 61858 patched, 0 stale) | J2J-r: 0/0 J2J-a: 4014910/6950398 J2J-d: 66710 J2J-s: 1030310/3885629 | map: 2876 tracked, 1560 hot
[JIT] Stats: 45481984 sends, 4102 compiled, 2106838 failed, 16383/16384 KB code | IC: 6041247/7491128 (80% hit, 61861 patched, 0 stale) | J2J-r: 0/0 J2J-a: 4019079/6959974 J2J-d: 66747 J2J-s: 1031660/3892165 | map: 2876 tracked, 1560 hot
[JIT] Stats: 45547520 sends, 4102 compiled, 2110830 failed, 16383/16384 KB code | IC: 6049477/7501619 (80% hit, 61863 patched, 0 stale) | J2J-r: 0/0 J2J-a: 4023270/6969612 J2J-d: 66785 J2J-s: 1033024/3898752 | map: 2876 tracked, 1560 hot
[JIT] Stats: 45613056 sends, 4102 compiled, 2114752 failed, 16383/16384 KB code | IC: 6057649/7512010 (80% hit, 61864 patched, 0 stale) | J2J-r: 0/0 J2J-a: 4027469/6979166 J2J-d: 66822 J2J-s: 1034364/3905226 | map: 2876 tracked, 1560 hot
[JIT] Stats: 45678592 sends, 4102 compiled, 2118700 failed, 16383/16384 KB code | IC: 6065877/7522481 (80% hit, 61864 patched, 0 stale) | J2J-r: 0/0 J2J-a: 4031682/6988791 J2J-d: 66859 J2J-s: 1035716/3911769 | map: 2876 tracked, 1560 hot
[JIT] Stats: 45744128 sends, 4102 compiled, 2122597 failed, 16383/16384 KB code | IC: 6074039/7532850 (80% hit, 61865 patched, 0 stale) | J2J-r: 0/0 J2J-a: 4035910/6998326 J2J-d: 66896 J2J-s: 1037047/3918190 | map: 2876 tracked, 1560 hot
[JIT] Stats: 45809664 sends, 4102 compiled, 2126486 failed, 16383/16384 KB code | IC: 6082169/7543192 (80% hit, 61865 patched, 0 stale) | J2J-r: 0/0 J2J-a: 4040098/7007829 J2J-d: 66932 J2J-s: 1038378/3924613 | map: 2876 tracked, 1560 hot
[JIT] Stats: 45875200 sends, 4102 compiled, 2130394 failed, 16383/16384 KB code | IC: 6090327/7553576 (80% hit, 61866 patched, 0 stale) | J2J-r: 0/0 J2J-a: 4044292/7017368 J2J-d: 66968 J2J-s: 1039712/3931067 | map: 2876 tracked, 1560 hot
[JIT] Stats: 45940736 sends, 4102 compiled, 2134244 failed, 16383/16384 KB code | IC: 6098449/7563880 (80% hit, 61866 patched, 0 stale) | J2J-r: 0/0 J2J-a: 4048509/7026849 J2J-d: 67004 J2J-s: 1041034/3937437 | map: 2876 tracked, 1560 hot
[JIT] Stats: 46006272 sends, 4102 compiled, 2138045 failed, 16383/16384 KB code | IC: 6106481/7574365 (80% hit, 61895 patched, 0 stale) | J2J-r: 0/0 J2J-a: 4052580/7036448 J2J-d: 67035 J2J-s: 1042322/3943976 | map: 2900 tracked, 1579 hot
[JIT] Stats: 46071808 sends, 4102 compiled, 2141648 failed, 16383/16384 KB code | IC: 6114293/7584708 (80% hit, 61900 patched, 0 stale) | J2J-r: 0/0 J2J-a: 4056276/7045898 J2J-d: 67039 J2J-s: 1043544/3950641 | map: 2902 tracked, 1583 hot
[JIT] Stats: 46137344 sends, 4102 compiled, 2145525 failed, 16383/16384 KB code | IC: 6122423/7595347 (80% hit, 61902 patched, 0 stale) | J2J-r: 0/0 J2J-a: 4060424/7055578 J2J-d: 67058 J2J-s: 1044882/3957232 | map: 2902 tracked, 1583 hot
[JIT] Stats: 46202880 sends, 4102 compiled, 2146043 failed, 16383/16384 KB code | IC: 6127074/7600288 (80% hit, 61909 patched, 0 stale) | J2J-r: 0/0 J2J-a: 4061030/7060414 J2J-d: 67069 J2J-s: 1045068/3961620 | map: 2910 tracked, 1586 hot
[JIT] Stats: 46268416 sends, 4102 compiled, 2146072 failed, 16383/16384 KB code | IC: 6131075/7604291 (80% hit, 61909 patched, 0 stale) | J2J-r: 0/0 J2J-a: 4061072/7064417 J2J-d: 67069 J2J-s: 1045080/3965593 | map: 2910 tracked, 1586 hot
[JIT] Stats: 46333952 sends, 4102 compiled, 2146107 failed, 16383/16384 KB code | IC: 6135733/7608951 (80% hit, 61909 patched, 0 stale) | J2J-r: 0/0 J2J-a: 4061125/7069077 J2J-d: 67069 J2J-s: 1045097/3970216 | map: 2911 tracked, 1592 hot
[JIT] Stats: 46399488 sends, 4102 compiled, 2146139 failed, 16383/16384 KB code | IC: 6140501/7613720 (80% hit, 61909 patched, 0 stale) | J2J-r: 0/0 J2J-a: 4061170/7073846 J2J-d: 67069 J2J-s: 1045110/3974953 | map: 2911 tracked, 1592 hot
[JIT] Stats: 46465024 sends, 4102 compiled, 2149598 failed, 16383/16384 KB code | IC: 6148258/7623437 (80% hit, 61909 patched, 0 stale) | J2J-r: 0/0 J2J-a: 4064698/7082822 J2J-d: 67101 J2J-s: 1046295/3981392 | map: 2911 tracked, 1592 hot
[JIT] Stats: 46530560 sends, 4102 compiled, 2153681 failed, 16383/16384 KB code | IC: 6156565/7634057 (80% hit, 61909 patched, 0 stale) | J2J-r: 0/0 J2J-a: 4068868/7092569 J2J-d: 67139 J2J-s: 1047688/3988131 | map: 2911 tracked, 1592 hot
[JIT] Stats: 46596096 sends, 4102 compiled, 2157731 failed, 16383/16384 KB code | IC: 6164844/7644643 (80% hit, 61909 patched, 0 stale) | J2J-r: 0/0 J2J-a: 4073034/7102282 J2J-d: 67176 J2J-s: 1049074/3994837 | map: 2911 tracked, 1592 hot
[JIT] Stats: 46661632 sends, 4102 compiled, 2161805 failed, 16383/16384 KB code | IC: 6173165/7655263 (80% hit, 61909 patched, 0 stale) | J2J-r: 0/0 J2J-a: 4077235/7112036 J2J-d: 67214 J2J-s: 1050469/4001558 | map: 2911 tracked, 1592 hot
[JIT] Stats: 46727168 sends, 4102 compiled, 2165889 failed, 16383/16384 KB code | IC: 6181481/7665889 (80% hit, 61909 patched, 0 stale) | J2J-r: 0/0 J2J-a: 4081406/7121790 J2J-d: 67252 J2J-s: 1051868/4008308 | map: 2911 tracked, 1592 hot
[JIT] Stats: 46792704 sends, 4102 compiled, 2169830 failed, 16383/16384 KB code | IC: 6189635/7676269 (80% hit, 61909 patched, 0 stale) | J2J-r: 0/0 J2J-a: 4085554/7131332 J2J-d: 67288 J2J-s: 1053216/4014828 | map: 2911 tracked, 1592 hot
[JIT] Stats: 46858240 sends, 4102 compiled, 2173940 failed, 16383/16384 KB code | IC: 6197916/7686885 (80% hit, 61910 patched, 0 stale) | J2J-r: 0/0 J2J-a: 4089698/7141068 J2J-d: 67328 J2J-s: 1054624/4021601 | map: 2911 tracked, 1592 hot
[JIT] Stats: 46923776 sends, 4102 compiled, 2178050 failed, 16383/16384 KB code | IC: 6206216/7697517 (80% hit, 61911 patched, 0 stale) | J2J-r: 0/0 J2J-a: 4093841/7150817 J2J-d: 67366 J2J-s: 1056025/4028374 | map: 2912 tracked, 1592 hot
[JIT] Stats: 46989312 sends, 4102 compiled, 2182072 failed, 16383/16384 KB code | IC: 6214008/7708238 (80% hit, 62038 patched, 0 stale) | J2J-r: 0/0 J2J-a: 4098532/7160672 J2J-d: 67486 J2J-s: 1057667/4034962 | map: 2876 tracked, 1560 hot
[JIT] Stats: 47054848 sends, 4102 compiled, 2186212 failed, 16383/16384 KB code | IC: 6221694/7719197 (80% hit, 62042 patched, 0 stale) | J2J-r: 0/0 J2J-a: 4103572/7170763 J2J-d: 67526 J2J-s: 1059503/4041619 | map: 2876 tracked, 1560 hot
[JIT] Stats: 47120384 sends, 4102 compiled, 2190362 failed, 16383/16384 KB code | IC: 6229376/7730142 (80% hit, 62045 patched, 0 stale) | J2J-r: 0/0 J2J-a: 4108582/7180843 J2J-d: 67566 J2J-s: 1061331/4048286 | map: 2876 tracked, 1560 hot
[JIT] Stats: 47185920 sends, 4102 compiled, 2194523 failed, 16383/16384 KB code | IC: 6237076/7741109 (80% hit, 62049 patched, 0 stale) | J2J-r: 0/0 J2J-a: 4113597/7190945 J2J-d: 67606 J2J-s: 1063167/4054980 | map: 2876 tracked, 1560 hot
[JIT] Stats: 47251456 sends, 4102 compiled, 2198620 failed, 16383/16384 KB code | IC: 6244715/7751973 (80% hit, 62054 patched, 0 stale) | J2J-r: 0/0 J2J-a: 4118592/7200954 J2J-d: 67647 J2J-s: 1064975/4061578 | map: 2876 tracked, 1560 hot
[JIT] Stats: 47316992 sends, 4102 compiled, 2202761 failed, 16383/16384 KB code | IC: 6252384/7762884 (80% hit, 62056 patched, 0 stale) | J2J-r: 0/0 J2J-a: 4123599/7211005 J2J-d: 67685 J2J-s: 1066797/4068215 | map: 2876 tracked, 1560 hot
[JIT] Stats: 47382528 sends, 4102 compiled, 2206892 failed, 16383/16384 KB code | IC: 6260025/7773768 (80% hit, 62056 patched, 0 stale) | J2J-r: 0/0 J2J-a: 4128576/7221030 J2J-d: 67722 J2J-s: 1068613/4074841 | map: 2876 tracked, 1560 hot
[JIT] Stats: 47448064 sends, 4102 compiled, 2211011 failed, 16383/16384 KB code | IC: 6267661/7784636 (80% hit, 62058 patched, 0 stale) | J2J-r: 0/0 J2J-a: 4133532/7231041 J2J-d: 67759 J2J-s: 1070426/4081479 | map: 2876 tracked, 1560 hot
[JIT] Stats: 47513600 sends, 4102 compiled, 2215131 failed, 16383/16384 KB code | IC: 6275281/7795477 (80% hit, 62058 patched, 0 stale) | J2J-r: 0/0 J2J-a: 4138499/7241030 J2J-d: 67796 J2J-s: 1072240/4088084 | map: 2876 tracked, 1560 hot
[JIT] Stats: 47579136 sends, 4102 compiled, 2219174 failed, 16383/16384 KB code | IC: 6282827/7806240 (80% hit, 62059 patched, 0 stale) | J2J-r: 0/0 J2J-a: 4143480/7250932 J2J-d: 67833 J2J-s: 1074042/4094585 | map: 2876 tracked, 1560 hot
[JIT] Stats: 47644672 sends, 4102 compiled, 2223313 failed, 16383/16384 KB code | IC: 6290463/7817134 (80% hit, 62060 patched, 0 stale) | J2J-r: 0/0 J2J-a: 4148463/7260964 J2J-d: 67870 J2J-s: 1075875/4101238 | map: 2876 tracked, 1560 hot
[JIT] Stats: 47710208 sends, 4102 compiled, 2227461 failed, 16383/16384 KB code | IC: 6298133/7828047 (80% hit, 62060 patched, 0 stale) | J2J-r: 0/0 J2J-a: 4153454/7271021 J2J-d: 67908 J2J-s: 1077704/4107901 | map: 2876 tracked, 1560 hot
[JIT] Stats: 47775744 sends, 4102 compiled, 2231560 failed, 16383/16384 KB code | IC: 6305726/7838977 (80% hit, 62087 patched, 0 stale) | J2J-r: 0/0 J2J-a: 4158448/7281082 J2J-d: 67953 J2J-s: 1079541/4114564 | map: 2893 tracked, 1576 hot
[JIT] Stats: 47841280 sends, 4102 compiled, 2235672 failed, 16383/16384 KB code | IC: 6313355/7849843 (80% hit, 62087 patched, 0 stale) | J2J-r: 0/0 J2J-a: 4163439/7291091 J2J-d: 67990 J2J-s: 1081357/4121166 | map: 2893 tracked, 1576 hot
[JIT] Stats: 47906816 sends, 4102 compiled, 2239827 failed, 16383/16384 KB code | IC: 6321055/7860798 (80% hit, 62087 patched, 0 stale) | J2J-r: 0/0 J2J-a: 4168469/7301185 J2J-d: 68028 J2J-s: 1083187/4127836 | map: 2893 tracked, 1576 hot
[JIT] Stats: 47972352 sends, 4102 compiled, 2243918 failed, 16383/16384 KB code | IC: 6328641/7871597 (80% hit, 62087 patched, 0 stale) | J2J-r: 0/0 J2J-a: 4173434/7311135 J2J-d: 68065 J2J-s: 1084997/4134410 | map: 2893 tracked, 1576 hot
[JIT] Stats: 48037888 sends, 4102 compiled, 2247986 failed, 16383/16384 KB code | IC: 6336178/7882334 (80% hit, 62087 patched, 0 stale) | J2J-r: 0/0 J2J-a: 4178334/7321024 J2J-d: 68101 J2J-s: 1086787/4140961 | map: 2893 tracked, 1576 hot
[JIT] Stats: 48103424 sends, 4102 compiled, 2252087 failed, 16383/16384 KB code | IC: 6343778/7893151 (80% hit, 62087 patched, 0 stale) | J2J-r: 0/0 J2J-a: 4183305/7330989 J2J-d: 68138 J2J-s: 1088597/4147538 | map: 2893 tracked, 1576 hot
[JIT] Stats: 48168960 sends, 4102 compiled, 2256210 failed, 16383/16384 KB code | IC: 6351347/7903951 (80% hit, 62087 patched, 0 stale) | J2J-r: 0/0 J2J-a: 4188235/7340936 J2J-d: 68175 J2J-s: 1090414/4154140 | map: 2893 tracked, 1576 hot
[JIT] Stats: 48234496 sends, 4102 compiled, 2260282 failed, 16383/16384 KB code | IC: 6358950/7914771 (80% hit, 62087 patched, 0 stale) | J2J-r: 0/0 J2J-a: 4193245/7350896 J2J-d: 68212 J2J-s: 1092221/4160675 | map: 2893 tracked, 1576 hot
[JIT] Stats: 48300032 sends, 4102 compiled, 2264397 failed, 16383/16384 KB code | IC: 6366608/7926036 (80% hit, 62088 patched, 0 stale) | J2J-r: 0/0 J2J-a: 4198410/7361242 J2J-d: 68232 J2J-s: 1094140/4167486 | map: 2893 tracked, 1577 hot
[JIT] Stats: 48365568 sends, 4102 compiled, 2268423 failed, 16383/16384 KB code | IC: 6374323/7937393 (80% hit, 62244 patched, 0 stale) | J2J-r: 0/0 J2J-a: 4203135/7371620 J2J-d: 68337 J2J-s: 1095849/4174504 | map: 2892 tracked, 1576 hot
[JIT] Stats: 48431104 sends, 4102 compiled, 2272441 failed, 16383/16384 KB code | IC: 6382244/7948482 (80% hit, 62246 patched, 0 stale) | J2J-r: 0/0 J2J-a: 4207173/7381697 J2J-d: 68338 J2J-s: 1097234/4181571 | map: 2893 tracked, 1577 hot
[JIT] Stats: 48496640 sends, 4102 compiled, 2276428 failed, 16383/16384 KB code | IC: 6390082/7959436 (80% hit, 62248 patched, 0 stale) | J2J-r: 0/0 J2J-a: 4211168/7391659 J2J-d: 68339 J2J-s: 1098596/4188549 | map: 2893 tracked, 1577 hot
[JIT] Stats: 48562176 sends, 4102 compiled, 2280333 failed, 16383/16384 KB code | IC: 6397905/7970276 (80% hit, 62252 patched, 0 stale) | J2J-r: 0/0 J2J-a: 4215096/7401538 J2J-d: 68343 J2J-s: 1099934/4195498 | map: 2901 tracked, 1579 hot
[JIT] Stats: 48627712 sends, 4102 compiled, 2284323 failed, 16383/16384 KB code | IC: 6405804/7981296 (80% hit, 62253 patched, 0 stale) | J2J-r: 0/0 J2J-a: 4219127/7411560 J2J-d: 68344 J2J-s: 1101312/4202516 | map: 2901 tracked, 1579 hot
[JIT] Stats: 48693248 sends, 4102 compiled, 2288293 failed, 16383/16384 KB code | IC: 6413643/7992161 (80% hit, 62256 patched, 0 stale) | J2J-r: 0/0 J2J-a: 4223136/7421450 J2J-d: 68349 J2J-s: 1102675/4209427 | map: 2901 tracked, 1579 hot
[JIT] Stats: 48758784 sends, 4102 compiled, 2292309 failed, 16383/16384 KB code | IC: 6421562/8002737 (80% hit, 62259 patched, 0 stale) | J2J-r: 0/0 J2J-a: 4227249/7431144 J2J-d: 68378 J2J-s: 1104046/4216126 | map: 2901 tracked, 1579 hot
[JIT] Stats: 48824320 sends, 4102 compiled, 2296250 failed, 16383/16384 KB code | IC: 6429383/8013092 (80% hit, 62261 patched, 0 stale) | J2J-r: 0/0 J2J-a: 4231292/7440637 J2J-d: 68413 J2J-s: 1105401/4222702 | map: 2901 tracked, 1579 hot
[JIT] Stats: 48889856 sends, 4102 compiled, 2299551 failed, 16383/16384 KB code | IC: 6436734/8022939 (80% hit, 62265 patched, 0 stale) | J2J-r: 0/0 J2J-a: 4234639/7449683 J2J-d: 68422 J2J-s: 1106540/4229265 | map: 2901 tracked, 1585 hot
[JIT] Stats: 48955392 sends, 4102 compiled, 2303624 failed, 16383/16384 KB code | IC: 6444736/8034115 (80% hit, 62267 patched, 0 stale) | J2J-r: 0/0 J2J-a: 4238734/7459851 J2J-d: 68424 J2J-s: 1107939/4236383 | map: 2901 tracked, 1585 hot
[JIT] Stats: 49020928 sends, 4102 compiled, 2307658 failed, 16383/16384 KB code | IC: 6452704/8044752 (80% hit, 62269 patched, 0 stale) | J2J-r: 0/0 J2J-a: 4242837/7469589 J2J-d: 68458 J2J-s: 1109336/4243167 | map: 2901 tracked, 1585 hot
[JIT] Stats: 49086464 sends, 4102 compiled, 2311723 failed, 16383/16384 KB code | IC: 6460693/8055468 (80% hit, 62269 patched, 0 stale) | J2J-r: 0/0 J2J-a: 4246959/7479400 J2J-d: 68486 J2J-s: 1110728/4249985 | map: 2901 tracked, 1585 hot
[JIT] Stats: 49152000 sends, 4102 compiled, 2315750 failed, 16383/16384 KB code | IC: 6468667/8066587 (80% hit, 62269 patched, 0 stale) | J2J-r: 0/0 J2J-a: 4251047/7489516 J2J-d: 68486 J2J-s: 1112113/4257042 | map: 2901 tracked, 1585 hot
[JIT] Stats: 49217536 sends, 4102 compiled, 2319795 failed, 16383/16384 KB code | IC: 6476628/8077684 (80% hit, 62269 patched, 0 stale) | J2J-r: 0/0 J2J-a: 4255114/7499616 J2J-d: 68486 J2J-s: 1113500/4264109 | map: 2901 tracked, 1585 hot
[JIT] Stats: 49283072 sends, 4102 compiled, 2323830 failed, 16383/16384 KB code | IC: 6484595/8088788 (80% hit, 62270 patched, 0 stale) | J2J-r: 0/0 J2J-a: 4259207/7509722 J2J-d: 68486 J2J-s: 1114891/4271165 | map: 2902 tracked, 1585 hot
[JIT] Stats: 49348608 sends, 4102 compiled, 2327847 failed, 16383/16384 KB code | IC: 6492543/8099904 (80% hit, 62270 patched, 0 stale) | J2J-r: 0/0 J2J-a: 4263272/7519826 J2J-d: 68486 J2J-s: 1116296/4278249 | map: 2902 tracked, 1585 hot
[JIT] Stats: 49414144 sends, 4102 compiled, 2331905 failed, 16383/16384 KB code | IC: 6500523/8110959 (80% hit, 62271 patched, 0 stale) | J2J-r: 0/0 J2J-a: 4267374/7529896 J2J-d: 68491 J2J-s: 1117695/4285279 | map: 2902 tracked, 1585 hot
[JIT] Stats: 49479680 sends, 4102 compiled, 2335935 failed, 16383/16384 KB code | IC: 6508410/8121793 (80% hit, 62272 patched, 0 stale) | J2J-r: 0/0 J2J-a: 4271412/7539775 J2J-d: 68503 J2J-s: 1119072/4292180 | map: 2902 tracked, 1585 hot
[JIT] Stats: 49545216 sends, 4102 compiled, 2339570 failed, 16383/16384 KB code | IC: 6516214/8131903 (80% hit, 62275 patched, 0 stale) | J2J-r: 0/0 J2J-a: 4275110/7549105 J2J-d: 68538 J2J-s: 1120321/4298857 | map: 2905 tracked, 1587 hot
[JIT] Stats: 49610752 sends, 4102 compiled, 2339602 failed, 16383/16384 KB code | IC: 6522418/8138121 (80% hit, 62275 patched, 0 stale) | J2J-r: 0/0 J2J-a: 4275165/7555316 J2J-d: 68538 J2J-s: 1120337/4305029 | map: 2905 tracked, 1587 hot
[JIT] Stats: 49676288 sends, 4102 compiled, 2339636 failed, 16383/16384 KB code | IC: 6528636/8144355 (80% hit, 62275 patched, 0 stale) | J2J-r: 0/0 J2J-a: 4275224/7561542 J2J-d: 68538 J2J-s: 1120354/4311213 | map: 2905 tracked, 1587 hot
[JIT] Stats: 49741824 sends, 4102 compiled, 2339668 failed, 16383/16384 KB code | IC: 6534819/8150562 (80% hit, 62275 patched, 0 stale) | J2J-r: 0/0 J2J-a: 4275284/7567737 J2J-d: 68538 J2J-s: 1120370/4317364 | map: 2905 tracked, 1587 hot
[JIT] Stats: 49807360 sends, 4102 compiled, 2339727 failed, 16383/16384 KB code | IC: 6540195/8155970 (80% hit, 62276 patched, 0 stale) | J2J-r: 0/0 J2J-a: 4275370/7573135 J2J-d: 68540 J2J-s: 1120402/4322707 | map: 2905 tracked, 1587 hot
[JIT] Stats: 49872896 sends, 4102 compiled, 2339753 failed, 16383/16384 KB code | IC: 6545271/8161046 (80% hit, 62276 patched, 0 stale) | J2J-r: 0/0 J2J-a: 4275409/7578210 J2J-d: 68540 J2J-s: 1120415/4327756 | map: 2905 tracked, 1587 hot
[JIT] Stats: 49938432 sends, 4102 compiled, 2339777 failed, 16383/16384 KB code | IC: 6550259/8166034 (80% hit, 62276 patched, 0 stale) | J2J-r: 0/0 J2J-a: 4275445/7583199 J2J-d: 68540 J2J-s: 1120427/4332721 | map: 2905 tracked, 1587 hot
[JIT] Stats: 50003968 sends, 4102 compiled, 2339807 failed, 16383/16384 KB code | IC: 6555123/8170898 (80% hit, 62276 patched, 0 stale) | J2J-r: 0/0 J2J-a: 4275490/7588063 J2J-d: 68540 J2J-s: 1120442/4337555 | map: 2905 tracked, 1587 hot
[JIT] Stats: 50069504 sends, 4102 compiled, 2343025 failed, 16383/16384 KB code | IC: 6562504/8180311 (80% hit, 62277 patched, 0 stale) | J2J-r: 0/0 J2J-a: 4278741/7596788 J2J-d: 68571 J2J-s: 1121543/4343948 | map: 2905 tracked, 1587 hot
[JIT] Stats: 50135040 sends, 4102 compiled, 2347218 failed, 16383/16384 KB code | IC: 6570717/8191167 (80% hit, 62277 patched, 0 stale) | J2J-r: 0/0 J2J-a: 4282976/7606748 J2J-d: 68609 J2J-s: 1122970/4350861 | map: 2905 tracked, 1587 hot
[JIT] Stats: 50200576 sends, 4102 compiled, 2351354 failed, 16383/16384 KB code | IC: 6578892/8201966 (80% hit, 62277 patched, 0 stale) | J2J-r: 0/0 J2J-a: 4287258/7616657 J2J-d: 68648 J2J-s: 1124396/4357681 | map: 2905 tracked, 1587 hot
[JIT] Stats: 50266112 sends, 4102 compiled, 2355581 failed, 16383/16384 KB code | IC: 6587315/8212819 (80% hit, 62405 patched, 0 stale) | J2J-r: 0/0 J2J-a: 4291521/7626620 J2J-d: 68771 J2J-s: 1125829/4364580 | map: 2876 tracked, 1560 hot
[JIT] Stats: 50331648 sends, 4102 compiled, 2359799 failed, 16383/16384 KB code | IC: 6595993/8223864 (80% hit, 62438 patched, 0 stale) | J2J-r: 0/0 J2J-a: 4295698/7636711 J2J-d: 68809 J2J-s: 1127250/4371621 | map: 2893 tracked, 1577 hot
[JIT] Stats: 50397184 sends, 4102 compiled, 2364038 failed, 16383/16384 KB code | IC: 6604619/8234592 (80% hit, 62443 patched, 0 stale) | J2J-r: 0/0 J2J-a: 4299906/7646560 J2J-d: 68850 J2J-s: 1128660/4378441 | map: 2893 tracked, 1577 hot
[JIT] Stats: 50462720 sends, 4102 compiled, 2368273 failed, 16383/16384 KB code | IC: 6613281/8245365 (80% hit, 62448 patched, 0 stale) | J2J-r: 0/0 J2J-a: 4304167/7656452 J2J-d: 68890 J2J-s: 1130072/4385251 | map: 2893 tracked, 1577 hot
[JIT] Stats: 50528256 sends, 4102 compiled, 2372520 failed, 16383/16384 KB code | IC: 6621940/8256126 (80% hit, 62448 patched, 0 stale) | J2J-r: 0/0 J2J-a: 4308407/7666333 J2J-d: 68929 J2J-s: 1131489/4392082 | map: 2893 tracked, 1577 hot
[JIT] Stats: 50593792 sends, 4102 compiled, 2376750 failed, 16383/16384 KB code | IC: 6630607/8266893 (80% hit, 62448 patched, 0 stale) | J2J-r: 0/0 J2J-a: 4312680/7676223 J2J-d: 68967 J2J-s: 1132898/4398877 | map: 2893 tracked, 1577 hot
[JIT] Stats: 50659328 sends, 4102 compiled, 2381030 failed, 16383/16384 KB code | IC: 6639281/8277699 (80% hit, 62449 patched, 0 stale) | J2J-r: 0/0 J2J-a: 4316913/7686136 J2J-d: 69005 J2J-s: 1134316/4405741 | map: 2893 tracked, 1577 hot
[JIT] Stats: 50724864 sends, 4102 compiled, 2385249 failed, 16383/16384 KB code | IC: 6647916/8288425 (80% hit, 62449 patched, 0 stale) | J2J-r: 0/0 J2J-a: 4321162/7695985 J2J-d: 69043 J2J-s: 1135721/4412521 | map: 2893 tracked, 1577 hot
[JIT] Stats: 50790400 sends, 4102 compiled, 2389548 failed, 16383/16384 KB code | IC: 6656621/8299266 (80% hit, 62449 patched, 0 stale) | J2J-r: 0/0 J2J-a: 4325397/7705929 J2J-d: 69082 J2J-s: 1137148/4419423 | map: 2893 tracked, 1577 hot
[JIT] Stats: 50855936 sends, 4102 compiled, 2393744 failed, 16383/16384 KB code | IC: 6665236/8309963 (80% hit, 62451 patched, 0 stale) | J2J-r: 0/0 J2J-a: 4329658/7715753 J2J-d: 69122 J2J-s: 1138548/4426156 | map: 2893 tracked, 1577 hot
[JIT] Stats: 50921472 sends, 4102 compiled, 2397956 failed, 16383/16384 KB code | IC: 6673872/8320688 (80% hit, 62451 patched, 0 stale) | J2J-r: 0/0 J2J-a: 4333885/7725602 J2J-d: 69160 J2J-s: 1139951/4432943 | map: 2893 tracked, 1577 hot
[JIT] Stats: 50987008 sends, 4102 compiled, 2402205 failed, 16383/16384 KB code | IC: 6682564/8331491 (80% hit, 62451 patched, 0 stale) | J2J-r: 0/0 J2J-a: 4338135/7735517 J2J-d: 69198 J2J-s: 1141372/4439799 | map: 2893 tracked, 1577 hot
[JIT] Stats: 51052544 sends, 4102 compiled, 2406446 failed, 16383/16384 KB code | IC: 6691193/8342226 (80% hit, 62451 patched, 0 stale) | J2J-r: 0/0 J2J-a: 4342373/7745372 J2J-d: 69237 J2J-s: 1142782/4446588 | map: 2893 tracked, 1577 hot
[JIT] Stats: 51118080 sends, 4102 compiled, 2410752 failed, 16383/16384 KB code | IC: 6699892/8353064 (80% hit, 62451 patched, 0 stale) | J2J-r: 0/0 J2J-a: 4346581/7755314 J2J-d: 69276 J2J-s: 1144216/4453512 | map: 2893 tracked, 1577 hot
[JIT] Stats: 51183616 sends, 4102 compiled, 2412447 failed, 16383/16384 KB code | IC: 6703352/8357368 (80% hit, 62452 patched, 0 stale) | J2J-r: 0/0 J2J-a: 4348246/7759267 J2J-d: 69292 J2J-s: 1144786/4456274 | map: 2896 tracked, 1578 hot
[JIT] Stats: 51249152 sends, 4102 compiled, 2412471 failed, 16383/16384 KB code | IC: 6703424/8357440 (80% hit, 62452 patched, 0 stale) | J2J-r: 0/0 J2J-a: 4348282/7759339 J2J-d: 69292 J2J-s: 1144798/4456322 | map: 2896 tracked, 1578 hot
[JIT] Stats: 51314688 sends, 4102 compiled, 2412506 failed, 16383/16384 KB code | IC: 6706512/8363512 (80% hit, 62453 patched, 0 stale) | J2J-r: 0/0 J2J-a: 4351318/7763920 J2J-d: 69293 J2J-s: 1147800/4460869 | map: 2902 tracked, 1580 hot
[JIT] Stats: 51380224 sends, 4102 compiled, 2412551 failed, 16383/16384 KB code | IC: 6712067/8374438 (80% hit, 62465 patched, 0 stale) | J2J-r: 0/0 J2J-a: 4356782/7772151 J2J-d: 69300 J2J-s: 1153215/4469051 | map: 2738 tracked, 1422 hot
[JIT] Stats: 51445760 sends, 4102 compiled, 2412589 failed, 16383/16384 KB code | IC: 6720288/8385359 (80% hit, 62469 patched, 0 stale) | J2J-r: 0/0 J2J-a: 4362241/7780376 J2J-d: 69302 J2J-s: 1158634/4477236 | map: 2738 tracked, 1422 hot
[JIT] Stats: 51511296 sends, 4102 compiled, 2412631 failed, 16383/16384 KB code | IC: 6728517/8396283 (80% hit, 62469 patched, 0 stale) | J2J-r: 0/0 J2J-a: 4367700/7788604 J2J-d: 69302 J2J-s: 1164051/4485422 | map: 2738 tracked, 1422 hot
[JIT] Stats: 51576832 sends, 4102 compiled, 2412673 failed, 16383/16384 KB code | IC: 6736744/8407205 (80% hit, 62469 patched, 0 stale) | J2J-r: 0/0 J2J-a: 4373161/7796832 J2J-d: 69302 J2J-s: 1169470/4493608 | map: 2738 tracked, 1422 hot
[asmjit-t1] code.code_size=5768 out of [1, 4608]
[JIT] Stats: 51642368 sends, 4102 compiled, 2413775 failed, 16383/16384 KB code | IC: 6745521/8418471 (80% hit, 62543 patched, 0 stale) | J2J-r: 0/0 J2J-a: 4378534/7805815 J2J-d: 69353 J2J-s: 1174228/4501843 | map: 2853 tracked, 1509 hot
[JIT] Stats: 51707904 sends, 4102 compiled, 2418194 failed, 16383/16384 KB code | IC: 6755864/8430521 (80% hit, 62728 patched, 0 stale) | J2J-r: 0/0 J2J-a: 4383369/7816943 J2J-d: 69491 J2J-s: 1176765/4510147 | map: 3157 tracked, 1709 hot
[JIT] Stats: 51773440 sends, 4102 compiled, 2421447 failed, 16383/16384 KB code | IC: 6764498/8440411 (80% hit, 62768 patched, 0 stale) | J2J-r: 0/0 J2J-a: 4386275/7826192 J2J-d: 69519 J2J-s: 1178275/4517744 | map: 3192 tracked, 1856 hot
[SISTA-SELECT-EMIT] bc=1 slot=0 vid=1
[JIT] Stats: 51838976 sends, 4102 compiled, 2423813 failed, 16383/16384 KB code | IC: 6775101/8454286 (80% hit, 63002 patched, 0 stale) | J2J-r: 0/0 J2J-a: 4395098/7839560 J2J-d: 69689 J2J-s: 1179766/4523745 | map: 3554 tracked, 2057 hot
[JIT] Stats: 51904512 sends, 4102 compiled, 2428338 failed, 16383/16384 KB code | IC: 6788693/8467882 (80% hit, 63006 patched, 0 stale) | J2J-r: 0/0 J2J-a: 4404145/7853156 J2J-d: 69692 J2J-s: 1179783/4528311 | map: 3554 tracked, 2059 hot
[JIT] Stats: 51970048 sends, 4102 compiled, 2431468 failed, 16383/16384 KB code | IC: 6798240/8481431 (80% hit, 63436 patched, 0 stale) | J2J-r: 0/0 J2J-a: 4414137/7865340 J2J-d: 69983 J2J-s: 1183842/4534485 | map: 3755 tracked, 2246 hot
[JIT] Stats: 52035584 sends, 4102 compiled, 2436145 failed, 16383/16384 KB code | IC: 6812283/8495478 (80% hit, 63440 patched, 0 stale) | J2J-r: 0/0 J2J-a: 4423481/7879387 J2J-d: 69985 J2J-s: 1183860/4539206 | map: 3755 tracked, 2246 hot
[JIT] Stats: 52101120 sends, 4102 compiled, 2440302 failed, 16383/16384 KB code | IC: 6823407/8510408 (80% hit, 63873 patched, 0 stale) | J2J-r: 0/0 J2J-a: 4434311/7892734 J2J-d: 70285 J2J-s: 1187951/4545740 | map: 3760 tracked, 2320 hot
[JIT] Stats: 52166656 sends, 4102 compiled, 2443433 failed, 16383/16384 KB code | IC: 6835272/8523196 (80% hit, 63892 patched, 0 stale) | J2J-r: 0/0 J2J-a: 4443029/7905522 J2J-d: 70295 J2J-s: 1188296/4550154 | map: 3760 tracked, 2320 hot
[JIT] Stats: 52232192 sends, 4102 compiled, 2447846 failed, 16383/16384 KB code | IC: 6847718/8537173 (80% hit, 64073 patched, 0 stale) | J2J-r: 0/0 J2J-a: 4452696/7918823 J2J-d: 70426 J2J-s: 1190088/4555534 | map: 3760 tracked, 2320 hot
[JIT] Stats: 52297728 sends, 4102 compiled, 2451090 failed, 16383/16384 KB code | IC: 6858285/8549923 (80% hit, 64337 patched, 0 stale) | J2J-r: 0/0 J2J-a: 4461829/7930992 J2J-d: 70597 J2J-s: 1192320/4560772 | map: 3760 tracked, 2322 hot
[JIT] Stats: 52363264 sends, 4102 compiled, 2455767 failed, 16383/16384 KB code | IC: 6872334/8563973 (80% hit, 64338 patched, 0 stale) | J2J-r: 0/0 J2J-a: 4471172/7945042 J2J-d: 70597 J2J-s: 1192340/4565499 | map: 3761 tracked, 2322 hot
[JIT] Stats: 52428800 sends, 4102 compiled, 2458505 failed, 16383/16384 KB code | IC: 6881702/8578264 (80% hit, 64779 patched, 0 stale) | J2J-r: 0/0 J2J-a: 4481821/7957648 J2J-d: 70901 J2J-s: 1196872/4571915 | map: 3761 tracked, 2322 hot
[JIT] Stats: 52494336 sends, 4102 compiled, 2463074 failed, 16383/16384 KB code | IC: 6895425/8592002 (80% hit, 64794 patched, 0 stale) | J2J-r: 0/0 J2J-a: 4490956/7971386 J2J-d: 70909 J2J-s: 1196890/4576536 | map: 3761 tracked, 2322 hot
[JIT] Stats: 52559872 sends, 4102 compiled, 2467325 failed, 16383/16384 KB code | IC: 6906411/8605660 (80% hit, 65189 patched, 0 stale) | J2J-r: 0/0 J2J-a: 4500759/7983818 J2J-d: 71176 J2J-s: 1200368/4582569 | map: 2759 tracked, 1439 hot
[JIT] Stats: 52625408 sends, 4102 compiled, 2471667 failed, 16383/16384 KB code | IC: 6919423/8619023 (80% hit, 65263 patched, 0 stale) | J2J-r: 0/0 J2J-a: 4509755/7997178 J2J-d: 71224 J2J-s: 1200597/4587159 | map: 2889 tracked, 1480 hot
[JIT] Stats: 52690944 sends, 4102 compiled, 2476058 failed, 16383/16384 KB code | IC: 6932086/8633289 (80% hit, 65427 patched, 0 stale) | J2J-r: 0/0 J2J-a: 4519690/8010746 J2J-d: 71339 J2J-s: 1202332/4592491 | map: 3086 tracked, 1646 hot
[JIT] Stats: 52756480 sends, 4102 compiled, 2478967 failed, 16383/16384 KB code | IC: 6942287/8646426 (80% hit, 65714 patched, 0 stale) | J2J-r: 0/0 J2J-a: 4529019/8023180 J2J-d: 71532 J2J-s: 1204678/4597905 | map: 3198 tracked, 1792 hot
[JIT] Stats: 52822016 sends, 4102 compiled, 2483645 failed, 16383/16384 KB code | IC: 6956338/8660477 (80% hit, 65714 patched, 0 stale) | J2J-r: 0/0 J2J-a: 4538366/8037231 J2J-d: 71532 J2J-s: 1204694/4602625 | map: 3198 tracked, 1792 hot
[JIT] Stats: 52887552 sends, 4102 compiled, 2486825 failed, 16383/16384 KB code | IC: 6966364/8675175 (80% hit, 66132 patched, 0 stale) | J2J-r: 0/0 J2J-a: 4549128/8050212 J2J-d: 71816 J2J-s: 1209095/4609168 | map: 3200 tracked, 1872 hot
[JIT] Stats: 52953088 sends, 4102 compiled, 2491317 failed, 16383/16384 KB code | IC: 6979852/8688678 (80% hit, 66147 patched, 0 stale) | J2J-r: 0/0 J2J-a: 4558110/8063715 J2J-d: 71824 J2J-s: 1209112/4613706 | map: 3200 tracked, 1872 hot
[JIT] Stats: 53018624 sends, 4102 compiled, 2495562 failed, 16383/16384 KB code | IC: 6991351/8703694 (80% hit, 66533 patched, 0 stale) | J2J-r: 0/0 J2J-a: 4568788/8077021 J2J-d: 72087 J2J-s: 1212958/4620109 | map: 3200 tracked, 1878 hot
[JIT] Stats: 53084160 sends, 4102 compiled, 2498627 failed, 16383/16384 KB code | IC: 7003007/8716837 (80% hit, 66598 patched, 0 stale) | J2J-r: 0/0 J2J-a: 4577927/8090161 J2J-d: 72131 J2J-s: 1213625/4624774 | map: 3200 tracked, 1878 hot
[JIT] Stats: 53149696 sends, 4102 compiled, 2503033 failed, 16383/16384 KB code | IC: 7015909/8731612 (80% hit, 66745 patched, 0 stale) | J2J-r: 0/0 J2J-a: 4588194/8104090 J2J-d: 72232 J2J-s: 1215446/4630226 | map: 3200 tracked, 1878 hot
[JIT] Stats: 53215232 sends, 4102 compiled, 2506279 failed, 16383/16384 KB code | IC: 7026593/8745180 (80% hit, 67036 patched, 0 stale) | J2J-r: 0/0 J2J-a: 4597933/8116731 J2J-d: 72426 J2J-s: 1218258/4635895 | map: 3200 tracked, 1880 hot
[JIT] Stats: 53280768 sends, 4102 compiled, 2510957 failed, 16383/16384 KB code | IC: 7040644/8759231 (80% hit, 67036 patched, 0 stale) | J2J-r: 0/0 J2J-a: 4607279/8130782 J2J-d: 72426 J2J-s: 1218275/4640617 | map: 3200 tracked, 1880 hot
[JIT] Stats: 53346304 sends, 4102 compiled, 2513809 failed, 16383/16384 KB code | IC: 7050330/8773317 (80% hit, 67466 patched, 0 stale) | J2J-r: 0/0 J2J-a: 4617664/8143404 J2J-d: 72721 J2J-s: 1222444/4646948 | map: 3200 tracked, 1880 hot
[JIT] Stats: 53411840 sends, 4102 compiled, 2518249 failed, 16383/16384 KB code | IC: 7063662/8786664 (80% hit, 67481 patched, 0 stale) | J2J-r: 0/0 J2J-a: 4626542/8156751 J2J-d: 72729 J2J-s: 1222461/4651434 | map: 3200 tracked, 1880 hot
[JIT] Stats: 53477376 sends, 4102 compiled, 2522504 failed, 16383/16384 KB code | IC: 7075319/8801700 (80% hit, 67859 patched, 0 stale) | J2J-r: 0/0 J2J-a: 4637243/8170076 J2J-d: 72983 J2J-s: 1226275/4657797 | map: 3200 tracked, 1880 hot
[JIT] Stats: 53542912 sends, 4102 compiled, 2525911 failed, 16383/16384 KB code | IC: 7087355/8815244 (80% hit, 67926 patched, 0 stale) | J2J-r: 0/0 J2J-a: 4646458/8183618 J2J-d: 73029 J2J-s: 1226656/4662502 | map: 3200 tracked, 1880 hot
[JIT] Stats: 53608448 sends, 4102 compiled, 2530301 failed, 16383/16384 KB code | IC: 7099929/8829115 (80% hit, 68083 patched, 0 stale) | J2J-r: 0/0 J2J-a: 4656035/8196903 J2J-d: 73140 J2J-s: 1228189/4667711 | map: 3200 tracked, 1880 hot
[JIT] Stats: 53673984 sends, 4102 compiled, 2532844 failed, 16383/16384 KB code | IC: 7110107/8842574 (80% hit, 68404 patched, 0 stale) | J2J-r: 0/0 J2J-a: 4665187/8209596 J2J-d: 73362 J2J-s: 1231016/4674038 | map: 3229 tracked, 1906 hot
[JIT] Stats: 53739520 sends, 4102 compiled, 2537522 failed, 16383/16384 KB code | IC: 7124155/8856623 (80% hit, 68405 patched, 0 stale) | J2J-r: 0/0 J2J-a: 4674531/8223645 J2J-d: 73363 J2J-s: 1231034/4678761 | map: 3229 tracked, 1906 hot
[JIT] Stats: 53805056 sends, 4102 compiled, 2541197 failed, 16383/16384 KB code | IC: 7134426/8870382 (80% hit, 68830 patched, 0 stale) | J2J-r: 0/0 J2J-a: 4684591/8236155 J2J-d: 73654 J2J-s: 1234856/4684958 | map: 3229 tracked, 1906 hot
[JIT] Stats: 53870592 sends, 4102 compiled, 2545191 failed, 16383/16384 KB code | IC: 7147201/8883564 (80% hit, 68847 patched, 0 stale) | J2J-r: 0/0 J2J-a: 4693356/8249336 J2J-d: 73663 J2J-s: 1234875/4689392 | map: 3229 tracked, 1906 hot
[JIT] Stats: 53936128 sends, 4102 compiled, 2549450 failed, 16383/16384 KB code | IC: 7159238/8898495 (80% hit, 69079 patched, 0 stale) | J2J-r: 0/0 J2J-a: 4704001/8262807 J2J-d: 73825 J2J-s: 1238145/4695430 | map: 3229 tracked, 1906 hot
[JIT] Stats: 54001664 sends, 4102 compiled, 2552508 failed, 16383/16384 KB code | IC: 7170308/8911601 (80% hit, 69298 patched, 0 stale) | J2J-r: 0/0 J2J-a: 4713136/8275687 J2J-d: 73970 J2J-s: 1239430/4700443 | map: 3229 tracked, 1906 hot
[JIT] Stats: 54067200 sends, 4102 compiled, 2556993 failed, 16383/16384 KB code | IC: 7183376/8925376 (80% hit, 69383 patched, 0 stale) | J2J-r: 0/0 J2J-a: 4722623/8289155 J2J-d: 74032 J2J-s: 1240349/4705336 | map: 3229 tracked, 1906 hot
[JIT] Stats: 54132736 sends, 4102 compiled, 2560188 failed, 16383/16384 KB code | IC: 7193391/8938666 (80% hit, 69740 patched, 0 stale) | J2J-r: 0/0 J2J-a: 4731991/8301507 J2J-d: 74270 J2J-s: 1243172/4711074 | map: 3229 tracked, 1906 hot
[JIT] Stats: 54198272 sends, 4102 compiled, 2564866 failed, 16383/16384 KB code | IC: 7207440/8952716 (80% hit, 69741 patched, 0 stale) | J2J-r: 0/0 J2J-a: 4741335/8315557 J2J-d: 74271 J2J-s: 1243190/4715798 | map: 3229 tracked, 1906 hot
[JIT] Stats: 54263808 sends, 4102 compiled, 2568293 failed, 16383/16384 KB code | IC: 7217639/8966967 (80% hit, 70180 patched, 0 stale) | J2J-r: 0/0 J2J-a: 4751850/8328413 J2J-d: 74574 J2J-s: 1247233/4722110 | map: 3229 tracked, 1906 hot
[JIT] Stats: 54329344 sends, 4102 compiled, 2572152 failed, 16383/16384 KB code | IC: 7230277/8980147 (80% hit, 70197 patched, 0 stale) | J2J-r: 0/0 J2J-a: 4760615/8341593 J2J-d: 74583 J2J-s: 1247252/4726543 | map: 3229 tracked, 1906 hot
[JIT] Stats: 54394880 sends, 4102 compiled, 2576394 failed, 16383/16384 KB code | IC: 7242039/8994200 (80% hit, 70425 patched, 0 stale) | J2J-r: 0/0 J2J-a: 4770574/8354530 J2J-d: 74742 J2J-s: 1250004/4732215 | map: 3229 tracked, 1906 hot
[JIT] Stats: 54460416 sends, 4102 compiled, 2579827 failed, 16383/16384 KB code | IC: 7253559/9007752 (80% hit, 70634 patched, 0 stale) | J2J-r: 0/0 J2J-a: 4779923/8367724 J2J-d: 74877 J2J-s: 1251334/4737371 | map: 3229 tracked, 1906 hot
[JIT] Stats: 54525952 sends, 4102 compiled, 2584301 failed, 16383/16384 KB code | IC: 7266615/9021354 (80% hit, 70720 patched, 0 stale) | J2J-r: 0/0 J2J-a: 4789240/8381102 J2J-d: 74939 J2J-s: 1252078/4742169 | map: 3229 tracked, 1906 hot
[JIT] Stats: 54591488 sends, 4102 compiled, 2587129 failed, 16383/16384 KB code | IC: 7276213/9034415 (80% hit, 71082 patched, 0 stale) | J2J-r: 0/0 J2J-a: 4798742/8393143 J2J-d: 75183 J2J-s: 1255394/4747957 | map: 3229 tracked, 1906 hot
[JIT] Stats: 54657024 sends, 4102 compiled, 2591806 failed, 16383/16384 KB code | IC: 7290257/9048460 (80% hit, 71083 patched, 0 stale) | J2J-r: 0/0 J2J-a: 4808086/8407188 J2J-d: 75184 J2J-s: 1255409/4752673 | map: 3229 tracked, 1906 hot
[JIT] Stats: 54722560 sends, 4102 compiled, 2595669 failed, 16383/16384 KB code | IC: 7300685/9061935 (80% hit, 71516 patched, 0 stale) | J2J-r: 0/0 J2J-a: 4818144/8419417 J2J-d: 75482 J2J-s: 1259462/4758821 | map: 3229 tracked, 1906 hot
[JIT] Stats: 54788096 sends, 4102 compiled, 2599460 failed, 16383/16384 KB code | IC: 7313256/9075115 (80% hit, 71533 patched, 0 stale) | J2J-r: 0/0 J2J-a: 4826909/8432597 J2J-d: 75491 J2J-s: 1259481/4763254 | map: 3229 tracked, 1906 hot
[JIT] Stats: 54853632 sends, 4102 compiled, 2603712 failed, 16383/16384 KB code | IC: 7324783/9088404 (80% hit, 71769 patched, 0 stale) | J2J-r: 0/0 J2J-a: 4836329/8445072 J2J-d: 75659 J2J-s: 1261860/4768630 | map: 3229 tracked, 1906 hot
[JIT] Stats: 54919168 sends, 4102 compiled, 2606816 failed, 16383/16384 KB code | IC: 7336133/9102251 (80% hit, 71983 patched, 0 stale) | J2J-r: 0/0 J2J-a: 4845823/8458487 J2J-d: 75799 J2J-s: 1263201/4773875 | map: 3229 tracked, 1906 hot
[JIT] Stats: 54984704 sends, 4102 compiled, 2611292 failed, 16383/16384 KB code | IC: 7349221/9115877 (80% hit, 72069 patched, 0 stale) | J2J-r: 0/0 J2J-a: 4855134/8471892 J2J-d: 75861 J2J-s: 1263914/4778675 | map: 3229 tracked, 1906 hot
[JIT] Stats: 55050240 sends, 4102 compiled, 2614516 failed, 16383/16384 KB code | IC: 7359386/9129438 (80% hit, 72418 patched, 0 stale) | J2J-r: 0/0 J2J-a: 4864754/8484410 J2J-d: 76093 J2J-s: 1266925/4784515 | map: 3229 tracked, 1906 hot
[JIT] Stats: 55115776 sends, 4102 compiled, 2619193 failed, 16383/16384 KB code | IC: 7373431/9143484 (80% hit, 72419 patched, 0 stale) | J2J-r: 0/0 J2J-a: 4874095/8498456 J2J-d: 76094 J2J-s: 1266943/4789238 | map: 3229 tracked, 1906 hot
[JIT] Stats: 55181312 sends, 4102 compiled, 2622734 failed, 16383/16384 KB code | IC: 7383943/9157582 (80% hit, 72877 patched, 0 stale) | J2J-r: 0/0 J2J-a: 4884113/8511184 J2J-d: 76415 J2J-s: 1271307/4796238 | map: 3229 tracked, 1909 hot
[JIT] Stats: 55246848 sends, 4102 compiled, 2626210 failed, 16383/16384 KB code | IC: 7396199/9170763 (80% hit, 72894 patched, 0 stale) | J2J-r: 0/0 J2J-a: 4892879/8524365 J2J-d: 76424 J2J-s: 1271325/4800670 | map: 3229 tracked, 1909 hot
[JIT] Stats: 55312384 sends, 4102 compiled, 2630632 failed, 16383/16384 KB code | IC: 7408313/9184611 (80% hit, 73107 patched, 0 stale) | J2J-r: 0/0 J2J-a: 4902609/8537452 J2J-d: 76576 J2J-s: 1273501/4806145 | map: 3229 tracked, 1909 hot
[JIT] Stats: 55377920 sends, 4102 compiled, 2633894 failed, 16383/16384 KB code | IC: 7419274/9197625 (80% hit, 73337 patched, 0 stale) | J2J-r: 0/0 J2J-a: 4911819/8549906 J2J-d: 76722 J2J-s: 1275478/4811346 | map: 3229 tracked, 1909 hot
[JIT] Stats: 55443456 sends, 4102 compiled, 2638375 failed, 16383/16384 KB code | IC: 7432587/9211145 (80% hit, 73419 patched, 0 stale) | J2J-r: 0/0 J2J-a: 4920814/8563366 J2J-d: 76780 J2J-s: 1275658/4815984 | map: 3231 tracked, 1909 hot
[JIT] Stats: 55508992 sends, 4102 compiled, 2641220 failed, 16383/16384 KB code | IC: 7441920/9224276 (80% hit, 73787 patched, 0 stale) | J2J-r: 0/0 J2J-a: 4930617/8575317 J2J-d: 77029 J2J-s: 1279533/4821939 | map: 3231 tracked, 1909 hot
[JIT] Stats: 55574528 sends, 4102 compiled, 2645897 failed, 16383/16384 KB code | IC: 7455963/9238323 (80% hit, 73791 patched, 0 stale) | J2J-r: 0/0 J2J-a: 4939962/8589364 J2J-d: 77031 J2J-s: 1279549/4826657 | map: 3231 tracked, 1909 hot
[JIT] Stats: 55640064 sends, 4102 compiled, 2650208 failed, 16383/16384 KB code | IC: 7466831/9251900 (80% hit, 74219 patched, 0 stale) | J2J-r: 0/0 J2J-a: 4949987/8601703 J2J-d: 77326 J2J-s: 1283482/4832828 | map: 3231 tracked, 1909 hot
[JIT] Stats: 55705600 sends, 4102 compiled, 2653578 failed, 16383/16384 KB code | IC: 7478967/9264962 (80% hit, 74238 patched, 0 stale) | J2J-r: 0/0 J2J-a: 4958736/8614765 J2J-d: 77336 J2J-s: 1283601/4837259 | map: 3231 tracked, 1909 hot
[JIT] Stats: 55771136 sends, 4102 compiled, 2657982 failed, 16383/16384 KB code | IC: 7491136/9278779 (80% hit, 74450 patched, 0 stale) | J2J-r: 0/0 J2J-a: 4968379/8627870 J2J-d: 77491 J2J-s: 1285615/4842679 | map: 3231 tracked, 1909 hot
[JIT] Stats: 55836672 sends, 4102 compiled, 2661800 failed, 16383/16384 KB code | IC: 7502516/9291624 (80% hit, 74693 patched, 0 stale) | J2J-r: 0/0 J2J-a: 4977552/8640185 J2J-d: 77651 J2J-s: 1287660/4847849 | map: 3231 tracked, 1909 hot
[JIT] Stats: 55902208 sends, 4102 compiled, 2666284 failed, 16383/16384 KB code | IC: 7515944/9305153 (80% hit, 74747 patched, 0 stale) | J2J-r: 0/0 J2J-a: 4986556/8653689 J2J-d: 77690 J2J-s: 1287735/4852421 | map: 3231 tracked, 1909 hot
[JIT] Stats: 55967744 sends, 4102 compiled, 2669488 failed, 16383/16384 KB code | IC: 7526049/9320000 (80% hit, 75131 patched, 0 stale) | J2J-r: 0/0 J2J-a: 4997393/8666889 J2J-d: 77950 J2J-s: 1291901/4858877 | map: 3231 tracked, 1909 hot
[JIT] Stats: 56033280 sends, 4102 compiled, 2674164 failed, 16383/16384 KB code | IC: 7540093/9334047 (80% hit, 75134 patched, 0 stale) | J2J-r: 0/0 J2J-a: 5006737/8680936 J2J-d: 77951 J2J-s: 1291917/4863596 | map: 3231 tracked, 1909 hot
[JIT] Stats: 56098816 sends, 4102 compiled, 2678176 failed, 16383/16384 KB code | IC: 7551044/9348444 (80% hit, 75562 patched, 0 stale) | J2J-r: 0/0 J2J-a: 5017327/8693864 J2J-d: 78244 J2J-s: 1296042/4869985 | map: 3231 tracked, 1909 hot
[JIT] Stats: 56164352 sends, 4102 compiled, 2681497 failed, 16383/16384 KB code | IC: 7563129/9361500 (80% hit, 75581 patched, 0 stale) | J2J-r: 0/0 J2J-a: 5026075/8706920 J2J-d: 78254 J2J-s: 1296165/4874415 | map: 3231 tracked, 1909 hot
[JIT] Stats: 56229888 sends, 4102 compiled, 2685881 failed, 16383/16384 KB code | IC: 7575450/9375708 (80% hit, 75793 patched, 0 stale) | J2J-r: 0/0 J2J-a: 5036014/8720340 J2J-d: 78409 J2J-s: 1298212/4879887 | map: 3231 tracked, 1909 hot
[JIT] Stats: 56295424 sends, 4102 compiled, 2689144 failed, 16383/16384 KB code | IC: 7586452/9388933 (80% hit, 76024 patched, 0 stale) | J2J-r: 0/0 J2J-a: 5045414/8732957 J2J-d: 78556 J2J-s: 1300258/4885130 | map: 3231 tracked, 1909 hot
[JIT] Stats: 56360960 sends, 4102 compiled, 2693635 failed, 16383/16384 KB code | IC: 7599924/9402472 (80% hit, 76063 patched, 0 stale) | J2J-r: 0/0 J2J-a: 5054417/8746480 J2J-d: 78584 J2J-s: 1300312/4889701 | map: 3231 tracked, 1909 hot
[DIAG] P40 ZnCharacterReadStream>>ifFalse: ip=183 fd=2
[DIAG]   [-1] SourceFile>>next
[DIAG]   [-2] ChunkReadStream>>basicNextChunk
[DIAG-TIMER] usecArmed=1 msArmed=0 timerWasArmed=1 timerSem=set lastSignal=0s ago nextUsec=0xe0f4a068b45ce nextMs=0
[DIAG-TIMER] wakeup delta=681229 usec (0.681 sec)
[DIAG-QUEUE] P80 proc=0x3037f62a8 susp=SUnitRunner class>>ifFalse:
[DIAG-QUEUE] P60 proc=0x3075667d0 susp=SUnitRunner class>>ifFalse:
[DIAG-QUEUE] P10 proc=0x303e55370 susp=ProcessorScheduler class>>idleProcess
[JIT] Stats: 56426496 sends, 4102 compiled, 2696343 failed, 16383/16384 KB code | IC: 7610069/9417908 (80% hit, 76484 patched, 0 stale) | J2J-r: 0/0 J2J-a: 5065436/8760120 J2J-d: 78876 J2J-s: 1305059/4896995 | map: 3231 tracked, 1909 hot
[JIT] Stats: 56492032 sends, 4102 compiled, 2700875 failed, 16383/16384 KB code | IC: 7623676/9431530 (80% hit, 76499 patched, 0 stale) | J2J-r: 0/0 J2J-a: 5074494/8773742 J2J-d: 78884 J2J-s: 1305079/4901579 | map: 3231 tracked, 1909 hot
[JIT] Stats: 56557568 sends, 4102 compiled, 2705272 failed, 16383/16384 KB code | IC: 7635051/9445907 (80% hit, 76871 patched, 0 stale) | J2J-r: 0/0 J2J-a: 5084767/8786639 J2J-d: 79135 J2J-s: 1308746/4907797 | map: 3231 tracked, 1909 hot
[JIT] Stats: 56623104 sends, 4102 compiled, 2708555 failed, 16383/16384 KB code | IC: 7646933/9458912 (80% hit, 76936 patched, 0 stale) | J2J-r: 0/0 J2J-a: 5093788/8799643 J2J-d: 79179 J2J-s: 1309374/4912405 | map: 3231 tracked, 1909 hot
[JIT] Stats: 56688640 sends, 4102 compiled, 2712954 failed, 16383/16384 KB code | IC: 7659482/9472791 (80% hit, 77104 patched, 0 stale) | J2J-r: 0/0 J2J-a: 5103396/8812938 J2J-d: 79298 J2J-s: 1310933/4917616 | map: 3231 tracked, 1909 hot
[PROGRESS] 20s: ~1320473219 steps
[JIT] Stats: 56754176 sends, 4102 compiled, 2715873 failed, 16383/16384 KB code | IC: 7669578/9485553 (80% hit, 77390 patched, 0 stale) | J2J-r: 0/0 J2J-a: 5112590/8825046 J2J-d: 79491 J2J-s: 1313442/4922999 | map: 3231 tracked, 1909 hot
[JIT] Stats: 56819712 sends, 4102 compiled, 2720551 failed, 16383/16384 KB code | IC: 7683627/9499602 (80% hit, 77390 patched, 0 stale) | J2J-r: 0/0 J2J-a: 5121939/8839096 J2J-d: 79491 J2J-s: 1313457/4927715 | map: 3231 tracked, 1909 hot
[JIT] Stats: 56885248 sends, 4102 compiled, 2723776 failed, 16383/16384 KB code | IC: 7693289/9512889 (80% hit, 77818 patched, 0 stale) | J2J-r: 0/0 J2J-a: 5131869/8851143 J2J-d: 79783 J2J-s: 1317503/4933802 | map: 3231 tracked, 1909 hot
[JIT] Stats: 56950784 sends, 4102 compiled, 2728222 failed, 16383/16384 KB code | IC: 7706642/9526257 (80% hit, 77833 patched, 0 stale) | J2J-r: 0/0 J2J-a: 5140755/8864510 J2J-d: 79791 J2J-s: 1317523/4938303 | map: 3231 tracked, 1909 hot
[JIT] Stats: 57016320 sends, 4102 compiled, 2732492 failed, 16383/16384 KB code | IC: 7717784/9539834 (80% hit, 78224 patched, 0 stale) | J2J-r: 0/0 J2J-a: 5150444/8876844 J2J-d: 80058 J2J-s: 1320859/4944212 | map: 3231 tracked, 1909 hot
[JIT] Stats: 57081856 sends, 4102 compiled, 2736818 failed, 16383/16384 KB code | IC: 7730741/9553357 (80% hit, 78290 patched, 0 stale) | J2J-r: 0/0 J2J-a: 5159646/8890365 J2J-d: 80103 J2J-s: 1321245/4948914 | map: 3231 tracked, 1909 hot
[JIT] Stats: 57147392 sends, 4102 compiled, 2741239 failed, 16383/16384 KB code | IC: 7743381/9567356 (80% hit, 78452 patched, 0 stale) | J2J-r: 0/0 J2J-a: 5169330/8903754 J2J-d: 80217 J2J-s: 1322822/4954164 | map: 3231 tracked, 1909 hot
[JIT] Stats: 57212928 sends, 4102 compiled, 2744502 failed, 16383/16384 KB code | IC: 7753955/9580198 (80% hit, 78735 patched, 0 stale) | J2J-r: 0/0 J2J-a: 5178593/8915917 J2J-d: 80405 J2J-s: 1325369/4959566 | map: 3231 tracked, 1909 hot
[JIT] Stats: 57278464 sends, 4102 compiled, 2749180 failed, 16383/16384 KB code | IC: 7768005/9594248 (80% hit, 78735 patched, 0 stale) | J2J-r: 0/0 J2J-a: 5187941/8929967 J2J-d: 80405 J2J-s: 1325384/4964283 | map: 3231 tracked, 1909 hot
[JIT] Stats: 57344000 sends, 4102 compiled, 2752079 failed, 16383/16384 KB code | IC: 7777912/9608772 (80% hit, 79198 patched, 0 stale) | J2J-r: 0/0 J2J-a: 5198378/8942941 J2J-d: 80729 J2J-s: 1329845/4971206 | map: 3231 tracked, 1909 hot
[JIT] Stats: 57409536 sends, 4102 compiled, 2756280 failed, 16383/16384 KB code | IC: 7790898/9621958 (80% hit, 79214 patched, 0 stale) | J2J-r: 0/0 J2J-a: 5207147/8956126 J2J-d: 80737 J2J-s: 1329864/4975640 | map: 3231 tracked, 1909 hot
[JIT] Stats: 57475072 sends, 4102 compiled, 2760602 failed, 16383/16384 KB code | IC: 7802666/9636434 (80% hit, 79512 patched, 0 stale) | J2J-r: 0/0 J2J-a: 5217495/8969160 J2J-d: 80943 J2J-s: 1333316/4981717 | map: 3231 tracked, 1909 hot
[JIT] Stats: 57540608 sends, 4102 compiled, 2765256 failed, 16383/16384 KB code | IC: 7815501/9649796 (80% hit, 79651 patched, 0 stale) | J2J-r: 0/0 J2J-a: 5226530/8982482 J2J-d: 81031 J2J-s: 1333827/4986499 | map: 3231 tracked, 1909 hot
[JIT] Stats: 57606144 sends, 4102 compiled, 2769699 failed, 16383/16384 KB code | IC: 7828399/9663850 (81% hit, 79780 patched, 0 stale) | J2J-r: 0/0 J2J-a: 5236275/8996024 J2J-d: 81124 J2J-s: 1335167/4991618 | map: 3231 tracked, 1909 hot
[JIT] Stats: 57671680 sends, 4102 compiled, 2772587 failed, 16383/16384 KB code | IC: 7838386/9676787 (81% hit, 80103 patched, 0 stale) | J2J-r: 0/0 J2J-a: 5245550/9008146 J2J-d: 81339 J2J-s: 1337942/4997183 | map: 3231 tracked, 1909 hot
[JIT] Stats: 57737216 sends, 4102 compiled, 2777266 failed, 16383/16384 KB code | IC: 7852435/9690836 (81% hit, 80103 patched, 0 stale) | J2J-r: 0/0 J2J-a: 5254896/9022195 J2J-d: 81339 J2J-s: 1337958/5001902 | map: 3231 tracked, 1909 hot
[JIT] Stats: 57802752 sends, 4102 compiled, 2780735 failed, 16383/16384 KB code | IC: 7863090/9706086 (81% hit, 80520 patched, 0 stale) | J2J-r: 0/0 J2J-a: 5266005/9035763 J2J-d: 81621 J2J-s: 1342178/5008506 | map: 3231 tracked, 1909 hot
[JIT] Stats: 57868288 sends, 4102 compiled, 2784957 failed, 16383/16384 KB code | IC: 7876095/9719270 (81% hit, 80536 patched, 0 stale) | J2J-r: 0/0 J2J-a: 5274775/9048947 J2J-d: 81629 J2J-s: 1342196/5012937 | map: 3231 tracked, 1909 hot
[JIT] Stats: 57933824 sends, 4102 compiled, 2789256 failed, 16383/16384 KB code | IC: 7887752/9733537 (81% hit, 80856 patched, 0 stale) | J2J-r: 0/0 J2J-a: 5284966/9061824 J2J-d: 81846 J2J-s: 1345596/5018960 | map: 3231 tracked, 1909 hot
[JIT] Stats: 57999360 sends, 4102 compiled, 2792098 failed, 16383/16384 KB code | IC: 7899038/9746696 (81% hit, 81015 patched, 0 stale) | J2J-r: 0/0 J2J-a: 5293975/9074849 J2J-d: 81958 J2J-s: 1346747/5024114 | map: 3231 tracked, 1909 hot
[JIT] Stats: 58064896 sends, 4102 compiled, 2796574 failed, 16383/16384 KB code | IC: 7912085/9760611 (81% hit, 81100 patched, 0 stale) | J2J-r: 0/0 J2J-a: 5303619/9088376 J2J-d: 82020 J2J-s: 1347833/5029076 | map: 3231 tracked, 1909 hot
[JIT] Stats: 58130432 sends, 4102 compiled, 2799792 failed, 16383/16384 KB code | IC: 7922249/9773769 (81% hit, 81457 patched, 0 stale) | J2J-r: 0/0 J2J-a: 5312874/9100687 J2J-d: 82256 J2J-s: 1350483/5034712 | map: 3231 tracked, 1909 hot
[JIT] Stats: 58195968 sends, 4102 compiled, 2804471 failed, 16383/16384 KB code | IC: 7936299/9787819 (81% hit, 81457 patched, 0 stale) | J2J-r: 0/0 J2J-a: 5322218/9114737 J2J-d: 82256 J2J-s: 1350501/5039436 | map: 3231 tracked, 1909 hot
[JIT] Stats: 58261504 sends, 4102 compiled, 2808179 failed, 16383/16384 KB code | IC: 7946340/9801406 (81% hit, 82094 patched, 0 stale) | J2J-r: 0/0 J2J-a: 5331286/9126764 J2J-d: 82712 J2J-s: 1354769/5046552 | map: 3544 tracked, 2121 hot
[asmjit-t1] code.code_size=5768 out of [1, 4608]
[asmjit-t1] code.code_size=3720 out of [1, 3584]
[asmjit-t1] code.code_size=3936 out of [1, 3584]
[asmjit-t1] code.code_size=5768 out of [1, 4608]
[JIT] Stats: 58327040 sends, 4102 compiled, 2809378 failed, 16383/16384 KB code | IC: 7949660/9805890 (81% hit, 82166 patched, 0 stale) | J2J-r: 0/0 J2J-a: 5333235/9130979 J2J-d: 82756 J2J-s: 1355822/5049791 | map: 3641 tracked, 2258 hot
[JIT] Stats: 58392576 sends, 4102 compiled, 2810499 failed, 16383/16384 KB code | IC: 7952070/9814508 (81% hit, 82216 patched, 0 stale) | J2J-r: 0/0 J2J-a: 5334825/9134337 J2J-d: 82793 J2J-s: 1356545/5052190 | map: 3719 tracked, 2294 hot
[asmjit-t1] code.code_size=3932 out of [1, 3584]
[asmjit-t1] code.code_size=5768 out of [1, 4608]
[asmjit-t1] code.code_size=5768 out of [1, 4608]
[SISTA-SELECT-EMIT] bc=1 slot=0 vid=1
[asmjit-t1] code.code_size=4740 out of [1, 4608]
[JIT] Stats: 58458112 sends, 4102 compiled, 2813045 failed, 16383/16384 KB code | IC: 7958682/9825036 (81% hit, 82561 patched, 0 stale) | J2J-r: 0/0 J2J-a: 5339738/9144313 J2J-d: 83060 J2J-s: 1358924/5059304 | map: 4148 tracked, 2820 hot
[asmjit-t1] code.code_size=4748 out of [1, 4096]
[asmjit-t1] code.code_size=8752 out of [1, 8704]
[asmjit-t1] code.code_size=3136 out of [1, 3072]
[asmjit-t1] code.code_size=4960 out of [1, 4096]
[asmjit-t1] code.code_size=4736 out of [1, 4096]
[asmjit-t1] code.code_size=3936 out of [1, 3584]
[JIT] Stats: 58523648 sends, 4102 compiled, 2814651 failed, 16383/16384 KB code | IC: 7961822/9836378 (80% hit, 82581 patched, 0 stale) | J2J-r: 0/0 J2J-a: 5345977/9155186 J2J-d: 83236 J2J-s: 1359925/5064435 | map: 4238 tracked, 2912 hot
[JIT] Stats: 58589184 sends, 4102 compiled, 2815899 failed, 16383/16384 KB code | IC: 7964243/9847687 (80% hit, 82581 patched, 0 stale) | J2J-r: 0/0 J2J-a: 5352374/9166130 J2J-d: 83469 J2J-s: 1360791/5069255 | map: 4272 tracked, 2948 hot
[JIT] Stats: 58654720 sends, 4102 compiled, 2817340 failed, 16383/16384 KB code | IC: 7966308/9858135 (80% hit, 82583 patched, 0 stale) | J2J-r: 0/0 J2J-a: 5357954/9176152 J2J-d: 83682 J2J-s: 1361535/5073819 | map: 4300 tracked, 2977 hot
[JIT] Stats: 58720256 sends, 4102 compiled, 2817917 failed, 16383/16384 KB code | IC: 7967088/9869030 (80% hit, 82583 patched, 0 stale) | J2J-r: 0/0 J2J-a: 5364748/9186881 J2J-d: 83756 J2J-s: 1361821/5077810 | map: 4311 tracked, 2988 hot
[asmjit-t1] code.code_size=3940 out of [1, 3584]
[JIT] Stats: 58785792 sends, 4102 compiled, 2819247 failed, 16383/16384 KB code | IC: 7969165/9879650 (80% hit, 82589 patched, 0 stale) | J2J-r: 0/0 J2J-a: 5370336/9197134 J2J-d: 83902 J2J-s: 1362524/5082716 | map: 4334 tracked, 3004 hot
[JIT] Stats: 58851328 sends, 4102 compiled, 2820565 failed, 16383/16384 KB code | IC: 7971019/9889699 (80% hit, 82589 patched, 0 stale) | J2J-r: 0/0 J2J-a: 5374967/9206870 J2J-d: 84071 J2J-s: 1363213/5088050 | map: 4334 tracked, 3004 hot
[JIT] Stats: 58916864 sends, 4102 compiled, 2822003 failed, 16383/16384 KB code | IC: 7972849/9899342 (80% hit, 82590 patched, 0 stale) | J2J-r: 0/0 J2J-a: 5379509/9216056 J2J-d: 84259 J2J-s: 1363899/5092781 | map: 4345 tracked, 3009 hot
[JIT] Stats: 58982400 sends, 4102 compiled, 2823802 failed, 16383/16384 KB code | IC: 7975619/9910670 (80% hit, 82590 patched, 0 stale) | J2J-r: 0/0 J2J-a: 5388375/9227089 J2J-d: 84543 J2J-s: 1364794/5095216 | map: 4346 tracked, 3010 hot
[JIT] Stats: 59047936 sends, 4102 compiled, 2825542 failed, 16383/16384 KB code | IC: 7978354/9921137 (80% hit, 82592 patched, 0 stale) | J2J-r: 0/0 J2J-a: 5396408/9237264 J2J-d: 84811 J2J-s: 1365694/5097664 | map: 4350 tracked, 3013 hot
[JIT] Stats: 59113472 sends, 4102 compiled, 2827461 failed, 16383/16384 KB code | IC: 7981451/9932551 (80% hit, 82592 patched, 0 stale) | J2J-r: 0/0 J2J-a: 5405143/9248370 J2J-d: 85091 J2J-s: 1366693/5100405 | map: 4351 tracked, 3015 hot
[JIT] Stats: 59179008 sends, 4102 compiled, 2834647 failed, 16383/16384 KB code | IC: 7990187/9943061 (80% hit, 82628 patched, 0 stale) | J2J-r: 0/0 J2J-a: 5412992/9258571 J2J-d: 85147 J2J-s: 1367451/5102881 | map: 3052 tracked, 1756 hot
[JIT] Stats: 59244544 sends, 4102 compiled, 2844428 failed, 16383/16384 KB code | IC: 8000689/9953910 (80% hit, 82628 patched, 0 stale) | J2J-r: 0/0 J2J-a: 5422675/9269288 J2J-d: 85147 J2J-s: 1367766/5103949 | map: 3052 tracked, 1756 hot
[asmjit-t1] code.code_size=3940 out of [1, 3584]
[JIT] Stats: 59310080 sends, 4102 compiled, 2849179 failed, 16383/16384 KB code | IC: 8009660/9964200 (80% hit, 82890 patched, 0 stale) | J2J-r: 0/0 J2J-a: 5427286/9279134 J2J-d: 85337 J2J-s: 1368494/5109415 | map: 3450 tracked, 2039 hot
[JIT] Stats: 59375616 sends, 4102 compiled, 2853540 failed, 16383/16384 KB code | IC: 8018343/9973733 (80% hit, 82890 patched, 0 stale) | J2J-r: 0/0 J2J-a: 5431399/9288310 J2J-d: 85365 J2J-s: 1368932/5114429 | map: 3450 tracked, 2039 hot
[JIT] Stats: 59441152 sends, 4102 compiled, 2859067 failed, 16383/16384 KB code | IC: 8027703/9984049 (80% hit, 82890 patched, 0 stale) | J2J-r: 0/0 J2J-a: 5436631/9298221 J2J-d: 85390 J2J-s: 1369439/5119054 | map: 3450 tracked, 2044 hot
[JIT] Stats: 59506688 sends, 4102 compiled, 2865580 failed, 16383/16384 KB code | IC: 8038042/9995261 (80% hit, 82890 patched, 0 stale) | J2J-r: 0/0 J2J-a: 5442868/9309075 J2J-d: 85393 J2J-s: 1370064/5123718 | map: 3450 tracked, 2044 hot
[JIT] Stats: 59572224 sends, 4102 compiled, 2871499 failed, 16383/16384 KB code | IC: 8047694/10005813 (80% hit, 82890 patched, 0 stale) | J2J-r: 0/0 J2J-a: 5448508/9319248 J2J-d: 85405 J2J-s: 1370620/5128236 | map: 3450 tracked, 2044 hot
[JIT] Stats: 59637760 sends, 4102 compiled, 2879147 failed, 16383/16384 KB code | IC: 8057684/10016708 (80% hit, 82898 patched, 0 stale) | J2J-r: 0/0 J2J-a: 5455907/9329782 J2J-d: 85420 J2J-s: 1371222/5131401 | map: 3451 tracked, 2048 hot
[JIT] Stats: 59703296 sends, 4102 compiled, 2887656 failed, 16383/16384 KB code | IC: 8068046/10028006 (80% hit, 82898 patched, 0 stale) | J2J-r: 0/0 J2J-a: 5464156/9340726 J2J-d: 85420 J2J-s: 1372049/5134191 | map: 3451 tracked, 2048 hot
[asmjit-t1] code.code_size=3936 out of [1, 3584]
[asmjit-t1] code.code_size=3932 out of [1, 3584]
[JIT] Stats: 59768832 sends, 4102 compiled, 2893650 failed, 16383/16384 KB code | IC: 8077013/10038712 (80% hit, 83043 patched, 0 stale) | J2J-r: 0/0 J2J-a: 5470563/9350857 J2J-d: 85522 J2J-s: 1373432/5138920 | map: 3658 tracked, 2264 hot
[asmjit-t1] code.code_size=3724 out of [1, 3584]
[asmjit-t1] code.code_size=3724 out of [1, 3584]
[JIT] Stats: 59834368 sends, 4102 compiled, 2897095 failed, 16383/16384 KB code | IC: 8085720/10050571 (80% hit, 83181 patched, 0 stale) | J2J-r: 0/0 J2J-a: 5475135/9361749 J2J-d: 85659 J2J-s: 1376070/5147624 | map: 3814 tracked, 2485 hot
[JIT] Stats: 59899904 sends, 4102 compiled, 2897993 failed, 16383/16384 KB code | IC: 8090623/10062710 (80% hit, 83215 patched, 0 stale) | J2J-r: 0/0 J2J-a: 5479843/9372698 J2J-d: 86589 J2J-s: 1380124/5157836 | map: 3857 tracked, 2510 hot
[JIT] Stats: 59965440 sends, 4102 compiled, 2898223 failed, 16383/16384 KB code | IC: 8094842/10075161 (80% hit, 83215 patched, 0 stale) | J2J-r: 0/0 J2J-a: 5484889/9383971 J2J-d: 87764 J2J-s: 1384940/5168879 | map: 3857 tracked, 2510 hot
[JIT] Stats: 60030976 sends, 4102 compiled, 2898462 failed, 16383/16384 KB code | IC: 8101570/10087627 (80% hit, 83235 patched, 0 stale) | J2J-r: 0/0 J2J-a: 5489945/9395254 J2J-d: 88117 J2J-s: 1389751/5179917 | map: 3096 tracked, 1806 hot
[JIT] Stats: 60096512 sends, 4102 compiled, 2898700 failed, 16383/16384 KB code | IC: 8109326/10100084 (80% hit, 83235 patched, 0 stale) | J2J-r: 0/0 J2J-a: 5494995/9406533 J2J-d: 88117 J2J-s: 1394563/5190958 | map: 3096 tracked, 1806 hot
[JIT] Stats: 60162048 sends, 4102 compiled, 2898930 failed, 16383/16384 KB code | IC: 8117075/10112535 (80% hit, 83235 patched, 0 stale) | J2J-r: 0/0 J2J-a: 5500042/9417810 J2J-d: 88117 J2J-s: 1399380/5202005 | map: 3096 tracked, 1806 hot
[JIT] Stats: 60227584 sends, 4102 compiled, 2899162 failed, 16383/16384 KB code | IC: 8124827/10124990 (80% hit, 83235 patched, 0 stale) | J2J-r: 0/0 J2J-a: 5505091/9429093 J2J-d: 88117 J2J-s: 1404197/5213056 | map: 3096 tracked, 1806 hot
[JIT] Stats: 60293120 sends, 4102 compiled, 2899391 failed, 16383/16384 KB code | IC: 8132562/10137443 (80% hit, 83255 patched, 0 stale) | J2J-r: 0/0 J2J-a: 5510143/9440370 J2J-d: 88129 J2J-s: 1409013/5224097 | map: 3096 tracked, 1806 hot
[JIT] Stats: 60358656 sends, 4102 compiled, 2899633 failed, 16383/16384 KB code | IC: 8140319/10149896 (80% hit, 83256 patched, 0 stale) | J2J-r: 0/0 J2J-a: 5515191/9451644 J2J-d: 88130 J2J-s: 1413819/5235129 | map: 3096 tracked, 1806 hot
[JIT] Stats: 60424192 sends, 4102 compiled, 2899863 failed, 16383/16384 KB code | IC: 8148068/10162351 (80% hit, 83256 patched, 0 stale) | J2J-r: 0/0 J2J-a: 5520240/9462925 J2J-d: 88130 J2J-s: 1418638/5246180 | map: 3096 tracked, 1806 hot
[JIT] Stats: 60489728 sends, 4102 compiled, 2900097 failed, 16383/16384 KB code | IC: 8155822/10174809 (80% hit, 83256 patched, 0 stale) | J2J-r: 0/0 J2J-a: 5525289/9474205 J2J-d: 88130 J2J-s: 1423453/5257226 | map: 3096 tracked, 1806 hot
[JIT] Stats: 60555264 sends, 4102 compiled, 2900333 failed, 16383/16384 KB code | IC: 8163577/10187272 (80% hit, 83256 patched, 0 stale) | J2J-r: 0/0 J2J-a: 5530341/9485485 J2J-d: 88130 J2J-s: 1428269/5268270 | map: 3096 tracked, 1806 hot
[JIT] Stats: 60620800 sends, 4102 compiled, 2900570 failed, 16383/16384 KB code | IC: 8171322/10199728 (80% hit, 83276 patched, 0 stale) | J2J-r: 0/0 J2J-a: 5535395/9496767 J2J-d: 88143 J2J-s: 1433080/5279309 | map: 3096 tracked, 1806 hot
[JIT] Stats: 60686336 sends, 4102 compiled, 2900808 failed, 16383/16384 KB code | IC: 8179075/10212183 (80% hit, 83277 patched, 0 stale) | J2J-r: 0/0 J2J-a: 5540443/9508039 J2J-d: 88143 J2J-s: 1437889/5290342 | map: 3098 tracked, 1806 hot
[JIT] Stats: 60751872 sends, 4102 compiled, 2901048 failed, 16383/16384 KB code | IC: 8186831/10224639 (80% hit, 83277 patched, 0 stale) | J2J-r: 0/0 J2J-a: 5545493/9519314 J2J-d: 88143 J2J-s: 1442699/5301377 | map: 3098 tracked, 1806 hot
[JIT] Stats: 60817408 sends, 4102 compiled, 2901280 failed, 16383/16384 KB code | IC: 8194580/10237092 (80% hit, 83277 patched, 0 stale) | J2J-r: 0/0 J2J-a: 5550539/9530591 J2J-d: 88143 J2J-s: 1447513/5312422 | map: 3098 tracked, 1806 hot
[JIT] Stats: 60882944 sends, 4102 compiled, 2901513 failed, 16383/16384 KB code | IC: 8202320/10249550 (80% hit, 83296 patched, 0 stale) | J2J-r: 0/0 J2J-a: 5555593/9541872 J2J-d: 88155 J2J-s: 1452328/5323464 | map: 3096 tracked, 1806 hot
[JIT] Stats: 60948480 sends, 4102 compiled, 2901757 failed, 16383/16384 KB code | IC: 8210084/10262008 (80% hit, 83297 patched, 0 stale) | J2J-r: 0/0 J2J-a: 5560645/9553154 J2J-d: 88156 J2J-s: 1457136/5334502 | map: 3096 tracked, 1806 hot
[JIT] Stats: 61014016 sends, 4102 compiled, 2901991 failed, 16383/16384 KB code | IC: 8217836/10274461 (79% hit, 83297 patched, 0 stale) | J2J-r: 0/0 J2J-a: 5565694/9564431 J2J-d: 88156 J2J-s: 1461951/5345545 | map: 3096 tracked, 1806 hot
[JIT] Stats: 61079552 sends, 4102 compiled, 2902223 failed, 16383/16384 KB code | IC: 8225587/10286918 (79% hit, 83297 patched, 0 stale) | J2J-r: 0/0 J2J-a: 5570742/9575711 J2J-d: 88156 J2J-s: 1466767/5356593 | map: 3096 tracked, 1806 hot
[JIT] Stats: 61145088 sends, 4102 compiled, 2902457 failed, 16383/16384 KB code | IC: 8233339/10299371 (79% hit, 83298 patched, 0 stale) | J2J-r: 0/0 J2J-a: 5575791/9586990 J2J-d: 88156 J2J-s: 1471581/5367637 | map: 3098 tracked, 1806 hot
[JIT] Stats: 61210624 sends, 4102 compiled, 2902690 failed, 16383/16384 KB code | IC: 8241080/10311830 (79% hit, 83318 patched, 0 stale) | J2J-r: 0/0 J2J-a: 5580844/9598272 J2J-d: 88169 J2J-s: 1476395/5378680 | map: 3096 tracked, 1806 hot
[JIT] Stats: 61276160 sends, 4102 compiled, 2902924 failed, 16383/16384 KB code | IC: 8248833/10324285 (79% hit, 83318 patched, 0 stale) | J2J-r: 0/0 J2J-a: 5585893/9609552 J2J-d: 88169 J2J-s: 1481210/5389726 | map: 3096 tracked, 1806 hot
[JIT] Stats: 61341696 sends, 4102 compiled, 2903158 failed, 16383/16384 KB code | IC: 8256587/10336741 (79% hit, 83318 patched, 0 stale) | J2J-r: 0/0 J2J-a: 5590942/9620834 J2J-d: 88169 J2J-s: 1486025/5400774 | map: 3096 tracked, 1806 hot
[JIT] Stats: 61407232 sends, 4102 compiled, 2903388 failed, 16383/16384 KB code | IC: 8264333/10349194 (79% hit, 83318 patched, 0 stale) | J2J-r: 0/0 J2J-a: 5595989/9632110 J2J-d: 88169 J2J-s: 1490842/5411820 | map: 3096 tracked, 1806 hot
[JIT] Stats: 61472768 sends, 4102 compiled, 2903627 failed, 16383/16384 KB code | IC: 8272082/10361656 (79% hit, 83337 patched, 0 stale) | J2J-r: 0/0 J2J-a: 5601044/9643397 J2J-d: 88181 J2J-s: 1495652/5422862 | map: 3096 tracked, 1806 hot
[JIT] Stats: 61538304 sends, 4102 compiled, 2903871 failed, 16383/16384 KB code | IC: 8279841/10374110 (79% hit, 83339 patched, 0 stale) | J2J-r: 0/0 J2J-a: 5606095/9654671 J2J-d: 88182 J2J-s: 1500458/5433891 | map: 3098 tracked, 1806 hot
[JIT] Stats: 61603840 sends, 4102 compiled, 2904099 failed, 16383/16384 KB code | IC: 8287585/10386563 (79% hit, 83339 patched, 0 stale) | J2J-r: 0/0 J2J-a: 5611141/9665947 J2J-d: 88182 J2J-s: 1505276/5444939 | map: 3098 tracked, 1806 hot
[JIT] Stats: 61669376 sends, 4102 compiled, 2904333 failed, 16383/16384 KB code | IC: 8295338/10399020 (79% hit, 83339 patched, 0 stale) | J2J-r: 0/0 J2J-a: 5616191/9677226 J2J-d: 88182 J2J-s: 1510092/5455984 | map: 3098 tracked, 1806 hot
[JIT] Stats: 61734912 sends, 4102 compiled, 2904566 failed, 16383/16384 KB code | IC: 8303092/10411480 (79% hit, 83339 patched, 0 stale) | J2J-r: 0/0 J2J-a: 5621240/9688508 J2J-d: 88182 J2J-s: 1514907/5467032 | map: 3098 tracked, 1806 hot
[JIT] Stats: 61800448 sends, 4102 compiled, 2904806 failed, 16383/16384 KB code | IC: 8310838/10423940 (79% hit, 83359 patched, 0 stale) | J2J-r: 0/0 J2J-a: 5626295/9699789 J2J-d: 88195 J2J-s: 1519717/5478068 | map: 3096 tracked, 1806 hot
[JIT] Stats: 61865984 sends, 4102 compiled, 2905040 failed, 16383/16384 KB code | IC: 8318593/10436397 (79% hit, 83359 patched, 0 stale) | J2J-r: 0/0 J2J-a: 5631345/9711072 J2J-d: 88195 J2J-s: 1524533/5489117 | map: 3096 tracked, 1806 hot
[JIT] Stats: 61931520 sends, 4102 compiled, 2905270 failed, 16383/16384 KB code | IC: 8326337/10448848 (79% hit, 83360 patched, 0 stale) | J2J-r: 0/0 J2J-a: 5636391/9722345 J2J-d: 88195 J2J-s: 1529348/5500159 | map: 3098 tracked, 1806 hot
[JIT] Stats: 61997056 sends, 4102 compiled, 2905504 failed, 16383/16384 KB code | IC: 8334090/10461306 (79% hit, 83360 patched, 0 stale) | J2J-r: 0/0 J2J-a: 5641440/9733627 J2J-d: 88195 J2J-s: 1534163/5511207 | map: 3098 tracked, 1806 hot
[JIT] Stats: 62062592 sends, 4102 compiled, 2905745 failed, 16383/16384 KB code | IC: 8341841/10473764 (79% hit, 83379 patched, 0 stale) | J2J-r: 0/0 J2J-a: 5646496/9744911 J2J-d: 88207 J2J-s: 1538972/5522244 | map: 3096 tracked, 1806 hot
[JIT] Stats: 62128128 sends, 4102 compiled, 2905975 failed, 16383/16384 KB code | IC: 8349587/10486215 (79% hit, 83380 patched, 0 stale) | J2J-r: 0/0 J2J-a: 5651543/9756186 J2J-d: 88208 J2J-s: 1543789/5533289 | map: 3096 tracked, 1806 hot
[JIT] Stats: 62193664 sends, 4102 compiled, 2906211 failed, 16383/16384 KB code | IC: 8357344/10498670 (79% hit, 83380 patched, 0 stale) | J2J-r: 0/0 J2J-a: 5656593/9767469 J2J-d: 88208 J2J-s: 1548603/5544336 | map: 3096 tracked, 1806 hot
[JIT] Stats: 62259200 sends, 4102 compiled, 2906445 failed, 16383/16384 KB code | IC: 8365098/10511125 (79% hit, 83380 patched, 0 stale) | J2J-r: 0/0 J2J-a: 5661642/9778751 J2J-d: 88208 J2J-s: 1553418/5555384 | map: 3096 tracked, 1806 hot
[JIT] Stats: 62324736 sends, 4102 compiled, 2906685 failed, 16383/16384 KB code | IC: 8372857/10523582 (79% hit, 83381 patched, 0 stale) | J2J-r: 0/0 J2J-a: 5666694/9790029 J2J-d: 88208 J2J-s: 1558229/5566421 | map: 3098 tracked, 1806 hot
[JIT] Stats: 62390272 sends, 4102 compiled, 2906926 failed, 16383/16384 KB code | IC: 8380604/10536040 (79% hit, 83401 patched, 0 stale) | J2J-r: 0/0 J2J-a: 5671749/9801309 J2J-d: 88221 J2J-s: 1563037/5577454 | map: 3096 tracked, 1806 hot
[JIT] Stats: 62455808 sends, 4102 compiled, 2907156 failed, 16383/16384 KB code | IC: 8388353/10548499 (79% hit, 83401 patched, 0 stale) | J2J-r: 0/0 J2J-a: 5676798/9812590 J2J-d: 88221 J2J-s: 1567856/5588505 | map: 3096 tracked, 1806 hot
[JIT] Stats: 62521344 sends, 4102 compiled, 2907388 failed, 16383/16384 KB code | IC: 8396101/10560951 (79% hit, 83401 patched, 0 stale) | J2J-r: 0/0 J2J-a: 5681844/9823866 J2J-d: 88221 J2J-s: 1572670/5599549 | map: 3096 tracked, 1806 hot
[JIT] Stats: 62586880 sends, 4102 compiled, 2907620 failed, 16383/16384 KB code | IC: 8403852/10573405 (79% hit, 83401 patched, 0 stale) | J2J-r: 0/0 J2J-a: 5686892/9835145 J2J-d: 88221 J2J-s: 1577486/5610596 | map: 3096 tracked, 1806 hot
[JIT] Stats: 62652416 sends, 4102 compiled, 2907849 failed, 16383/16384 KB code | IC: 8411589/10585859 (79% hit, 83420 patched, 0 stale) | J2J-r: 0/0 J2J-a: 5691944/9846425 J2J-d: 88233 J2J-s: 1582303/5621641 | map: 3096 tracked, 1806 hot
[JIT] Stats: 62717952 sends, 4102 compiled, 2908083 failed, 16383/16384 KB code | IC: 8419343/10598318 (79% hit, 83421 patched, 0 stale) | J2J-r: 0/0 J2J-a: 5696993/9857705 J2J-d: 88234 J2J-s: 1587118/5632687 | map: 3096 tracked, 1806 hot
[JIT] Stats: 62783488 sends, 4102 compiled, 2908323 failed, 16383/16384 KB code | IC: 8427100/10610772 (79% hit, 83422 patched, 0 stale) | J2J-r: 0/0 J2J-a: 5702045/9868985 J2J-d: 88234 J2J-s: 1591929/5643726 | map: 3098 tracked, 1806 hot
[JIT] Stats: 62849024 sends, 4102 compiled, 2908557 failed, 16383/16384 KB code | IC: 8434850/10623229 (79% hit, 83422 patched, 0 stale) | J2J-r: 0/0 J2J-a: 5707092/9880258 J2J-d: 88234 J2J-s: 1596742/5654765 | map: 3098 tracked, 1806 hot
[JIT] Stats: 62914560 sends, 4102 compiled, 2908797 failed, 16383/16384 KB code | IC: 8442606/10635685 (79% hit, 83422 patched, 0 stale) | J2J-r: 0/0 J2J-a: 5712141/9891533 J2J-d: 88234 J2J-s: 1601551/5665800 | map: 3098 tracked, 1806 hot
[JIT] Stats: 62980096 sends, 4102 compiled, 2909038 failed, 16383/16384 KB code | IC: 8450356/10648144 (79% hit, 83442 patched, 0 stale) | J2J-r: 0/0 J2J-a: 5717197/9902815 J2J-d: 88247 J2J-s: 1606360/5676835 | map: 3096 tracked, 1806 hot
[JIT] Stats: 63045632 sends, 4102 compiled, 2909270 failed, 16383/16384 KB code | IC: 8458106/10660599 (79% hit, 83442 patched, 0 stale) | J2J-r: 0/0 J2J-a: 5722245/9914094 J2J-d: 88247 J2J-s: 1611176/5687882 | map: 3096 tracked, 1806 hot
[JIT] Stats: 63111168 sends, 4102 compiled, 2909510 failed, 16383/16384 KB code | IC: 8465867/10673057 (79% hit, 83442 patched, 0 stale) | J2J-r: 0/0 J2J-a: 5727297/9925376 J2J-d: 88247 J2J-s: 1615988/5698924 | map: 3096 tracked, 1806 hot
[JIT] Stats: 63176704 sends, 4102 compiled, 2909747 failed, 16383/16384 KB code | IC: 8473623/10685510 (79% hit, 83443 patched, 0 stale) | J2J-r: 0/0 J2J-a: 5732350/9936655 J2J-d: 88247 J2J-s: 1620802/5709964 | map: 3098 tracked, 1806 hot
[JIT] Stats: 63242240 sends, 4102 compiled, 2909983 failed, 16383/16384 KB code | IC: 8481041/10697967 (79% hit, 83463 patched, 0 stale) | J2J-r: 0/0 J2J-a: 5737401/9947937 J2J-d: 88260 J2J-s: 1625612/5721005 | map: 3096 tracked, 1806 hot
[JIT] Stats: 63307776 sends, 4102 compiled, 2910219 failed, 16383/16384 KB code | IC: 8487626/10710427 (79% hit, 83463 patched, 0 stale) | J2J-r: 0/0 J2J-a: 5742451/9959217 J2J-d: 88260 J2J-s: 1630426/5732049 | map: 3096 tracked, 1806 hot
[JIT] Stats: 63373312 sends, 4102 compiled, 2910445 failed, 16383/16384 KB code | IC: 8494195/10722878 (79% hit, 83463 patched, 0 stale) | J2J-r: 0/0 J2J-a: 5747495/9970493 J2J-d: 88260 J2J-s: 1635244/5743099 | map: 3096 tracked, 1806 hot
[DIAG] P40 RGTraitComposition>>ifNil: ip=48 fd=33
[DIAG]   [-1] RGTraitComposition>>propertyNamed:ifAbsent:
[DIAG]   [-2] RGTraitComposition>>environment
[DIAG]   [-3] RGTraitAlias>>environment
[DIAG]   [-4] RGTraitAlias>>?
[DIAG]   [-5] IdentityDictionary>>at:ifAbsent:
[DIAG]   [-6] RGTraitAlias>>propertyNamed:ifAbsent:
[DIAG]   [-7] RGTraitAlias>>environment
[DIAG]   [-8] RGTraitAlias>>backend
[DIAG]   [-9] RGTraitAlias>>subject
[DIAG]   [-10] RGTraitAlias>>trait
[DIAG]   [-11] RGTraitAlias>>trait
[DIAG]   [-12] RGTraitAlias>>trait
[DIAG]   [-13] RGTraitAlias>>trait
[DIAG]   [-14] RGTraitAlias>>trait
[DIAG]   [-15] RGTraitAlias>>trait
[DIAG]   [-16] RGTraitAlias>>trait
[DIAG]   [-17] RGTraitAlias>>trait
[DIAG]   [-18] RGTraitAlias>>trait
[DIAG]   [-19] RGTraitAlias>>trait
[DIAG]   [-20] RGTraitAlias>>trait
[DIAG-TIMER] usecArmed=1 msArmed=0 timerWasArmed=1 timerSem=set lastSignal=0s ago nextUsec=0xe0f4a071e8b31 nextMs=0
[DIAG-TIMER] wakeup delta=330578 usec (0.331 sec)
[DIAG-QUEUE] P80 proc=0x3037f62a8 susp=SUnitRunner class>>ifFalse:
[DIAG-QUEUE] P60 proc=0x307a21ad8 susp=SUnitRunner class>>ifFalse:
[DIAG-QUEUE] P10 proc=0x303e55370 susp=ProcessorScheduler class>>idleProcess
[JIT] Stats: 63438848 sends, 4102 compiled, 2910681 failed, 16383/16384 KB code | IC: 8500781/10735337 (79% hit, 83463 patched, 0 stale) | J2J-r: 0/0 J2J-a: 5752546/9981776 J2J-d: 88260 J2J-s: 1640059/5754146 | map: 3096 tracked, 1806 hot
[PROGRESS] 30s: ~1500666462 steps
[JIT] Stats: 63504384 sends, 4102 compiled, 2910917 failed, 16383/16384 KB code | IC: 8507366/10747795 (79% hit, 83463 patched, 0 stale) | J2J-r: 0/0 J2J-a: 5757596/9993057 J2J-d: 88260 J2J-s: 1644873/5765191 | map: 3096 tracked, 1806 hot
[JIT] Stats: 63569920 sends, 4102 compiled, 2911150 failed, 16383/16384 KB code | IC: 8514853/10760252 (79% hit, 83484 patched, 0 stale) | J2J-r: 0/0 J2J-a: 5762648/10004333 J2J-d: 88273 J2J-s: 1649685/5776227 | map: 3098 tracked, 1806 hot
[JIT] Stats: 63635456 sends, 4102 compiled, 2911388 failed, 16383/16384 KB code | IC: 8522613/10772716 (79% hit, 83484 patched, 0 stale) | J2J-r: 0/0 J2J-a: 5767700/10015615 J2J-d: 88273 J2J-s: 1654499/5787271 | map: 3098 tracked, 1806 hot
[JIT] Stats: 63700992 sends, 4102 compiled, 2911624 failed, 16383/16384 KB code | IC: 8530368/10785175 (79% hit, 83484 patched, 0 stale) | J2J-r: 0/0 J2J-a: 5772750/10026895 J2J-d: 88273 J2J-s: 1659313/5798315 | map: 3098 tracked, 1806 hot
[JIT] Stats: 63766528 sends, 4102 compiled, 2911850 failed, 16383/16384 KB code | IC: 8538111/10797623 (79% hit, 83484 patched, 0 stale) | J2J-r: 0/0 J2J-a: 5777796/10038171 J2J-d: 88273 J2J-s: 1664133/5809365 | map: 3098 tracked, 1806 hot
[JIT] Stats: 63832064 sends, 4102 compiled, 2912087 failed, 16383/16384 KB code | IC: 8545857/10810081 (79% hit, 83503 patched, 0 stale) | J2J-r: 0/0 J2J-a: 5782851/10049456 J2J-d: 88285 J2J-s: 1668945/5820407 | map: 3096 tracked, 1806 hot
[JIT] Stats: 63897600 sends, 4102 compiled, 2912321 failed, 16383/16384 KB code | IC: 8553607/10822533 (79% hit, 83504 patched, 0 stale) | J2J-r: 0/0 J2J-a: 5787897/10060730 J2J-d: 88286 J2J-s: 1673757/5831447 | map: 3096 tracked, 1806 hot
[JIT] Stats: 63963136 sends, 4102 compiled, 2912553 failed, 16383/16384 KB code | IC: 8561357/10834989 (79% hit, 83504 patched, 0 stale) | J2J-r: 0/0 J2J-a: 5792945/10072007 J2J-d: 88286 J2J-s: 1678573/5842492 | map: 3096 tracked, 1806 hot
[JIT] Stats: 64028672 sends, 4102 compiled, 2912793 failed, 16383/16384 KB code | IC: 8569115/10847445 (78% hit, 83505 patched, 0 stale) | J2J-r: 0/0 J2J-a: 5797996/10083288 J2J-d: 88286 J2J-s: 1683383/5853532 | map: 3098 tracked, 1806 hot
[JIT] Stats: 64094208 sends, 4102 compiled, 2913025 failed, 16383/16384 KB code | IC: 8576865/10859900 (78% hit, 83505 patched, 0 stale) | J2J-r: 0/0 J2J-a: 5803045/10094565 J2J-d: 88286 J2J-s: 1688200/5864577 | map: 3098 tracked, 1806 hot
[JIT] Stats: 64159744 sends, 4102 compiled, 2913264 failed, 16383/16384 KB code | IC: 8584613/10872359 (78% hit, 83525 patched, 0 stale) | J2J-r: 0/0 J2J-a: 5808101/10105850 J2J-d: 88299 J2J-s: 1693011/5875617 | map: 3096 tracked, 1806 hot
[JIT] Stats: 64225280 sends, 4102 compiled, 2913498 failed, 16383/16384 KB code | IC: 8592367/10884815 (78% hit, 83525 patched, 0 stale) | J2J-r: 0/0 J2J-a: 5813150/10117131 J2J-d: 88299 J2J-s: 1697826/5886664 | map: 3096 tracked, 1806 hot
[JIT] Stats: 64290816 sends, 4102 compiled, 2913726 failed, 16383/16384 KB code | IC: 8600110/10897264 (78% hit, 83525 patched, 0 stale) | J2J-r: 0/0 J2J-a: 5818196/10128404 J2J-d: 88299 J2J-s: 1702644/5897709 | map: 3096 tracked, 1806 hot
[JIT] Stats: 64356352 sends, 4102 compiled, 2913964 failed, 16383/16384 KB code | IC: 8607869/10909723 (78% hit, 83525 patched, 0 stale) | J2J-r: 0/0 J2J-a: 5823246/10139687 J2J-d: 88299 J2J-s: 1707456/5908754 | map: 3096 tracked, 1806 hot
[JIT] Stats: 64421888 sends, 4102 compiled, 2914201 failed, 16383/16384 KB code | IC: 8615611/10922177 (78% hit, 83545 patched, 0 stale) | J2J-r: 0/0 J2J-a: 5828300/10150966 J2J-d: 88311 J2J-s: 1712266/5919789 | map: 3096 tracked, 1806 hot
[JIT] Stats: 64487424 sends, 4102 compiled, 2914431 failed, 16383/16384 KB code | IC: 8623359/10934630 (78% hit, 83546 patched, 0 stale) | J2J-r: 0/0 J2J-a: 5833346/10162243 J2J-d: 88312 J2J-s: 1717082/5930836 | map: 3096 tracked, 1806 hot
[JIT] Stats: 64552960 sends, 4102 compiled, 2914669 failed, 16383/16384 KB code | IC: 8631114/10947087 (78% hit, 83546 patched, 0 stale) | J2J-r: 0/0 J2J-a: 5838396/10173521 J2J-d: 88312 J2J-s: 1721894/5941876 | map: 3096 tracked, 1806 hot
[JIT] Stats: 64618496 sends, 4102 compiled, 2914898 failed, 16383/16384 KB code | IC: 8638862/10959543 (78% hit, 83546 patched, 0 stale) | J2J-r: 0/0 J2J-a: 5843444/10184800 J2J-d: 88312 J2J-s: 1726712/5952925 | map: 3096 tracked, 1806 hot
[JIT] Stats: 64684032 sends, 4102 compiled, 2915135 failed, 16383/16384 KB code | IC: 8646614/10971999 (78% hit, 83546 patched, 0 stale) | J2J-r: 0/0 J2J-a: 5848491/10196075 J2J-d: 88312 J2J-s: 1731523/5963964 | map: 3096 tracked, 1806 hot
[JIT] Stats: 64749568 sends, 4102 compiled, 2915374 failed, 16383/16384 KB code | IC: 8654360/10984456 (78% hit, 83566 patched, 0 stale) | J2J-r: 0/0 J2J-a: 5853546/10207357 J2J-d: 88325 J2J-s: 1736333/5975001 | map: 3096 tracked, 1806 hot
[JIT] Stats: 64815104 sends, 4102 compiled, 2915616 failed, 16383/16384 KB code | IC: 8662118/10996913 (78% hit, 83567 patched, 0 stale) | J2J-r: 0/0 J2J-a: 5858597/10218632 J2J-d: 88325 J2J-s: 1741141/5986033 | map: 3098 tracked, 1806 hot
[JIT] Stats: 64880640 sends, 4102 compiled, 2915850 failed, 16383/16384 KB code | IC: 8669872/11009367 (78% hit, 83567 patched, 0 stale) | J2J-r: 0/0 J2J-a: 5863646/10229913 J2J-d: 88325 J2J-s: 1745956/5997080 | map: 3098 tracked, 1806 hot
[JIT] Stats: 64946176 sends, 4102 compiled, 2916084 failed, 16383/16384 KB code | IC: 8677626/11021823 (78% hit, 83567 patched, 0 stale) | J2J-r: 0/0 J2J-a: 5868696/10241197 J2J-d: 88325 J2J-s: 1750772/6008130 | map: 3098 tracked, 1806 hot
[JIT] Stats: 65011712 sends, 4102 compiled, 2916317 failed, 16383/16384 KB code | IC: 8685366/11034282 (78% hit, 83586 patched, 0 stale) | J2J-r: 0/0 J2J-a: 5873749/10252476 J2J-d: 88337 J2J-s: 1755586/6019170 | map: 3096 tracked, 1806 hot
[JIT] Stats: 65077248 sends, 4102 compiled, 2916551 failed, 16383/16384 KB code | IC: 8693116/11046735 (78% hit, 83587 patched, 0 stale) | J2J-r: 0/0 J2J-a: 5878795/10263751 J2J-d: 88338 J2J-s: 1760398/6030211 | map: 3096 tracked, 1806 hot
[JIT] Stats: 65142784 sends, 4102 compiled, 2916793 failed, 16383/16384 KB code | IC: 8700873/11059192 (78% hit, 83587 patched, 0 stale) | J2J-r: 0/0 J2J-a: 5883846/10275024 J2J-d: 88338 J2J-s: 1765207/6041242 | map: 3096 tracked, 1806 hot
[JIT] Stats: 65208320 sends, 4102 compiled, 2917029 failed, 16383/16384 KB code | IC: 8708624/11071643 (78% hit, 83588 patched, 0 stale) | J2J-r: 0/0 J2J-a: 5888893/10286298 J2J-d: 88338 J2J-s: 1770017/6052279 | map: 3098 tracked, 1806 hot
[JIT] Stats: 65273856 sends, 4102 compiled, 2917261 failed, 16383/16384 KB code | IC: 8716374/11084097 (78% hit, 83588 patched, 0 stale) | J2J-r: 0/0 J2J-a: 5893941/10297576 J2J-d: 88338 J2J-s: 1774833/6063325 | map: 3098 tracked, 1806 hot
[JIT] Stats: 65339392 sends, 4102 compiled, 2917500 failed, 16383/16384 KB code | IC: 8724122/11096561 (78% hit, 83607 patched, 0 stale) | J2J-r: 0/0 J2J-a: 5898998/10308860 J2J-d: 88350 J2J-s: 1779645/6074364 | map: 3096 tracked, 1806 hot
[JIT] Stats: 65404928 sends, 4102 compiled, 2917734 failed, 16383/16384 KB code | IC: 8731871/11109012 (78% hit, 83608 patched, 0 stale) | J2J-r: 0/0 J2J-a: 5904045/10320133 J2J-d: 88351 J2J-s: 1784458/6085403 | map: 3096 tracked, 1806 hot
[JIT] Stats: 65470464 sends, 4102 compiled, 2917968 failed, 16383/16384 KB code | IC: 8739624/11121465 (78% hit, 83608 patched, 0 stale) | J2J-r: 0/0 J2J-a: 5909093/10331413 J2J-d: 88351 J2J-s: 1789272/6096449 | map: 3096 tracked, 1806 hot
[JIT] Stats: 65536000 sends, 4102 compiled, 2918202 failed, 16383/16384 KB code | IC: 8747373/11133917 (78% hit, 83608 patched, 0 stale) | J2J-r: 0/0 J2J-a: 5914141/10342687 J2J-d: 88351 J2J-s: 1794086/6107489 | map: 3096 tracked, 1806 hot
[JIT] Stats: 65601536 sends, 4102 compiled, 2918443 failed, 16383/16384 KB code | IC: 8755123/11146378 (78% hit, 83627 patched, 0 stale) | J2J-r: 0/0 J2J-a: 5919197/10353970 J2J-d: 88363 J2J-s: 1798895/6118525 | map: 3096 tracked, 1806 hot
[JIT] Stats: 65667072 sends, 4102 compiled, 2918677 failed, 16383/16384 KB code | IC: 8762876/11158832 (78% hit, 83629 patched, 0 stale) | J2J-r: 0/0 J2J-a: 5924247/10365251 J2J-d: 88364 J2J-s: 1803710/6129571 | map: 3098 tracked, 1806 hot
[JIT] Stats: 65732608 sends, 4102 compiled, 2918909 failed, 16383/16384 KB code | IC: 8770624/11171288 (78% hit, 83629 patched, 0 stale) | J2J-r: 0/0 J2J-a: 5929294/10376526 J2J-d: 88364 J2J-s: 1808525/6140614 | map: 3098 tracked, 1806 hot
[JIT] Stats: 65798144 sends, 4102 compiled, 2919147 failed, 16383/16384 KB code | IC: 8778383/11183747 (78% hit, 83629 patched, 0 stale) | J2J-r: 0/0 J2J-a: 5934345/10387807 J2J-d: 88364 J2J-s: 1813338/6151657 | map: 3098 tracked, 1806 hot
[JIT] Stats: 65863680 sends, 4102 compiled, 2919385 failed, 16383/16384 KB code | IC: 8786141/11196201 (78% hit, 83629 patched, 0 stale) | J2J-r: 0/0 J2J-a: 5939395/10399087 J2J-d: 88364 J2J-s: 1818150/6162699 | map: 3098 tracked, 1806 hot
[JIT] Stats: 65929216 sends, 4102 compiled, 2919616 failed, 16383/16384 KB code | IC: 8793878/11208656 (78% hit, 83649 patched, 0 stale) | J2J-r: 0/0 J2J-a: 5944447/10410365 J2J-d: 88377 J2J-s: 1822965/6173740 | map: 3096 tracked, 1806 hot
[JIT] Stats: 65994752 sends, 4102 compiled, 2919850 failed, 16383/16384 KB code | IC: 8801632/11221109 (78% hit, 83649 patched, 0 stale) | J2J-r: 0/0 J2J-a: 5949497/10421647 J2J-d: 88377 J2J-s: 1827781/6184788 | map: 3096 tracked, 1806 hot
[JIT] Stats: 66060288 sends, 4102 compiled, 2920092 failed, 16383/16384 KB code | IC: 8809387/11233563 (78% hit, 83650 patched, 0 stale) | J2J-r: 0/0 J2J-a: 5954546/10432917 J2J-d: 88377 J2J-s: 1832587/6195815 | map: 3098 tracked, 1806 hot
[JIT] Stats: 66125824 sends, 4102 compiled, 2920328 failed, 16383/16384 KB code | IC: 8817138/11246016 (78% hit, 83650 patched, 0 stale) | J2J-r: 0/0 J2J-a: 5959594/10444191 J2J-d: 88377 J2J-s: 1837399/6206853 | map: 3098 tracked, 1806 hot
[JIT] Stats: 66191360 sends, 4102 compiled, 2920565 failed, 16383/16384 KB code | IC: 8824885/11258474 (78% hit, 83669 patched, 0 stale) | J2J-r: 0/0 J2J-a: 5964649/10455476 J2J-d: 88389 J2J-s: 1842211/6217895 | map: 3096 tracked, 1806 hot
[JIT] Stats: 66256896 sends, 4102 compiled, 2920795 failed, 16383/16384 KB code | IC: 8832632/11270928 (78% hit, 83670 patched, 0 stale) | J2J-r: 0/0 J2J-a: 5969695/10466752 J2J-d: 88390 J2J-s: 1847027/6228941 | map: 3096 tracked, 1806 hot
[JIT] Stats: 66322432 sends, 4102 compiled, 2921037 failed, 16383/16384 KB code | IC: 8840391/11283385 (78% hit, 83670 patched, 0 stale) | J2J-r: 0/0 J2J-a: 5974746/10478028 J2J-d: 88390 J2J-s: 1851836/6239975 | map: 3096 tracked, 1806 hot
[JIT] Stats: 66387968 sends, 4102 compiled, 2921273 failed, 16383/16384 KB code | IC: 8848145/11295840 (78% hit, 83670 patched, 0 stale) | J2J-r: 0/0 J2J-a: 5979796/10489305 J2J-d: 88390 J2J-s: 1856650/6251016 | map: 3096 tracked, 1806 hot
[JIT] Stats: 66453504 sends, 4102 compiled, 2921509 failed, 16383/16384 KB code | IC: 8855899/11308294 (78% hit, 83671 patched, 0 stale) | J2J-r: 0/0 J2J-a: 5984846/10500586 J2J-d: 88390 J2J-s: 1861463/6262060 | map: 3098 tracked, 1806 hot
[JIT] Stats: 66519040 sends, 4102 compiled, 2921750 failed, 16383/16384 KB code | IC: 8863651/11320753 (78% hit, 83690 patched, 0 stale) | J2J-r: 0/0 J2J-a: 5989903/10511870 J2J-d: 88402 J2J-s: 1866273/6273097 | map: 3096 tracked, 1806 hot
[JIT] Stats: 66584576 sends, 4102 compiled, 2921990 failed, 16383/16384 KB code | IC: 8871411/11333218 (78% hit, 83691 patched, 0 stale) | J2J-r: 0/0 J2J-a: 5994956/10523152 J2J-d: 88403 J2J-s: 1871086/6284139 | map: 3096 tracked, 1806 hot
[JIT] Stats: 66650112 sends, 4102 compiled, 2922216 failed, 16383/16384 KB code | IC: 8879152/11345667 (78% hit, 83691 patched, 0 stale) | J2J-r: 0/0 J2J-a: 6000001/10534426 J2J-d: 88403 J2J-s: 1875905/6295187 | map: 3096 tracked, 1806 hot
[JIT] Stats: 66715648 sends, 4102 compiled, 2922452 failed, 16383/16384 KB code | IC: 8886908/11358123 (78% hit, 83691 patched, 0 stale) | J2J-r: 0/0 J2J-a: 6005051/10545707 J2J-d: 88403 J2J-s: 1880719/6306232 | map: 3096 tracked, 1806 hot
[JIT] Stats: 66781184 sends, 4102 compiled, 2922689 failed, 16383/16384 KB code | IC: 8894245/11370581 (78% hit, 83711 patched, 0 stale) | J2J-r: 0/0 J2J-a: 6010105/10556990 J2J-d: 88416 J2J-s: 1885530/6317272 | map: 3096 tracked, 1806 hot
[JIT] Stats: 66846720 sends, 4102 compiled, 2922927 failed, 16383/16384 KB code | IC: 8900829/11383046 (78% hit, 83711 patched, 0 stale) | J2J-r: 0/0 J2J-a: 6015156/10568269 J2J-d: 88416 J2J-s: 1890343/6328313 | map: 3096 tracked, 1806 hot
[JIT] Stats: 66912256 sends, 4102 compiled, 2923163 failed, 16383/16384 KB code | IC: 8907410/11395499 (78% hit, 83712 patched, 0 stale) | J2J-r: 0/0 J2J-a: 6020206/10579545 J2J-d: 88416 J2J-s: 1895156/6339352 | map: 3098 tracked, 1806 hot
[JIT] Stats: 66977792 sends, 4102 compiled, 2923392 failed, 16383/16384 KB code | IC: 8913986/11407951 (78% hit, 83712 patched, 0 stale) | J2J-r: 0/0 J2J-a: 6025253/10590824 J2J-d: 88416 J2J-s: 1899973/6350401 | map: 3098 tracked, 1806 hot
[JIT] Stats: 67043328 sends, 4102 compiled, 2923633 failed, 16383/16384 KB code | IC: 8920568/11420409 (78% hit, 83712 patched, 0 stale) | J2J-r: 0/0 J2J-a: 6030302/10602094 J2J-d: 88416 J2J-s: 1904782/6361431 | map: 3098 tracked, 1806 hot
[JIT] Stats: 67108864 sends, 4102 compiled, 2923870 failed, 16383/16384 KB code | IC: 8928149/11432870 (78% hit, 83732 patched, 0 stale) | J2J-r: 0/0 J2J-a: 6035356/10613383 J2J-d: 88429 J2J-s: 1909593/6372477 | map: 3096 tracked, 1806 hot
[JIT] Stats: 67174400 sends, 4102 compiled, 2924102 failed, 16383/16384 KB code | IC: 8935900/11445325 (78% hit, 83732 patched, 0 stale) | J2J-r: 0/0 J2J-a: 6040405/10624663 J2J-d: 88429 J2J-s: 1914410/6383525 | map: 3096 tracked, 1806 hot
[JIT] Stats: 67239936 sends, 4102 compiled, 2924336 failed, 16383/16384 KB code | IC: 8943655/11457783 (78% hit, 83732 patched, 0 stale) | J2J-r: 0/0 J2J-a: 6045455/10635946 J2J-d: 88429 J2J-s: 1919226/6394574 | map: 3096 tracked, 1806 hot
[JIT] Stats: 67305472 sends, 4102 compiled, 2924576 failed, 16383/16384 KB code | IC: 8951408/11470237 (78% hit, 83733 patched, 0 stale) | J2J-r: 0/0 J2J-a: 6050505/10647218 J2J-d: 88429 J2J-s: 1924035/6405605 | map: 3098 tracked, 1806 hot
[JIT] Stats: 67371008 sends, 4102 compiled, 2924809 failed, 16383/16384 KB code | IC: 8959151/11482693 (78% hit, 83752 patched, 0 stale) | J2J-r: 0/0 J2J-a: 6055558/10658502 J2J-d: 88441 J2J-s: 1928849/6416650 | map: 3096 tracked, 1806 hot
[JIT] Stats: 67436544 sends, 4102 compiled, 2925053 failed, 16383/16384 KB code | IC: 8966912/11495154 (78% hit, 83752 patched, 0 stale) | J2J-r: 0/0 J2J-a: 6060611/10669778 J2J-d: 88441 J2J-s: 1933658/6427682 | map: 3096 tracked, 1806 hot
[JIT] Stats: 67502080 sends, 4102 compiled, 2925291 failed, 16383/16384 KB code | IC: 8974671/11507611 (77% hit, 83753 patched, 0 stale) | J2J-r: 0/0 J2J-a: 6065661/10681059 J2J-d: 88442 J2J-s: 1938470/6438725 | map: 3096 tracked, 1806 hot
[DIAG] P40 RGEnvironmentBackend>>pvtSubject ip=43 fd=25
[DIAG]   [-1] RGTraitAlias>>subject
[DIAG]   [-2] RGTraitAlias>>trait
[DIAG]   [-3] RGTraitAlias>>trait
[DIAG]   [-4] RGTraitAlias>>trait
[DIAG]   [-5] RGTraitAlias>>trait
[DIAG]   [-6] RGTraitAlias>>trait
[DIAG]   [-7] RGTraitAlias>>trait
[DIAG]   [-8] RGTraitAlias>>trait
[DIAG]   [-9] RGTraitAlias>>trait
[DIAG]   [-10] RGTraitAlias>>trait
[DIAG]   [-11] RGTraitAlias>>trait
[DIAG]   [-12] RGTraitAlias>>trait
[DIAG]   [-13] RGTraitAlias>>trait
[DIAG]   [-14] RGTraitAlias>>trait
[DIAG]   [-15] RGTraitAlias>>trait
[DIAG]   [-16] RGTraitAlias>>trait
[DIAG]   [-17] RGTraitAlias>>trait
[DIAG]   [-18] RGTraitAlias>>trait
[DIAG]   [-19] RGTraitAlias>>trait
[DIAG]   [-20] RGTraitAlias>>trait
[DIAG-TIMER] usecArmed=1 msArmed=0 timerWasArmed=1 timerSem=set lastSignal=0s ago nextUsec=0xe0f4a07b72651 nextMs=0
[DIAG-TIMER] wakeup delta=330907 usec (0.331 sec)
[DIAG-QUEUE] P80 proc=0x3037f62a8 susp=SUnitRunner class>>ifFalse:
[DIAG-QUEUE] P60 proc=0x307a21ad8 susp=SUnitRunner class>>ifFalse:
[DIAG-QUEUE] P10 proc=0x303e55370 susp=ProcessorScheduler class>>idleProcess
[JIT] Stats: 67567616 sends, 4102 compiled, 2925525 failed, 16383/16384 KB code | IC: 8982425/11520074 (77% hit, 83753 patched, 0 stale) | J2J-r: 0/0 J2J-a: 6070712/10692339 J2J-d: 88442 J2J-s: 1943287/6449771 | map: 3096 tracked, 1806 hot
[JIT] Stats: 67633152 sends, 4102 compiled, 2925759 failed, 16383/16384 KB code | IC: 8990178/11532527 (77% hit, 83753 patched, 0 stale) | J2J-r: 0/0 J2J-a: 6075761/10703621 J2J-d: 88442 J2J-s: 1948102/6460819 | map: 3096 tracked, 1806 hot
[PROGRESS] 40s: ~1627717088 steps
[JIT] Stats: 67698688 sends, 4102 compiled, 2926000 failed, 16383/16384 KB code | IC: 8997926/11544990 (77% hit, 83774 patched, 0 stale) | J2J-r: 0/0 J2J-a: 6080818/10714904 J2J-d: 88455 J2J-s: 1952911/6471854 | map: 3098 tracked, 1806 hot
[JIT] Stats: 67764224 sends, 4102 compiled, 2926230 failed, 16383/16384 KB code | IC: 9005674/11557449 (77% hit, 83774 patched, 0 stale) | J2J-r: 0/0 J2J-a: 6085865/10726182 J2J-d: 88455 J2J-s: 1957728/6482902 | map: 3098 tracked, 1806 hot
[JIT] Stats: 67829760 sends, 4102 compiled, 2926470 failed, 16383/16384 KB code | IC: 9013431/11569905 (77% hit, 83774 patched, 0 stale) | J2J-r: 0/0 J2J-a: 6090916/10737459 J2J-d: 88455 J2J-s: 1962539/6493939 | map: 3098 tracked, 1806 hot
[JIT] Stats: 67895296 sends, 4102 compiled, 2926708 failed, 16383/16384 KB code | IC: 9021188/11582362 (77% hit, 83774 patched, 0 stale) | J2J-r: 0/0 J2J-a: 6095966/10748737 J2J-d: 88455 J2J-s: 1967351/6504979 | map: 3098 tracked, 1806 hot
[JIT] Stats: 67960832 sends, 4102 compiled, 2926945 failed, 16383/16384 KB code | IC: 9028930/11594820 (77% hit, 83793 patched, 0 stale) | J2J-r: 0/0 J2J-a: 6101020/10760016 J2J-d: 88467 J2J-s: 1972162/6516015 | map: 3096 tracked, 1806 hot
[JIT] Stats: 68026368 sends, 4102 compiled, 2927189 failed, 16383/16384 KB code | IC: 9036688/11607277 (77% hit, 83794 patched, 0 stale) | J2J-r: 0/0 J2J-a: 6106069/10771288 J2J-d: 88468 J2J-s: 1976967/6527043 | map: 3096 tracked, 1806 hot
[JIT] Stats: 68091904 sends, 4102 compiled, 2927431 failed, 16383/16384 KB code | IC: 9044448/11619739 (77% hit, 83795 patched, 0 stale) | J2J-r: 0/0 J2J-a: 6111122/10782566 J2J-d: 88468 J2J-s: 1981777/6538078 | map: 3098 tracked, 1806 hot
[JIT] Stats: 68157440 sends, 4102 compiled, 2927665 failed, 16383/16384 KB code | IC: 9052194/11632190 (77% hit, 83795 patched, 0 stale) | J2J-r: 0/0 J2J-a: 6116168/10793834 J2J-d: 88468 J2J-s: 1986589/6549112 | map: 3098 tracked, 1806 hot
[JIT] Stats: 68222976 sends, 4102 compiled, 2927897 failed, 16383/16384 KB code | IC: 9059946/11644642 (77% hit, 83795 patched, 0 stale) | J2J-r: 0/0 J2J-a: 6121215/10805115 J2J-d: 88468 J2J-s: 1991404/6560161 | map: 3098 tracked, 1806 hot
[JIT] Stats: 68288512 sends, 4102 compiled, 2928130 failed, 16383/16384 KB code | IC: 9067683/11657097 (77% hit, 83815 patched, 0 stale) | J2J-r: 0/0 J2J-a: 6126267/10816390 J2J-d: 88481 J2J-s: 1996217/6571197 | map: 3096 tracked, 1806 hot
[JIT] Stats: 68354048 sends, 4102 compiled, 2928370 failed, 16383/16384 KB code | IC: 9075443/11669558 (77% hit, 83815 patched, 0 stale) | J2J-r: 0/0 J2J-a: 6131319/10827673 J2J-d: 88481 J2J-s: 2001029/6582240 | map: 3096 tracked, 1806 hot
[JIT] Stats: 68419584 sends, 4102 compiled, 2928610 failed, 16383/16384 KB code | IC: 9083203/11682021 (77% hit, 83815 patched, 0 stale) | J2J-r: 0/0 J2J-a: 6136371/10838954 J2J-d: 88481 J2J-s: 2005841/6593281 | map: 3096 tracked, 1806 hot
[JIT] Stats: 68485120 sends, 4102 compiled, 2928840 failed, 16383/16384 KB code | IC: 9090953/11694474 (77% hit, 83815 patched, 0 stale) | J2J-r: 0/0 J2J-a: 6141419/10850232 J2J-d: 88481 J2J-s: 2010658/6604328 | map: 3096 tracked, 1806 hot
[JIT] Stats: 68550656 sends, 4102 compiled, 2929079 failed, 16383/16384 KB code | IC: 9098696/11706929 (77% hit, 83835 patched, 0 stale) | J2J-r: 0/0 J2J-a: 6146472/10861512 J2J-d: 88493 J2J-s: 2015466/6615363 | map: 3096 tracked, 1806 hot
[JIT] Stats: 68616192 sends, 4102 compiled, 2929315 failed, 16383/16384 KB code | IC: 9106451/11719383 (77% hit, 83836 patched, 0 stale) | J2J-r: 0/0 J2J-a: 6151521/10872790 J2J-d: 88494 J2J-s: 2020279/6626405 | map: 3096 tracked, 1806 hot
[JIT] Stats: 68681728 sends, 4102 compiled, 2929549 failed, 16383/16384 KB code | IC: 9114201/11731835 (77% hit, 83836 patched, 0 stale) | J2J-r: 0/0 J2J-a: 6156568/10884065 J2J-d: 88494 J2J-s: 2025092/6637446 | map: 3096 tracked, 1806 hot
[JIT] Stats: 68747264 sends, 4102 compiled, 2929789 failed, 16383/16384 KB code | IC: 9121957/11744291 (77% hit, 83836 patched, 0 stale) | J2J-r: 0/0 J2J-a: 6161619/10895340 J2J-d: 88494 J2J-s: 2029903/6648481 | map: 3096 tracked, 1806 hot
[JIT] Stats: 68812800 sends, 4102 compiled, 2930027 failed, 16383/16384 KB code | IC: 9129715/11756750 (77% hit, 83836 patched, 0 stale) | J2J-r: 0/0 J2J-a: 6166669/10906619 J2J-d: 88494 J2J-s: 2034715/6659522 | map: 3096 tracked, 1806 hot
[JIT] Stats: 68878336 sends, 4102 compiled, 2930264 failed, 16383/16384 KB code | IC: 9137460/11769210 (77% hit, 83856 patched, 0 stale) | J2J-r: 0/0 J2J-a: 6171725/10917904 J2J-d: 88507 J2J-s: 2039528/6670564 | map: 3096 tracked, 1806 hot
[JIT] Stats: 68943872 sends, 4102 compiled, 2930504 failed, 16383/16384 KB code | IC: 9145219/11781663 (77% hit, 83857 patched, 0 stale) | J2J-r: 0/0 J2J-a: 6176776/10929181 J2J-d: 88507 J2J-s: 2044338/6681600 | map: 3098 tracked, 1806 hot
[JIT] Stats: 69009408 sends, 4102 compiled, 2930741 failed, 16383/16384 KB code | IC: 9152973/11794119 (77% hit, 83857 patched, 0 stale) | J2J-r: 0/0 J2J-a: 6181826/10940458 J2J-d: 88507 J2J-s: 2049150/6692639 | map: 3098 tracked, 1806 hot
[JIT] Stats: 69074944 sends, 4102 compiled, 2930970 failed, 16383/16384 KB code | IC: 9160715/11806567 (77% hit, 83857 patched, 0 stale) | J2J-r: 0/0 J2J-a: 6186870/10951730 J2J-d: 88507 J2J-s: 2053966/6703683 | map: 3098 tracked, 1806 hot
[JIT] Stats: 69140480 sends, 4102 compiled, 2931209 failed, 16383/16384 KB code | IC: 9168464/11819028 (77% hit, 83876 patched, 0 stale) | J2J-r: 0/0 J2J-a: 6191925/10963014 J2J-d: 88519 J2J-s: 2058776/6714722 | map: 3096 tracked, 1806 hot
[JIT] Stats: 69206016 sends, 4102 compiled, 2931439 failed, 16383/16384 KB code | IC: 9176212/11831487 (77% hit, 83877 patched, 0 stale) | J2J-r: 0/0 J2J-a: 6196973/10974293 J2J-d: 88520 J2J-s: 2063594/6725771 | map: 3096 tracked, 1806 hot
[JIT] Stats: 69271552 sends, 4102 compiled, 2931675 failed, 16383/16384 KB code | IC: 9183969/11843948 (77% hit, 83877 patched, 0 stale) | J2J-r: 0/0 J2J-a: 6202024/10985577 J2J-d: 88520 J2J-s: 2068409/6736819 | map: 3096 tracked, 1806 hot
[JIT] Stats: 69337088 sends, 4102 compiled, 2931915 failed, 16383/16384 KB code | IC: 9191725/11856401 (77% hit, 83878 patched, 0 stale) | J2J-r: 0/0 J2J-a: 6207075/10996850 J2J-d: 88520 J2J-s: 2073219/6747851 | map: 3098 tracked, 1806 hot
[JIT] Stats: 69402624 sends, 4102 compiled, 2932151 failed, 16383/16384 KB code | IC: 9199473/11868851 (77% hit, 83878 patched, 0 stale) | J2J-r: 0/0 J2J-a: 6212121/11008117 J2J-d: 88520 J2J-s: 2078029/6758882 | map: 3098 tracked, 1806 hot
[JIT] Stats: 69468160 sends, 4102 compiled, 2932388 failed, 16383/16384 KB code | IC: 9207220/11881314 (77% hit, 83898 patched, 0 stale) | J2J-r: 0/0 J2J-a: 6217176/11019404 J2J-d: 88533 J2J-s: 2082841/6769926 | map: 3096 tracked, 1806 hot
[JIT] Stats: 69533696 sends, 4102 compiled, 2932620 failed, 16383/16384 KB code | IC: 9214971/11893767 (77% hit, 83898 patched, 0 stale) | J2J-r: 0/0 J2J-a: 6222224/11030685 J2J-d: 88533 J2J-s: 2087657/6780975 | map: 3096 tracked, 1806 hot
[JIT] Stats: 69599232 sends, 4102 compiled, 2932858 failed, 16383/16384 KB code | IC: 9222729/11906226 (77% hit, 83898 patched, 0 stale) | J2J-r: 0/0 J2J-a: 6227276/11041966 J2J-d: 88533 J2J-s: 2092471/6792018 | map: 3096 tracked, 1806 hot
[JIT] Stats: 69664768 sends, 4102 compiled, 2933092 failed, 16383/16384 KB code | IC: 9230483/11918682 (77% hit, 83898 patched, 0 stale) | J2J-r: 0/0 J2J-a: 6232324/11053246 J2J-d: 88533 J2J-s: 2097285/6803064 | map: 3096 tracked, 1806 hot
[JIT] Stats: 69730304 sends, 4102 compiled, 2933327 failed, 16383/16384 KB code | IC: 9238226/11931139 (77% hit, 83918 patched, 0 stale) | J2J-r: 0/0 J2J-a: 6237378/11064529 J2J-d: 88545 J2J-s: 2102097/6814105 | map: 3098 tracked, 1806 hot
[JIT] Stats: 69795840 sends, 4102 compiled, 2933567 failed, 16383/16384 KB code | IC: 9245982/11943597 (77% hit, 83919 patched, 0 stale) | J2J-r: 0/0 J2J-a: 6242429/11075806 J2J-d: 88546 J2J-s: 2106908/6825142 | map: 3098 tracked, 1806 hot
[JIT] Stats: 69861376 sends, 4102 compiled, 2933805 failed, 16383/16384 KB code | IC: 9253739/11956050 (77% hit, 83919 patched, 0 stale) | J2J-r: 0/0 J2J-a: 6247479/11087084 J2J-d: 88546 J2J-s: 2111720/6836182 | map: 3098 tracked, 1806 hot
[JIT] Stats: 69926912 sends, 4102 compiled, 2934037 failed, 16383/16384 KB code | IC: 9261488/11968502 (77% hit, 83919 patched, 0 stale) | J2J-r: 0/0 J2J-a: 6252526/11098362 J2J-d: 88546 J2J-s: 2116535/6847228 | map: 3098 tracked, 1806 hot
[JIT] Stats: 69992448 sends, 4102 compiled, 2934269 failed, 16383/16384 KB code | IC: 9269240/11980955 (77% hit, 83919 patched, 0 stale) | J2J-r: 0/0 J2J-a: 6257574/11109644 J2J-d: 88546 J2J-s: 2121351/6858278 | map: 3098 tracked, 1806 hot
[JIT] Stats: 70057984 sends, 4102 compiled, 2934510 failed, 16383/16384 KB code | IC: 9276991/11993416 (77% hit, 83939 patched, 0 stale) | J2J-r: 0/0 J2J-a: 6262630/11120927 J2J-d: 88559 J2J-s: 2126160/6869314 | map: 3096 tracked, 1806 hot
[JIT] Stats: 70123520 sends, 4102 compiled, 2934744 failed, 16383/16384 KB code | IC: 9284743/12005874 (77% hit, 83939 patched, 0 stale) | J2J-r: 0/0 J2J-a: 6267680/11132205 J2J-d: 88559 J2J-s: 2130976/6880358 | map: 3096 tracked, 1806 hot
[JIT] Stats: 70189056 sends, 4102 compiled, 2934982 failed, 16383/16384 KB code | IC: 9292496/12018326 (77% hit, 83940 patched, 0 stale) | J2J-r: 0/0 J2J-a: 6272729/11143479 J2J-d: 88559 J2J-s: 2135786/6891393 | map: 3098 tracked, 1806 hot
[JIT] Stats: 70254592 sends, 4102 compiled, 2935215 failed, 16383/16384 KB code | IC: 9300249/12030780 (77% hit, 83940 patched, 0 stale) | J2J-r: 0/0 J2J-a: 6277777/11154759 J2J-d: 88559 J2J-s: 2140600/6902439 | map: 3098 tracked, 1806 hot
[JIT] Stats: 70320128 sends, 4102 compiled, 2935455 failed, 16383/16384 KB code | IC: 9307994/12043242 (77% hit, 83959 patched, 0 stale) | J2J-r: 0/0 J2J-a: 6282832/11166040 J2J-d: 88571 J2J-s: 2145410/6913475 | map: 3096 tracked, 1806 hot
[JIT] Stats: 70385664 sends, 4102 compiled, 2935693 failed, 16383/16384 KB code | IC: 9315754/12055701 (77% hit, 83960 patched, 0 stale) | J2J-r: 0/0 J2J-a: 6287883/11177320 J2J-d: 88572 J2J-s: 2150223/6924517 | map: 3096 tracked, 1806 hot
[JIT] Stats: 70451200 sends, 4102 compiled, 2935927 failed, 16383/16384 KB code | IC: 9323504/12068157 (77% hit, 83960 patched, 0 stale) | J2J-r: 0/0 J2J-a: 6292931/11188597 J2J-d: 88572 J2J-s: 2155037/6935560 | map: 3096 tracked, 1806 hot
[JIT] Stats: 70516736 sends, 4102 compiled, 2936161 failed, 16383/16384 KB code | IC: 9331259/12080614 (77% hit, 83960 patched, 0 stale) | J2J-r: 0/0 J2J-a: 6297981/11199879 J2J-d: 88572 J2J-s: 2159853/6946608 | map: 3096 tracked, 1806 hot
[JIT] Stats: 70582272 sends, 4102 compiled, 2936403 failed, 16383/16384 KB code | IC: 9339020/12093075 (77% hit, 83961 patched, 0 stale) | J2J-r: 0/0 J2J-a: 6303034/11211160 J2J-d: 88572 J2J-s: 2164663/6957646 | map: 3098 tracked, 1806 hot
[JIT] Stats: 70647808 sends, 4102 compiled, 2936638 failed, 16383/16384 KB code | IC: 9346760/12105532 (77% hit, 83981 patched, 0 stale) | J2J-r: 0/0 J2J-a: 6308087/11222436 J2J-d: 88585 J2J-s: 2169475/6968681 | map: 3096 tracked, 1806 hot
[JIT] Stats: 70713344 sends, 4102 compiled, 2936874 failed, 16383/16384 KB code | IC: 9354512/12117985 (77% hit, 83981 patched, 0 stale) | J2J-r: 0/0 J2J-a: 6313135/11233711 J2J-d: 88585 J2J-s: 2174287/6979720 | map: 3096 tracked, 1806 hot
[JIT] Stats: 70778880 sends, 4102 compiled, 2937112 failed, 16383/16384 KB code | IC: 9362270/12130441 (77% hit, 83981 patched, 0 stale) | J2J-r: 0/0 J2J-a: 6318186/11244992 J2J-d: 88585 J2J-s: 2179100/6990763 | map: 3096 tracked, 1806 hot
[JIT] Stats: 70844416 sends, 4102 compiled, 2937338 failed, 16383/16384 KB code | IC: 9370010/12142891 (77% hit, 83981 patched, 0 stale) | J2J-r: 0/0 J2J-a: 6323231/11256265 J2J-d: 88585 J2J-s: 2183919/7001810 | map: 3096 tracked, 1806 hot
[JIT] Stats: 70909952 sends, 4102 compiled, 2937577 failed, 16383/16384 KB code | IC: 9377757/12155349 (77% hit, 84001 patched, 0 stale) | J2J-r: 0/0 J2J-a: 6328286/11267547 J2J-d: 88598 J2J-s: 2188729/7012847 | map: 3096 tracked, 1806 hot
[JIT] Stats: 70975488 sends, 4102 compiled, 2937817 failed, 16383/16384 KB code | IC: 9385516/12167813 (77% hit, 84002 patched, 0 stale) | J2J-r: 0/0 J2J-a: 6333339/11278825 J2J-d: 88598 J2J-s: 2193541/7023884 | map: 3098 tracked, 1806 hot
[JIT] Stats: 71041024 sends, 4102 compiled, 2938051 failed, 16383/16384 KB code | IC: 9393269/12180266 (77% hit, 84002 patched, 0 stale) | J2J-r: 0/0 J2J-a: 6338389/11290106 J2J-d: 88598 J2J-s: 2198357/7034931 | map: 3098 tracked, 1806 hot
[JIT] Stats: 71106560 sends, 4102 compiled, 2938289 failed, 16383/16384 KB code | IC: 9401026/12192723 (77% hit, 84002 patched, 0 stale) | J2J-r: 0/0 J2J-a: 6343439/11301385 J2J-d: 88598 J2J-s: 2203169/7045972 | map: 3098 tracked, 1806 hot
[JIT] Stats: 71172096 sends, 4102 compiled, 2938523 failed, 16383/16384 KB code | IC: 9408780/12205183 (77% hit, 84002 patched, 0 stale) | J2J-r: 0/0 J2J-a: 6348488/11312663 J2J-d: 88598 J2J-s: 2207984/7057016 | map: 3098 tracked, 1806 hot
[JIT] Stats: 71237632 sends, 4102 compiled, 2938762 failed, 16383/16384 KB code | IC: 9416521/12217640 (77% hit, 84022 patched, 0 stale) | J2J-r: 0/0 J2J-a: 6353540/11323938 J2J-d: 88611 J2J-s: 2212791/7068046 | map: 3096 tracked, 1806 hot
[JIT] Stats: 71303168 sends, 4102 compiled, 2938996 failed, 16383/16384 KB code | IC: 9424273/12230099 (77% hit, 84022 patched, 0 stale) | J2J-r: 0/0 J2J-a: 6358590/11335218 J2J-d: 88611 J2J-s: 2217607/7079092 | map: 3096 tracked, 1806 hot
[JIT] Stats: 71368704 sends, 4102 compiled, 2939229 failed, 16383/16384 KB code | IC: 9432026/12242556 (77% hit, 84022 patched, 0 stale) | J2J-r: 0/0 J2J-a: 6363639/11346499 J2J-d: 88611 J2J-s: 2222422/7090139 | map: 3096 tracked, 1806 hot
[JIT] Stats: 71434240 sends, 4102 compiled, 2939468 failed, 16383/16384 KB code | IC: 9439782/12255015 (77% hit, 84023 patched, 0 stale) | J2J-r: 0/0 J2J-a: 6368689/11357777 J2J-d: 88611 J2J-s: 2227233/7101178 | map: 3098 tracked, 1806 hot
[JIT] Stats: 71499776 sends, 4102 compiled, 2939703 failed, 16383/16384 KB code | IC: 9447526/12267477 (77% hit, 84042 patched, 0 stale) | J2J-r: 0/0 J2J-a: 6373744/11369058 J2J-d: 88623 J2J-s: 2232047/7112218 | map: 3096 tracked, 1806 hot
[JIT] Stats: 71565312 sends, 4102 compiled, 2939933 failed, 16383/16384 KB code | IC: 9455273/12279936 (76% hit, 84043 patched, 0 stale) | J2J-r: 0/0 J2J-a: 6378792/11380336 J2J-d: 88624 J2J-s: 2236865/7123266 | map: 3096 tracked, 1806 hot
[JIT] Stats: 71630848 sends, 4102 compiled, 2940169 failed, 16383/16384 KB code | IC: 9463029/12292396 (76% hit, 84043 patched, 0 stale) | J2J-r: 0/0 J2J-a: 6383842/11391619 J2J-d: 88624 J2J-s: 2241679/7134313 | map: 3096 tracked, 1806 hot
[DIAG] P40 RGTraitComposition>>ifNil: ip=89 fd=33
[DIAG]   [-1] RGTraitComposition>>propertyNamed:ifAbsent:
[DIAG]   [-2] RGTraitComposition>>environment
[DIAG]   [-3] RGTraitAlias>>environment
[DIAG]   [-4] RGTraitAlias>>?
[DIAG]   [-5] IdentityDictionary>>at:ifAbsent:
[DIAG]   [-6] RGTraitAlias>>propertyNamed:ifAbsent:
[DIAG]   [-7] RGTraitAlias>>environment
[DIAG]   [-8] RGTraitAlias>>backend
[DIAG]   [-9] RGTraitAlias>>subject
[DIAG]   [-10] RGTraitAlias>>trait
[DIAG]   [-11] RGTraitAlias>>trait
[DIAG]   [-12] RGTraitAlias>>trait
[DIAG]   [-13] RGTraitAlias>>trait
[DIAG]   [-14] RGTraitAlias>>trait
[DIAG]   [-15] RGTraitAlias>>trait
[DIAG]   [-16] RGTraitAlias>>trait
[DIAG]   [-17] RGTraitAlias>>trait
[DIAG]   [-18] RGTraitAlias>>trait
[DIAG]   [-19] RGTraitAlias>>trait
[DIAG]   [-20] RGTraitAlias>>trait
[DIAG-TIMER] usecArmed=1 msArmed=0 timerWasArmed=1 timerSem=set lastSignal=0s ago nextUsec=0xe0f4a084fc2fb nextMs=0
[DIAG-TIMER] wakeup delta=331799 usec (0.332 sec)
[DIAG-QUEUE] P80 proc=0x3037f62a8 susp=SUnitRunner class>>ifFalse:
[DIAG-QUEUE] P60 proc=0x307a21ad8 susp=SUnitRunner class>>ifFalse:
[DIAG-QUEUE] P10 proc=0x303e55370 susp=ProcessorScheduler class>>idleProcess
[JIT] Stats: 71696384 sends, 4102 compiled, 2940407 failed, 16383/16384 KB code | IC: 9470790/12304852 (76% hit, 84043 patched, 0 stale) | J2J-r: 0/0 J2J-a: 6388894/11402903 J2J-d: 88624 J2J-s: 2246493/7145359 | map: 3096 tracked, 1806 hot
[syncDisplay] displayFormReady_=false (call 1000), displayForm_ isNil=0
[JIT] Stats: 71761920 sends, 4102 compiled, 2940635 failed, 16383/16384 KB code | IC: 9478531/12317304 (76% hit, 84043 patched, 0 stale) | J2J-r: 0/0 J2J-a: 6393940/11414174 J2J-d: 88624 J2J-s: 2251311/7156402 | map: 3096 tracked, 1806 hot
[PROGRESS] 50s: ~1754657421 steps
[JIT] Stats: 71827456 sends, 4102 compiled, 2940870 failed, 16383/16384 KB code | IC: 9486272/12329757 (76% hit, 84064 patched, 0 stale) | J2J-r: 0/0 J2J-a: 6398993/11425453 J2J-d: 88637 J2J-s: 2256122/7167439 | map: 3098 tracked, 1806 hot
[JIT] Stats: 71892992 sends, 4102 compiled, 2941110 failed, 16383/16384 KB code | IC: 9494033/12342215 (76% hit, 84064 patched, 0 stale) | J2J-r: 0/0 J2J-a: 6404045/11436733 J2J-d: 88637 J2J-s: 2260934/7178479 | map: 3098 tracked, 1806 hot
[JIT] Stats: 71958528 sends, 4102 compiled, 2941336 failed, 16383/16384 KB code | IC: 9501773/12354665 (76% hit, 84064 patched, 0 stale) | J2J-r: 0/0 J2J-a: 6409090/11448007 J2J-d: 88637 J2J-s: 2265753/7189527 | map: 3098 tracked, 1806 hot
[JIT] Stats: 72024064 sends, 4102 compiled, 2941576 failed, 16383/16384 KB code | IC: 9509533/12367120 (76% hit, 84064 patched, 0 stale) | J2J-r: 0/0 J2J-a: 6414140/11459286 J2J-d: 88637 J2J-s: 2270563/7200566 | map: 3098 tracked, 1806 hot
[JIT] Stats: 72089600 sends, 4102 compiled, 2941817 failed, 16383/16384 KB code | IC: 9517282/12379579 (76% hit, 84084 patched, 0 stale) | J2J-r: 0/0 J2J-a: 6419196/11470569 J2J-d: 88650 J2J-s: 2275372/7211602 | map: 3096 tracked, 1806 hot
[JIT] Stats: 72155136 sends, 4102 compiled, 2942047 failed, 16383/16384 KB code | IC: 9525030/12392033 (76% hit, 84084 patched, 0 stale) | J2J-r: 0/0 J2J-a: 6424244/11481845 J2J-d: 88650 J2J-s: 2280190/7222648 | map: 3096 tracked, 1806 hot
[JIT] Stats: 72220672 sends, 4102 compiled, 2942287 failed, 16383/16384 KB code | IC: 9532788/12404493 (76% hit, 84085 patched, 0 stale) | J2J-r: 0/0 J2J-a: 6429295/11493124 J2J-d: 88650 J2J-s: 2285000/7233686 | map: 3098 tracked, 1806 hot
[JIT] Stats: 72286208 sends, 4102 compiled, 2942525 failed, 16383/16384 KB code | IC: 9540544/12416950 (76% hit, 84085 patched, 0 stale) | J2J-r: 0/0 J2J-a: 6434346/11504403 J2J-d: 88650 J2J-s: 2289813/7244727 | map: 3098 tracked, 1806 hot
[JIT] Stats: 72351744 sends, 4102 compiled, 2942763 failed, 16383/16384 KB code | IC: 9548294/12429402 (76% hit, 84085 patched, 0 stale) | J2J-r: 0/0 J2J-a: 6439392/11515672 J2J-d: 88650 J2J-s: 2294621/7255758 | map: 3098 tracked, 1806 hot
[JIT] Stats: 72417280 sends, 4102 compiled, 2942998 failed, 16383/16384 KB code | IC: 9556038/12441860 (76% hit, 84105 patched, 0 stale) | J2J-r: 0/0 J2J-a: 6444446/11526955 J2J-d: 88663 J2J-s: 2299434/7266800 | map: 3096 tracked, 1806 hot
[JIT] Stats: 72482816 sends, 4102 compiled, 2943232 failed, 16383/16384 KB code | IC: 9563790/12454320 (76% hit, 84105 patched, 0 stale) | J2J-r: 0/0 J2J-a: 6449495/11538233 J2J-d: 88663 J2J-s: 2304249/7277844 | map: 3096 tracked, 1806 hot
[JIT] Stats: 72548352 sends, 4102 compiled, 2943472 failed, 16383/16384 KB code | IC: 9571550/12466782 (76% hit, 84105 patched, 0 stale) | J2J-r: 0/0 J2J-a: 6454547/11549514 J2J-d: 88663 J2J-s: 2309061/7288885 | map: 3096 tracked, 1806 hot
[JIT] Stats: 72613888 sends, 4102 compiled, 2943718 failed, 16383/16384 KB code | IC: 9579315/12479244 (76% hit, 84106 patched, 0 stale) | J2J-r: 0/0 J2J-a: 6459601/11560794 J2J-d: 88663 J2J-s: 2313868/7299918 | map: 3098 tracked, 1806 hot
[JIT] Stats: 72679424 sends, 4102 compiled, 2943955 failed, 16383/16384 KB code | IC: 9587060/12491699 (76% hit, 84126 patched, 0 stale) | J2J-r: 0/0 J2J-a: 6464655/11572076 J2J-d: 88676 J2J-s: 2318679/7310957 | map: 3096 tracked, 1806 hot
[JIT] Stats: 72744960 sends, 4102 compiled, 2944187 failed, 16383/16384 KB code | IC: 9594812/12504156 (76% hit, 84126 patched, 0 stale) | J2J-r: 0/0 J2J-a: 6469705/11583359 J2J-d: 88676 J2J-s: 2323497/7322008 | map: 3096 tracked, 1806 hot
[JIT] Stats: 72810496 sends, 4102 compiled, 2944419 failed, 16383/16384 KB code | IC: 9602562/12516608 (76% hit, 84126 patched, 0 stale) | J2J-r: 0/0 J2J-a: 6474751/11594637 J2J-d: 88676 J2J-s: 2328311/7333054 | map: 3096 tracked, 1806 hot
[JIT] Stats: 72876032 sends, 4102 compiled, 2944651 failed, 16383/16384 KB code | IC: 9610311/12529061 (76% hit, 84126 patched, 0 stale) | J2J-r: 0/0 J2J-a: 6479799/11605913 J2J-d: 88676 J2J-s: 2333127/7344098 | map: 3096 tracked, 1806 hot
[JIT] Stats: 72941568 sends, 4102 compiled, 2944889 failed, 16383/16384 KB code | IC: 9618068/12541516 (76% hit, 84126 patched, 0 stale) | J2J-r: 0/0 J2J-a: 6484850/11617192 J2J-d: 88676 J2J-s: 2337940/7355139 | map: 3096 tracked, 1806 hot
[JIT] Stats: 73007104 sends, 4102 compiled, 2945132 failed, 16383/16384 KB code | IC: 9625824/12553981 (76% hit, 84146 patched, 0 stale) | J2J-r: 0/0 J2J-a: 6489909/11628481 J2J-d: 88689 J2J-s: 2342750/7366179 | map: 3096 tracked, 1806 hot
[JIT] Stats: 73072640 sends, 4102 compiled, 2945366 failed, 16383/16384 KB code | IC: 9633573/12566434 (76% hit, 84147 patched, 0 stale) | J2J-r: 0/0 J2J-a: 6494957/11639755 J2J-d: 88689 J2J-s: 2347563/7377218 | map: 3098 tracked, 1806 hot
[JIT] Stats: 73138176 sends, 4102 compiled, 2945602 failed, 16383/16384 KB code | IC: 9641328/12578896 (76% hit, 84147 patched, 0 stale) | J2J-r: 0/0 J2J-a: 6500007/11651035 J2J-d: 88689 J2J-s: 2352377/7388262 | map: 3098 tracked, 1806 hot
[JIT] Stats: 73203712 sends, 4102 compiled, 2945844 failed, 16383/16384 KB code | IC: 9649090/12591359 (76% hit, 84147 patched, 0 stale) | J2J-r: 0/0 J2J-a: 6505059/11662316 J2J-d: 88689 J2J-s: 2357187/7399301 | map: 3098 tracked, 1806 hot
[JIT] Stats: 73269248 sends, 4102 compiled, 2946077 failed, 16383/16384 KB code | IC: 9656831/12603819 (76% hit, 84166 patched, 0 stale) | J2J-r: 0/0 J2J-a: 6510112/11673596 J2J-d: 88701 J2J-s: 2362001/7410342 | map: 3096 tracked, 1806 hot
[JIT] Stats: 73334784 sends, 4102 compiled, 2946313 failed, 16383/16384 KB code | IC: 9664587/12616279 (76% hit, 84167 patched, 0 stale) | J2J-r: 0/0 J2J-a: 6515164/11684879 J2J-d: 88702 J2J-s: 2366817/7421389 | map: 3096 tracked, 1806 hot
[JIT] Stats: 73400320 sends, 4102 compiled, 2946551 failed, 16383/16384 KB code | IC: 9672341/12628731 (76% hit, 84167 patched, 0 stale) | J2J-r: 0/0 J2J-a: 6520212/11696153 J2J-d: 88702 J2J-s: 2371627/7432425 | map: 3096 tracked, 1806 hot
[JIT] Stats: 73465856 sends, 4102 compiled, 2946785 failed, 16383/16384 KB code | IC: 9680090/12641184 (76% hit, 84168 patched, 0 stale) | J2J-r: 0/0 J2J-a: 6525260/11707425 J2J-d: 88702 J2J-s: 2376440/7443462 | map: 3098 tracked, 1806 hot
[JIT] Stats: 73531392 sends, 4102 compiled, 2947021 failed, 16383/16384 KB code | IC: 9687846/12653642 (76% hit, 84168 patched, 0 stale) | J2J-r: 0/0 J2J-a: 6530311/11718707 J2J-d: 88702 J2J-s: 2381255/7454508 | map: 3098 tracked, 1806 hot
[JIT] Stats: 73596928 sends, 4102 compiled, 2947254 failed, 16383/16384 KB code | IC: 9695585/12666100 (76% hit, 84188 patched, 0 stale) | J2J-r: 0/0 J2J-a: 6535363/11729986 J2J-d: 88715 J2J-s: 2386068/7465548 | map: 3096 tracked, 1806 hot
[JIT] Stats: 73662464 sends, 4102 compiled, 2947490 failed, 16383/16384 KB code | IC: 9703340/12678557 (76% hit, 84188 patched, 0 stale) | J2J-r: 0/0 J2J-a: 6540413/11741266 J2J-d: 88715 J2J-s: 2390882/7476592 | map: 3096 tracked, 1806 hot
[JIT] Stats: 73728000 sends, 4102 compiled, 2947726 failed, 16383/16384 KB code | IC: 9711094/12691012 (76% hit, 84188 patched, 0 stale) | J2J-r: 0/0 J2J-a: 6545462/11752545 J2J-d: 88715 J2J-s: 2395695/7487635 | map: 3096 tracked, 1806 hot
[JIT] Stats: 73793536 sends, 4102 compiled, 2947962 failed, 16383/16384 KB code | IC: 9718849/12703467 (76% hit, 84188 patched, 0 stale) | J2J-r: 0/0 J2J-a: 6550513/11763823 J2J-d: 88715 J2J-s: 2400510/7498677 | map: 3096 tracked, 1806 hot
[JIT] Stats: 73859072 sends, 4102 compiled, 2948205 failed, 16383/16384 KB code | IC: 9726601/12715924 (76% hit, 84208 patched, 0 stale) | J2J-r: 0/0 J2J-a: 6555569/11775105 J2J-d: 88727 J2J-s: 2405316/7509709 | map: 3098 tracked, 1806 hot
[JIT] Stats: 73924608 sends, 4102 compiled, 2948441 failed, 16383/16384 KB code | IC: 9734357/12728379 (76% hit, 84209 patched, 0 stale) | J2J-r: 0/0 J2J-a: 6560620/11786386 J2J-d: 88728 J2J-s: 2410131/7520754 | map: 3098 tracked, 1806 hot
[JIT] Stats: 73990144 sends, 4102 compiled, 2948667 failed, 16383/16384 KB code | IC: 9742101/12740829 (76% hit, 84209 patched, 0 stale) | J2J-r: 0/0 J2J-a: 6565664/11797664 J2J-d: 88728 J2J-s: 2414949/7531806 | map: 3098 tracked, 1806 hot
[JIT] Stats: 74055680 sends, 4102 compiled, 2948899 failed, 16383/16384 KB code | IC: 9749852/12753283 (76% hit, 84209 patched, 0 stale) | J2J-r: 0/0 J2J-a: 6570712/11808945 J2J-d: 88728 J2J-s: 2419765/7542855 | map: 3098 tracked, 1806 hot
[JIT] Stats: 74121216 sends, 4102 compiled, 2949135 failed, 16383/16384 KB code | IC: 9757610/12765746 (76% hit, 84209 patched, 0 stale) | J2J-r: 0/0 J2J-a: 6575764/11820228 J2J-d: 88728 J2J-s: 2424581/7553902 | map: 3098 tracked, 1806 hot
[JIT] Stats: 74186752 sends, 4102 compiled, 2949370 failed, 16383/16384 KB code | IC: 9765353/12778205 (76% hit, 84229 patched, 0 stale) | J2J-r: 0/0 J2J-a: 6580819/11831511 J2J-d: 88741 J2J-s: 2429395/7564944 | map: 3096 tracked, 1806 hot
[JIT] Stats: 74252288 sends, 4102 compiled, 2949612 failed, 16383/16384 KB code | IC: 9773109/12790660 (76% hit, 84230 patched, 0 stale) | J2J-r: 0/0 J2J-a: 6585868/11842782 J2J-d: 88741 J2J-s: 2434201/7575972 | map: 3098 tracked, 1806 hot
[JIT] Stats: 74317824 sends, 4102 compiled, 2949842 failed, 16383/16384 KB code | IC: 9780854/12803111 (76% hit, 84230 patched, 0 stale) | J2J-r: 0/0 J2J-a: 6590914/11854057 J2J-d: 88741 J2J-s: 2439017/7587017 | map: 3098 tracked, 1806 hot
[JIT] Stats: 74383360 sends, 4102 compiled, 2950080 failed, 16383/16384 KB code | IC: 9788609/12815565 (76% hit, 84230 patched, 0 stale) | J2J-r: 0/0 J2J-a: 6595962/11865333 J2J-d: 88741 J2J-s: 2443827/7598055 | map: 3098 tracked, 1806 hot
[JIT] Stats: 74448896 sends, 4102 compiled, 2950317 failed, 16383/16384 KB code | IC: 9796355/12828023 (76% hit, 84249 patched, 0 stale) | J2J-r: 0/0 J2J-a: 6601017/11876616 J2J-d: 88753 J2J-s: 2448639/7609095 | map: 3096 tracked, 1806 hot
[JIT] Stats: 74514432 sends, 4102 compiled, 2950549 failed, 16383/16384 KB code | IC: 9804105/12840478 (76% hit, 84250 patched, 0 stale) | J2J-r: 0/0 J2J-a: 6606065/11887895 J2J-d: 88754 J2J-s: 2453455/7620142 | map: 3096 tracked, 1806 hot
[JIT] Stats: 74579968 sends, 4102 compiled, 2950785 failed, 16383/16384 KB code | IC: 9811860/12852933 (76% hit, 84250 patched, 0 stale) | J2J-r: 0/0 J2J-a: 6611114/11899173 J2J-d: 88754 J2J-s: 2458268/7631184 | map: 3096 tracked, 1806 hot
[JIT] Stats: 74645504 sends, 4102 compiled, 2951033 failed, 16383/16384 KB code | IC: 9819626/12865393 (76% hit, 84250 patched, 0 stale) | J2J-r: 0/0 J2J-a: 6616167/11910451 J2J-d: 88754 J2J-s: 2463073/7642214 | map: 3096 tracked, 1806 hot
[JIT] Stats: 74711040 sends, 4102 compiled, 2951269 failed, 16383/16384 KB code | IC: 9827379/12877846 (76% hit, 84255 patched, 0 stale) | J2J-r: 0/0 J2J-a: 6621220/11921730 J2J-d: 88756 J2J-s: 2467887/7653254 | map: 3071 tracked, 1774 hot
[JIT] Stats: 74776576 sends, 4102 compiled, 2951514 failed, 16383/16384 KB code | IC: 9835138/12890308 (76% hit, 84270 patched, 0 stale) | J2J-r: 0/0 J2J-a: 6626276/11933014 J2J-d: 88766 J2J-s: 2472694/7664289 | map: 3096 tracked, 1806 hot
[JIT] Stats: 74842112 sends, 4102 compiled, 2951752 failed, 16383/16384 KB code | IC: 9842895/12902772 (76% hit, 84271 patched, 0 stale) | J2J-r: 0/0 J2J-a: 6631328/11944295 J2J-d: 88767 J2J-s: 2477508/7675332 | map: 3096 tracked, 1806 hot
[JIT] Stats: 74907648 sends, 4102 compiled, 2951984 failed, 16383/16384 KB code | IC: 9850645/12915228 (76% hit, 84271 patched, 0 stale) | J2J-r: 0/0 J2J-a: 6636376/11955573 J2J-d: 88767 J2J-s: 2482324/7686378 | map: 3096 tracked, 1806 hot
[JIT] Stats: 74973184 sends, 4102 compiled, 2952226 failed, 16383/16384 KB code | IC: 9858407/12927687 (76% hit, 84271 patched, 0 stale) | J2J-r: 0/0 J2J-a: 6641428/11966852 J2J-d: 88767 J2J-s: 2487134/7697415 | map: 3096 tracked, 1806 hot
[JIT] Stats: 75038720 sends, 4102 compiled, 2952469 failed, 16383/16384 KB code | IC: 9866158/12940150 (76% hit, 84290 patched, 0 stale) | J2J-r: 0/0 J2J-a: 6646485/11978133 J2J-d: 88779 J2J-s: 2491942/7708447 | map: 3096 tracked, 1806 hot
[JIT] Stats: 75104256 sends, 4102 compiled, 2952701 failed, 16383/16384 KB code | IC: 9873906/12952607 (76% hit, 84292 patched, 0 stale) | J2J-r: 0/0 J2J-a: 6651534/11989409 J2J-d: 88780 J2J-s: 2496758/7719490 | map: 3098 tracked, 1806 hot
[JIT] Stats: 75169792 sends, 4102 compiled, 2952937 failed, 16383/16384 KB code | IC: 9881660/12965067 (76% hit, 84292 patched, 0 stale) | J2J-r: 0/0 J2J-a: 6656584/12000687 J2J-d: 88780 J2J-s: 2501572/7730532 | map: 3098 tracked, 1806 hot
[JIT] Stats: 75235328 sends, 4102 compiled, 2953175 failed, 16383/16384 KB code | IC: 9889419/12977532 (76% hit, 84292 patched, 0 stale) | J2J-r: 0/0 J2J-a: 6661637/12011970 J2J-d: 88780 J2J-s: 2506387/7741577 | map: 3098 tracked, 1806 hot
[JIT] Stats: 75300864 sends, 4102 compiled, 2953408 failed, 16383/16384 KB code | IC: 9897157/12989986 (76% hit, 84309 patched, 0 stale) | J2J-r: 0/0 J2J-a: 6666687/12023246 J2J-d: 88792 J2J-s: 2511200/7752616 | map: 3096 tracked, 1806 hot
[JIT] Stats: 75366400 sends, 4102 compiled, 2953648 failed, 16383/16384 KB code | IC: 9904918/13002446 (76% hit, 84312 patched, 0 stale) | J2J-r: 0/0 J2J-a: 6671740/12034528 J2J-d: 88793 J2J-s: 2516011/7763656 | map: 3096 tracked, 1806 hot
[JIT] Stats: 75431936 sends, 4102 compiled, 2953876 failed, 16383/16384 KB code | IC: 9912664/13014898 (76% hit, 84312 patched, 0 stale) | J2J-r: 0/0 J2J-a: 6676787/12045807 J2J-d: 88793 J2J-s: 2520830/7774707 | map: 3096 tracked, 1806 hot
[JIT] Stats: 75497472 sends, 4102 compiled, 2954112 failed, 16383/16384 KB code | IC: 9920416/13027349 (76% hit, 84313 patched, 0 stale) | J2J-r: 0/0 J2J-a: 6681835/12057082 J2J-d: 88793 J2J-s: 2525641/7785745 | map: 3098 tracked, 1806 hot
[JIT] Stats: 75563008 sends, 4102 compiled, 2954352 failed, 16383/16384 KB code | IC: 9928172/13039804 (76% hit, 84313 patched, 0 stale) | J2J-r: 0/0 J2J-a: 6686886/12068358 J2J-d: 88793 J2J-s: 2530452/7796781 | map: 3098 tracked, 1806 hot
[JIT] Stats: 75628544 sends, 4102 compiled, 2954585 failed, 16383/16384 KB code | IC: 9935910/13052261 (76% hit, 84332 patched, 0 stale) | J2J-r: 0/0 J2J-a: 6691938/12079637 J2J-d: 88805 J2J-s: 2535265/7807821 | map: 3096 tracked, 1806 hot
[JIT] Stats: 75694080 sends, 4102 compiled, 2954821 failed, 16383/16384 KB code | IC: 9943665/13064717 (76% hit, 84333 patched, 0 stale) | J2J-r: 0/0 J2J-a: 6696986/12090916 J2J-d: 88806 J2J-s: 2540077/7818864 | map: 3096 tracked, 1806 hot
[DIAG] P40 RGBehavior>>ifNil: ip=34 fd=40
[DIAG]   [-1] RGBehavior>>environment
[DIAG]   [-2] RGBehavior>>?
[DIAG]   [-3] IdentityDictionary>>at:ifAbsent:
[DIAG]   [-4] RGBehavior>>propertyNamed:ifAbsent:
[DIAG]   [-5] RGBehavior>>environment
[DIAG]   [-6] RGTraitComposition>>environment
[DIAG]   [-7] RGTraitComposition>>?
[DIAG]   [-8] IdentityDictionary>>at:ifAbsent:
[DIAG]   [-9] RGTraitComposition>>propertyNamed:ifAbsent:
[DIAG]   [-10] RGTraitComposition>>environment
[DIAG]   [-11] RGTraitAlias>>environment
[DIAG]   [-12] RGTraitAlias>>?
[DIAG]   [-13] IdentityDictionary>>at:ifAbsent:
[DIAG]   [-14] RGTraitAlias>>propertyNamed:ifAbsent:
[DIAG]   [-15] RGTraitAlias>>environment
[DIAG]   [-16] RGTraitAlias>>backend
[DIAG]   [-17] RGTraitAlias>>subject
[DIAG]   [-18] RGTraitAlias>>trait
[DIAG]   [-19] RGTraitAlias>>trait
[DIAG]   [-20] RGTraitAlias>>trait
[DIAG-TIMER] usecArmed=1 msArmed=0 timerWasArmed=1 timerSem=set lastSignal=0s ago nextUsec=0xe0f4a08e85f0a nextMs=0
[DIAG-TIMER] wakeup delta=332057 usec (0.332 sec)
[DIAG-QUEUE] P80 proc=0x3037f62a8 susp=SUnitRunner class>>ifFalse:
[DIAG-QUEUE] P60 proc=0x307a21ad8 susp=SUnitRunner class>>ifFalse:
[DIAG-QUEUE] P10 proc=0x303e55370 susp=ProcessorScheduler class>>idleProcess
[JIT] Stats: 75759616 sends, 4102 compiled, 2955053 failed, 16383/16384 KB code | IC: 9951416/13077168 (76% hit, 84333 patched, 0 stale) | J2J-r: 0/0 J2J-a: 6702034/12102195 J2J-d: 88806 J2J-s: 2544893/7829911 | map: 3096 tracked, 1806 hot
[JIT] Stats: 75825152 sends, 4102 compiled, 2955289 failed, 16383/16384 KB code | IC: 9959169/13089624 (76% hit, 84333 patched, 0 stale) | J2J-r: 0/0 J2J-a: 6707083/12113469 J2J-d: 88806 J2J-s: 2549706/7840949 | map: 3096 tracked, 1806 hot
[JIT] Stats: 75890688 sends, 4102 compiled, 2955530 failed, 16383/16384 KB code | IC: 9966919/13102086 (76% hit, 84353 patched, 0 stale) | J2J-r: 0/0 J2J-a: 6712140/12124756 J2J-d: 88818 J2J-s: 2554515/7851988 | map: 3098 tracked, 1806 hot
[PROGRESS] 60s: ~1881110818 steps
[JIT] Stats: 75956224 sends, 4102 compiled, 2955758 failed, 16383/16384 KB code | IC: 9974661/13114536 (76% hit, 84354 patched, 0 stale) | J2J-r: 0/0 J2J-a: 6717185/12136028 J2J-d: 88819 J2J-s: 2559332/7863032 | map: 3098 tracked, 1806 hot
[JIT] Stats: 76021760 sends, 4102 compiled, 2955992 failed, 16383/16384 KB code | IC: 9982415/13126991 (76% hit, 84354 patched, 0 stale) | J2J-r: 0/0 J2J-a: 6722233/12147309 J2J-d: 88819 J2J-s: 2564146/7874079 | map: 3098 tracked, 1806 hot
[JIT] Stats: 76087296 sends, 4102 compiled, 2956234 failed, 16383/16384 KB code | IC: 9990171/13139445 (76% hit, 84354 patched, 0 stale) | J2J-r: 0/0 J2J-a: 6727283/12158580 J2J-d: 88819 J2J-s: 2568954/7885108 | map: 3098 tracked, 1806 hot
[JIT] Stats: 76152832 sends, 4102 compiled, 2956470 failed, 16383/16384 KB code | IC: 9997926/13151905 (76% hit, 84354 patched, 0 stale) | J2J-r: 0/0 J2J-a: 6732333/12169858 J2J-d: 88819 J2J-s: 2573768/7896150 | map: 3098 tracked, 1806 hot
[JIT] Stats: 76218368 sends, 4102 compiled, 2956709 failed, 16383/16384 KB code | IC: 10005674/13164370 (76% hit, 84373 patched, 0 stale) | J2J-r: 0/0 J2J-a: 6737390/12181141 J2J-d: 88831 J2J-s: 2578580/7907188 | map: 3096 tracked, 1806 hot
[JIT] Stats: 76283904 sends, 4102 compiled, 2956945 failed, 16383/16384 KB code | IC: 10013430/13176825 (75% hit, 84374 patched, 0 stale) | J2J-r: 0/0 J2J-a: 6742440/12192423 J2J-d: 88832 J2J-s: 2583394/7918234 | map: 3096 tracked, 1806 hot
[JIT] Stats: 76349440 sends, 4102 compiled, 2957179 failed, 16383/16384 KB code | IC: 10021181/13189278 (75% hit, 84375 patched, 0 stale) | J2J-r: 0/0 J2J-a: 6747489/12203700 J2J-d: 88832 J2J-s: 2588208/7929276 | map: 3098 tracked, 1806 hot
[JIT] Stats: 76414976 sends, 4102 compiled, 2957411 failed, 16383/16384 KB code | IC: 10028932/13201733 (75% hit, 84375 patched, 0 stale) | J2J-r: 0/0 J2J-a: 6752537/12214981 J2J-d: 88832 J2J-s: 2593024/7940325 | map: 3098 tracked, 1806 hot
[JIT] Stats: 76480512 sends, 4102 compiled, 2957647 failed, 16383/16384 KB code | IC: 10036679/13214198 (75% hit, 84394 patched, 0 stale) | J2J-r: 0/0 J2J-a: 6757594/12226269 J2J-d: 88844 J2J-s: 2597838/7951370 | map: 3096 tracked, 1806 hot
[JIT] Stats: 76546048 sends, 4102 compiled, 2957878 failed, 16383/16384 KB code | IC: 10044424/13226648 (75% hit, 84395 patched, 0 stale) | J2J-r: 0/0 J2J-a: 6762639/12237542 J2J-d: 88845 J2J-s: 2602653/7962413 | map: 3096 tracked, 1806 hot
[JIT] Stats: 76611584 sends, 4102 compiled, 2958110 failed, 16383/16384 KB code | IC: 10052174/13239103 (75% hit, 84395 patched, 0 stale) | J2J-r: 0/0 J2J-a: 6767685/12248821 J2J-d: 88845 J2J-s: 2607467/7973460 | map: 3096 tracked, 1806 hot
[JIT] Stats: 76677120 sends, 4102 compiled, 2958344 failed, 16383/16384 KB code | IC: 10059927/13251560 (75% hit, 84395 patched, 0 stale) | J2J-r: 0/0 J2J-a: 6772734/12260102 J2J-d: 88845 J2J-s: 2612282/7984507 | map: 3096 tracked, 1806 hot
[JIT] Stats: 76742656 sends, 4102 compiled, 2958580 failed, 16383/16384 KB code | IC: 10067680/13264018 (75% hit, 84396 patched, 0 stale) | J2J-r: 0/0 J2J-a: 6777785/12271379 J2J-d: 88845 J2J-s: 2617096/7995547 | map: 3098 tracked, 1806 hot
[JIT] Stats: 76808192 sends, 4102 compiled, 2958819 failed, 16383/16384 KB code | IC: 10075425/13276475 (75% hit, 84416 patched, 0 stale) | J2J-r: 0/0 J2J-a: 6782838/12282656 J2J-d: 88858 J2J-s: 2621904/8006579 | map: 3096 tracked, 1806 hot
[JIT] Stats: 76873728 sends, 4102 compiled, 2959055 failed, 16383/16384 KB code | IC: 10083180/13288936 (75% hit, 84416 patched, 0 stale) | J2J-r: 0/0 J2J-a: 6787888/12293936 J2J-d: 88858 J2J-s: 2626718/8017623 | map: 3096 tracked, 1806 hot
[JIT] Stats: 76939264 sends, 4102 compiled, 2959285 failed, 16383/16384 KB code | IC: 10090927/13301390 (75% hit, 84416 patched, 0 stale) | J2J-r: 0/0 J2J-a: 6792935/12305215 J2J-d: 88858 J2J-s: 2631535/8028672 | map: 3096 tracked, 1806 hot
[JIT] Stats: 77004800 sends, 4102 compiled, 2959519 failed, 16383/16384 KB code | IC: 10098681/13313848 (75% hit, 84416 patched, 0 stale) | J2J-r: 0/0 J2J-a: 6797984/12316496 J2J-d: 88858 J2J-s: 2636350/8039719 | map: 3096 tracked, 1806 hot
[JIT] Stats: 77070336 sends, 4102 compiled, 2959760 failed, 16383/16384 KB code | IC: 10106434/13326316 (75% hit, 84435 patched, 0 stale) | J2J-r: 0/0 J2J-a: 6803042/12327784 J2J-d: 88870 J2J-s: 2641161/8050760 | map: 3096 tracked, 1806 hot
[JIT] Stats: 77135872 sends, 4102 compiled, 2960000 failed, 16383/16384 KB code | IC: 10114191/13338778 (75% hit, 84437 patched, 0 stale) | J2J-r: 0/0 J2J-a: 6808094/12339059 J2J-d: 88871 J2J-s: 2645972/8061794 | map: 3098 tracked, 1806 hot
[JIT] Stats: 77201408 sends, 4102 compiled, 2960244 failed, 16383/16384 KB code | IC: 10121951/13351235 (75% hit, 84437 patched, 0 stale) | J2J-r: 0/0 J2J-a: 6813144/12350333 J2J-d: 88871 J2J-s: 2650778/8072824 | map: 3098 tracked, 1806 hot
[JIT] Stats: 77266944 sends, 4102 compiled, 2960472 failed, 16383/16384 KB code | IC: 10129695/13363690 (75% hit, 84437 patched, 0 stale) | J2J-r: 0/0 J2J-a: 6818191/12361610 J2J-d: 88871 J2J-s: 2655597/8083873 | map: 3098 tracked, 1806 hot
[JIT] Stats: 77332480 sends, 4102 compiled, 2960706 failed, 16383/16384 KB code | IC: 10137450/13376146 (75% hit, 84437 patched, 0 stale) | J2J-r: 0/0 J2J-a: 6823241/12372894 J2J-d: 88871 J2J-s: 2660413/8094923 | map: 3098 tracked, 1806 hot
[JIT] Stats: 77398016 sends, 4102 compiled, 2960945 failed, 16383/16384 KB code | IC: 10145196/13388603 (75% hit, 84457 patched, 0 stale) | J2J-r: 0/0 J2J-a: 6828295/12384174 J2J-d: 88884 J2J-s: 2665222/8105958 | map: 3096 tracked, 1806 hot
[JIT] Stats: 77463552 sends, 4102 compiled, 2961179 failed, 16383/16384 KB code | IC: 10152951/13401066 (75% hit, 84457 patched, 0 stale) | J2J-r: 0/0 J2J-a: 6833345/12395454 J2J-d: 88884 J2J-s: 2670038/8117004 | map: 3096 tracked, 1806 hot
[JIT] Stats: 77529088 sends, 4102 compiled, 2961423 failed, 16383/16384 KB code | IC: 10160710/13413524 (75% hit, 84457 patched, 0 stale) | J2J-r: 0/0 J2J-a: 6838396/12406728 J2J-d: 88884 J2J-s: 2674845/8128034 | map: 3096 tracked, 1806 hot
[JIT] Stats: 77594624 sends, 4102 compiled, 2961661 failed, 16383/16384 KB code | IC: 10168466/13425977 (75% hit, 84458 patched, 0 stale) | J2J-r: 0/0 J2J-a: 6843447/12418009 J2J-d: 88884 J2J-s: 2679657/8139076 | map: 3098 tracked, 1806 hot
[JIT] Stats: 77660160 sends, 4102 compiled, 2961900 failed, 16383/16384 KB code | IC: 10176214/13438442 (75% hit, 84477 patched, 0 stale) | J2J-r: 0/0 J2J-a: 6848503/12429291 J2J-d: 88896 J2J-s: 2684468/8150113 | map: 3096 tracked, 1806 hot
[JIT] Stats: 77725696 sends, 4102 compiled, 2962134 failed, 16383/16384 KB code | IC: 10183964/13450895 (75% hit, 84478 patched, 0 stale) | J2J-r: 0/0 J2J-a: 6853552/12440566 J2J-d: 88897 J2J-s: 2689283/8161154 | map: 3096 tracked, 1806 hot
[JIT] Stats: 77791232 sends, 4102 compiled, 2962372 failed, 16383/16384 KB code | IC: 10191722/13463351 (75% hit, 84478 patched, 0 stale) | J2J-r: 0/0 J2J-a: 6858601/12451848 J2J-d: 88897 J2J-s: 2694094/8172198 | map: 3096 tracked, 1806 hot
[JIT] Stats: 77856768 sends, 4102 compiled, 2962604 failed, 16383/16384 KB code | IC: 10199470/13475805 (75% hit, 84478 patched, 0 stale) | J2J-r: 0/0 J2J-a: 6863649/12463123 J2J-d: 88897 J2J-s: 2698910/8183241 | map: 3096 tracked, 1806 hot
[JIT] Stats: 77922304 sends, 4102 compiled, 2962840 failed, 16383/16384 KB code | IC: 10207225/13488262 (75% hit, 84478 patched, 0 stale) | J2J-r: 0/0 J2J-a: 6868699/12474402 J2J-d: 88897 J2J-s: 2703724/8194284 | map: 3096 tracked, 1806 hot
[JIT] Stats: 77987840 sends, 4102 compiled, 2963084 failed, 16383/16384 KB code | IC: 10214977/13500727 (75% hit, 84498 patched, 0 stale) | J2J-r: 0/0 J2J-a: 6873757/12485683 J2J-d: 88909 J2J-s: 2708530/8205313 | map: 3096 tracked, 1806 hot
[JIT] Stats: 78053376 sends, 4102 compiled, 2963313 failed, 16383/16384 KB code | IC: 10222723/13513180 (75% hit, 84499 patched, 0 stale) | J2J-r: 0/0 J2J-a: 6878802/12496961 J2J-d: 88910 J2J-s: 2713347/8216363 | map: 3096 tracked, 1806 hot
[JIT] Stats: 78118912 sends, 4102 compiled, 2963553 failed, 16383/16384 KB code | IC: 10230485/13525643 (75% hit, 84499 patched, 0 stale) | J2J-r: 0/0 J2J-a: 6883856/12508244 J2J-d: 88910 J2J-s: 2718161/8227406 | map: 3096 tracked, 1806 hot
[JIT] Stats: 78184448 sends, 4102 compiled, 2963793 failed, 16383/16384 KB code | IC: 10238240/13538103 (75% hit, 84499 patched, 0 stale) | J2J-r: 0/0 J2J-a: 6888907/12519518 J2J-d: 88910 J2J-s: 2722971/8238439 | map: 3096 tracked, 1806 hot
[JIT] Stats: 78249984 sends, 4102 compiled, 2964028 failed, 16383/16384 KB code | IC: 10245984/13550563 (75% hit, 84518 patched, 0 stale) | J2J-r: 0/0 J2J-a: 6893960/12530804 J2J-d: 88922 J2J-s: 2727784/8249485 | map: 3096 tracked, 1806 hot
[JIT] Stats: 78315520 sends, 4102 compiled, 2964270 failed, 16383/16384 KB code | IC: 10253742/13563024 (75% hit, 84518 patched, 0 stale) | J2J-r: 0/0 J2J-a: 6899011/12542078 J2J-d: 88922 J2J-s: 2732593/8260517 | map: 3096 tracked, 1806 hot
[JIT] Stats: 78381056 sends, 4102 compiled, 2964505 failed, 16383/16384 KB code | IC: 10261497/13575478 (75% hit, 84520 patched, 0 stale) | J2J-r: 0/0 J2J-a: 6904063/12553358 J2J-d: 88923 J2J-s: 2737408/8271560 | map: 3098 tracked, 1806 hot
[JIT] Stats: 78446592 sends, 4102 compiled, 2964744 failed, 16383/16384 KB code | IC: 10269250/13587928 (75% hit, 84520 patched, 0 stale) | J2J-r: 0/0 J2J-a: 6909110/12564629 J2J-d: 88923 J2J-s: 2742217/8282593 | map: 3098 tracked, 1806 hot
[JIT] Stats: 78512128 sends, 4102 compiled, 2964978 failed, 16383/16384 KB code | IC: 10277001/13600383 (75% hit, 84520 patched, 0 stale) | J2J-r: 0/0 J2J-a: 6914158/12575907 J2J-d: 88923 J2J-s: 2747031/8293637 | map: 3098 tracked, 1806 hot
[JIT] Stats: 78577664 sends, 4102 compiled, 2965217 failed, 16383/16384 KB code | IC: 10284750/13612844 (75% hit, 84540 patched, 0 stale) | J2J-r: 0/0 J2J-a: 6919214/12587191 J2J-d: 88936 J2J-s: 2751842/8304676 | map: 3096 tracked, 1806 hot
[JIT] Stats: 78643200 sends, 4102 compiled, 2965453 failed, 16383/16384 KB code | IC: 10292502/13625301 (75% hit, 84540 patched, 0 stale) | J2J-r: 0/0 J2J-a: 6924262/12598465 J2J-d: 88936 J2J-s: 2756654/8315714 | map: 3096 tracked, 1806 hot
[JIT] Stats: 78708736 sends, 4102 compiled, 2965689 failed, 16383/16384 KB code | IC: 10300257/13637758 (75% hit, 84540 patched, 0 stale) | J2J-r: 0/0 J2J-a: 6929312/12609744 J2J-d: 88936 J2J-s: 2761468/8326757 | map: 3096 tracked, 1806 hot
[JIT] Stats: 78774272 sends, 4102 compiled, 2965931 failed, 16383/16384 KB code | IC: 10308018/13650219 (75% hit, 84541 patched, 0 stale) | J2J-r: 0/0 J2J-a: 6934365/12621026 J2J-d: 88936 J2J-s: 2766278/8337796 | map: 3098 tracked, 1806 hot
[JIT] Stats: 78839808 sends, 4102 compiled, 2966164 failed, 16383/16384 KB code | IC: 10315760/13662673 (75% hit, 84560 patched, 0 stale) | J2J-r: 0/0 J2J-a: 6939418/12632307 J2J-d: 88948 J2J-s: 2771092/8348838 | map: 3096 tracked, 1806 hot
[JIT] Stats: 78905344 sends, 4102 compiled, 2966404 failed, 16383/16384 KB code | IC: 10323519/13675134 (75% hit, 84561 patched, 0 stale) | J2J-r: 0/0 J2J-a: 6944470/12643586 J2J-d: 88949 J2J-s: 2775904/8359877 | map: 3096 tracked, 1806 hot
[JIT] Stats: 78970880 sends, 4102 compiled, 2966640 failed, 16383/16384 KB code | IC: 10331267/13687587 (75% hit, 84561 patched, 0 stale) | J2J-r: 0/0 J2J-a: 6949515/12654854 J2J-d: 88949 J2J-s: 2780713/8370909 | map: 3096 tracked, 1806 hot
[JIT] Stats: 79036416 sends, 4102 compiled, 2966876 failed, 16383/16384 KB code | IC: 10339017/13700041 (75% hit, 84561 patched, 0 stale) | J2J-r: 0/0 J2J-a: 6954563/12666127 J2J-d: 88949 J2J-s: 2785525/8381946 | map: 3096 tracked, 1806 hot
[JIT] Stats: 79101952 sends, 4102 compiled, 2967114 failed, 16383/16384 KB code | IC: 10346771/13712499 (75% hit, 84561 patched, 0 stale) | J2J-r: 0/0 J2J-a: 6959613/12677403 J2J-d: 88949 J2J-s: 2790337/8392984 | map: 3096 tracked, 1806 hot
[JIT] Stats: 79167488 sends, 4102 compiled, 2967351 failed, 16383/16384 KB code | IC: 10354519/13724957 (75% hit, 84581 patched, 0 stale) | J2J-r: 0/0 J2J-a: 6964667/12688687 J2J-d: 88962 J2J-s: 2795148/8404025 | map: 3096 tracked, 1806 hot
[JIT] Stats: 79233024 sends, 4102 compiled, 2967593 failed, 16383/16384 KB code | IC: 10362278/13737417 (75% hit, 84582 patched, 0 stale) | J2J-r: 0/0 J2J-a: 6969719/12699963 J2J-d: 88962 J2J-s: 2799957/8415058 | map: 3098 tracked, 1806 hot
[JIT] Stats: 79298560 sends, 4102 compiled, 2967830 failed, 16383/16384 KB code | IC: 10370036/13749877 (75% hit, 84582 patched, 0 stale) | J2J-r: 0/0 J2J-a: 6974771/12711243 J2J-d: 88962 J2J-s: 2804771/8426100 | map: 3098 tracked, 1806 hot
[JIT] Stats: 79364096 sends, 4102 compiled, 2968067 failed, 16383/16384 KB code | IC: 10377790/13762337 (75% hit, 84582 patched, 0 stale) | J2J-r: 0/0 J2J-a: 6979821/12722521 J2J-d: 88962 J2J-s: 2809585/8437142 | map: 3098 tracked, 1806 hot
[JIT] Stats: 79429632 sends, 4102 compiled, 2968306 failed, 16383/16384 KB code | IC: 10385538/13774801 (75% hit, 84601 patched, 0 stale) | J2J-r: 0/0 J2J-a: 6984877/12733803 J2J-d: 88974 J2J-s: 2814396/8448179 | map: 3096 tracked, 1806 hot
[JIT] Stats: 79495168 sends, 4102 compiled, 2968538 failed, 16383/16384 KB code | IC: 10393289/13787255 (75% hit, 84602 patched, 0 stale) | J2J-r: 0/0 J2J-a: 6989925/12745083 J2J-d: 88975 J2J-s: 2819212/8459227 | map: 3096 tracked, 1806 hot
[JIT] Stats: 79560704 sends, 4102 compiled, 2968770 failed, 16383/16384 KB code | IC: 10401038/13799712 (75% hit, 84602 patched, 0 stale) | J2J-r: 0/0 J2J-a: 6994973/12756360 J2J-d: 88975 J2J-s: 2824028/8470272 | map: 3096 tracked, 1806 hot
[JIT] Stats: 79626240 sends, 4102 compiled, 2969012 failed, 16383/16384 KB code | IC: 10408801/13812171 (75% hit, 84603 patched, 0 stale) | J2J-r: 0/0 J2J-a: 7000026/12767642 J2J-d: 88975 J2J-s: 2828838/8481311 | map: 3098 tracked, 1806 hot
[JIT] Stats: 79691776 sends, 4102 compiled, 2969238 failed, 16383/16384 KB code | IC: 10416543/13824623 (75% hit, 84603 patched, 0 stale) | J2J-r: 0/0 J2J-a: 7005072/12778920 J2J-d: 88975 J2J-s: 2833658/8492363 | map: 3098 tracked, 1806 hot
[JIT] Stats: 79757312 sends, 4102 compiled, 2969471 failed, 16383/16384 KB code | IC: 10424284/13837080 (75% hit, 84623 patched, 0 stale) | J2J-r: 0/0 J2J-a: 7010124/12790201 J2J-d: 88988 J2J-s: 2838471/8503405 | map: 3096 tracked, 1806 hot
[JIT] Stats: 79822848 sends, 4102 compiled, 2969711 failed, 16383/16384 KB code | IC: 10432037/13849533 (75% hit, 84623 patched, 0 stale) | J2J-r: 0/0 J2J-a: 7015172/12801470 J2J-d: 88988 J2J-s: 2843279/8514434 | map: 3096 tracked, 1806 hot
[DIAG] P40 IdentityDictionary>>to:do: ip=43 fd=30
[DIAG]   [-1] IdentityDictionary>>findElementOrNil:
[DIAG]   [-2] IdentityDictionary>>at:ifAbsent:
[DIAG]   [-3] RGTraitAlias>>propertyNamed:ifAbsent:
[DIAG]   [-4] RGTraitAlias>>environment
[DIAG]   [-5] RGTraitAlias>>backend
[DIAG]   [-6] RGTraitAlias>>subject
[DIAG]   [-7] RGTraitAlias>>trait
[DIAG]   [-8] RGTraitAlias>>trait
[DIAG]   [-9] RGTraitAlias>>trait
[DIAG]   [-10] RGTraitAlias>>trait
[DIAG]   [-11] RGTraitAlias>>trait
[DIAG]   [-12] RGTraitAlias>>trait
[DIAG]   [-13] RGTraitAlias>>trait
[DIAG]   [-14] RGTraitAlias>>trait
[DIAG]   [-15] RGTraitAlias>>trait
[DIAG]   [-16] RGTraitAlias>>trait
[DIAG]   [-17] RGTraitAlias>>trait
[DIAG]   [-18] RGTraitAlias>>trait
[DIAG]   [-19] RGTraitAlias>>trait
[DIAG]   [-20] RGTraitAlias>>trait
[DIAG-TIMER] usecArmed=1 msArmed=0 timerWasArmed=1 timerSem=set lastSignal=0s ago nextUsec=0xe0f4a0981483d nextMs=0
[DIAG-TIMER] wakeup delta=352430 usec (0.352 sec)
[DIAG-QUEUE] P80 proc=0x3037f62a8 susp=SUnitRunner class>>ifFalse:
[DIAG-QUEUE] P60 proc=0x307a21ad8 susp=SUnitRunner class>>ifFalse:
[DIAG-QUEUE] P10 proc=0x303e55370 susp=ProcessorScheduler class>>idleProcess
[JIT] Stats: 79888384 sends, 4102 compiled, 2969947 failed, 16383/16384 KB code | IC: 10439791/13861989 (75% hit, 84623 patched, 0 stale) | J2J-r: 0/0 J2J-a: 7020223/12812748 J2J-d: 88988 J2J-s: 2848094/8525476 | map: 3096 tracked, 1806 hot
[JIT] Stats: 79953920 sends, 4102 compiled, 2970191 failed, 16383/16384 KB code | IC: 10447555/13874450 (75% hit, 84623 patched, 0 stale) | J2J-r: 0/0 J2J-a: 7025275/12824029 J2J-d: 88988 J2J-s: 2852902/8536513 | map: 3096 tracked, 1806 hot
[JIT] Stats: 80019456 sends, 4102 compiled, 2970428 failed, 16383/16384 KB code | IC: 10455299/13886912 (75% hit, 84643 patched, 0 stale) | J2J-r: 0/0 J2J-a: 7030331/12835311 J2J-d: 89000 J2J-s: 2857714/8547551 | map: 3096 tracked, 1806 hot
[PROGRESS] 70s: ~2007625469 steps
[JIT] Stats: 80084992 sends, 4102 compiled, 2970660 failed, 16383/16384 KB code | IC: 10463048/13899366 (75% hit, 84644 patched, 0 stale) | J2J-r: 0/0 J2J-a: 7035377/12846588 J2J-d: 89001 J2J-s: 2862528/8558596 | map: 3096 tracked, 1806 hot
[JIT] Stats: 80150528 sends, 4102 compiled, 2970896 failed, 16383/16384 KB code | IC: 10470802/13911822 (75% hit, 84644 patched, 0 stale) | J2J-r: 0/0 J2J-a: 7040427/12857865 J2J-d: 89001 J2J-s: 2867342/8569637 | map: 3096 tracked, 1806 hot
[JIT] Stats: 80216064 sends, 4102 compiled, 2971136 failed, 16383/16384 KB code | IC: 10478562/13924282 (75% hit, 84644 patched, 0 stale) | J2J-r: 0/0 J2J-a: 7045478/12869144 J2J-d: 89001 J2J-s: 2872153/8580676 | map: 3096 tracked, 1806 hot
[JIT] Stats: 80281600 sends, 4102 compiled, 2971364 failed, 16383/16384 KB code | IC: 10486308/13936736 (75% hit, 84644 patched, 0 stale) | J2J-r: 0/0 J2J-a: 7050524/12880424 J2J-d: 89001 J2J-s: 2876971/8591728 | map: 3096 tracked, 1806 hot
[JIT] Stats: 80347136 sends, 4102 compiled, 2971605 failed, 16383/16384 KB code | IC: 10494059/13949200 (75% hit, 84664 patched, 0 stale) | J2J-r: 0/0 J2J-a: 7055581/12891710 J2J-d: 89014 J2J-s: 2881781/8602767 | map: 3096 tracked, 1806 hot
[JIT] Stats: 80412672 sends, 4102 compiled, 2971839 failed, 16383/16384 KB code | IC: 10501809/13961654 (75% hit, 84665 patched, 0 stale) | J2J-r: 0/0 J2J-a: 7060629/12902987 J2J-d: 89014 J2J-s: 2886594/8613809 | map: 3098 tracked, 1806 hot
[JIT] Stats: 80478208 sends, 4102 compiled, 2972077 failed, 16383/16384 KB code | IC: 10509564/13974110 (75% hit, 84665 patched, 0 stale) | J2J-r: 0/0 J2J-a: 7065680/12914262 J2J-d: 89014 J2J-s: 2891407/8624846 | map: 3098 tracked, 1806 hot
[JIT] Stats: 80543744 sends, 4102 compiled, 2972317 failed, 16383/16384 KB code | IC: 10517324/13986563 (75% hit, 84665 patched, 0 stale) | J2J-r: 0/0 J2J-a: 7070730/12925541 J2J-d: 89014 J2J-s: 2896217/8635885 | map: 3098 tracked, 1806 hot
[JIT] Stats: 80609280 sends, 4102 compiled, 2972555 failed, 16383/16384 KB code | IC: 10525073/13999024 (75% hit, 84684 patched, 0 stale) | J2J-r: 0/0 J2J-a: 7075787/12936823 J2J-d: 89026 J2J-s: 2901029/8646922 | map: 3096 tracked, 1806 hot
[JIT] Stats: 80674816 sends, 4102 compiled, 2972796 failed, 16383/16384 KB code | IC: 10532833/14011482 (75% hit, 84685 patched, 0 stale) | J2J-r: 0/0 J2J-a: 7080839/12948104 J2J-d: 89027 J2J-s: 2905841/8657963 | map: 3096 tracked, 1806 hot
[JIT] Stats: 80740352 sends, 4102 compiled, 2973034 failed, 16383/16384 KB code | IC: 10540592/14023940 (75% hit, 84685 patched, 0 stale) | J2J-r: 0/0 J2J-a: 7085890/12959387 J2J-d: 89027 J2J-s: 2910654/8669008 | map: 3096 tracked, 1806 hot
[JIT] Stats: 80805888 sends, 4102 compiled, 2973270 failed, 16383/16384 KB code | IC: 10548347/14036407 (75% hit, 84685 patched, 0 stale) | J2J-r: 0/0 J2J-a: 7090941/12970666 J2J-d: 89027 J2J-s: 2915469/8680051 | map: 3096 tracked, 1806 hot
[JIT] Stats: 80871424 sends, 4102 compiled, 2973514 failed, 16383/16384 KB code | IC: 10556103/14048860 (75% hit, 84686 patched, 0 stale) | J2J-r: 0/0 J2J-a: 7095992/12981936 J2J-d: 89027 J2J-s: 2920275/8691076 | map: 3098 tracked, 1806 hot
[JIT] Stats: 80936960 sends, 4102 compiled, 2973757 failed, 16383/16384 KB code | IC: 10563857/14061328 (75% hit, 84706 patched, 0 stale) | J2J-r: 0/0 J2J-a: 7101050/12993222 J2J-d: 89040 J2J-s: 2925084/8702113 | map: 3096 tracked, 1806 hot
[JIT] Stats: 81002496 sends, 4102 compiled, 2973985 failed, 16383/16384 KB code | IC: 10571603/14073781 (75% hit, 84706 patched, 0 stale) | J2J-r: 0/0 J2J-a: 7106096/13004500 J2J-d: 89040 J2J-s: 2929902/8713163 | map: 3096 tracked, 1806 hot
[JIT] Stats: 81068032 sends, 4102 compiled, 2974215 failed, 16383/16384 KB code | IC: 10579350/14086233 (75% hit, 84706 patched, 0 stale) | J2J-r: 0/0 J2J-a: 7111143/13015777 J2J-d: 89040 J2J-s: 2934719/8724210 | map: 3096 tracked, 1806 hot
[JIT] Stats: 81133568 sends, 4102 compiled, 2974455 failed, 16383/16384 KB code | IC: 10587112/14098696 (75% hit, 84706 patched, 0 stale) | J2J-r: 0/0 J2J-a: 7116195/13027061 J2J-d: 89040 J2J-s: 2939531/8735254 | map: 3096 tracked, 1806 hot
[JIT] Stats: 81199104 sends, 4102 compiled, 2974690 failed, 16383/16384 KB code | IC: 10594854/14111152 (75% hit, 84725 patched, 0 stale) | J2J-r: 0/0 J2J-a: 7121248/13038343 J2J-d: 89052 J2J-s: 2944343/8746295 | map: 3096 tracked, 1806 hot
[JIT] Stats: 81264640 sends, 4102 compiled, 2974926 failed, 16383/16384 KB code | IC: 10602607/14123612 (75% hit, 84727 patched, 0 stale) | J2J-r: 0/0 J2J-a: 7126299/13049620 J2J-d: 89053 J2J-s: 2949157/8757335 | map: 3098 tracked, 1806 hot
[JIT] Stats: 81330176 sends, 4102 compiled, 2975158 failed, 16383/16384 KB code | IC: 10610359/14136065 (75% hit, 84727 patched, 0 stale) | J2J-r: 0/0 J2J-a: 7131347/13060901 J2J-d: 89053 J2J-s: 2953973/8768384 | map: 3098 tracked, 1806 hot
[JIT] Stats: 81395712 sends, 4102 compiled, 2975388 failed, 16383/16384 KB code | IC: 10618107/14148523 (75% hit, 84727 patched, 0 stale) | J2J-r: 0/0 J2J-a: 7136394/13072181 J2J-d: 89053 J2J-s: 2958790/8779434 | map: 3098 tracked, 1806 hot
[JIT] Stats: 81461248 sends, 4102 compiled, 2975624 failed, 16383/16384 KB code | IC: 10625863/14160976 (75% hit, 84727 patched, 0 stale) | J2J-r: 0/0 J2J-a: 7141443/13083461 J2J-d: 89053 J2J-s: 2963603/8790478 | map: 3098 tracked, 1806 hot
[JIT] Stats: 81526784 sends, 4102 compiled, 2975867 failed, 16383/16384 KB code | IC: 10633614/14173437 (75% hit, 84746 patched, 0 stale) | J2J-r: 0/0 J2J-a: 7146499/13094742 J2J-d: 89065 J2J-s: 2968410/8801510 | map: 3096 tracked, 1806 hot
[JIT] Stats: 81592320 sends, 4102 compiled, 2976101 failed, 16383/16384 KB code | IC: 10641363/14185888 (75% hit, 84747 patched, 0 stale) | J2J-r: 0/0 J2J-a: 7151546/13106014 J2J-d: 89066 J2J-s: 2973223/8812548 | map: 3096 tracked, 1806 hot
[JIT] Stats: 81657856 sends, 4102 compiled, 2976343 failed, 16383/16384 KB code | IC: 10649122/14198347 (75% hit, 84748 patched, 0 stale) | J2J-r: 0/0 J2J-a: 7156598/13117291 J2J-d: 89066 J2J-s: 2978032/8823582 | map: 3098 tracked, 1806 hot
[JIT] Stats: 81723392 sends, 4102 compiled, 2976575 failed, 16383/16384 KB code | IC: 10656874/14210802 (74% hit, 84748 patched, 0 stale) | J2J-r: 0/0 J2J-a: 7161648/13128572 J2J-d: 89066 J2J-s: 2982850/8834631 | map: 3098 tracked, 1806 hot
[JIT] Stats: 81788928 sends, 4102 compiled, 2976812 failed, 16383/16384 KB code | IC: 10664619/14223261 (74% hit, 84767 patched, 0 stale) | J2J-r: 0/0 J2J-a: 7166702/13139856 J2J-d: 89078 J2J-s: 2987661/8845672 | map: 3096 tracked, 1806 hot
[JIT] Stats: 81854464 sends, 4102 compiled, 2977046 failed, 16383/16384 KB code | IC: 10672373/14235716 (74% hit, 84768 patched, 0 stale) | J2J-r: 0/0 J2J-a: 7171751/13151137 J2J-d: 89079 J2J-s: 2992476/8856719 | map: 3096 tracked, 1806 hot
[JIT] Stats: 81920000 sends, 4102 compiled, 2977276 failed, 16383/16384 KB code | IC: 10680119/14248173 (74% hit, 84768 patched, 0 stale) | J2J-r: 0/0 J2J-a: 7176799/13162415 J2J-d: 89079 J2J-s: 2997294/8867767 | map: 3096 tracked, 1806 hot
[JIT] Stats: 81985536 sends, 4102 compiled, 2977506 failed, 16383/16384 KB code | IC: 10687866/14260624 (74% hit, 84768 patched, 0 stale) | J2J-r: 0/0 J2J-a: 7181845/13173692 J2J-d: 89079 J2J-s: 3002110/8878814 | map: 3096 tracked, 1806 hot
[JIT] Stats: 82051072 sends, 4102 compiled, 2977748 failed, 16383/16384 KB code | IC: 10695624/14273080 (74% hit, 84769 patched, 0 stale) | J2J-r: 0/0 J2J-a: 7186896/13184967 J2J-d: 89079 J2J-s: 3006918/8889846 | map: 3098 tracked, 1806 hot
[JIT] Stats: 82116608 sends, 4102 compiled, 2977979 failed, 16383/16384 KB code | IC: 10703362/14285536 (74% hit, 84789 patched, 0 stale) | J2J-r: 0/0 J2J-a: 7191948/13196247 J2J-d: 89092 J2J-s: 3011733/8900889 | map: 3096 tracked, 1806 hot
[JIT] Stats: 82182144 sends, 4102 compiled, 2978219 failed, 16383/16384 KB code | IC: 10711122/14297997 (74% hit, 84789 patched, 0 stale) | J2J-r: 0/0 J2J-a: 7197000/13207528 J2J-d: 89092 J2J-s: 3016545/8911930 | map: 3096 tracked, 1806 hot
[JIT] Stats: 82247680 sends, 4102 compiled, 2978450 failed, 16383/16384 KB code | IC: 10718873/14310455 (74% hit, 84789 patched, 0 stale) | J2J-r: 0/0 J2J-a: 7202049/13218810 J2J-d: 89092 J2J-s: 3021362/8922980 | map: 3096 tracked, 1806 hot
[JIT] Stats: 82313216 sends, 4102 compiled, 2978685 failed, 16383/16384 KB code | IC: 10726627/14322914 (74% hit, 84789 patched, 0 stale) | J2J-r: 0/0 J2J-a: 7207098/13230090 J2J-d: 89092 J2J-s: 3026177/8934026 | map: 3096 tracked, 1806 hot
[JIT] Stats: 82378752 sends, 4102 compiled, 2978922 failed, 16383/16384 KB code | IC: 10734372/14335379 (74% hit, 84808 patched, 0 stale) | J2J-r: 0/0 J2J-a: 7212153/13241374 J2J-d: 89104 J2J-s: 3030989/8945067 | map: 3096 tracked, 1806 hot
[JIT] Stats: 82444288 sends, 4102 compiled, 2979156 failed, 16383/16384 KB code | IC: 10742125/14347832 (74% hit, 84810 patched, 0 stale) | J2J-r: 0/0 J2J-a: 7217202/13252654 J2J-d: 89105 J2J-s: 3035803/8956112 | map: 3098 tracked, 1806 hot
[JIT] Stats: 82509824 sends, 4102 compiled, 2979388 failed, 16383/16384 KB code | IC: 10749874/14360288 (74% hit, 84810 patched, 0 stale) | J2J-r: 0/0 J2J-a: 7222250/13263930 J2J-d: 89105 J2J-s: 3040619/8967156 | map: 3098 tracked, 1806 hot
[JIT] Stats: 82575360 sends, 4102 compiled, 2979626 failed, 16383/16384 KB code | IC: 10757632/14372745 (74% hit, 84810 patched, 0 stale) | J2J-r: 0/0 J2J-a: 7227302/13275211 J2J-d: 89105 J2J-s: 3045433/8978199 | map: 3098 tracked, 1806 hot
[JIT] Stats: 82640896 sends, 4102 compiled, 2979858 failed, 16383/16384 KB code | IC: 10765381/14385202 (74% hit, 84810 patched, 0 stale) | J2J-r: 0/0 J2J-a: 7232349/13286486 J2J-d: 89105 J2J-s: 3050248/8989242 | map: 3098 tracked, 1806 hot
[JIT] Stats: 82706432 sends, 4102 compiled, 2980099 failed, 16383/16384 KB code | IC: 10773132/14397664 (74% hit, 84830 patched, 0 stale) | J2J-r: 0/0 J2J-a: 7237406/13297770 J2J-d: 89118 J2J-s: 3055058/9000279 | map: 3096 tracked, 1806 hot
[JIT] Stats: 82771968 sends, 4102 compiled, 2980331 failed, 16383/16384 KB code | IC: 10780883/14410118 (74% hit, 84830 patched, 0 stale) | J2J-r: 0/0 J2J-a: 7242454/13309050 J2J-d: 89118 J2J-s: 3059874/9011327 | map: 3096 tracked, 1806 hot
[JIT] Stats: 82837504 sends, 4102 compiled, 2980563 failed, 16383/16384 KB code | IC: 10788633/14422577 (74% hit, 84830 patched, 0 stale) | J2J-r: 0/0 J2J-a: 7247502/13320328 J2J-d: 89118 J2J-s: 3064690/9022373 | map: 3096 tracked, 1806 hot
[JIT] Stats: 82903040 sends, 4102 compiled, 2980801 failed, 16383/16384 KB code | IC: 10796385/14435030 (74% hit, 84831 patched, 0 stale) | J2J-r: 0/0 J2J-a: 7252551/13331601 J2J-d: 89118 J2J-s: 3069500/9033407 | map: 3098 tracked, 1806 hot
[JIT] Stats: 82968576 sends, 4102 compiled, 2981044 failed, 16383/16384 KB code | IC: 10804134/14447486 (74% hit, 84850 patched, 0 stale) | J2J-r: 0/0 J2J-a: 7257607/13342879 J2J-d: 89130 J2J-s: 3074307/9044436 | map: 3096 tracked, 1806 hot
[JIT] Stats: 83034112 sends, 4102 compiled, 2981278 failed, 16383/16384 KB code | IC: 10811884/14459940 (74% hit, 84851 patched, 0 stale) | J2J-r: 0/0 J2J-a: 7262654/13354153 J2J-d: 89131 J2J-s: 3079120/9055476 | map: 3096 tracked, 1806 hot
[JIT] Stats: 83099648 sends, 4102 compiled, 2981510 failed, 16383/16384 KB code | IC: 10819632/14472391 (74% hit, 84851 patched, 0 stale) | J2J-r: 0/0 J2J-a: 7267700/13365428 J2J-d: 89131 J2J-s: 3083934/9066519 | map: 3096 tracked, 1806 hot
[JIT] Stats: 83165184 sends, 4102 compiled, 2981744 failed, 16383/16384 KB code | IC: 10827383/14484845 (74% hit, 84851 patched, 0 stale) | J2J-r: 0/0 J2J-a: 7272749/13376704 J2J-d: 89131 J2J-s: 3088749/9077561 | map: 3096 tracked, 1806 hot
[JIT] Stats: 83230720 sends, 4102 compiled, 2981974 failed, 16383/16384 KB code | IC: 10835128/14497302 (74% hit, 84851 patched, 0 stale) | J2J-r: 0/0 J2J-a: 7277795/13387977 J2J-d: 89131 J2J-s: 3093565/9088604 | map: 3096 tracked, 1806 hot
[JIT] Stats: 83296256 sends, 4102 compiled, 2982221 failed, 16383/16384 KB code | IC: 10842881/14509761 (74% hit, 84871 patched, 0 stale) | J2J-r: 0/0 J2J-a: 7282852/13399255 J2J-d: 89143 J2J-s: 3098368/9099628 | map: 3098 tracked, 1806 hot
[JIT] Stats: 83361792 sends, 4102 compiled, 2982463 failed, 16383/16384 KB code | IC: 10850638/14522217 (74% hit, 84871 patched, 0 stale) | J2J-r: 0/0 J2J-a: 7287901/13410527 J2J-d: 89143 J2J-s: 3103175/9110658 | map: 3098 tracked, 1806 hot
[JIT] Stats: 83427328 sends, 4102 compiled, 2982697 failed, 16383/16384 KB code | IC: 10858388/14534672 (74% hit, 84872 patched, 0 stale) | J2J-r: 0/0 J2J-a: 7292950/13421802 J2J-d: 89144 J2J-s: 3107990/9121699 | map: 3098 tracked, 1806 hot
[JIT] Stats: 83492864 sends, 4102 compiled, 2982937 failed, 16383/16384 KB code | IC: 10866149/14547135 (74% hit, 84872 patched, 0 stale) | J2J-r: 0/0 J2J-a: 7298002/13433083 J2J-d: 89144 J2J-s: 3112802/9132740 | map: 3098 tracked, 1806 hot
[JIT] Stats: 83558400 sends, 4102 compiled, 2983180 failed, 16383/16384 KB code | IC: 10873903/14559598 (74% hit, 84891 patched, 0 stale) | J2J-r: 0/0 J2J-a: 7303061/13444370 J2J-d: 89156 J2J-s: 3117612/9143778 | map: 3096 tracked, 1806 hot
[JIT] Stats: 83623936 sends, 4102 compiled, 2983418 failed, 16383/16384 KB code | IC: 10881658/14572050 (74% hit, 84892 patched, 0 stale) | J2J-r: 0/0 J2J-a: 7308110/13455645 J2J-d: 89157 J2J-s: 3122423/9154815 | map: 3096 tracked, 1806 hot
[JIT] Stats: 83689472 sends, 4102 compiled, 2983656 failed, 16383/16384 KB code | IC: 10889412/14584503 (74% hit, 84893 patched, 0 stale) | J2J-r: 0/0 J2J-a: 7313160/13466920 J2J-d: 89157 J2J-s: 3127234/9165851 | map: 3098 tracked, 1806 hot
[JIT] Stats: 83755008 sends, 4102 compiled, 2983890 failed, 16383/16384 KB code | IC: 10897167/14596964 (74% hit, 84893 patched, 0 stale) | J2J-r: 0/0 J2J-a: 7318211/13478202 J2J-d: 89157 J2J-s: 3132051/9176899 | map: 3098 tracked, 1806 hot
[JIT] Stats: 83820544 sends, 4102 compiled, 2984126 failed, 16383/16384 KB code | IC: 10904923/14609425 (74% hit, 84893 patched, 0 stale) | J2J-r: 0/0 J2J-a: 7323262/13489484 J2J-d: 89157 J2J-s: 3136866/9187945 | map: 3098 tracked, 1806 hot
[JIT] Stats: 83886080 sends, 4102 compiled, 2984369 failed, 16383/16384 KB code | IC: 10912677/14621891 (74% hit, 84913 patched, 0 stale) | J2J-r: 0/0 J2J-a: 7328320/13500772 J2J-d: 89170 J2J-s: 3141675/9198984 | map: 3096 tracked, 1806 hot
[DIAG] P40 IdentityDictionary>>to:do: ip=64 fd=35
[DIAG]   [-1] IdentityDictionary>>findElementOrNil:
[DIAG]   [-2] IdentityDictionary>>at:ifAbsent:
[DIAG]   [-3] RGTraitComposition>>propertyNamed:ifAbsent:
[DIAG]   [-4] RGTraitComposition>>environment
[DIAG]   [-5] RGTraitAlias>>environment
[DIAG]   [-6] RGTraitAlias>>?
[DIAG]   [-7] IdentityDictionary>>at:ifAbsent:
[DIAG]   [-8] RGTraitAlias>>propertyNamed:ifAbsent:
[DIAG]   [-9] RGTraitAlias>>environment
[DIAG]   [-10] RGTraitAlias>>backend
[DIAG]   [-11] RGTraitAlias>>subject
[DIAG]   [-12] RGTraitAlias>>trait
[DIAG]   [-13] RGTraitAlias>>trait
[DIAG]   [-14] RGTraitAlias>>trait
[DIAG]   [-15] RGTraitAlias>>trait
[DIAG]   [-16] RGTraitAlias>>trait
[DIAG]   [-17] RGTraitAlias>>trait
[DIAG]   [-18] RGTraitAlias>>trait
[DIAG]   [-19] RGTraitAlias>>trait
[DIAG]   [-20] RGTraitAlias>>trait
[DIAG-TIMER] usecArmed=1 msArmed=0 timerWasArmed=1 timerSem=set lastSignal=0s ago nextUsec=0xe0f4a0a19e4b6 nextMs=0
[DIAG-TIMER] wakeup delta=352758 usec (0.353 sec)
[DIAG-QUEUE] P80 proc=0x3037f62a8 susp=SUnitRunner class>>ifFalse:
[DIAG-QUEUE] P60 proc=0x307a21ad8 susp=SUnitRunner class>>ifFalse:
[DIAG-QUEUE] P10 proc=0x303e55370 susp=ProcessorScheduler class>>idleProcess
[JIT] Stats: 83951616 sends, 4102 compiled, 2984605 failed, 16383/16384 KB code | IC: 10920434/14634348 (74% hit, 84913 patched, 0 stale) | J2J-r: 0/0 J2J-a: 7333371/13512050 J2J-d: 89170 J2J-s: 3146490/9210026 | map: 3096 tracked, 1806 hot
[JIT] Stats: 84017152 sends, 4102 compiled, 2984847 failed, 16383/16384 KB code | IC: 10928192/14646803 (74% hit, 84913 patched, 0 stale) | J2J-r: 0/0 J2J-a: 7338421/13523327 J2J-d: 89170 J2J-s: 3151298/9221061 | map: 3096 tracked, 1806 hot
[JIT] Stats: 84082688 sends, 4102 compiled, 2985089 failed, 16383/16384 KB code | IC: 10935954/14659264 (74% hit, 84913 patched, 0 stale) | J2J-r: 0/0 J2J-a: 7343473/13534606 J2J-d: 89170 J2J-s: 3156108/9232098 | map: 3096 tracked, 1806 hot
[JIT] Stats: 84148224 sends, 4102 compiled, 2985330 failed, 16383/16384 KB code | IC: 10943705/14671729 (74% hit, 84933 patched, 0 stale) | J2J-r: 0/0 J2J-a: 7348531/13545890 J2J-d: 89182 J2J-s: 3160918/9243134 | map: 3096 tracked, 1806 hot
[PROGRESS] 80s: ~2133606693 steps
[JIT] Stats: 84213760 sends, 4102 compiled, 2985570 failed, 16383/16384 KB code | IC: 10951462/14684183 (74% hit, 84933 patched, 0 stale) | J2J-r: 0/0 J2J-a: 7353582/13557166 J2J-d: 89182 J2J-s: 3165729/9254170 | map: 3096 tracked, 1806 hot
[JIT] Stats: 84279296 sends, 4102 compiled, 2985810 failed, 16383/16384 KB code | IC: 10959222/14696639 (74% hit, 84934 patched, 0 stale) | J2J-r: 0/0 J2J-a: 7358633/13568444 J2J-d: 89183 J2J-s: 3170540/9265208 | map: 3096 tracked, 1806 hot
[JIT] Stats: 84344832 sends, 4102 compiled, 2986048 failed, 16383/16384 KB code | IC: 10966979/14709099 (74% hit, 84934 patched, 0 stale) | J2J-r: 0/0 J2J-a: 7363684/13579722 J2J-d: 89183 J2J-s: 3175353/9276248 | map: 3096 tracked, 1806 hot
[JIT] Stats: 84410368 sends, 4102 compiled, 2986290 failed, 16383/16384 KB code | IC: 10974741/14721556 (74% hit, 84934 patched, 0 stale) | J2J-r: 0/0 J2J-a: 7368737/13591001 J2J-d: 89183 J2J-s: 3180164/9287285 | map: 3096 tracked, 1806 hot
[JIT] Stats: 84475904 sends, 4102 compiled, 2986533 failed, 16383/16384 KB code | IC: 10982490/14734015 (74% hit, 84953 patched, 0 stale) | J2J-r: 0/0 J2J-a: 7373793/13602280 J2J-d: 89195 J2J-s: 3184971/9298315 | map: 3096 tracked, 1806 hot
[JIT] Stats: 84541440 sends, 4102 compiled, 2986771 failed, 16383/16384 KB code | IC: 10990246/14746470 (74% hit, 84954 patched, 0 stale) | J2J-r: 0/0 J2J-a: 7378844/13613557 J2J-d: 89195 J2J-s: 3189783/9309353 | map: 3098 tracked, 1806 hot
[JIT] Stats: 84606976 sends, 4102 compiled, 2987013 failed, 16383/16384 KB code | IC: 10998007/14758927 (74% hit, 84954 patched, 0 stale) | J2J-r: 0/0 J2J-a: 7383895/13624834 J2J-d: 89195 J2J-s: 3194592/9320388 | map: 3098 tracked, 1806 hot
[JIT] Stats: 84672512 sends, 4102 compiled, 2987253 failed, 16383/16384 KB code | IC: 11005766/14771392 (74% hit, 84954 patched, 0 stale) | J2J-r: 0/0 J2J-a: 7388948/13636113 J2J-d: 89195 J2J-s: 3199405/9331427 | map: 3098 tracked, 1806 hot
[JIT] Stats: 84738048 sends, 4102 compiled, 2987482 failed, 16383/16384 KB code | IC: 11013500/14783846 (74% hit, 84974 patched, 0 stale) | J2J-r: 0/0 J2J-a: 7393999/13647392 J2J-d: 89208 J2J-s: 3204221/9342471 | map: 3096 tracked, 1806 hot
[JIT] Stats: 84803584 sends, 4102 compiled, 2987720 failed, 16383/16384 KB code | IC: 11021259/14796303 (74% hit, 84975 patched, 0 stale) | J2J-r: 0/0 J2J-a: 7399049/13658674 J2J-d: 89209 J2J-s: 3209033/9353515 | map: 3096 tracked, 1806 hot
[JIT] Stats: 84869120 sends, 4102 compiled, 2987962 failed, 16383/16384 KB code | IC: 11029018/14808760 (74% hit, 84975 patched, 0 stale) | J2J-r: 0/0 J2J-a: 7404100/13669949 J2J-d: 89209 J2J-s: 3213842/9364548 | map: 3096 tracked, 1806 hot
[JIT] Stats: 84934656 sends, 4102 compiled, 2988202 failed, 16383/16384 KB code | IC: 11036774/14821215 (74% hit, 84976 patched, 0 stale) | J2J-r: 0/0 J2J-a: 7409151/13681223 J2J-d: 89209 J2J-s: 3218652/9375581 | map: 3098 tracked, 1806 hot
[JIT] Stats: 85000192 sends, 4102 compiled, 2988444 failed, 16383/16384 KB code | IC: 11044535/14833673 (74% hit, 84976 patched, 0 stale) | J2J-r: 0/0 J2J-a: 7414204/13692502 J2J-d: 89209 J2J-s: 3223463/9386618 | map: 3098 tracked, 1806 hot
[JIT] Stats: 85065728 sends, 4102 compiled, 2988689 failed, 16383/16384 KB code | IC: 11052286/14846131 (74% hit, 84995 patched, 0 stale) | J2J-r: 0/0 J2J-a: 7419259/13703779 J2J-d: 89221 J2J-s: 3228267/9397644 | map: 3096 tracked, 1806 hot
[JIT] Stats: 85131264 sends, 4102 compiled, 2988929 failed, 16383/16384 KB code | IC: 11060042/14858590 (74% hit, 84996 patched, 0 stale) | J2J-r: 0/0 J2J-a: 7424309/13715054 J2J-d: 89222 J2J-s: 3233077/9408679 | map: 3096 tracked, 1806 hot
[JIT] Stats: 85196800 sends, 4102 compiled, 2989171 failed, 16383/16384 KB code | IC: 11067801/14871045 (74% hit, 84996 patched, 0 stale) | J2J-r: 0/0 J2J-a: 7429360/13726329 J2J-d: 89222 J2J-s: 3237886/9419712 | map: 3096 tracked, 1806 hot
[JIT] Stats: 85262336 sends, 4102 compiled, 2989409 failed, 16383/16384 KB code | IC: 11075558/14883503 (74% hit, 84996 patched, 0 stale) | J2J-r: 0/0 J2J-a: 7434410/13737606 J2J-d: 89222 J2J-s: 3242698/9430751 | map: 3096 tracked, 1806 hot
[JIT] Stats: 85327872 sends, 4102 compiled, 2989652 failed, 16383/16384 KB code | IC: 11083312/14895972 (74% hit, 85016 patched, 0 stale) | J2J-r: 0/0 J2J-a: 7439470/13748892 J2J-d: 89234 J2J-s: 3247508/9441787 | map: 3096 tracked, 1806 hot
[JIT] Stats: 85393408 sends, 4102 compiled, 2989890 failed, 16383/16384 KB code | IC: 11091069/14908430 (74% hit, 85017 patched, 0 stale) | J2J-r: 0/0 J2J-a: 7444521/13760175 J2J-d: 89235 J2J-s: 3252321/9452832 | map: 3096 tracked, 1806 hot
[JIT] Stats: 85458944 sends, 4102 compiled, 2990128 failed, 16383/16384 KB code | IC: 11098822/14920888 (74% hit, 85017 patched, 0 stale) | J2J-r: 0/0 J2J-a: 7449570/13771448 J2J-d: 89235 J2J-s: 3257132/9463867 | map: 3096 tracked, 1806 hot
[JIT] Stats: 85524480 sends, 4102 compiled, 2990364 failed, 16383/16384 KB code | IC: 11106577/14933344 (74% hit, 85017 patched, 0 stale) | J2J-r: 0/0 J2J-a: 7454620/13782727 J2J-d: 89235 J2J-s: 3261946/9474910 | map: 3096 tracked, 1806 hot
[JIT] Stats: 85590016 sends, 4102 compiled, 2990604 failed, 16383/16384 KB code | IC: 11114336/14945801 (74% hit, 85017 patched, 0 stale) | J2J-r: 0/0 J2J-a: 7459670/13794002 J2J-d: 89235 J2J-s: 3266756/9485945 | map: 3096 tracked, 1806 hot
[JIT] Stats: 85655552 sends, 4102 compiled, 2990837 failed, 16383/16384 KB code | IC: 11122071/14958255 (74% hit, 85037 patched, 0 stale) | J2J-r: 0/0 J2J-a: 7464721/13805278 J2J-d: 89248 J2J-s: 3271568/9496982 | map: 3096 tracked, 1806 hot
[JIT] Stats: 85721088 sends, 4102 compiled, 2991081 failed, 16383/16384 KB code | IC: 11129835/14970724 (74% hit, 85038 patched, 0 stale) | J2J-r: 0/0 J2J-a: 7469776/13816559 J2J-d: 89248 J2J-s: 3276378/9508018 | map: 3098 tracked, 1806 hot
[JIT] Stats: 85786624 sends, 4102 compiled, 2991321 failed, 16383/16384 KB code | IC: 11137597/14983187 (74% hit, 85038 patched, 0 stale) | J2J-r: 0/0 J2J-a: 7474829/13827840 J2J-d: 89248 J2J-s: 3281191/9519059 | map: 3098 tracked, 1806 hot
[JIT] Stats: 85852160 sends, 4102 compiled, 2991551 failed, 16383/16384 KB code | IC: 11145344/14995641 (74% hit, 85038 patched, 0 stale) | J2J-r: 0/0 J2J-a: 7479877/13839119 J2J-d: 89248 J2J-s: 3286009/9530108 | map: 3098 tracked, 1806 hot
[JIT] Stats: 85917696 sends, 4102 compiled, 2991788 failed, 16383/16384 KB code | IC: 11153089/15008104 (74% hit, 85057 patched, 0 stale) | J2J-r: 0/0 J2J-a: 7484932/13850401 J2J-d: 89260 J2J-s: 3290821/9541147 | map: 3096 tracked, 1806 hot
[JIT] Stats: 85983232 sends, 4102 compiled, 2992028 failed, 16383/16384 KB code | IC: 11160850/15020558 (74% hit, 85058 patched, 0 stale) | J2J-r: 0/0 J2J-a: 7489983/13861682 J2J-d: 89261 J2J-s: 3295632/9552188 | map: 3096 tracked, 1806 hot
[JIT] Stats: 86048768 sends, 4102 compiled, 2992260 failed, 16383/16384 KB code | IC: 11168601/15033012 (74% hit, 85058 patched, 0 stale) | J2J-r: 0/0 J2J-a: 7495031/13872959 J2J-d: 89261 J2J-s: 3300448/9563233 | map: 3096 tracked, 1806 hot
[JIT] Stats: 86114304 sends, 4102 compiled, 2992498 failed, 16383/16384 KB code | IC: 11176358/15045469 (74% hit, 85058 patched, 0 stale) | J2J-r: 0/0 J2J-a: 7500081/13884240 J2J-d: 89261 J2J-s: 3305260/9574276 | map: 3096 tracked, 1806 hot
[JIT] Stats: 86179840 sends, 4102 compiled, 2992735 failed, 16383/16384 KB code | IC: 11184115/15057929 (74% hit, 85059 patched, 0 stale) | J2J-r: 0/0 J2J-a: 7505132/13895521 J2J-d: 89261 J2J-s: 3310072/9585318 | map: 3098 tracked, 1806 hot
[JIT] Stats: 86245376 sends, 4102 compiled, 2992963 failed, 16383/16384 KB code | IC: 11191844/15070380 (74% hit, 85079 patched, 0 stale) | J2J-r: 0/0 J2J-a: 7510181/13906794 J2J-d: 89274 J2J-s: 3314888/9596358 | map: 3096 tracked, 1806 hot
[JIT] Stats: 86310912 sends, 4102 compiled, 2993201 failed, 16383/16384 KB code | IC: 11199603/15082843 (74% hit, 85079 patched, 0 stale) | J2J-r: 0/0 J2J-a: 7515232/13918076 J2J-d: 89274 J2J-s: 3319701/9607402 | map: 3096 tracked, 1806 hot
[JIT] Stats: 86376448 sends, 4102 compiled, 2993434 failed, 16383/16384 KB code | IC: 11207355/15095305 (74% hit, 85079 patched, 0 stale) | J2J-r: 0/0 J2J-a: 7520282/13929356 J2J-d: 89274 J2J-s: 3324517/9618448 | map: 3096 tracked, 1806 hot
[JIT] Stats: 86441984 sends, 4102 compiled, 2993669 failed, 16383/16384 KB code | IC: 11215105/15107757 (74% hit, 85079 patched, 0 stale) | J2J-r: 0/0 J2J-a: 7525329/13940632 J2J-d: 89274 J2J-s: 3329330/9629490 | map: 3096 tracked, 1806 hot
[JIT] Stats: 86507520 sends, 4102 compiled, 2993906 failed, 16383/16384 KB code | IC: 11222849/15120215 (74% hit, 85098 patched, 0 stale) | J2J-r: 0/0 J2J-a: 7530383/13951912 J2J-d: 89286 J2J-s: 3334141/9640527 | map: 3096 tracked, 1806 hot
[JIT] Stats: 86573056 sends, 4102 compiled, 2994140 failed, 16383/16384 KB code | IC: 11230599/15132668 (74% hit, 85100 patched, 0 stale) | J2J-r: 0/0 J2J-a: 7535431/13963186 J2J-d: 89287 J2J-s: 3338954/9651566 | map: 3098 tracked, 1806 hot
[JIT] Stats: 86638592 sends, 4102 compiled, 2994374 failed, 16383/16384 KB code | IC: 11238354/15145125 (74% hit, 85100 patched, 0 stale) | J2J-r: 0/0 J2J-a: 7540481/13974472 J2J-d: 89287 J2J-s: 3343770/9662618 | map: 3098 tracked, 1806 hot
[JIT] Stats: 86704128 sends, 4102 compiled, 2994616 failed, 16383/16384 KB code | IC: 11246109/15157579 (74% hit, 85100 patched, 0 stale) | J2J-r: 0/0 J2J-a: 7545530/13985741 J2J-d: 89287 J2J-s: 3348577/9673645 | map: 3098 tracked, 1806 hot
[JIT] Stats: 86769664 sends, 4102 compiled, 2994848 failed, 16383/16384 KB code | IC: 11253859/15170040 (74% hit, 85100 patched, 0 stale) | J2J-r: 0/0 J2J-a: 7550578/13997019 J2J-d: 89287 J2J-s: 3353393/9684691 | map: 3098 tracked, 1806 hot
[JIT] Stats: 86835200 sends, 4102 compiled, 2995087 failed, 16383/16384 KB code | IC: 11261610/15182500 (74% hit, 85119 patched, 0 stale) | J2J-r: 0/0 J2J-a: 7555635/14008306 J2J-d: 89299 J2J-s: 3358205/9695733 | map: 3096 tracked, 1806 hot
[JIT] Stats: 86900736 sends, 4102 compiled, 2995319 failed, 16383/16384 KB code | IC: 11269361/15194955 (74% hit, 85120 patched, 0 stale) | J2J-r: 0/0 J2J-a: 7560683/14019587 J2J-d: 89300 J2J-s: 3363021/9706782 | map: 3096 tracked, 1806 hot
[JIT] Stats: 86966272 sends, 4102 compiled, 2995557 failed, 16383/16384 KB code | IC: 11277117/15207411 (74% hit, 85121 patched, 0 stale) | J2J-r: 0/0 J2J-a: 7565735/14030864 J2J-d: 89300 J2J-s: 3367834/9717820 | map: 3098 tracked, 1806 hot
[JIT] Stats: 87031808 sends, 4102 compiled, 2995795 failed, 16383/16384 KB code | IC: 11284875/15219873 (74% hit, 85121 patched, 0 stale) | J2J-r: 0/0 J2J-a: 7570786/14042145 J2J-d: 89300 J2J-s: 3372647/9728863 | map: 3098 tracked, 1806 hot
[JIT] Stats: 87097344 sends, 4102 compiled, 2996028 failed, 16383/16384 KB code | IC: 11292617/15232330 (74% hit, 85140 patched, 0 stale) | J2J-r: 0/0 J2J-a: 7575840/14053429 J2J-d: 89312 J2J-s: 3377462/9739908 | map: 3096 tracked, 1806 hot
[JIT] Stats: 87162880 sends, 4102 compiled, 2996258 failed, 16383/16384 KB code | IC: 11300364/15244786 (74% hit, 85141 patched, 0 stale) | J2J-r: 0/0 J2J-a: 7580887/14064708 J2J-d: 89313 J2J-s: 3382279/9750957 | map: 3096 tracked, 1806 hot
[JIT] Stats: 87228416 sends, 4102 compiled, 2996490 failed, 16383/16384 KB code | IC: 11308114/15257239 (74% hit, 85141 patched, 0 stale) | J2J-r: 0/0 J2J-a: 7585935/14075987 J2J-d: 89313 J2J-s: 3387095/9762004 | map: 3096 tracked, 1806 hot
[JIT] Stats: 87293952 sends, 4102 compiled, 2996728 failed, 16383/16384 KB code | IC: 11315873/15269700 (74% hit, 85141 patched, 0 stale) | J2J-r: 0/0 J2J-a: 7590986/14087268 J2J-d: 89313 J2J-s: 3391908/9773047 | map: 3096 tracked, 1806 hot
[JIT] Stats: 87359488 sends, 4102 compiled, 2996970 failed, 16383/16384 KB code | IC: 11323635/15282165 (74% hit, 85142 patched, 0 stale) | J2J-r: 0/0 J2J-a: 7596040/14098551 J2J-d: 89313 J2J-s: 3396719/9784087 | map: 3098 tracked, 1806 hot
[JIT] Stats: 87425024 sends, 4102 compiled, 2997207 failed, 16383/16384 KB code | IC: 11331379/15294625 (74% hit, 85161 patched, 0 stale) | J2J-r: 0/0 J2J-a: 7601096/14109829 J2J-d: 89325 J2J-s: 3401532/9795122 | map: 3096 tracked, 1806 hot
[JIT] Stats: 87490560 sends, 4102 compiled, 2997445 failed, 16383/16384 KB code | IC: 11339135/15307080 (74% hit, 85162 patched, 0 stale) | J2J-r: 0/0 J2J-a: 7606145/14121107 J2J-d: 89326 J2J-s: 3406343/9806162 | map: 3096 tracked, 1806 hot
[JIT] Stats: 87556096 sends, 4102 compiled, 2997675 failed, 16383/16384 KB code | IC: 11346882/15319539 (74% hit, 85162 patched, 0 stale) | J2J-r: 0/0 J2J-a: 7611192/14132385 J2J-d: 89326 J2J-s: 3411160/9817210 | map: 3096 tracked, 1806 hot
[JIT] Stats: 87621632 sends, 4102 compiled, 2997909 failed, 16383/16384 KB code | IC: 11354635/15331993 (74% hit, 85162 patched, 0 stale) | J2J-r: 0/0 J2J-a: 7616241/14143663 J2J-d: 89326 J2J-s: 3415975/9828254 | map: 3096 tracked, 1806 hot
[JIT] Stats: 87687168 sends, 4102 compiled, 2998144 failed, 16383/16384 KB code | IC: 11362378/15344452 (74% hit, 85181 patched, 0 stale) | J2J-r: 0/0 J2J-a: 7621296/14154947 J2J-d: 89338 J2J-s: 3420789/9839297 | map: 3096 tracked, 1806 hot
[JIT] Stats: 87752704 sends, 4102 compiled, 2998376 failed, 16383/16384 KB code | IC: 11370126/15356905 (74% hit, 85182 patched, 0 stale) | J2J-r: 0/0 J2J-a: 7626341/14166221 J2J-d: 89339 J2J-s: 3425602/9850339 | map: 3096 tracked, 1806 hot
[JIT] Stats: 87818240 sends, 4102 compiled, 2998614 failed, 16383/16384 KB code | IC: 11377879/15369357 (74% hit, 85183 patched, 0 stale) | J2J-r: 0/0 J2J-a: 7631391/14177496 J2J-d: 89339 J2J-s: 3430413/9861375 | map: 3098 tracked, 1806 hot
[JIT] Stats: 87883776 sends, 4102 compiled, 2998850 failed, 16383/16384 KB code | IC: 11385632/15381812 (74% hit, 85183 patched, 0 stale) | J2J-r: 0/0 J2J-a: 7636440/14188774 J2J-d: 89339 J2J-s: 3435226/9872417 | map: 3098 tracked, 1806 hot
[JIT] Stats: 87949312 sends, 4102 compiled, 2999086 failed, 16383/16384 KB code | IC: 11393386/15394269 (74% hit, 85183 patched, 0 stale) | J2J-r: 0/0 J2J-a: 7641490/14200051 J2J-d: 89339 J2J-s: 3440040/9883458 | map: 3098 tracked, 1806 hot
[JIT] Stats: 88014848 sends, 4102 compiled, 2999325 failed, 16383/16384 KB code | IC: 11401133/15406728 (74% hit, 85203 patched, 0 stale) | J2J-r: 0/0 J2J-a: 7646543/14211333 J2J-d: 89352 J2J-s: 3444848/9894495 | map: 3096 tracked, 1806 hot
[DIAG] P40 RGTraitComposition>>ifNil: ip=64 fd=33
[DIAG]   [-1] RGTraitComposition>>propertyNamed:ifAbsent:
[DIAG]   [-2] RGTraitComposition>>environment
[DIAG]   [-3] RGTraitAlias>>environment
[DIAG]   [-4] RGTraitAlias>>?
[DIAG]   [-5] IdentityDictionary>>at:ifAbsent:
[DIAG]   [-6] RGTraitAlias>>propertyNamed:ifAbsent:
[DIAG]   [-7] RGTraitAlias>>environment
[DIAG]   [-8] RGTraitAlias>>backend
[DIAG]   [-9] RGTraitAlias>>subject
[DIAG]   [-10] RGTraitAlias>>trait
[DIAG]   [-11] RGTraitAlias>>trait
[DIAG]   [-12] RGTraitAlias>>trait
[DIAG]   [-13] RGTraitAlias>>trait
[DIAG]   [-14] RGTraitAlias>>trait
[DIAG]   [-15] RGTraitAlias>>trait
[DIAG]   [-16] RGTraitAlias>>trait
[DIAG]   [-17] RGTraitAlias>>trait
[DIAG]   [-18] RGTraitAlias>>trait
[DIAG]   [-19] RGTraitAlias>>trait
[DIAG]   [-20] RGTraitAlias>>trait
[DIAG-TIMER] usecArmed=1 msArmed=0 timerWasArmed=1 timerSem=set lastSignal=0s ago nextUsec=0xe0f4a0ab281c8 nextMs=0
[DIAG-TIMER] wakeup delta=352599 usec (0.353 sec)
[DIAG-QUEUE] P80 proc=0x3037f62a8 susp=SUnitRunner class>>ifFalse:
[DIAG-QUEUE] P60 proc=0x307a21ad8 susp=SUnitRunner class>>ifFalse:
[DIAG-QUEUE] P10 proc=0x303e55370 susp=ProcessorScheduler class>>idleProcess
[JIT] Stats: 88080384 sends, 4102 compiled, 2999561 failed, 16383/16384 KB code | IC: 11408884/15419182 (73% hit, 85203 patched, 0 stale) | J2J-r: 0/0 J2J-a: 7651591/14222607 J2J-d: 89352 J2J-s: 3449660/9905533 | map: 3096 tracked, 1806 hot
[JIT] Stats: 88145920 sends, 4102 compiled, 2999797 failed, 16383/16384 KB code | IC: 11416639/15431636 (73% hit, 85203 patched, 0 stale) | J2J-r: 0/0 J2J-a: 7656640/14233885 J2J-d: 89352 J2J-s: 3454473/9916575 | map: 3096 tracked, 1806 hot
[JIT] Stats: 88211456 sends, 4102 compiled, 3000037 failed, 16383/16384 KB code | IC: 11424397/15444092 (73% hit, 85204 patched, 0 stale) | J2J-r: 0/0 J2J-a: 7661692/14245165 J2J-d: 89352 J2J-s: 3459284/9927614 | map: 3098 tracked, 1806 hot
[PROGRESS] 90s: ~2259752677 steps
[JIT] Stats: 88276992 sends, 4102 compiled, 3000272 failed, 16383/16384 KB code | IC: 11432140/15456555 (73% hit, 85224 patched, 0 stale) | J2J-r: 0/0 J2J-a: 7666747/14256449 J2J-d: 89365 J2J-s: 3464098/9938657 | map: 3096 tracked, 1806 hot
[JIT] Stats: 88342528 sends, 4102 compiled, 3000508 failed, 16383/16384 KB code | IC: 11439896/15469018 (73% hit, 85224 patched, 0 stale) | J2J-r: 0/0 J2J-a: 7671797/14267730 J2J-d: 89365 J2J-s: 3468912/9949702 | map: 3096 tracked, 1806 hot
[JIT] Stats: 88408064 sends, 4102 compiled, 3000744 failed, 16383/16384 KB code | IC: 11447652/15481477 (73% hit, 85224 patched, 0 stale) | J2J-r: 0/0 J2J-a: 7676847/14279012 J2J-d: 89365 J2J-s: 3473726/9960748 | map: 3096 tracked, 1806 hot
[JIT] Stats: 88473600 sends, 4102 compiled, 3000984 failed, 16383/16384 KB code | IC: 11455410/15493935 (73% hit, 85224 patched, 0 stale) | J2J-r: 0/0 J2J-a: 7681898/14290291 J2J-d: 89365 J2J-s: 3478537/9971787 | map: 3096 tracked, 1806 hot
[JIT] Stats: 88539136 sends, 4102 compiled, 3001226 failed, 16383/16384 KB code | IC: 11463170/15506391 (73% hit, 85224 patched, 0 stale) | J2J-r: 0/0 J2J-a: 7686950/14301567 J2J-d: 89365 J2J-s: 3483347/9982821 | map: 3096 tracked, 1806 hot
[JIT] Stats: 88604672 sends, 4102 compiled, 3001469 failed, 16383/16384 KB code | IC: 11470921/15518849 (73% hit, 85245 patched, 0 stale) | J2J-r: 0/0 J2J-a: 7692007/14312849 J2J-d: 89378 J2J-s: 3488154/9993853 | map: 3098 tracked, 1806 hot
[JIT] Stats: 88670208 sends, 4102 compiled, 3001701 failed, 16383/16384 KB code | IC: 11478671/15531304 (73% hit, 85245 patched, 0 stale) | J2J-r: 0/0 J2J-a: 7697055/14324128 J2J-d: 89378 J2J-s: 3492970/10004900 | map: 3098 tracked, 1806 hot
[JIT] Stats: 88735744 sends, 4102 compiled, 3001939 failed, 16383/16384 KB code | IC: 11486428/15543762 (73% hit, 85245 patched, 0 stale) | J2J-r: 0/0 J2J-a: 7702105/14335409 J2J-d: 89378 J2J-s: 3497782/10015943 | map: 3098 tracked, 1806 hot
[JIT] Stats: 88801280 sends, 4102 compiled, 3002171 failed, 16383/16384 KB code | IC: 11494177/15556215 (73% hit, 85245 patched, 0 stale) | J2J-r: 0/0 J2J-a: 7707155/14346684 J2J-d: 89378 J2J-s: 3502599/10026985 | map: 3098 tracked, 1806 hot
[JIT] Stats: 88866816 sends, 4102 compiled, 3002408 failed, 16383/16384 KB code | IC: 11501922/15568678 (73% hit, 85265 patched, 0 stale) | J2J-r: 0/0 J2J-a: 7712208/14357969 J2J-d: 89391 J2J-s: 3507410/10038028 | map: 3096 tracked, 1806 hot
[JIT] Stats: 88932352 sends, 4102 compiled, 3002644 failed, 16383/16384 KB code | IC: 11509677/15581134 (73% hit, 85265 patched, 0 stale) | J2J-r: 0/0 J2J-a: 7717257/14369250 J2J-d: 89391 J2J-s: 3512223/10049073 | map: 3096 tracked, 1806 hot
[JIT] Stats: 88997888 sends, 4102 compiled, 3002878 failed, 16383/16384 KB code | IC: 11517426/15593589 (73% hit, 85266 patched, 0 stale) | J2J-r: 0/0 J2J-a: 7722307/14380524 J2J-d: 89391 J2J-s: 3517038/10060112 | map: 3098 tracked, 1806 hot
[JIT] Stats: 89063424 sends, 4102 compiled, 3003122 failed, 16383/16384 KB code | IC: 11525187/15606046 (73% hit, 85266 patched, 0 stale) | J2J-r: 0/0 J2J-a: 7727357/14391800 J2J-d: 89391 J2J-s: 3521844/10071144 | map: 3098 tracked, 1806 hot
[JIT] Stats: 89128960 sends, 4102 compiled, 3003356 failed, 16383/16384 KB code | IC: 11532941/15618504 (73% hit, 85266 patched, 0 stale) | J2J-r: 0/0 J2J-a: 7732406/14403082 J2J-d: 89391 J2J-s: 3526659/10082192 | map: 3098 tracked, 1806 hot
[JIT] Stats: 89194496 sends, 4102 compiled, 3003593 failed, 16383/16384 KB code | IC: 11540685/15630963 (73% hit, 85285 patched, 0 stale) | J2J-r: 0/0 J2J-a: 7737462/14414361 J2J-d: 89403 J2J-s: 3531472/10093228 | map: 3096 tracked, 1806 hot
[JIT] Stats: 89260032 sends, 4102 compiled, 3003831 failed, 16383/16384 KB code | IC: 11548439/15643419 (73% hit, 85286 patched, 0 stale) | J2J-r: 0/0 J2J-a: 7742511/14425635 J2J-d: 89404 J2J-s: 3536283/10104264 | map: 3096 tracked, 1806 hot
[JIT] Stats: 89325568 sends, 4102 compiled, 3004069 failed, 16383/16384 KB code | IC: 11556197/15655877 (73% hit, 85286 patched, 0 stale) | J2J-r: 0/0 J2J-a: 7747562/14436916 J2J-d: 89404 J2J-s: 3541096/10115307 | map: 3096 tracked, 1806 hot
[JIT] Stats: 89391104 sends, 4102 compiled, 3004303 failed, 16383/16384 KB code | IC: 11563949/15668332 (73% hit, 85287 patched, 0 stale) | J2J-r: 0/0 J2J-a: 7752610/14448195 J2J-d: 89404 J2J-s: 3545909/10126351 | map: 3098 tracked, 1806 hot
[JIT] Stats: 89456640 sends, 4102 compiled, 3004538 failed, 16383/16384 KB code | IC: 11571689/15680785 (73% hit, 85307 patched, 0 stale) | J2J-r: 0/0 J2J-a: 7757663/14459472 J2J-d: 89417 J2J-s: 3550721/10137387 | map: 3096 tracked, 1806 hot
[JIT] Stats: 89522176 sends, 4102 compiled, 3004770 failed, 16383/16384 KB code | IC: 11579441/15693241 (73% hit, 85307 patched, 0 stale) | J2J-r: 0/0 J2J-a: 7762713/14470754 J2J-d: 89417 J2J-s: 3555538/10148436 | map: 3096 tracked, 1806 hot
[JIT] Stats: 89587712 sends, 4102 compiled, 3005010 failed, 16383/16384 KB code | IC: 11587200/15705701 (73% hit, 85307 patched, 0 stale) | J2J-r: 0/0 J2J-a: 7767763/14482034 J2J-d: 89417 J2J-s: 3560349/10159477 | map: 3096 tracked, 1806 hot
[JIT] Stats: 89653248 sends, 4102 compiled, 3005252 failed, 16383/16384 KB code | IC: 11594963/15718170 (73% hit, 85307 patched, 0 stale) | J2J-r: 0/0 J2J-a: 7772816/14493316 J2J-d: 89417 J2J-s: 3565160/10170517 | map: 3096 tracked, 1806 hot
[JIT] Stats: 89718784 sends, 4102 compiled, 3005494 failed, 16383/16384 KB code | IC: 11602722/15730628 (73% hit, 85307 patched, 0 stale) | J2J-r: 0/0 J2J-a: 7777867/14504592 J2J-d: 89417 J2J-s: 3569969/10181551 | map: 3096 tracked, 1806 hot
[JIT] Stats: 89784320 sends, 4102 compiled, 3005735 failed, 16383/16384 KB code | IC: 11610470/15743093 (73% hit, 85326 patched, 0 stale) | J2J-r: 0/0 J2J-a: 7782923/14515872 J2J-d: 89429 J2J-s: 3574778/10192584 | map: 3096 tracked, 1806 hot
[JIT] Stats: 89849856 sends, 4102 compiled, 3005969 failed, 16383/16384 KB code | IC: 11618220/15755544 (73% hit, 85328 patched, 0 stale) | J2J-r: 0/0 J2J-a: 7787972/14527147 J2J-d: 89430 J2J-s: 3579592/10203624 | map: 3098 tracked, 1806 hot
[JIT] Stats: 89915392 sends, 4102 compiled, 3006203 failed, 16383/16384 KB code | IC: 11625972/15767997 (73% hit, 85328 patched, 0 stale) | J2J-r: 0/0 J2J-a: 7793020/14538424 J2J-d: 89430 J2J-s: 3584406/10214667 | map: 3098 tracked, 1806 hot
[JIT] Stats: 89980928 sends, 4102 compiled, 3006443 failed, 16383/16384 KB code | IC: 11633732/15780452 (73% hit, 85328 patched, 0 stale) | J2J-r: 0/0 J2J-a: 7798072/14549704 J2J-d: 89430 J2J-s: 3589218/10225707 | map: 3098 tracked, 1806 hot
[JIT] Stats: 90046464 sends, 4102 compiled, 3006682 failed, 16383/16384 KB code | IC: 11641481/15792922 (73% hit, 85347 patched, 0 stale) | J2J-r: 0/0 J2J-a: 7803128/14560986 J2J-d: 89442 J2J-s: 3594029/10236744 | map: 3096 tracked, 1806 hot
[JIT] Stats: 90112000 sends, 4102 compiled, 3006918 failed, 16383/16384 KB code | IC: 11649233/15805376 (73% hit, 85348 patched, 0 stale) | J2J-r: 0/0 J2J-a: 7808177/14572262 J2J-d: 89443 J2J-s: 3598842/10247784 | map: 3096 tracked, 1806 hot
[JIT] Stats: 90177536 sends, 4102 compiled, 3007154 failed, 16383/16384 KB code | IC: 11656990/15817837 (73% hit, 85348 patched, 0 stale) | J2J-r: 0/0 J2J-a: 7813227/14583543 J2J-d: 89443 J2J-s: 3603656/10258829 | map: 3096 tracked, 1806 hot
[JIT] Stats: 90243072 sends, 4102 compiled, 3007396 failed, 16383/16384 KB code | IC: 11664750/15830290 (73% hit, 85349 patched, 0 stale) | J2J-r: 0/0 J2J-a: 7818279/14594820 J2J-d: 89443 J2J-s: 3608465/10269863 | map: 3098 tracked, 1806 hot
[JIT] Stats: 90308608 sends, 4102 compiled, 3007632 failed, 16383/16384 KB code | IC: 11672505/15842751 (73% hit, 85349 patched, 0 stale) | J2J-r: 0/0 J2J-a: 7823330/14606098 J2J-d: 89443 J2J-s: 3613280/10280905 | map: 3098 tracked, 1806 hot
[JIT] Stats: 90374144 sends, 4102 compiled, 3007873 failed, 16383/16384 KB code | IC: 11680254/15855212 (73% hit, 85368 patched, 0 stale) | J2J-r: 0/0 J2J-a: 7828387/14617380 J2J-d: 89455 J2J-s: 3618090/10291940 | map: 3096 tracked, 1806 hot
[JIT] Stats: 90439680 sends, 4102 compiled, 3008111 failed, 16383/16384 KB code | IC: 11688010/15867666 (73% hit, 85369 patched, 0 stale) | J2J-r: 0/0 J2J-a: 7833436/14628655 J2J-d: 89456 J2J-s: 3622901/10302977 | map: 3096 tracked, 1806 hot
[JIT] Stats: 90505216 sends, 4102 compiled, 3008345 failed, 16383/16384 KB code | IC: 11695760/15880126 (73% hit, 85369 patched, 0 stale) | J2J-r: 0/0 J2J-a: 7838485/14639931 J2J-d: 89456 J2J-s: 3627716/10314019 | map: 3096 tracked, 1806 hot
[JIT] Stats: 90570752 sends, 4102 compiled, 3008583 failed, 16383/16384 KB code | IC: 11703516/15892579 (73% hit, 85369 patched, 0 stale) | J2J-r: 0/0 J2J-a: 7843536/14651209 J2J-d: 89456 J2J-s: 3632529/10325059 | map: 3096 tracked, 1806 hot
[JIT] Stats: 90636288 sends, 4102 compiled, 3008828 failed, 16383/16384 KB code | IC: 11711270/15905041 (73% hit, 85389 patched, 0 stale) | J2J-r: 0/0 J2J-a: 7848593/14662492 J2J-d: 89468 J2J-s: 3637334/10336090 | map: 3098 tracked, 1806 hot
[JIT] Stats: 90701824 sends, 4102 compiled, 3009064 failed, 16383/16384 KB code | IC: 11719023/15917492 (73% hit, 85389 patched, 0 stale) | J2J-r: 0/0 J2J-a: 7853642/14673766 J2J-d: 89468 J2J-s: 3642147/10347128 | map: 3098 tracked, 1806 hot
[JIT] Stats: 90767360 sends, 4102 compiled, 3009298 failed, 16383/16384 KB code | IC: 11726778/15929948 (73% hit, 85390 patched, 0 stale) | J2J-r: 0/0 J2J-a: 7858692/14685049 J2J-d: 89469 J2J-s: 3646963/10358177 | map: 3098 tracked, 1806 hot
[JIT] Stats: 90832896 sends, 4102 compiled, 3009534 failed, 16383/16384 KB code | IC: 11734532/15942402 (73% hit, 85390 patched, 0 stale) | J2J-r: 0/0 J2J-a: 7863741/14696328 J2J-d: 89469 J2J-s: 3651776/10369220 | map: 3098 tracked, 1806 hot
[JIT] Stats: 90898432 sends, 4102 compiled, 3009770 failed, 16383/16384 KB code | IC: 11742283/15954856 (73% hit, 85390 patched, 0 stale) | J2J-r: 0/0 J2J-a: 7868789/14707600 J2J-d: 89469 J2J-s: 3656588/10380256 | map: 3098 tracked, 1806 hot
[JIT] Stats: 90963968 sends, 4102 compiled, 3010007 failed, 16383/16384 KB code | IC: 11750025/15967311 (73% hit, 85409 patched, 0 stale) | J2J-r: 0/0 J2J-a: 7873843/14718877 J2J-d: 89481 J2J-s: 3661399/10391290 | map: 3096 tracked, 1806 hot
[JIT] Stats: 91029504 sends, 4102 compiled, 3010242 failed, 16383/16384 KB code | IC: 11757780/15979767 (73% hit, 85411 patched, 0 stale) | J2J-r: 0/0 J2J-a: 7878893/14730157 J2J-d: 89482 J2J-s: 3666212/10402333 | map: 3098 tracked, 1806 hot
[JIT] Stats: 91095040 sends, 4102 compiled, 3010477 failed, 16383/16384 KB code | IC: 11765529/15992217 (73% hit, 85411 patched, 0 stale) | J2J-r: 0/0 J2J-a: 7883941/14741431 J2J-d: 89482 J2J-s: 3671026/10413373 | map: 3098 tracked, 1806 hot
[JIT] Stats: 91160576 sends, 4102 compiled, 3010719 failed, 16383/16384 KB code | IC: 11773291/16004681 (73% hit, 85411 patched, 0 stale) | J2J-r: 0/0 J2J-a: 7888994/14752712 J2J-d: 89482 J2J-s: 3675837/10424412 | map: 3098 tracked, 1806 hot
[JIT] Stats: 91226112 sends, 4102 compiled, 3010958 failed, 16383/16384 KB code | IC: 11781039/16017143 (73% hit, 85430 patched, 0 stale) | J2J-r: 0/0 J2J-a: 7894050/14763995 J2J-d: 89494 J2J-s: 3680648/10435450 | map: 3096 tracked, 1806 hot
[JIT] Stats: 91291648 sends, 4102 compiled, 3011196 failed, 16383/16384 KB code | IC: 11788794/16029601 (73% hit, 85431 patched, 0 stale) | J2J-r: 0/0 J2J-a: 7899101/14775271 J2J-d: 89495 J2J-s: 3685461/10446488 | map: 3096 tracked, 1806 hot
[JIT] Stats: 91357184 sends, 4102 compiled, 3011438 failed, 16383/16384 KB code | IC: 11796556/16042064 (73% hit, 85431 patched, 0 stale) | J2J-r: 0/0 J2J-a: 7904154/14786550 J2J-d: 89495 J2J-s: 3690272/10457525 | map: 3096 tracked, 1806 hot
[JIT] Stats: 91422720 sends, 4102 compiled, 3011676 failed, 16383/16384 KB code | IC: 11804313/16054518 (73% hit, 85431 patched, 0 stale) | J2J-r: 0/0 J2J-a: 7909203/14797826 J2J-d: 89495 J2J-s: 3695083/10468563 | map: 3096 tracked, 1806 hot
[JIT] Stats: 91488256 sends, 4102 compiled, 3011914 failed, 16383/16384 KB code | IC: 11812062/16066972 (73% hit, 85432 patched, 0 stale) | J2J-r: 0/0 J2J-a: 7914252/14809097 J2J-d: 89495 J2J-s: 3699893/10479595 | map: 3098 tracked, 1806 hot
[JIT] Stats: 91553792 sends, 4102 compiled, 3012155 failed, 16383/16384 KB code | IC: 11819811/16079430 (73% hit, 85451 patched, 0 stale) | J2J-r: 0/0 J2J-a: 7919307/14820376 J2J-d: 89507 J2J-s: 3704701/10490627 | map: 3096 tracked, 1806 hot
[JIT] Stats: 91619328 sends, 4102 compiled, 3012393 failed, 16383/16384 KB code | IC: 11827564/16091880 (73% hit, 85451 patched, 0 stale) | J2J-r: 0/0 J2J-a: 7924356/14831648 J2J-d: 89507 J2J-s: 3709512/10501661 | map: 3096 tracked, 1806 hot
[JIT] Stats: 91684864 sends, 4102 compiled, 3012629 failed, 16383/16384 KB code | IC: 11835318/16104338 (73% hit, 85452 patched, 0 stale) | J2J-r: 0/0 J2J-a: 7929406/14842925 J2J-d: 89508 J2J-s: 3714326/10512702 | map: 3096 tracked, 1806 hot
[JIT] Stats: 91750400 sends, 4102 compiled, 3012867 failed, 16383/16384 KB code | IC: 11843075/16116795 (73% hit, 85452 patched, 0 stale) | J2J-r: 0/0 J2J-a: 7934456/14854206 J2J-d: 89508 J2J-s: 3719138/10523745 | map: 3096 tracked, 1806 hot
[JIT] Stats: 91815936 sends, 4102 compiled, 3013100 failed, 16383/16384 KB code | IC: 11850816/16129251 (73% hit, 85471 patched, 0 stale) | J2J-r: 0/0 J2J-a: 7939510/14865487 J2J-d: 89520 J2J-s: 3723953/10534787 | map: 3096 tracked, 1806 hot
[JIT] Stats: 91881472 sends, 4102 compiled, 3013340 failed, 16383/16384 KB code | IC: 11858576/16141705 (73% hit, 85473 patched, 0 stale) | J2J-r: 0/0 J2J-a: 7944561/14876766 J2J-d: 89521 J2J-s: 3728763/10545825 | map: 3098 tracked, 1806 hot
[JIT] Stats: 91947008 sends, 4102 compiled, 3013570 failed, 16383/16384 KB code | IC: 11866322/16154156 (73% hit, 85473 patched, 0 stale) | J2J-r: 0/0 J2J-a: 7949607/14888043 J2J-d: 89521 J2J-s: 3733579/10556872 | map: 3098 tracked, 1806 hot
[syncDisplay] displayFormReady_=false (call 2000), displayForm_ isNil=0
[JIT] Stats: 92012544 sends, 4102 compiled, 3013806 failed, 16383/16384 KB code | IC: 11874076/16166609 (73% hit, 85473 patched, 0 stale) | J2J-r: 0/0 J2J-a: 7954656/14899319 J2J-d: 89521 J2J-s: 3738392/10567912 | map: 3098 tracked, 1806 hot
[JIT] Stats: 92078080 sends, 4102 compiled, 3014044 failed, 16383/16384 KB code | IC: 11881827/16179063 (73% hit, 85473 patched, 0 stale) | J2J-r: 0/0 J2J-a: 7959704/14910591 J2J-d: 89521 J2J-s: 3743202/10578946 | map: 3098 tracked, 1806 hot
[DIAG] P40 IdentityDictionary>>to:do: ip=60 fd=30
[DIAG]   [-1] IdentityDictionary>>findElementOrNil:
[DIAG]   [-2] IdentityDictionary>>at:ifAbsent:
[DIAG]   [-3] RGTraitAlias>>propertyNamed:ifAbsent:
[DIAG]   [-4] RGTraitAlias>>environment
[DIAG]   [-5] RGTraitAlias>>backend
[DIAG]   [-6] RGTraitAlias>>subject
[DIAG]   [-7] RGTraitAlias>>trait
[DIAG]   [-8] RGTraitAlias>>trait
[DIAG]   [-9] RGTraitAlias>>trait
[DIAG]   [-10] RGTraitAlias>>trait
[DIAG]   [-11] RGTraitAlias>>trait
[DIAG]   [-12] RGTraitAlias>>trait
[DIAG]   [-13] RGTraitAlias>>trait
[DIAG]   [-14] RGTraitAlias>>trait
[DIAG]   [-15] RGTraitAlias>>trait
[DIAG]   [-16] RGTraitAlias>>trait
[DIAG]   [-17] RGTraitAlias>>trait
[DIAG]   [-18] RGTraitAlias>>trait
[DIAG]   [-19] RGTraitAlias>>trait
[DIAG]   [-20] RGTraitAlias>>trait
[DIAG-TIMER] usecArmed=1 msArmed=0 timerWasArmed=1 timerSem=set lastSignal=0s ago nextUsec=0xe0f4a0b4b7085 nextMs=0
[DIAG-TIMER] wakeup delta=374372 usec (0.374 sec)
[DIAG-QUEUE] P80 proc=0x3037f62a8 susp=SUnitRunner class>>ifFalse:
[DIAG-QUEUE] P60 proc=0x307a21ad8 susp=SUnitRunner class>>ifFalse:
[DIAG-QUEUE] P10 proc=0x303e55370 susp=ProcessorScheduler class>>idleProcess
[JIT] Stats: 92143616 sends, 4102 compiled, 3014289 failed, 16383/16384 KB code | IC: 11889583/16191527 (73% hit, 85492 patched, 0 stale) | J2J-r: 0/0 J2J-a: 7964762/14921874 J2J-d: 89533 J2J-s: 3748009/10589978 | map: 3096 tracked, 1806 hot
[JIT] Stats: 92209152 sends, 4102 compiled, 3014523 failed, 16383/16384 KB code | IC: 11897331/16203982 (73% hit, 85493 patched, 0 stale) | J2J-r: 0/0 J2J-a: 7969810/14933146 J2J-d: 89534 J2J-s: 3752823/10601016 | map: 3096 tracked, 1806 hot
[JIT] Stats: 92274688 sends, 4102 compiled, 3014761 failed, 16383/16384 KB code | IC: 11905089/16216439 (73% hit, 85494 patched, 0 stale) | J2J-r: 0/0 J2J-a: 7974861/14944427 J2J-d: 89534 J2J-s: 3757635/10612058 | map: 3098 tracked, 1806 hot
[JIT] Stats: 92340224 sends, 4102 compiled, 3014989 failed, 16383/16384 KB code | IC: 11912833/16228891 (73% hit, 85494 patched, 0 stale) | J2J-r: 0/0 J2J-a: 7979907/14955703 J2J-d: 89534 J2J-s: 3762453/10623106 | map: 3098 tracked, 1806 hot
[PROGRESS] 100s: ~2385956094 steps
[JIT] Stats: 92405760 sends, 4102 compiled, 3015234 failed, 16383/16384 KB code | IC: 11920585/16241349 (73% hit, 85513 patched, 0 stale) | J2J-r: 0/0 J2J-a: 7984963/14966982 J2J-d: 89546 J2J-s: 3767258/10634134 | map: 3096 tracked, 1806 hot
[JIT] Stats: 92471296 sends, 4102 compiled, 3015474 failed, 16383/16384 KB code | IC: 11928345/16253800 (73% hit, 85513 patched, 0 stale) | J2J-r: 0/0 J2J-a: 7990013/14978260 J2J-d: 89546 J2J-s: 3772068/10645172 | map: 3096 tracked, 1806 hot
[JIT] Stats: 92536832 sends, 4102 compiled, 3015708 failed, 16383/16384 KB code | IC: 11936094/16266251 (73% hit, 85515 patched, 0 stale) | J2J-r: 0/0 J2J-a: 7995063/14989534 J2J-d: 89547 J2J-s: 3776883/10656211 | map: 3096 tracked, 1806 hot
[JIT] Stats: 92602368 sends, 4102 compiled, 3015948 failed, 16383/16384 KB code | IC: 11943852/16278706 (73% hit, 85515 patched, 0 stale) | J2J-r: 0/0 J2J-a: 8000113/15000810 J2J-d: 89547 J2J-s: 3781693/10667247 | map: 3096 tracked, 1806 hot
[JIT] AUTO-EXCLUDED exception infra #handleSignal:
[JIT] AUTO-EXCLUDED exception infra #raiseUnhandledError
[JIT] AUTO-EXCLUDED exception infra #signalForException:
[JIT] AUTO-EXCLUDED exception infra #defaultAction (class UnhandledError class)
[JIT] AUTO-EXCLUDED exception infra #defaultAction (class Exception class)
[MUSTBOOL] #2 fd=0 value_class=UndefinedObject value=0x300000000 in=#setDelay:forSemaphore: rcv_class=DelayWaitTimeout method=0x300380938 numLits=6 ipOff=7
[MUSTBOOL] method header=0x8000000010400031 slotCount=10 method_class=CompiledMethod method_format=25 method_classIdx=3101
[MUSTBOOL]   slot[0]=0x8000000010400031
[MUSTBOOL]   slot[1]=0x300051120 class=3085 format=23 bytes="asInteger"
[MUSTBOOL]   slot[2]=0x300391cc0 class=52 format=18 bytes="delay times cannot be negative"
[MUSTBOOL]   slot[3]=0x30005cc38 class=3085 format=18 bytes="error:"
[MUSTBOOL]   slot[4]=0x300050708 class=3085 format=17 bytes="ifTrue:"
[MUSTBOOL]   slot[5]=0x3000690e8 class=3085 format=18 bytes="setDelay:forSemaphore:"
[MUSTBOOL]   slot[6]=0x300078780 class=3139 format=1
[MUSTBOOL]   slot[7]=0x4cc3625002ca8040 (raw bytecode bytes)
[MUSTBOOL]   slot[8]=0x4ec841d84fb09221 (raw bytecode bytes)
[MUSTBOOL]   slot[9]=0xc4b7d3000058c9 (raw bytecode bytes)
[MUSTBOOL] bytecodes near ipOff=7: 40 80 ca 02 50 62 c3 4c 21 92 b0 4f
[MUSTBOOL] full bytecodes (18):
    0: 40 80 ca 02 50 62 c3 4c 21 92 b0 4f d8 41 c8 4e c9 58
[MUSTBOOL] receiver slotCount=7 class=DelayWaitTimeout
[MUSTBOOL]   recv.slot[0]=0x300000000 (nil)
[MUSTBOOL]   recv.slot[1]=0x300000000 (nil)
[MUSTBOOL]   recv.slot[2]=0x300000000 (nil)
[MUSTBOOL]   recv.slot[3]=0x300000000 (nil)
[MUSTBOOL]   recv.slot[4]=0x300000000 (nil)
[MUSTBOOL]   recv.slot[5]=0x300000000 (nil)
[MUSTBOOL]   recv.slot[6]=0x300000000 (nil)
[MUSTBOOL] stack: sp=0x427b0e970 fp=0x427b0e950 depth=0
[MUSTBOOL]   sp[-3]=0x300000000 (UndefinedObject)
[MUSTBOOL]   sp[-2]=0x303e738f8 (Semaphore)
[MUSTBOOL]   sp[-1]=0x300000000 (UndefinedObject)
[MUSTBOOL]   sp[0]=0x300000000 (UndefinedObject)
[MUSTBOOL]   sp[1]=0x312929488 (Context)
[MUSTBOOL] #3 fd=0 value_class=UndefinedObject value=0x300000000 in=#ifNotNil: rcv_class=DelaySemaphoreScheduler method=0x300391ba0 numLits=13 ipOff=51
[MUSTBOOL] method header=0x8000000000200069 slotCount=23 method_class=CompiledBlock method_format=29 method_classIdx=3117
[MUSTBOOL]   slot[0]=0x8000000000200069
[MUSTBOOL]   slot[1]=0x300061180 class=3085 format=17 bytes="waitForUserSignalled:orExpired:"
[MUSTBOOL]   slot[2]=0x3000692c0 class=3085 format=17 bytes="suspendAtTimingPriority"
[MUSTBOOL]   slot[3]=0x3000693c0 class=3085 format=16 bytes="scheduleAtTimingPriority"
[MUSTBOOL]   slot[4]=0x300069308 class=3085 format=22 bytes="unscheduleAtTimingPriority"
[MUSTBOOL]   slot[5]=0x300061150 class=3085 format=17 bytes="nowTick"
[MUSTBOOL]   slot[6]=0x300050500 class=3085 format=16 bytes="isNotNil"
[MUSTBOOL]   slot[7]=0x300069210 class=3085 format=18 bytes="resumptionTick"
[MUSTBOOL]   slot[8]=0x300069130 class=3085 format=21 bytes="timingPrioritySignalExpired"
[MUSTBOOL]   slot[9]=0x30006d038 class=3085 format=16 bytes="removeFirstOrNil"
[MUSTBOOL]   slot[10]=0x300050740 class=3085 format=20 bytes="and:"
[MUSTBOOL]   slot[11]=0x3000556f8 class=3085 format=22 bytes="whileTrue:"
[MUSTBOOL]   slot[12]=0x300050530 class=3085 format=23 bytes="ifNotNil:"
[MUSTBOOL]   slot[13]=0x30037f9a0 class=3101 format=26
[MUSTBOOL]   slot[14]=0x40600d04f3eef01 (raw bytecode bytes)
[MUSTBOOL]   slot[15]=0xd8ba764f5305d8a0 (raw bytecode bytes)
[MUSTBOOL] bytecodes near ipOff=51: 40 04 86 65 b0 4e ef 0a 04 87 d8 03 88
[MUSTBOOL] full bytecodes (60):
    0: 01 ef 3e 4f d0 00 06 04 a0 d8 05 53 4f 76 ba d8 4c 81 d8 07 53 4f 76 ba d8 4c 82 d8 08 53 4f 76
   32: ba d8 4c 83 d8 00 84 d0 04 85 c4 40 04 86 65 b0 4e ef 0a 04 87 d8 03 88 cc e1 ff ed
[MUSTBOOL] receiver slotCount=11 class=DelaySemaphoreScheduler
[MUSTBOOL]   recv.slot[0]=0x30038c080 (DelayMicrosecondTicker)
[MUSTBOOL]   recv.slot[1]=0x300000020 (True)
[MUSTBOOL]   recv.slot[2]=0x302c61388 (Process)
[MUSTBOOL]   recv.slot[3]=0x30038c090 (Heap)
[MUSTBOOL]   recv.slot[4]=0x300000000 (nil)
[MUSTBOOL]   recv.slot[5]=0x300000000 (nil)
[MUSTBOOL]   recv.slot[6]=0x300362a88 (Semaphore)
[MUSTBOOL]   recv.slot[7]=0x300000000 (nil)
[MUSTBOOL] stack: sp=0x427b0e968 fp=0x427b0e950 depth=0
[MUSTBOOL]   sp[-3]=0x300362aa8 (DelaySemaphoreScheduler)
[MUSTBOOL]   sp[-2]=0x707a505ad1b9f1 (SmallInteger)
[MUSTBOOL]   sp[-1]=0x300000000 (UndefinedObject)
[MUSTBOOL]   sp[0]=0x300000000 (UndefinedObject)
[MUSTBOOL]   sp[1]=0x300000000 (UndefinedObject)
[asmjit-t1] code.code_size=3936 out of [1, 3584]
[asmjit-t1] code.code_size=10580 out of [1, 10240]
[JIT] Stats: 92667904 sends, 4102 compiled, 3016906 failed, 16383/16384 KB code | IC: 11951231/16290202 (73% hit, 85678 patched, 0 stale) | J2J-r: 0/0 J2J-a: 8004908/15011320 J2J-d: 89661 J2J-s: 3785838/10677044 | map: 3403 tracked, 2078 hot
[JIT] Stats: 92733440 sends, 4102 compiled, 3016912 failed, 16383/16384 KB code | IC: 11951231/16290202 (73% hit, 85678 patched, 0 stale) | J2J-r: 0/0 J2J-a: 8004908/15011320 J2J-d: 89661 J2J-s: 3785838/10677044 | map: 3403 tracked, 2078 hot
[JIT] Stats: 92798976 sends, 4102 compiled, 3016912 failed, 16383/16384 KB code | IC: 11951231/16290202 (73% hit, 85678 patched, 0 stale) | J2J-r: 0/0 J2J-a: 8004908/15011320 J2J-d: 89661 J2J-s: 3785838/10677044 | map: 3403 tracked, 2078 hot
[JIT] Stats: 92864512 sends, 4102 compiled, 3016912 failed, 16383/16384 KB code | IC: 11951231/16290202 (73% hit, 85678 patched, 0 stale) | J2J-r: 0/0 J2J-a: 8004908/15011320 J2J-d: 89661 J2J-s: 3785838/10677044 | map: 3403 tracked, 2078 hot
[JIT] Stats: 92930048 sends, 4102 compiled, 3016912 failed, 16383/16384 KB code | IC: 11951231/16290202 (73% hit, 85678 patched, 0 stale) | J2J-r: 0/0 J2J-a: 8004908/15011320 J2J-d: 89661 J2J-s: 3785838/10677044 | map: 3403 tracked, 2078 hot
[JIT] Stats: 92995584 sends, 4102 compiled, 3016912 failed, 16383/16384 KB code | IC: 11951231/16290202 (73% hit, 85678 patched, 0 stale) | J2J-r: 0/0 J2J-a: 8004908/15011320 J2J-d: 89661 J2J-s: 3785838/10677044 | map: 3403 tracked, 2078 hot
[JIT] Stats: 93061120 sends, 4102 compiled, 3016912 failed, 16383/16384 KB code | IC: 11951231/16290202 (73% hit, 85678 patched, 0 stale) | J2J-r: 0/0 J2J-a: 8004908/15011320 J2J-d: 89661 J2J-s: 3785838/10677044 | map: 3403 tracked, 2078 hot
[JIT] Stats: 93126656 sends, 4102 compiled, 3016912 failed, 16383/16384 KB code | IC: 11951231/16290202 (73% hit, 85678 patched, 0 stale) | J2J-r: 0/0 J2J-a: 8004908/15011320 J2J-d: 89661 J2J-s: 3785838/10677044 | map: 3403 tracked, 2078 hot
[JIT] Stats: 93192192 sends, 4102 compiled, 3016912 failed, 16383/16384 KB code | IC: 11951231/16290202 (73% hit, 85678 patched, 0 stale) | J2J-r: 0/0 J2J-a: 8004908/15011320 J2J-d: 89661 J2J-s: 3785838/10677044 | map: 3403 tracked, 2078 hot
[JIT] Stats: 93257728 sends, 4102 compiled, 3016912 failed, 16383/16384 KB code | IC: 11951231/16290202 (73% hit, 85678 patched, 0 stale) | J2J-r: 0/0 J2J-a: 8004908/15011320 J2J-d: 89661 J2J-s: 3785838/10677044 | map: 3403 tracked, 2078 hot
[JIT] Stats: 93323264 sends, 4102 compiled, 3016912 failed, 16383/16384 KB code | IC: 11951231/16290202 (73% hit, 85678 patched, 0 stale) | J2J-r: 0/0 J2J-a: 8004908/15011320 J2J-d: 89661 J2J-s: 3785838/10677044 | map: 3403 tracked, 2078 hot
[JIT] Stats: 93388800 sends, 4102 compiled, 3016912 failed, 16383/16384 KB code | IC: 11951231/16290202 (73% hit, 85678 patched, 0 stale) | J2J-r: 0/0 J2J-a: 8004908/15011320 J2J-d: 89661 J2J-s: 3785838/10677044 | map: 3403 tracked, 2078 hot
[JIT] Stats: 93454336 sends, 4102 compiled, 3016912 failed, 16383/16384 KB code | IC: 11951231/16290202 (73% hit, 85678 patched, 0 stale) | J2J-r: 0/0 J2J-a: 8004908/15011320 J2J-d: 89661 J2J-s: 3785838/10677044 | map: 3403 tracked, 2078 hot
[JIT] Stats: 93519872 sends, 4102 compiled, 3016912 failed, 16383/16384 KB code | IC: 11951231/16290202 (73% hit, 85678 patched, 0 stale) | J2J-r: 0/0 J2J-a: 8004908/15011320 J2J-d: 89661 J2J-s: 3785838/10677044 | map: 3403 tracked, 2078 hot
[JIT] Stats: 93585408 sends, 4102 compiled, 3016912 failed, 16383/16384 KB code | IC: 11951231/16290202 (73% hit, 85678 patched, 0 stale) | J2J-r: 0/0 J2J-a: 8004908/15011320 J2J-d: 89661 J2J-s: 3785838/10677044 | map: 3403 tracked, 2078 hot
[JIT] Stats: 93650944 sends, 4102 compiled, 3016912 failed, 16383/16384 KB code | IC: 11951231/16290202 (73% hit, 85678 patched, 0 stale) | J2J-r: 0/0 J2J-a: 8004908/15011320 J2J-d: 89661 J2J-s: 3785838/10677044 | map: 3403 tracked, 2078 hot
[JIT] Stats: 93716480 sends, 4102 compiled, 3016912 failed, 16383/16384 KB code | IC: 11951231/16290202 (73% hit, 85678 patched, 0 stale) | J2J-r: 0/0 J2J-a: 8004908/15011320 J2J-d: 89661 J2J-s: 3785838/10677044 | map: 3403 tracked, 2078 hot
[JIT] Stats: 93782016 sends, 4102 compiled, 3016912 failed, 16383/16384 KB code | IC: 11951231/16290202 (73% hit, 85678 patched, 0 stale) | J2J-r: 0/0 J2J-a: 8004908/15011320 J2J-d: 89661 J2J-s: 3785838/10677044 | map: 3403 tracked, 2078 hot
[JIT] Stats: 93847552 sends, 4102 compiled, 3016912 failed, 16383/16384 KB code | IC: 11951231/16290202 (73% hit, 85678 patched, 0 stale) | J2J-r: 0/0 J2J-a: 8004908/15011320 J2J-d: 89661 J2J-s: 3785838/10677044 | map: 3403 tracked, 2078 hot
[JIT] Stats: 93913088 sends, 4102 compiled, 3016912 failed, 16383/16384 KB code | IC: 11951231/16290202 (73% hit, 85678 patched, 0 stale) | J2J-r: 0/0 J2J-a: 8004908/15011320 J2J-d: 89661 J2J-s: 3785838/10677044 | map: 3403 tracked, 2078 hot
[JIT] Stats: 93978624 sends, 4102 compiled, 3016912 failed, 16383/16384 KB code | IC: 11951231/16290202 (73% hit, 85678 patched, 0 stale) | J2J-r: 0/0 J2J-a: 8004908/15011320 J2J-d: 89661 J2J-s: 3785838/10677044 | map: 3403 tracked, 2078 hot
[JIT] Stats: 94044160 sends, 4102 compiled, 3016912 failed, 16383/16384 KB code | IC: 11951231/16290202 (73% hit, 85678 patched, 0 stale) | J2J-r: 0/0 J2J-a: 8004908/15011320 J2J-d: 89661 J2J-s: 3785838/10677044 | map: 3403 tracked, 2078 hot
[JIT] Stats: 94109696 sends, 4102 compiled, 3016912 failed, 16383/16384 KB code | IC: 11951231/16290202 (73% hit, 85678 patched, 0 stale) | J2J-r: 0/0 J2J-a: 8004908/15011320 J2J-d: 89661 J2J-s: 3785838/10677044 | map: 3403 tracked, 2078 hot
[JIT] Stats: 94175232 sends, 4102 compiled, 3016912 failed, 16383/16384 KB code | IC: 11951231/16290202 (73% hit, 85678 patched, 0 stale) | J2J-r: 0/0 J2J-a: 8004908/15011320 J2J-d: 89661 J2J-s: 3785838/10677044 | map: 3403 tracked, 2078 hot
[JIT] Stats: 94240768 sends, 4102 compiled, 3016912 failed, 16383/16384 KB code | IC: 11951231/16290202 (73% hit, 85678 patched, 0 stale) | J2J-r: 0/0 J2J-a: 8004908/15011320 J2J-d: 89661 J2J-s: 3785838/10677044 | map: 3403 tracked, 2078 hot
[JIT] Stats: 94306304 sends, 4102 compiled, 3016912 failed, 16383/16384 KB code | IC: 11951231/16290202 (73% hit, 85678 patched, 0 stale) | J2J-r: 0/0 J2J-a: 8004908/15011320 J2J-d: 89661 J2J-s: 3785838/10677044 | map: 3403 tracked, 2078 hot
[JIT] Stats: 94371840 sends, 4102 compiled, 3016912 failed, 16383/16384 KB code | IC: 11951231/16290202 (73% hit, 85678 patched, 0 stale) | J2J-r: 0/0 J2J-a: 8004908/15011320 J2J-d: 89661 J2J-s: 3785838/10677044 | map: 3403 tracked, 2078 hot
[JIT] Stats: 94437376 sends, 4102 compiled, 3016912 failed, 16383/16384 KB code | IC: 11951231/16290202 (73% hit, 85678 patched, 0 stale) | J2J-r: 0/0 J2J-a: 8004908/15011320 J2J-d: 89661 J2J-s: 3785838/10677044 | map: 3403 tracked, 2078 hot
[JIT] Stats: 94502912 sends, 4102 compiled, 3016912 failed, 16383/16384 KB code | IC: 11951231/16290202 (73% hit, 85678 patched, 0 stale) | J2J-r: 0/0 J2J-a: 8004908/15011320 J2J-d: 89661 J2J-s: 3785838/10677044 | map: 3403 tracked, 2078 hot
[JIT] Stats: 94568448 sends, 4102 compiled, 3016912 failed, 16383/16384 KB code | IC: 11951231/16290202 (73% hit, 85678 patched, 0 stale) | J2J-r: 0/0 J2J-a: 8004908/15011320 J2J-d: 89661 J2J-s: 3785838/10677044 | map: 3403 tracked, 2078 hot
[JIT] Stats: 94633984 sends, 4102 compiled, 3016912 failed, 16383/16384 KB code | IC: 11951231/16290202 (73% hit, 85678 patched, 0 stale) | J2J-r: 0/0 J2J-a: 8004908/15011320 J2J-d: 89661 J2J-s: 3785838/10677044 | map: 3403 tracked, 2078 hot
[JIT] Stats: 94699520 sends, 4102 compiled, 3017062 failed, 16383/16384 KB code | IC: 11951736/16290849 (73% hit, 85743 patched, 0 stale) | J2J-r: 0/0 J2J-a: 8005165/15011932 J2J-d: 89713 J2J-s: 3785991/10677548 | map: 3501 tracked, 2132 hot
[JIT] Stats: 94765056 sends, 4102 compiled, 3017078 failed, 16383/16384 KB code | IC: 11951784/16290897 (73% hit, 85743 patched, 0 stale) | J2J-r: 0/0 J2J-a: 8005189/15011980 J2J-d: 89713 J2J-s: 3785999/10677580 | map: 3501 tracked, 2132 hot
[JIT] Stats: 94830592 sends, 4102 compiled, 3017098 failed, 16383/16384 KB code | IC: 11951844/16290957 (73% hit, 85743 patched, 0 stale) | J2J-r: 0/0 J2J-a: 8005219/15012040 J2J-d: 89713 J2J-s: 3786009/10677620 | map: 3501 tracked, 2132 hot
[JIT] Stats: 94896128 sends, 4102 compiled, 3017114 failed, 16383/16384 KB code | IC: 11951892/16291005 (73% hit, 85743 patched, 0 stale) | J2J-r: 0/0 J2J-a: 8005243/15012088 J2J-d: 89713 J2J-s: 3786017/10677652 | map: 3501 tracked, 2132 hot
[JIT] Stats: 94961664 sends, 4102 compiled, 3017130 failed, 16383/16384 KB code | IC: 11951940/16291053 (73% hit, 85743 patched, 0 stale) | J2J-r: 0/0 J2J-a: 8005267/15012136 J2J-d: 89713 J2J-s: 3786025/10677684 | map: 3501 tracked, 2132 hot
[JIT] Stats: 95027200 sends, 4102 compiled, 3017150 failed, 16383/16384 KB code | IC: 11952000/16291113 (73% hit, 85743 patched, 0 stale) | J2J-r: 0/0 J2J-a: 8005297/15012196 J2J-d: 89713 J2J-s: 3786035/10677724 | map: 3501 tracked, 2132 hot
[JIT] Stats: 95092736 sends, 4102 compiled, 3017166 failed, 16383/16384 KB code | IC: 11952048/16291161 (73% hit, 85743 patched, 0 stale) | J2J-r: 0/0 J2J-a: 8005321/15012244 J2J-d: 89713 J2J-s: 3786043/10677756 | map: 3501 tracked, 2132 hot
[JIT] Stats: 95158272 sends, 4102 compiled, 3017182 failed, 16383/16384 KB code | IC: 11952096/16291209 (73% hit, 85743 patched, 0 stale) | J2J-r: 0/0 J2J-a: 8005345/15012292 J2J-d: 89713 J2J-s: 3786051/10677788 | map: 3501 tracked, 2132 hot
[JIT] Stats: 95223808 sends, 4102 compiled, 3017198 failed, 16383/16384 KB code | IC: 11952144/16291257 (73% hit, 85743 patched, 0 stale) | J2J-r: 0/0 J2J-a: 8005369/15012340 J2J-d: 89713 J2J-s: 3786059/10677820 | map: 3501 tracked, 2132 hot
[JIT] Stats: 95289344 sends, 4102 compiled, 3017218 failed, 16383/16384 KB code | IC: 11952204/16291317 (73% hit, 85743 patched, 0 stale) | J2J-r: 0/0 J2J-a: 8005399/15012400 J2J-d: 89713 J2J-s: 3786069/10677860 | map: 3501 tracked, 2132 hot
[JIT] Stats: 95354880 sends, 4102 compiled, 3017234 failed, 16383/16384 KB code | IC: 11952252/16291365 (73% hit, 85743 patched, 0 stale) | J2J-r: 0/0 J2J-a: 8005423/15012448 J2J-d: 89713 J2J-s: 3786077/10677892 | map: 3501 tracked, 2132 hot
[JIT] Stats: 95420416 sends, 4102 compiled, 3017250 failed, 16383/16384 KB code | IC: 11952300/16291413 (73% hit, 85743 patched, 0 stale) | J2J-r: 0/0 J2J-a: 8005447/15012496 J2J-d: 89713 J2J-s: 3786085/10677924 | map: 3501 tracked, 2132 hot
[JIT] Stats: 95485952 sends, 4102 compiled, 3017270 failed, 16383/16384 KB code | IC: 11952360/16291473 (73% hit, 85743 patched, 0 stale) | J2J-r: 0/0 J2J-a: 8005477/15012556 J2J-d: 89713 J2J-s: 3786095/10677964 | map: 3501 tracked, 2132 hot
[JIT] Stats: 95551488 sends, 4102 compiled, 3017286 failed, 16383/16384 KB code | IC: 11952408/16291521 (73% hit, 85743 patched, 0 stale) | J2J-r: 0/0 J2J-a: 8005501/15012604 J2J-d: 89713 J2J-s: 3786103/10677996 | map: 3501 tracked, 2132 hot
[JIT] Stats: 95617024 sends, 4102 compiled, 3017302 failed, 16383/16384 KB code | IC: 11952456/16291569 (73% hit, 85743 patched, 0 stale) | J2J-r: 0/0 J2J-a: 8005525/15012652 J2J-d: 89713 J2J-s: 3786111/10678028 | map: 3501 tracked, 2132 hot
[JIT] Stats: 95682560 sends, 4102 compiled, 3017330 failed, 16383/16384 KB code | IC: 11952520/16291634 (73% hit, 85743 patched, 0 stale) | J2J-r: 0/0 J2J-a: 8005558/15012716 J2J-d: 89713 J2J-s: 3786121/10678069 | map: 3504 tracked, 2132 hot
[JIT] Stats: 95748096 sends, 4102 compiled, 3017346 failed, 16383/16384 KB code | IC: 11952568/16291682 (73% hit, 85743 patched, 0 stale) | J2J-r: 0/0 J2J-a: 8005582/15012764 J2J-d: 89713 J2J-s: 3786129/10678101 | map: 3504 tracked, 2132 hot
[JIT] Stats: 95813632 sends, 4102 compiled, 3017362 failed, 16383/16384 KB code | IC: 11952616/16291730 (73% hit, 85743 patched, 0 stale) | J2J-r: 0/0 J2J-a: 8005606/15012812 J2J-d: 89713 J2J-s: 3786137/10678133 | map: 3504 tracked, 2132 hot
[JIT] Stats: 95879168 sends, 4102 compiled, 3017378 failed, 16383/16384 KB code | IC: 11952664/16291778 (73% hit, 85743 patched, 0 stale) | J2J-r: 0/0 J2J-a: 8005630/15012860 J2J-d: 89713 J2J-s: 3786145/10678165 | map: 3504 tracked, 2132 hot
[JIT] Stats: 95944704 sends, 4102 compiled, 3017394 failed, 16383/16384 KB code | IC: 11952712/16291826 (73% hit, 85743 patched, 0 stale) | J2J-r: 0/0 J2J-a: 8005654/15012908 J2J-d: 89713 J2J-s: 3786153/10678197 | map: 3504 tracked, 2132 hot
[JIT] Stats: 96010240 sends, 4102 compiled, 3017414 failed, 16383/16384 KB code | IC: 11952772/16291886 (73% hit, 85743 patched, 0 stale) | J2J-r: 0/0 J2J-a: 8005684/15012968 J2J-d: 89713 J2J-s: 3786163/10678237 | map: 3504 tracked, 2132 hot
[JIT] Stats: 96075776 sends, 4102 compiled, 3017430 failed, 16383/16384 KB code | IC: 11952820/16291934 (73% hit, 85743 patched, 0 stale) | J2J-r: 0/0 J2J-a: 8005708/15013016 J2J-d: 89713 J2J-s: 3786171/10678269 | map: 3504 tracked, 2132 hot
[JIT] Stats: 96141312 sends, 4102 compiled, 3017446 failed, 16383/16384 KB code | IC: 11952868/16291982 (73% hit, 85743 patched, 0 stale) | J2J-r: 0/0 J2J-a: 8005732/15013064 J2J-d: 89713 J2J-s: 3786179/10678301 | map: 3504 tracked, 2132 hot
[JIT] Stats: 96206848 sends, 4102 compiled, 3017466 failed, 16383/16384 KB code | IC: 11952928/16292042 (73% hit, 85743 patched, 0 stale) | J2J-r: 0/0 J2J-a: 8005762/15013124 J2J-d: 89713 J2J-s: 3786189/10678341 | map: 3504 tracked, 2132 hot
[JIT] Stats: 96272384 sends, 4102 compiled, 3017482 failed, 16383/16384 KB code | IC: 11952976/16292090 (73% hit, 85743 patched, 0 stale) | J2J-r: 0/0 J2J-a: 8005786/15013172 J2J-d: 89713 J2J-s: 3786197/10678373 | map: 3504 tracked, 2132 hot
[JIT] Stats: 96337920 sends, 4102 compiled, 3017498 failed, 16383/16384 KB code | IC: 11953024/16292138 (73% hit, 85743 patched, 0 stale) | J2J-r: 0/0 J2J-a: 8005810/15013220 J2J-d: 89713 J2J-s: 3786205/10678405 | map: 3504 tracked, 2132 hot
[JIT] Stats: 96403456 sends, 4102 compiled, 3017518 failed, 16383/16384 KB code | IC: 11953084/16292198 (73% hit, 85743 patched, 0 stale) | J2J-r: 0/0 J2J-a: 8005840/15013280 J2J-d: 89713 J2J-s: 3786215/10678445 | map: 3504 tracked, 2132 hot
[JIT] Stats: 96468992 sends, 4102 compiled, 3017534 failed, 16383/16384 KB code | IC: 11953132/16292246 (73% hit, 85743 patched, 0 stale) | J2J-r: 0/0 J2J-a: 8005864/15013328 J2J-d: 89713 J2J-s: 3786223/10678477 | map: 3504 tracked, 2132 hot
[JIT] Stats: 96534528 sends, 4102 compiled, 3017550 failed, 16383/16384 KB code | IC: 11953180/16292294 (73% hit, 85743 patched, 0 stale) | J2J-r: 0/0 J2J-a: 8005888/15013376 J2J-d: 89713 J2J-s: 3786231/10678509 | map: 3504 tracked, 2132 hot
[JIT] Stats: 96600064 sends, 4102 compiled, 3017570 failed, 16383/16384 KB code | IC: 11953240/16292354 (73% hit, 85743 patched, 0 stale) | J2J-r: 0/0 J2J-a: 8005918/15013436 J2J-d: 89713 J2J-s: 3786241/10678549 | map: 3504 tracked, 2132 hot
[JIT] Stats: 96665600 sends, 4102 compiled, 3017586 failed, 16383/16384 KB code | IC: 11953288/16292402 (73% hit, 85743 patched, 0 stale) | J2J-r: 0/0 J2J-a: 8005942/15013484 J2J-d: 89713 J2J-s: 3786249/10678581 | map: 3504 tracked, 2132 hot
[JIT] Stats: 96731136 sends, 4102 compiled, 3017602 failed, 16383/16384 KB code | IC: 11953336/16292450 (73% hit, 85743 patched, 0 stale) | J2J-r: 0/0 J2J-a: 8005966/15013532 J2J-d: 89713 J2J-s: 3786257/10678613 | map: 3504 tracked, 2132 hot
[JIT] Stats: 96796672 sends, 4102 compiled, 3017618 failed, 16383/16384 KB code | IC: 11953384/16292498 (73% hit, 85743 patched, 0 stale) | J2J-r: 0/0 J2J-a: 8005990/15013580 J2J-d: 89713 J2J-s: 3786265/10678645 | map: 3504 tracked, 2132 hot
[JIT] Stats: 96862208 sends, 4102 compiled, 3017634 failed, 16383/16384 KB code | IC: 11953432/16292546 (73% hit, 85743 patched, 0 stale) | J2J-r: 0/0 J2J-a: 8006014/15013628 J2J-d: 89713 J2J-s: 3786273/10678677 | map: 3504 tracked, 2132 hot
[JIT] Stats: 96927744 sends, 4102 compiled, 3017654 failed, 16383/16384 KB code | IC: 11953492/16292606 (73% hit, 85743 patched, 0 stale) | J2J-r: 0/0 J2J-a: 8006044/15013688 J2J-d: 89713 J2J-s: 3786283/10678717 | map: 3504 tracked, 2132 hot
[JIT] Stats: 96993280 sends, 4102 compiled, 3017670 failed, 16383/16384 KB code | IC: 11953540/16292654 (73% hit, 85743 patched, 0 stale) | J2J-r: 0/0 J2J-a: 8006068/15013736 J2J-d: 89713 J2J-s: 3786291/10678749 | map: 3504 tracked, 2132 hot
[JIT] Stats: 97058816 sends, 4102 compiled, 3017686 failed, 16383/16384 KB code | IC: 11953588/16292702 (73% hit, 85743 patched, 0 stale) | J2J-r: 0/0 J2J-a: 8006092/15013784 J2J-d: 89713 J2J-s: 3786299/10678781 | map: 3504 tracked, 2132 hot
[JIT] Stats: 97124352 sends, 4102 compiled, 3017706 failed, 16383/16384 KB code | IC: 11953648/16292762 (73% hit, 85743 patched, 0 stale) | J2J-r: 0/0 J2J-a: 8006122/15013844 J2J-d: 89713 J2J-s: 3786309/10678821 | map: 3504 tracked, 2132 hot
[JIT] Stats: 97189888 sends, 4102 compiled, 3017722 failed, 16383/16384 KB code | IC: 11953696/16292810 (73% hit, 85743 patched, 0 stale) | J2J-r: 0/0 J2J-a: 8006146/15013892 J2J-d: 89713 J2J-s: 3786317/10678853 | map: 3504 tracked, 2132 hot
[JIT] Stats: 97255424 sends, 4102 compiled, 3017738 failed, 16383/16384 KB code | IC: 11953744/16292858 (73% hit, 85743 patched, 0 stale) | J2J-r: 0/0 J2J-a: 8006170/15013940 J2J-d: 89713 J2J-s: 3786325/10678885 | map: 3504 tracked, 2132 hot
[JIT] Stats: 97320960 sends, 4102 compiled, 3017758 failed, 16383/16384 KB code | IC: 11953804/16292918 (73% hit, 85743 patched, 0 stale) | J2J-r: 0/0 J2J-a: 8006200/15014000 J2J-d: 89713 J2J-s: 3786335/10678925 | map: 3504 tracked, 2132 hot
[JIT] Stats: 97386496 sends, 4102 compiled, 3017774 failed, 16383/16384 KB code | IC: 11953852/16292966 (73% hit, 85743 patched, 0 stale) | J2J-r: 0/0 J2J-a: 8006224/15014048 J2J-d: 89713 J2J-s: 3786343/10678957 | map: 3504 tracked, 2132 hot
[JIT] Stats: 97452032 sends, 4102 compiled, 3017790 failed, 16383/16384 KB code | IC: 11953900/16293014 (73% hit, 85743 patched, 0 stale) | J2J-r: 0/0 J2J-a: 8006248/15014096 J2J-d: 89713 J2J-s: 3786351/10678989 | map: 3504 tracked, 2132 hot
[JIT] Stats: 97517568 sends, 4102 compiled, 3017810 failed, 16383/16384 KB code | IC: 11953960/16293074 (73% hit, 85743 patched, 0 stale) | J2J-r: 0/0 J2J-a: 8006278/15014156 J2J-d: 89713 J2J-s: 3786361/10679029 | map: 3504 tracked, 2132 hot
[JIT] Stats: 97583104 sends, 4102 compiled, 3017822 failed, 16383/16384 KB code | IC: 11953996/16293110 (73% hit, 85743 patched, 0 stale) | J2J-r: 0/0 J2J-a: 8006296/15014192 J2J-d: 89713 J2J-s: 3786367/10679053 | map: 3504 tracked, 2132 hot
[JIT] Stats: 97648640 sends, 4102 compiled, 3017842 failed, 16383/16384 KB code | IC: 11954056/16293170 (73% hit, 85743 patched, 0 stale) | J2J-r: 0/0 J2J-a: 8006326/15014252 J2J-d: 89713 J2J-s: 3786377/10679093 | map: 3504 tracked, 2132 hot
[JIT] Stats: 97714176 sends, 4102 compiled, 3017862 failed, 16383/16384 KB code | IC: 11954116/16293230 (73% hit, 85743 patched, 0 stale) | J2J-r: 0/0 J2J-a: 8006356/15014312 J2J-d: 89713 J2J-s: 3786387/10679133 | map: 3504 tracked, 2132 hot
[JIT] Stats: 97779712 sends, 4102 compiled, 3017874 failed, 16383/16384 KB code | IC: 11954152/16293266 (73% hit, 85743 patched, 0 stale) | J2J-r: 0/0 J2J-a: 8006374/15014348 J2J-d: 89713 J2J-s: 3786393/10679157 | map: 3504 tracked, 2132 hot
[JIT] Stats: 97845248 sends, 4102 compiled, 3017894 failed, 16383/16384 KB code | IC: 11954212/16293326 (73% hit, 85743 patched, 0 stale) | J2J-r: 0/0 J2J-a: 8006404/15014408 J2J-d: 89713 J2J-s: 3786403/10679197 | map: 3504 tracked, 2132 hot
[JIT] Stats: 97910784 sends, 4102 compiled, 3017914 failed, 16383/16384 KB code | IC: 11954272/16293386 (73% hit, 85743 patched, 0 stale) | J2J-r: 0/0 J2J-a: 8006434/15014468 J2J-d: 89713 J2J-s: 3786413/10679237 | map: 3504 tracked, 2132 hot
[JIT] Stats: 97976320 sends, 4102 compiled, 3017926 failed, 16383/16384 KB code | IC: 11954308/16293422 (73% hit, 85743 patched, 0 stale) | J2J-r: 0/0 J2J-a: 8006452/15014504 J2J-d: 89713 J2J-s: 3786419/10679261 | map: 3504 tracked, 2132 hot
[JIT] Stats: 98041856 sends, 4102 compiled, 3017946 failed, 16383/16384 KB code | IC: 11954368/16293482 (73% hit, 85743 patched, 0 stale) | J2J-r: 0/0 J2J-a: 8006482/15014564 J2J-d: 89713 J2J-s: 3786429/10679301 | map: 3504 tracked, 2132 hot
[JIT] Stats: 98107392 sends, 4102 compiled, 3017962 failed, 16383/16384 KB code | IC: 11954416/16293530 (73% hit, 85743 patched, 0 stale) | J2J-r: 0/0 J2J-a: 8006506/15014612 J2J-d: 89713 J2J-s: 3786437/10679333 | map: 3504 tracked, 2132 hot
[JIT] Stats: 98172928 sends, 4102 compiled, 3017978 failed, 16383/16384 KB code | IC: 11954464/16293578 (73% hit, 85743 patched, 0 stale) | J2J-r: 0/0 J2J-a: 8006530/15014660 J2J-d: 89713 J2J-s: 3786445/10679365 | map: 3504 tracked, 2132 hot
[JIT] Stats: 98238464 sends, 4102 compiled, 3017998 failed, 16383/16384 KB code | IC: 11954524/16293638 (73% hit, 85743 patched, 0 stale) | J2J-r: 0/0 J2J-a: 8006560/15014720 J2J-d: 89713 J2J-s: 3786455/10679405 | map: 3504 tracked, 2132 hot
[JIT] Stats: 98304000 sends, 4102 compiled, 3018013 failed, 16383/16384 KB code | IC: 11954571/16293685 (73% hit, 85743 patched, 0 stale) | J2J-r: 0/0 J2J-a: 8006584/15014767 J2J-d: 89713 J2J-s: 3786463/10679436 | map: 3504 tracked, 2132 hot
[JIT] Stats: 98369536 sends, 4102 compiled, 3018030 failed, 16383/16384 KB code | IC: 11954620/16293734 (73% hit, 85743 patched, 0 stale) | J2J-r: 0/0 J2J-a: 8006608/15014816 J2J-d: 89713 J2J-s: 3786471/10679469 | map: 3504 tracked, 2132 hot
[JIT] Stats: 98435072 sends, 4102 compiled, 3018050 failed, 16383/16384 KB code | IC: 11954680/16293794 (73% hit, 85743 patched, 0 stale) | J2J-r: 0/0 J2J-a: 8006638/15014876 J2J-d: 89713 J2J-s: 3786481/10679509 | map: 3504 tracked, 2132 hot
[JIT] Stats: 98500608 sends, 4102 compiled, 3018062 failed, 16383/16384 KB code | IC: 11954716/16293830 (73% hit, 85743 patched, 0 stale) | J2J-r: 0/0 J2J-a: 8006656/15014912 J2J-d: 89713 J2J-s: 3786487/10679533 | map: 3504 tracked, 2132 hot
[JIT] Stats: 98566144 sends, 4102 compiled, 3018082 failed, 16383/16384 KB code | IC: 11954776/16293890 (73% hit, 85743 patched, 0 stale) | J2J-r: 0/0 J2J-a: 8006686/15014972 J2J-d: 89713 J2J-s: 3786497/10679573 | map: 3504 tracked, 2132 hot
[JIT] Stats: 98631680 sends, 4102 compiled, 3020888 failed, 16383/16384 KB code | IC: 11961134/16304095 (73% hit, 86004 patched, 0 stale) | J2J-r: 0/0 J2J-a: 8011149/15024328 J2J-d: 89900 J2J-s: 3788745/10686482 | map: 3806 tracked, 2462 hot
[JIT] Stats: 98697216 sends, 4102 compiled, 3024030 failed, 16383/16384 KB code | IC: 11969249/16315765 (73% hit, 86447 patched, 0 stale) | J2J-r: 0/0 J2J-a: 8015689/15034919 J2J-d: 90213 J2J-s: 3791175/10694668 | map: 3736 tracked, 2404 hot
[JIT] Stats: 98762752 sends, 4102 compiled, 3027745 failed, 16383/16384 KB code | IC: 11978422/16327315 (73% hit, 86502 patched, 0 stale) | J2J-r: 0/0 J2J-a: 8019702/15045434 J2J-d: 90256 J2J-s: 3793059/10702756 | map: 3798 tracked, 2463 hot
[JIT] Stats: 98828288 sends, 4102 compiled, 3031635 failed, 16383/16384 KB code | IC: 11987496/16338668 (73% hit, 86539 patched, 0 stale) | J2J-r: 0/0 J2J-a: 8023598/15055785 J2J-d: 90278 J2J-s: 3794731/10710571 | map: 3848 tracked, 2507 hot
[JIT] Stats: 98893824 sends, 4102 compiled, 3035303 failed, 16383/16384 KB code | IC: 11996553/16350060 (73% hit, 86617 patched, 0 stale) | J2J-r: 0/0 J2J-a: 8027507/15066166 J2J-d: 90330 J2J-s: 3796484/10718504 | map: 3919 tracked, 2547 hot
[JIT] Stats: 98959360 sends, 4102 compiled, 3038730 failed, 16383/16384 KB code | IC: 12005185/16361223 (73% hit, 86658 patched, 0 stale) | J2J-r: 0/0 J2J-a: 8031491/15076351 J2J-d: 90375 J2J-s: 3798464/10726328 | map: 3954 tracked, 2594 hot
[JIT] Stats: 99024896 sends, 4102 compiled, 3042179 failed, 16383/16384 KB code | IC: 12014112/16372614 (73% hit, 86679 patched, 0 stale) | J2J-r: 0/0 J2J-a: 8035656/15086689 J2J-d: 90392 J2J-s: 3800582/10734269 | map: 3971 tracked, 2621 hot
[JIT] Stats: 99090432 sends, 4102 compiled, 3045650 failed, 16383/16384 KB code | IC: 12023055/16384110 (73% hit, 86712 patched, 0 stale) | J2J-r: 0/0 J2J-a: 8039898/15097148 J2J-d: 90431 J2J-s: 3802729/10742286 | map: 4013 tracked, 2650 hot
[JIT] Stats: 99155968 sends, 4102 compiled, 3048050 failed, 16383/16384 KB code | IC: 12031194/16395614 (73% hit, 86734 patched, 0 stale) | J2J-r: 0/0 J2J-a: 8044200/15107332 J2J-d: 90447 J2J-s: 3805637/10750869 | map: 4047 tracked, 2667 hot
[JIT] Stats: 99221504 sends, 4102 compiled, 3048278 failed, 16383/16384 KB code | IC: 12038435/16407790 (73% hit, 86734 patched, 0 stale) | J2J-r: 0/0 J2J-a: 8049460/15117851 J2J-d: 90447 J2J-s: 3810669/10761160 | map: 4047 tracked, 2667 hot
[JIT] Stats: 99287040 sends, 4102 compiled, 3048510 failed, 16383/16384 KB code | IC: 12045682/16419969 (73% hit, 86734 patched, 0 stale) | J2J-r: 0/0 J2J-a: 8054721/15128374 J2J-d: 90447 J2J-s: 3815698/10771451 | map: 4047 tracked, 2667 hot
[JIT] Stats: 99352576 sends, 4102 compiled, 3048743 failed, 16383/16384 KB code | IC: 12054082/16432151 (73% hit, 86751 patched, 0 stale) | J2J-r: 0/0 J2J-a: 8059988/15138903 J2J-d: 90458 J2J-s: 3820726/10781741 | map: 3211 tracked, 1890 hot
[JIT] Stats: 99418112 sends, 4102 compiled, 3048971 failed, 16383/16384 KB code | IC: 12062961/16444329 (73% hit, 86751 patched, 0 stale) | J2J-r: 0/0 J2J-a: 8065247/15149421 J2J-d: 90458 J2J-s: 3825757/10792031 | map: 3211 tracked, 1890 hot
[JIT] Stats: 99483648 sends, 4102 compiled, 3049199 failed, 16383/16384 KB code | IC: 12071841/16456507 (73% hit, 86751 patched, 0 stale) | J2J-r: 0/0 J2J-a: 8070506/15159939 J2J-d: 90458 J2J-s: 3830788/10802321 | map: 3211 tracked, 1890 hot
[JIT] Stats: 99549184 sends, 4102 compiled, 3049433 failed, 16383/16384 KB code | IC: 12080726/16468686 (73% hit, 86752 patched, 0 stale) | J2J-r: 0/0 J2J-a: 8075768/15170462 J2J-d: 90458 J2J-s: 3835815/10812609 | map: 3213 tracked, 1890 hot
[JIT] Stats: 99614720 sends, 4102 compiled, 3049665 failed, 16383/16384 KB code | IC: 12089613/16480861 (73% hit, 86752 patched, 0 stale) | J2J-r: 0/0 J2J-a: 8081030/15180987 J2J-d: 90458 J2J-s: 3840845/10822902 | map: 3213 tracked, 1890 hot
[JIT] Stats: 99680256 sends, 4102 compiled, 3049900 failed, 16383/16384 KB code | IC: 12098490/16493044 (73% hit, 86769 patched, 0 stale) | J2J-r: 0/0 J2J-a: 8086297/15191516 J2J-d: 90468 J2J-s: 3845871/10833190 | map: 3211 tracked, 1890 hot
[JIT] Stats: 99745792 sends, 4102 compiled, 3050130 failed, 16383/16384 KB code | IC: 12107373/16505221 (73% hit, 86769 patched, 0 stale) | J2J-r: 0/0 J2J-a: 8091557/15202037 J2J-d: 90468 J2J-s: 3850901/10843481 | map: 3211 tracked, 1890 hot
[JIT] Stats: 99811328 sends, 4102 compiled, 3050358 failed, 16383/16384 KB code | IC: 12116252/16517399 (73% hit, 86769 patched, 0 stale) | J2J-r: 0/0 J2J-a: 8096816/15212555 J2J-d: 90468 J2J-s: 3855932/10853771 | map: 3211 tracked, 1890 hot
[JIT] Stats: 99876864 sends, 4102 compiled, 3050586 failed, 16383/16384 KB code | IC: 12125133/16529574 (73% hit, 86769 patched, 0 stale) | J2J-r: 0/0 J2J-a: 8102077/15223076 J2J-d: 90468 J2J-s: 3860965/10864064 | map: 3211 tracked, 1890 hot
[JIT] Stats: 99942400 sends, 4102 compiled, 3050825 failed, 16383/16384 KB code | IC: 12134013/16541760 (73% hit, 86788 patched, 0 stale) | J2J-r: 0/0 J2J-a: 8107345/15233607 J2J-d: 90479 J2J-s: 3865987/10874349 | map: 3213 tracked, 1890 hot
[JIT] Stats: 100007936 sends, 4102 compiled, 3051053 failed, 16383/16384 KB code | IC: 12142892/16553939 (73% hit, 86788 patched, 0 stale) | J2J-r: 0/0 J2J-a: 8112604/15244125 J2J-d: 90479 J2J-s: 3871018/10884639 | map: 3213 tracked, 1890 hot
[JIT] Stats: 100073472 sends, 4102 compiled, 3051285 failed, 16383/16384 KB code | IC: 12151775/16566118 (73% hit, 86788 patched, 0 stale) | J2J-r: 0/0 J2J-a: 8117864/15254646 J2J-d: 90479 J2J-s: 3876046/10894928 | map: 3213 tracked, 1890 hot
[JIT] Stats: 100139008 sends, 4102 compiled, 3051515 failed, 16383/16384 KB code | IC: 12160658/16578296 (73% hit, 86788 patched, 0 stale) | J2J-r: 0/0 J2J-a: 8123125/15265167 J2J-d: 90479 J2J-s: 3881077/10905219 | map: 3213 tracked, 1890 hot
[JIT] Stats: 100204544 sends, 4102 compiled, 3051743 failed, 16383/16384 KB code | IC: 12169537/16590472 (73% hit, 86788 patched, 0 stale) | J2J-r: 0/0 J2J-a: 8128384/15275685 J2J-d: 90479 J2J-s: 3886108/10915509 | map: 3213 tracked, 1890 hot
[JIT] Stats: 100270080 sends, 4102 compiled, 3051974 failed, 16383/16384 KB code | IC: 12178408/16602655 (73% hit, 86805 patched, 0 stale) | J2J-r: 0/0 J2J-a: 8133649/15286210 J2J-d: 90489 J2J-s: 3891136/10925797 | map: 3211 tracked, 1890 hot
[JIT] Stats: 100335616 sends, 4102 compiled, 3052203 failed, 16383/16384 KB code | IC: 12187291/16614837 (73% hit, 86805 patched, 0 stale) | J2J-r: 0/0 J2J-a: 8138910/15296731 J2J-d: 90489 J2J-s: 3896167/10936088 | map: 3211 tracked, 1890 hot
[JIT] Stats: 100401152 sends, 4102 compiled, 3052436 failed, 16383/16384 KB code | IC: 12196172/16627014 (73% hit, 86807 patched, 0 stale) | J2J-r: 0/0 J2J-a: 8144168/15307251 J2J-d: 90490 J2J-s: 3901192/10946375 | map: 3213 tracked, 1890 hot
[JIT] Stats: 100466688 sends, 4102 compiled, 3052664 failed, 16383/16384 KB code | IC: 12205052/16639191 (73% hit, 86807 patched, 0 stale) | J2J-r: 0/0 J2J-a: 8149428/15317770 J2J-d: 90490 J2J-s: 3906224/10956666 | map: 3213 tracked, 1890 hot
[JIT] Stats: 100532224 sends, 4102 compiled, 3052892 failed, 16383/16384 KB code | IC: 12213933/16651368 (73% hit, 86807 patched, 0 stale) | J2J-r: 0/0 J2J-a: 8154688/15328289 J2J-d: 90490 J2J-s: 3911256/10966957 | map: 3213 tracked, 1890 hot
[JIT] Stats: 100597760 sends, 4102 compiled, 3053129 failed, 16383/16384 KB code | IC: 12222813/16663551 (73% hit, 86824 patched, 0 stale) | J2J-r: 0/0 J2J-a: 8159956/15338822 J2J-d: 90500 J2J-s: 3916281/10977247 | map: 3211 tracked, 1890 hot
[JIT] Stats: 100663296 sends, 4102 compiled, 3053359 failed, 16383/16384 KB code | IC: 12231695/16675728 (73% hit, 86824 patched, 0 stale) | J2J-r: 0/0 J2J-a: 8165217/15349342 J2J-d: 90500 J2J-s: 3921312/10987537 | map: 3211 tracked, 1890 hot
[JIT] Stats: 100728832 sends, 4102 compiled, 3053591 failed, 16383/16384 KB code | IC: 12240583/16687906 (73% hit, 86825 patched, 0 stale) | J2J-r: 0/0 J2J-a: 8170479/15359868 J2J-d: 90501 J2J-s: 3926342/10997831 | map: 3211 tracked, 1890 hot
[JIT] Stats: 100794368 sends, 4102 compiled, 3053823 failed, 16383/16384 KB code | IC: 12249469/16700082 (73% hit, 86825 patched, 0 stale) | J2J-r: 0/0 J2J-a: 8175741/15370393 J2J-d: 90501 J2J-s: 3931372/11008124 | map: 3211 tracked, 1890 hot
[JIT] Stats: 100859904 sends, 4102 compiled, 3054051 failed, 16383/16384 KB code | IC: 12258350/16712259 (73% hit, 86826 patched, 0 stale) | J2J-r: 0/0 J2J-a: 8181003/15380914 J2J-d: 90501 J2J-s: 3936404/11018415 | map: 3213 tracked, 1890 hot
[JIT] Stats: 100925440 sends, 4102 compiled, 3054286 failed, 16383/16384 KB code | IC: 12267225/16724441 (73% hit, 86843 patched, 0 stale) | J2J-r: 0/0 J2J-a: 8186268/15391441 J2J-d: 90511 J2J-s: 3941429/11028702 | map: 3211 tracked, 1890 hot
[JIT] Stats: 100990976 sends, 4102 compiled, 3054512 failed, 16383/16384 KB code | IC: 12276102/16736618 (73% hit, 86843 patched, 0 stale) | J2J-r: 0/0 J2J-a: 8191527/15401958 J2J-d: 90511 J2J-s: 3946462/11038993 | map: 3211 tracked, 1890 hot
[JIT] Stats: 101056512 sends, 4102 compiled, 3054740 failed, 16383/16384 KB code | IC: 12284979/16748796 (73% hit, 86843 patched, 0 stale) | J2J-r: 0/0 J2J-a: 8196784/15412474 J2J-d: 90511 J2J-s: 3951491/11049281 | map: 3211 tracked, 1890 hot
[JIT] Stats: 101122048 sends, 4102 compiled, 3054968 failed, 16383/16384 KB code | IC: 12293858/16760974 (73% hit, 86843 patched, 0 stale) | J2J-r: 0/0 J2J-a: 8202043/15422992 J2J-d: 90511 J2J-s: 3956522/11059571 | map: 3211 tracked, 1890 hot
[JIT] Stats: 101187584 sends, 4102 compiled, 3055198 failed, 16383/16384 KB code | IC: 12302741/16773151 (73% hit, 86843 patched, 0 stale) | J2J-r: 0/0 J2J-a: 8207304/15433513 J2J-d: 90511 J2J-s: 3961553/11069862 | map: 3211 tracked, 1890 hot
[JIT] Stats: 101253120 sends, 4102 compiled, 3055433 failed, 16383/16384 KB code | IC: 12311618/16785333 (73% hit, 86861 patched, 0 stale) | J2J-r: 0/0 J2J-a: 8212572/15444042 J2J-d: 90521 J2J-s: 3966579/11080149 | map: 3213 tracked, 1890 hot
[JIT] Stats: 101318656 sends, 4102 compiled, 3055661 failed, 16383/16384 KB code | IC: 12320497/16797510 (73% hit, 86861 patched, 0 stale) | J2J-r: 0/0 J2J-a: 8217831/15454561 J2J-d: 90521 J2J-s: 3971610/11090440 | map: 3213 tracked, 1890 hot
[JIT] Stats: 101384192 sends, 4102 compiled, 3055891 failed, 16383/16384 KB code | IC: 12329377/16809688 (73% hit, 86861 patched, 0 stale) | J2J-r: 0/0 J2J-a: 8223090/15465079 J2J-d: 90521 J2J-s: 3976639/11100728 | map: 3213 tracked, 1890 hot
[JIT] Stats: 101449728 sends, 4102 compiled, 3056119 failed, 16383/16384 KB code | IC: 12338256/16821866 (73% hit, 86861 patched, 0 stale) | J2J-r: 0/0 J2J-a: 8228349/15475597 J2J-d: 90521 J2J-s: 3981670/11111018 | map: 3213 tracked, 1890 hot
[JIT] Stats: 101515264 sends, 4102 compiled, 3056347 failed, 16383/16384 KB code | IC: 12347135/16834043 (73% hit, 86861 patched, 0 stale) | J2J-r: 0/0 J2J-a: 8233608/15486115 J2J-d: 90521 J2J-s: 3986701/11121308 | map: 3213 tracked, 1890 hot
[JIT] Stats: 101580800 sends, 4102 compiled, 3056584 failed, 16383/16384 KB code | IC: 12356015/16846230 (73% hit, 86878 patched, 0 stale) | J2J-r: 0/0 J2J-a: 8238876/15496645 J2J-d: 90531 J2J-s: 3991726/11131595 | map: 3211 tracked, 1890 hot
[JIT] Stats: 101646336 sends, 4102 compiled, 3056812 failed, 16383/16384 KB code | IC: 12364893/16858408 (73% hit, 86878 patched, 0 stale) | J2J-r: 0/0 J2J-a: 8244134/15507162 J2J-d: 90531 J2J-s: 3996756/11141884 | map: 3211 tracked, 1890 hot
[JIT] Stats: 101711872 sends, 4102 compiled, 3057044 failed, 16383/16384 KB code | IC: 12373776/16870588 (73% hit, 86879 patched, 0 stale) | J2J-r: 0/0 J2J-a: 8249395/15517683 J2J-d: 90531 J2J-s: 4001784/11152172 | map: 3213 tracked, 1890 hot
[JIT] Stats: 101777408 sends, 4102 compiled, 3057274 failed, 16383/16384 KB code | IC: 12382656/16882765 (73% hit, 86879 patched, 0 stale) | J2J-r: 0/0 J2J-a: 8254654/15528202 J2J-d: 90531 J2J-s: 4006813/11162461 | map: 3213 tracked, 1890 hot
[JIT] Stats: 101842944 sends, 4102 compiled, 3057502 failed, 16383/16384 KB code | IC: 12391536/16894943 (73% hit, 86879 patched, 0 stale) | J2J-r: 0/0 J2J-a: 8259914/15538721 J2J-d: 90531 J2J-s: 4011845/11172752 | map: 3213 tracked, 1890 hot
[JIT] Stats: 101908480 sends, 4102 compiled, 3057733 failed, 16383/16384 KB code | IC: 12400408/16907124 (73% hit, 86896 patched, 0 stale) | J2J-r: 0/0 J2J-a: 8265179/15549246 J2J-d: 90541 J2J-s: 4016873/11183040 | map: 3211 tracked, 1890 hot
[JIT] Stats: 101974016 sends, 4102 compiled, 3057963 failed, 16383/16384 KB code | IC: 12409289/16919303 (73% hit, 86896 patched, 0 stale) | J2J-r: 0/0 J2J-a: 8270439/15559766 J2J-d: 90541 J2J-s: 4021903/11193330 | map: 3211 tracked, 1890 hot
[JIT] Stats: 102039552 sends, 4102 compiled, 3058191 failed, 16383/16384 KB code | IC: 12418169/16931481 (73% hit, 86896 patched, 0 stale) | J2J-r: 0/0 J2J-a: 8275698/15570285 J2J-d: 90541 J2J-s: 4026934/11203621 | map: 3211 tracked, 1890 hot
[JIT] Stats: 102105088 sends, 4102 compiled, 3058421 failed, 16383/16384 KB code | IC: 12427049/16943656 (73% hit, 86897 patched, 0 stale) | J2J-r: 0/0 J2J-a: 8280958/15580804 J2J-d: 90541 J2J-s: 4031963/11213909 | map: 3213 tracked, 1890 hot
[JIT] Stats: 102170624 sends, 4102 compiled, 3058654 failed, 16383/16384 KB code | IC: 12435923/16955840 (73% hit, 86914 patched, 0 stale) | J2J-r: 0/0 J2J-a: 8286224/15591330 J2J-d: 90551 J2J-s: 4036990/11224196 | map: 3211 tracked, 1890 hot
[JIT] Stats: 102236160 sends, 4102 compiled, 3058882 failed, 16383/16384 KB code | IC: 12444800/16968020 (73% hit, 86914 patched, 0 stale) | J2J-r: 0/0 J2J-a: 8291481/15601845 J2J-d: 90551 J2J-s: 4042019/11234483 | map: 3211 tracked, 1890 hot
[JIT] Stats: 102301696 sends, 4102 compiled, 3059110 failed, 16383/16384 KB code | IC: 12453676/16980201 (73% hit, 86914 patched, 0 stale) | J2J-r: 0/0 J2J-a: 8296739/15612360 J2J-d: 90551 J2J-s: 4047049/11244770 | map: 3211 tracked, 1890 hot
[JIT] Stats: 102367232 sends, 4102 compiled, 3059344 failed, 16383/16384 KB code | IC: 12462561/16992385 (73% hit, 86914 patched, 0 stale) | J2J-r: 0/0 J2J-a: 8301999/15622880 J2J-d: 90551 J2J-s: 4052075/11255056 | map: 3211 tracked, 1890 hot
[JIT] Stats: 102432768 sends, 4102 compiled, 3059572 failed, 16383/16384 KB code | IC: 12471436/17004564 (73% hit, 86914 patched, 0 stale) | J2J-r: 0/0 J2J-a: 8307257/15633395 J2J-d: 90551 J2J-s: 4057105/11265343 | map: 3211 tracked, 1890 hot
[DIAG] P40 IdentityDictionary>>ifTrue: ip=87 fd=43
[DIAG]   [-1] IdentityDictionary>>at:ifAbsent:
[DIAG]   [-2] RGBehavior>>propertyNamed:ifAbsent:
[DIAG]   [-3] RGBehavior>>environment
[DIAG]   [-4] RGComment>>environment
[DIAG]   [-5] RGComment>>?
[DIAG]   [-6] IdentityDictionary>>at:ifAbsent:
[DIAG]   [-7] RGComment>>propertyNamed:ifAbsent:
[DIAG]   [-8] RGComment>>environment
[DIAG]   [-9] RGComment>>backend
[DIAG]   [-10] RGComment>>content
[DIAG]   [-11] RGComment>>isEmptyOrNil
[DIAG]   [-12] RGComment>>isEmptyOrNil
[DIAG]   [-13] RGComment>>isEmptyOrNil
[DIAG]   [-14] RGComment>>isEmptyOrNil
[DIAG]   [-15] RGComment>>isEmptyOrNil
[DIAG]   [-16] RGComment>>isEmptyOrNil
[DIAG]   [-17] RGComment>>isEmptyOrNil
[DIAG]   [-18] RGComment>>isEmptyOrNil
[DIAG]   [-19] RGComment>>isEmptyOrNil
[DIAG]   [-20] RGComment>>isEmptyOrNil
[DIAG-TIMER] usecArmed=1 msArmed=0 timerWasArmed=1 timerSem=set lastSignal=0s ago nextUsec=0xe0f4a0bde9a88 nextMs=0
[DIAG-TIMER] wakeup delta=17198 usec (0.017 sec)
[DIAG-QUEUE] P80 proc=0x3037f62a8 susp=SUnitRunner class>>ifFalse:
[DIAG-QUEUE] P60 proc=0x312ad8658 susp=SUnitRunner class>>ifFalse:
[DIAG-QUEUE] P10 proc=0x303e55370 susp=ProcessorScheduler class>>idleProcess
[JIT] Stats: 102498304 sends, 4102 compiled, 3059807 failed, 16383/16384 KB code | IC: 12480309/17016751 (73% hit, 86932 patched, 0 stale) | J2J-r: 0/0 J2J-a: 8312522/15643919 J2J-d: 90561 J2J-s: 4062128/11275625 | map: 3213 tracked, 1890 hot
[JIT] Stats: 102563840 sends, 4102 compiled, 3060037 failed, 16383/16384 KB code | IC: 12489191/17028932 (73% hit, 86933 patched, 0 stale) | J2J-r: 0/0 J2J-a: 8317781/15654441 J2J-d: 90562 J2J-s: 4067157/11285917 | map: 3213 tracked, 1890 hot
[JIT] Stats: 102629376 sends, 4102 compiled, 3060265 failed, 16383/16384 KB code | IC: 12498068/17041112 (73% hit, 86933 patched, 0 stale) | J2J-r: 0/0 J2J-a: 8323038/15664957 J2J-d: 90562 J2J-s: 4072186/11296205 | map: 3213 tracked, 1890 hot
[JIT] Stats: 102694912 sends, 4102 compiled, 3060497 failed, 16383/16384 KB code | IC: 12506949/17053295 (73% hit, 86933 patched, 0 stale) | J2J-r: 0/0 J2J-a: 8328297/15675475 J2J-d: 90562 J2J-s: 4077213/11306491 | map: 3213 tracked, 1890 hot
[JIT] Stats: 102760448 sends, 4102 compiled, 3060727 failed, 16383/16384 KB code | IC: 12515827/17065476 (73% hit, 86933 patched, 0 stale) | J2J-r: 0/0 J2J-a: 8333555/15685990 J2J-d: 90562 J2J-s: 4082241/11316776 | map: 3213 tracked, 1890 hot
[PROGRESS] 110s: ~2538843163 steps
[JIT] Stats: 102825984 sends, 4102 compiled, 3060956 failed, 16383/16384 KB code | IC: 12524697/17077661 (73% hit, 86951 patched, 0 stale) | J2J-r: 0/0 J2J-a: 8338819/15696514 J2J-d: 90573 J2J-s: 4087270/11327065 | map: 3211 tracked, 1890 hot
[JIT] Stats: 102891520 sends, 4102 compiled, 3061186 failed, 16383/16384 KB code | IC: 12533576/17089842 (73% hit, 86951 patched, 0 stale) | J2J-r: 0/0 J2J-a: 8344078/15707032 J2J-d: 90573 J2J-s: 4092299/11337353 | map: 3211 tracked, 1890 hot
[JIT] Stats: 102957056 sends, 4102 compiled, 3061418 failed, 16383/16384 KB code | IC: 12542456/17102024 (73% hit, 86952 patched, 0 stale) | J2J-r: 0/0 J2J-a: 8349336/15717551 J2J-d: 90573 J2J-s: 4097324/11347639 | map: 3213 tracked, 1890 hot
[JIT] Stats: 103022592 sends, 4102 compiled, 3061646 failed, 16383/16384 KB code | IC: 12551335/17114202 (73% hit, 86952 patched, 0 stale) | J2J-r: 0/0 J2J-a: 8354595/15728069 J2J-d: 90573 J2J-s: 4102355/11357929 | map: 3213 tracked, 1890 hot
[JIT] Stats: 103088128 sends, 4102 compiled, 3061876 failed, 16383/16384 KB code | IC: 12560213/17126382 (73% hit, 86952 patched, 0 stale) | J2J-r: 0/0 J2J-a: 8359853/15738584 J2J-d: 90573 J2J-s: 4107383/11368214 | map: 3213 tracked, 1890 hot
[JIT] Stats: 103153664 sends, 4102 compiled, 3062107 failed, 16383/16384 KB code | IC: 12569085/17138568 (73% hit, 86969 patched, 0 stale) | J2J-r: 0/0 J2J-a: 8365118/15749109 J2J-d: 90583 J2J-s: 4112411/11378502 | map: 3211 tracked, 1890 hot
[JIT] Stats: 103219200 sends, 4102 compiled, 3062335 failed, 16383/16384 KB code | IC: 12577962/17150745 (73% hit, 86969 patched, 0 stale) | J2J-r: 0/0 J2J-a: 8370376/15759625 J2J-d: 90583 J2J-s: 4117441/11388790 | map: 3211 tracked, 1890 hot
[JIT] Stats: 103284736 sends, 4102 compiled, 3062565 failed, 16383/16384 KB code | IC: 12586842/17162926 (73% hit, 86969 patched, 0 stale) | J2J-r: 0/0 J2J-a: 8375635/15770143 J2J-d: 90583 J2J-s: 4122470/11399078 | map: 3211 tracked, 1890 hot
[JIT] Stats: 103350272 sends, 4102 compiled, 3062793 failed, 16383/16384 KB code | IC: 12595716/17175108 (73% hit, 86969 patched, 0 stale) | J2J-r: 0/0 J2J-a: 8380892/15780656 J2J-d: 90583 J2J-s: 4127499/11409363 | map: 3211 tracked, 1890 hot
[JIT] Stats: 103415808 sends, 4102 compiled, 3063025 failed, 16383/16384 KB code | IC: 12604601/17187290 (73% hit, 86971 patched, 0 stale) | J2J-r: 0/0 J2J-a: 8386152/15791181 J2J-d: 90584 J2J-s: 4132526/11419655 | map: 3213 tracked, 1890 hot
[JIT] Stats: 103481344 sends, 4102 compiled, 3063258 failed, 16383/16384 KB code | IC: 12613473/17199476 (73% hit, 86988 patched, 0 stale) | J2J-r: 0/0 J2J-a: 8391416/15801704 J2J-d: 90594 J2J-s: 4137551/11429939 | map: 3211 tracked, 1890 hot
[JIT] Stats: 103546880 sends, 4102 compiled, 3063486 failed, 16383/16384 KB code | IC: 12622347/17211657 (73% hit, 86988 patched, 0 stale) | J2J-r: 0/0 J2J-a: 8396673/15812217 J2J-d: 90594 J2J-s: 4142580/11440224 | map: 3211 tracked, 1890 hot
[JIT] Stats: 103612416 sends, 4102 compiled, 3063718 failed, 16383/16384 KB code | IC: 12631228/17223841 (73% hit, 86988 patched, 0 stale) | J2J-r: 0/0 J2J-a: 8401931/15822734 J2J-d: 90594 J2J-s: 4147606/11450509 | map: 3211 tracked, 1890 hot
[JIT] Stats: 103677952 sends, 4102 compiled, 3063944 failed, 16383/16384 KB code | IC: 12640105/17236017 (73% hit, 86988 patched, 0 stale) | J2J-r: 0/0 J2J-a: 8407190/15833250 J2J-d: 90594 J2J-s: 4152639/11460799 | map: 3211 tracked, 1890 hot
[JIT] Stats: 103743488 sends, 4102 compiled, 3064176 failed, 16383/16384 KB code | IC: 12648988/17248197 (73% hit, 86988 patched, 0 stale) | J2J-r: 0/0 J2J-a: 8412451/15843772 J2J-d: 90594 J2J-s: 4157668/11471089 | map: 3211 tracked, 1890 hot
[JIT] Stats: 103809024 sends, 4102 compiled, 3064411 failed, 16383/16384 KB code | IC: 12657862/17260380 (73% hit, 87007 patched, 0 stale) | J2J-r: 0/0 J2J-a: 8417716/15854299 J2J-d: 90605 J2J-s: 4162691/11481374 | map: 3213 tracked, 1890 hot
[JIT] Stats: 103874560 sends, 4102 compiled, 3064641 failed, 16383/16384 KB code | IC: 12666743/17272560 (73% hit, 87007 patched, 0 stale) | J2J-r: 0/0 J2J-a: 8422976/15864818 J2J-d: 90605 J2J-s: 4167721/11491663 | map: 3213 tracked, 1890 hot
[JIT] Stats: 103940096 sends, 4102 compiled, 3064869 failed, 16383/16384 KB code | IC: 12675621/17284738 (73% hit, 87007 patched, 0 stale) | J2J-r: 0/0 J2J-a: 8428234/15875335 J2J-d: 90605 J2J-s: 4172751/11501952 | map: 3213 tracked, 1890 hot
[JIT] Stats: 104005632 sends, 4102 compiled, 3065097 failed, 16383/16384 KB code | IC: 12684500/17296915 (73% hit, 87007 patched, 0 stale) | J2J-r: 0/0 J2J-a: 8433493/15885853 J2J-d: 90605 J2J-s: 4177782/11512242 | map: 3213 tracked, 1890 hot
[JIT] Stats: 104071168 sends, 4102 compiled, 3065330 failed, 16383/16384 KB code | IC: 12693372/17309101 (73% hit, 87024 patched, 0 stale) | J2J-r: 0/0 J2J-a: 8438757/15896376 J2J-d: 90615 J2J-s: 4182807/11522526 | map: 3211 tracked, 1890 hot
[JIT] Stats: 104136704 sends, 4102 compiled, 3065558 failed, 16383/16384 KB code | IC: 12702248/17321283 (73% hit, 87024 patched, 0 stale) | J2J-r: 0/0 J2J-a: 8444014/15906891 J2J-d: 90615 J2J-s: 4187836/11532813 | map: 3211 tracked, 1890 hot
[JIT] Stats: 104202240 sends, 4102 compiled, 3065788 failed, 16383/16384 KB code | IC: 12711127/17333465 (73% hit, 87024 patched, 0 stale) | J2J-r: 0/0 J2J-a: 8449273/15917407 J2J-d: 90615 J2J-s: 4192865/11543099 | map: 3211 tracked, 1890 hot
[JIT] Stats: 104267776 sends, 4102 compiled, 3066020 failed, 16383/16384 KB code | IC: 12720007/17345645 (73% hit, 87025 patched, 0 stale) | J2J-r: 0/0 J2J-a: 8454532/15927925 J2J-d: 90615 J2J-s: 4197891/11553384 | map: 3213 tracked, 1890 hot
[JIT] Stats: 104333312 sends, 4102 compiled, 3066248 failed, 16383/16384 KB code | IC: 12728885/17357826 (73% hit, 87025 patched, 0 stale) | J2J-r: 0/0 J2J-a: 8459791/15938442 J2J-d: 90615 J2J-s: 4202922/11563673 | map: 3213 tracked, 1890 hot
[JIT] Stats: 104398848 sends, 4102 compiled, 3066477 failed, 16383/16384 KB code | IC: 12737754/17370007 (73% hit, 87042 patched, 0 stale) | J2J-r: 0/0 J2J-a: 8465055/15948965 J2J-d: 90625 J2J-s: 4207951/11573961 | map: 3211 tracked, 1890 hot
[JIT] Stats: 104464384 sends, 4102 compiled, 3066705 failed, 16383/16384 KB code | IC: 12746629/17382188 (73% hit, 87042 patched, 0 stale) | J2J-r: 0/0 J2J-a: 8470311/15959478 J2J-d: 90625 J2J-s: 4212979/11584246 | map: 3211 tracked, 1890 hot
[JIT] Stats: 104529920 sends, 4102 compiled, 3066933 failed, 16383/16384 KB code | IC: 12755508/17394367 (73% hit, 87042 patched, 0 stale) | J2J-r: 0/0 J2J-a: 8475570/15969996 J2J-d: 90625 J2J-s: 4218010/11594536 | map: 3211 tracked, 1890 hot
[JIT] Stats: 104595456 sends, 4102 compiled, 3067163 failed, 16383/16384 KB code | IC: 12764388/17406547 (73% hit, 87042 patched, 0 stale) | J2J-r: 0/0 J2J-a: 8480829/15980514 J2J-d: 90625 J2J-s: 4223039/11604824 | map: 3211 tracked, 1890 hot
[JIT] Stats: 104660992 sends, 4102 compiled, 3067395 failed, 16383/16384 KB code | IC: 12773270/17418727 (73% hit, 87044 patched, 0 stale) | J2J-r: 0/0 J2J-a: 8486089/15991035 J2J-d: 90626 J2J-s: 4228066/11615112 | map: 3213 tracked, 1890 hot
[JIT] Stats: 104726528 sends, 4102 compiled, 3067626 failed, 16383/16384 KB code | IC: 12782140/17430910 (73% hit, 87061 patched, 0 stale) | J2J-r: 0/0 J2J-a: 8491353/16001558 J2J-d: 90636 J2J-s: 4233093/11625398 | map: 3211 tracked, 1890 hot
[JIT] Stats: 104792064 sends, 4102 compiled, 3067856 failed, 16383/16384 KB code | IC: 12791020/17443089 (73% hit, 87061 patched, 0 stale) | J2J-r: 0/0 J2J-a: 8496612/16012076 J2J-d: 90636 J2J-s: 4238122/11635686 | map: 3211 tracked, 1890 hot
[JIT] Stats: 104857600 sends, 4102 compiled, 3068084 failed, 16383/16384 KB code | IC: 12799899/17455268 (73% hit, 87061 patched, 0 stale) | J2J-r: 0/0 J2J-a: 8501871/16022594 J2J-d: 90636 J2J-s: 4243153/11645976 | map: 3211 tracked, 1890 hot
[JIT] Stats: 104923136 sends, 4102 compiled, 3068316 failed, 16383/16384 KB code | IC: 12808780/17467451 (73% hit, 87061 patched, 0 stale) | J2J-r: 0/0 J2J-a: 8507130/16033112 J2J-d: 90636 J2J-s: 4248180/11656262 | map: 3211 tracked, 1890 hot
[JIT] Stats: 104988672 sends, 4102 compiled, 3068546 failed, 16383/16384 KB code | IC: 12817660/17479630 (73% hit, 87061 patched, 0 stale) | J2J-r: 0/0 J2J-a: 8512389/16043630 J2J-d: 90636 J2J-s: 4253209/11666550 | map: 3211 tracked, 1890 hot
[JIT] Stats: 105054208 sends, 4102 compiled, 3068773 failed, 16383/16384 KB code | IC: 12826525/17491815 (73% hit, 87078 patched, 0 stale) | J2J-r: 0/0 J2J-a: 8517651/16054149 J2J-d: 90646 J2J-s: 4258238/11676836 | map: 3211 tracked, 1890 hot
[JIT] Stats: 105119744 sends, 4102 compiled, 3069005 failed, 16383/16384 KB code | IC: 12835405/17503995 (73% hit, 87079 patched, 0 stale) | J2J-r: 0/0 J2J-a: 8522911/16064667 J2J-d: 90646 J2J-s: 4263265/11687121 | map: 3213 tracked, 1890 hot
[JIT] Stats: 105185280 sends, 4102 compiled, 3069235 failed, 16383/16384 KB code | IC: 12844285/17516175 (73% hit, 87079 patched, 0 stale) | J2J-r: 0/0 J2J-a: 8528169/16075184 J2J-d: 90646 J2J-s: 4268293/11697408 | map: 3213 tracked, 1890 hot
[JIT] Stats: 105250816 sends, 4102 compiled, 3069463 failed, 16383/16384 KB code | IC: 12853164/17528355 (73% hit, 87079 patched, 0 stale) | J2J-r: 0/0 J2J-a: 8533428/16085702 J2J-d: 90646 J2J-s: 4273324/11707698 | map: 3213 tracked, 1890 hot
[JIT] Stats: 105316352 sends, 4102 compiled, 3069693 failed, 16383/16384 KB code | IC: 12862041/17540536 (73% hit, 87079 patched, 0 stale) | J2J-r: 0/0 J2J-a: 8538685/16096217 J2J-d: 90646 J2J-s: 4278351/11717983 | map: 3213 tracked, 1890 hot
[JIT] Stats: 105381888 sends, 4102 compiled, 3069928 failed, 16383/16384 KB code | IC: 12870918/17552721 (73% hit, 87096 patched, 0 stale) | J2J-r: 0/0 J2J-a: 8543952/16106746 J2J-d: 90656 J2J-s: 4283377/11728271 | map: 3211 tracked, 1890 hot
[JIT] Stats: 105447424 sends, 4102 compiled, 3070156 failed, 16383/16384 KB code | IC: 12879795/17564900 (73% hit, 87096 patched, 0 stale) | J2J-r: 0/0 J2J-a: 8549210/16117261 J2J-d: 90656 J2J-s: 4288407/11738558 | map: 3211 tracked, 1890 hot
[JIT] Stats: 105512960 sends, 4102 compiled, 3070388 failed, 16383/16384 KB code | IC: 12888676/17577081 (73% hit, 87097 patched, 0 stale) | J2J-r: 0/0 J2J-a: 8554470/16127780 J2J-d: 90656 J2J-s: 4293434/11748844 | map: 3213 tracked, 1890 hot
[JIT] Stats: 105578496 sends, 4102 compiled, 3070616 failed, 16383/16384 KB code | IC: 12897550/17589263 (73% hit, 87097 patched, 0 stale) | J2J-r: 0/0 J2J-a: 8559727/16138293 J2J-d: 90656 J2J-s: 4298463/11759129 | map: 3213 tracked, 1890 hot
[JIT] Stats: 105644032 sends, 4102 compiled, 3070844 failed, 16383/16384 KB code | IC: 12906429/17601442 (73% hit, 87097 patched, 0 stale) | J2J-r: 0/0 J2J-a: 8564985/16148810 J2J-d: 90656 J2J-s: 4303493/11769418 | map: 3213 tracked, 1890 hot
[JIT] Stats: 105709568 sends, 4102 compiled, 3071077 failed, 16383/16384 KB code | IC: 12915303/17613626 (73% hit, 87114 patched, 0 stale) | J2J-r: 0/0 J2J-a: 8570250/16159336 J2J-d: 90666 J2J-s: 4308519/11779705 | map: 3211 tracked, 1890 hot
[JIT] Stats: 105775104 sends, 4102 compiled, 3071305 failed, 16383/16384 KB code | IC: 12924181/17625805 (73% hit, 87114 patched, 0 stale) | J2J-r: 0/0 J2J-a: 8575509/16169852 J2J-d: 90666 J2J-s: 4313550/11789993 | map: 3211 tracked, 1890 hot
[JIT] Stats: 105840640 sends, 4102 compiled, 3071533 failed, 16383/16384 KB code | IC: 12933058/17637982 (73% hit, 87114 patched, 0 stale) | J2J-r: 0/0 J2J-a: 8580767/16180369 J2J-d: 90666 J2J-s: 4318580/11800282 | map: 3211 tracked, 1890 hot
[JIT] Stats: 105906176 sends, 4102 compiled, 3071763 failed, 16383/16384 KB code | IC: 12941938/17650164 (73% hit, 87114 patched, 0 stale) | J2J-r: 0/0 J2J-a: 8586026/16190887 J2J-d: 90666 J2J-s: 4323609/11810570 | map: 3211 tracked, 1890 hot
[JIT] Stats: 105971712 sends, 4102 compiled, 3071998 failed, 16383/16384 KB code | IC: 12950811/17662349 (73% hit, 87131 patched, 0 stale) | J2J-r: 0/0 J2J-a: 8591289/16201411 J2J-d: 90677 J2J-s: 4328632/11820854 | map: 3211 tracked, 1890 hot
[JIT] Stats: 106037248 sends, 4102 compiled, 3072229 failed, 16383/16384 KB code | IC: 12959694/17674536 (73% hit, 87133 patched, 0 stale) | J2J-r: 0/0 J2J-a: 8596551/16211932 J2J-d: 90677 J2J-s: 4333660/11831141 | map: 3211 tracked, 1890 hot
[JIT] Stats: 106102784 sends, 4102 compiled, 3072456 failed, 16383/16384 KB code | IC: 12968568/17686713 (73% hit, 87133 patched, 0 stale) | J2J-r: 0/0 J2J-a: 8601807/16222445 J2J-d: 90677 J2J-s: 4338690/11841428 | map: 3211 tracked, 1890 hot
[JIT] Stats: 106168320 sends, 4102 compiled, 3072688 failed, 16383/16384 KB code | IC: 12977447/17698895 (73% hit, 87133 patched, 0 stale) | J2J-r: 0/0 J2J-a: 8607065/16232961 J2J-d: 90677 J2J-s: 4343716/11851712 | map: 3211 tracked, 1890 hot
[JIT] Stats: 106233856 sends, 4102 compiled, 3072916 failed, 16383/16384 KB code | IC: 12986325/17711073 (73% hit, 87133 patched, 0 stale) | J2J-r: 0/0 J2J-a: 8612324/16243479 J2J-d: 90677 J2J-s: 4348747/11862002 | map: 3211 tracked, 1890 hot
[JIT] Stats: 106299392 sends, 4102 compiled, 3073149 failed, 16383/16384 KB code | IC: 12995196/17723260 (73% hit, 87150 patched, 0 stale) | J2J-r: 0/0 J2J-a: 8617588/16254002 J2J-d: 90687 J2J-s: 4353772/11872286 | map: 3211 tracked, 1890 hot
[JIT] Stats: 106364928 sends, 4102 compiled, 3073379 failed, 16383/16384 KB code | IC: 13004075/17735438 (73% hit, 87151 patched, 0 stale) | J2J-r: 0/0 J2J-a: 8622848/16264520 J2J-d: 90687 J2J-s: 4358801/11882573 | map: 3213 tracked, 1890 hot
[JIT] Stats: 106430464 sends, 4102 compiled, 3073609 failed, 16383/16384 KB code | IC: 13012954/17747621 (73% hit, 87151 patched, 0 stale) | J2J-r: 0/0 J2J-a: 8628105/16275036 J2J-d: 90687 J2J-s: 4363828/11892859 | map: 3213 tracked, 1890 hot
[JIT] Stats: 106496000 sends, 4102 compiled, 3073837 failed, 16383/16384 KB code | IC: 13021829/17759803 (73% hit, 87151 patched, 0 stale) | J2J-r: 0/0 J2J-a: 8633363/16285550 J2J-d: 90687 J2J-s: 4368858/11903145 | map: 3213 tracked, 1890 hot
[JIT] Stats: 106561536 sends, 4102 compiled, 3074065 failed, 16383/16384 KB code | IC: 13030705/17771983 (73% hit, 87151 patched, 0 stale) | J2J-r: 0/0 J2J-a: 8638619/16296063 J2J-d: 90687 J2J-s: 4373886/11913430 | map: 3213 tracked, 1890 hot
[JIT] Stats: 106627072 sends, 4102 compiled, 3074298 failed, 16383/16384 KB code | IC: 13039575/17784170 (73% hit, 87168 patched, 0 stale) | J2J-r: 0/0 J2J-a: 8643883/16306586 J2J-d: 90697 J2J-s: 4378911/11923714 | map: 3211 tracked, 1890 hot
[JIT] Stats: 106692608 sends, 4102 compiled, 3074526 failed, 16383/16384 KB code | IC: 13048454/17796348 (73% hit, 87168 patched, 0 stale) | J2J-r: 0/0 J2J-a: 8649142/16317104 J2J-d: 90697 J2J-s: 4383942/11934004 | map: 3211 tracked, 1890 hot
[JIT] Stats: 106758144 sends, 4102 compiled, 3074754 failed, 16383/16384 KB code | IC: 13057332/17808528 (73% hit, 87168 patched, 0 stale) | J2J-r: 0/0 J2J-a: 8654400/16327620 J2J-d: 90697 J2J-s: 4388972/11944292 | map: 3211 tracked, 1890 hot
[DIAG] P40 IdentityDictionary>>to:do: ip=69 fd=37
[DIAG]   [-1] IdentityDictionary>>findElementOrNil:
[DIAG]   [-2] IdentityDictionary>>at:ifAbsent:
[DIAG]   [-3] RGComment>>propertyNamed:ifAbsent:
[DIAG]   [-4] RGComment>>environment
[DIAG]   [-5] RGComment>>backend
[DIAG]   [-6] RGComment>>content
[DIAG]   [-7] RGComment>>isEmptyOrNil
[DIAG]   [-8] RGComment>>isEmptyOrNil
[DIAG]   [-9] RGComment>>isEmptyOrNil
[DIAG]   [-10] RGComment>>isEmptyOrNil
[DIAG]   [-11] RGComment>>isEmptyOrNil
[DIAG]   [-12] RGComment>>isEmptyOrNil
[DIAG]   [-13] RGComment>>isEmptyOrNil
[DIAG]   [-14] RGComment>>isEmptyOrNil
[DIAG]   [-15] RGComment>>isEmptyOrNil
[DIAG]   [-16] RGComment>>isEmptyOrNil
[DIAG]   [-17] RGComment>>isEmptyOrNil
[DIAG]   [-18] RGComment>>isEmptyOrNil
[DIAG]   [-19] RGComment>>isEmptyOrNil
[DIAG]   [-20] RGComment>>isEmptyOrNil
[DIAG-TIMER] usecArmed=1 msArmed=0 timerWasArmed=1 timerSem=set lastSignal=0s ago nextUsec=0xe0f4a0c7735ff nextMs=0
[DIAG-TIMER] wakeup delta=17799 usec (0.018 sec)
[DIAG-QUEUE] P80 proc=0x3037f62a8 susp=SUnitRunner class>>ifFalse:
[DIAG-QUEUE] P60 proc=0x312ad8658 susp=SUnitRunner class>>ifFalse:
[DIAG-QUEUE] P10 proc=0x303e55370 susp=ProcessorScheduler class>>idleProcess
[JIT] Stats: 106823680 sends, 4102 compiled, 3074986 failed, 16383/16384 KB code | IC: 13066213/17820706 (73% hit, 87169 patched, 0 stale) | J2J-r: 0/0 J2J-a: 8659661/16338140 J2J-d: 90697 J2J-s: 4394000/11954579 | map: 3213 tracked, 1890 hot
[JIT] Stats: 106889216 sends, 4102 compiled, 3075214 failed, 16383/16384 KB code | IC: 13075091/17832886 (73% hit, 87169 patched, 0 stale) | J2J-r: 0/0 J2J-a: 8664918/16348656 J2J-d: 90697 J2J-s: 4399029/11964867 | map: 3213 tracked, 1890 hot
[JIT] Stats: 106954752 sends, 4102 compiled, 3075445 failed, 16383/16384 KB code | IC: 13083962/17845069 (73% hit, 87186 patched, 0 stale) | J2J-r: 0/0 J2J-a: 8670183/16359180 J2J-d: 90707 J2J-s: 4404057/11975154 | map: 3211 tracked, 1890 hot
[JIT] Stats: 107020288 sends, 4102 compiled, 3075675 failed, 16383/16384 KB code | IC: 13092843/17857249 (73% hit, 87186 patched, 0 stale) | J2J-r: 0/0 J2J-a: 8675443/16369699 J2J-d: 90707 J2J-s: 4409087/11985443 | map: 3211 tracked, 1890 hot
[JIT] Stats: 107085824 sends, 4102 compiled, 3075903 failed, 16383/16384 KB code | IC: 13101718/17869430 (73% hit, 87186 patched, 0 stale) | J2J-r: 0/0 J2J-a: 8680699/16380212 J2J-d: 90707 J2J-s: 4414115/11995728 | map: 3211 tracked, 1890 hot
[PROGRESS] 120s: ~2664421911 steps
[JIT] Stats: 107151360 sends, 4102 compiled, 3076135 failed, 16383/16384 KB code | IC: 13110599/17881613 (73% hit, 87186 patched, 0 stale) | J2J-r: 0/0 J2J-a: 8685958/16390730 J2J-d: 90707 J2J-s: 4419142/12006014 | map: 3211 tracked, 1890 hot
[JIT] Stats: 107216896 sends, 4102 compiled, 3076368 failed, 16383/16384 KB code | IC: 13119483/17893796 (73% hit, 87188 patched, 0 stale) | J2J-r: 0/0 J2J-a: 8691219/16401253 J2J-d: 90708 J2J-s: 4424168/12016302 | map: 3213 tracked, 1890 hot
[JIT] Stats: 107282432 sends, 4102 compiled, 3076600 failed, 16383/16384 KB code | IC: 13128352/17905979 (73% hit, 87205 patched, 0 stale) | J2J-r: 0/0 J2J-a: 8696482/16411774 J2J-d: 90718 J2J-s: 4429194/12026586 | map: 3211 tracked, 1890 hot
[JIT] Stats: 107347968 sends, 4102 compiled, 3076828 failed, 16383/16384 KB code | IC: 13137228/17918159 (73% hit, 87205 patched, 0 stale) | J2J-r: 0/0 J2J-a: 8701739/16422289 J2J-d: 90718 J2J-s: 4434223/12036873 | map: 3211 tracked, 1890 hot
[JIT] Stats: 107413504 sends, 4102 compiled, 3077058 failed, 16383/16384 KB code | IC: 13146106/17930341 (73% hit, 87205 patched, 0 stale) | J2J-r: 0/0 J2J-a: 8706997/16432804 J2J-d: 90718 J2J-s: 4439251/12047158 | map: 3211 tracked, 1890 hot
[JIT] Stats: 107479040 sends, 4102 compiled, 3077286 failed, 16383/16384 KB code | IC: 13154983/17942522 (73% hit, 87205 patched, 0 stale) | J2J-r: 0/0 J2J-a: 8712255/16443320 J2J-d: 90718 J2J-s: 4444281/12057446 | map: 3211 tracked, 1890 hot
[JIT] Stats: 107544576 sends, 4102 compiled, 3077516 failed, 16383/16384 KB code | IC: 13163860/17954704 (73% hit, 87205 patched, 0 stale) | J2J-r: 0/0 J2J-a: 8717512/16453834 J2J-d: 90718 J2J-s: 4449308/12067730 | map: 3211 tracked, 1890 hot
[JIT] Stats: 107610112 sends, 4102 compiled, 3077747 failed, 16383/16384 KB code | IC: 13172731/17966891 (73% hit, 87223 patched, 0 stale) | J2J-r: 0/0 J2J-a: 8722776/16464359 J2J-d: 90729 J2J-s: 4454335/12078018 | map: 3211 tracked, 1890 hot
[JIT] Stats: 107675648 sends, 4102 compiled, 3077977 failed, 16383/16384 KB code | IC: 13181611/17979069 (73% hit, 87224 patched, 0 stale) | J2J-r: 0/0 J2J-a: 8728036/16474878 J2J-d: 90729 J2J-s: 4459364/12088306 | map: 3213 tracked, 1890 hot
[JIT] Stats: 107741184 sends, 4102 compiled, 3078207 failed, 16383/16384 KB code | IC: 13190489/17991251 (73% hit, 87224 patched, 0 stale) | J2J-r: 0/0 J2J-a: 8733294/16485394 J2J-d: 90729 J2J-s: 4464392/12098592 | map: 3213 tracked, 1890 hot
[JIT] Stats: 107806720 sends, 4102 compiled, 3078435 failed, 16383/16384 KB code | IC: 13199365/18003432 (73% hit, 87224 patched, 0 stale) | J2J-r: 0/0 J2J-a: 8738551/16495908 J2J-d: 90729 J2J-s: 4469421/12108878 | map: 3213 tracked, 1890 hot
[JIT] Stats: 107872256 sends, 4102 compiled, 3078663 failed, 16383/16384 KB code | IC: 13208243/18015612 (73% hit, 87224 patched, 0 stale) | J2J-r: 0/0 J2J-a: 8743810/16506425 J2J-d: 90729 J2J-s: 4474452/12119167 | map: 3213 tracked, 1890 hot
[JIT] Stats: 107937792 sends, 4102 compiled, 3078894 failed, 16383/16384 KB code | IC: 13217111/18027798 (73% hit, 87241 patched, 0 stale) | J2J-r: 0/0 J2J-a: 8749072/16516945 J2J-d: 90739 J2J-s: 4479477/12129450 | map: 3211 tracked, 1890 hot
[JIT] Stats: 108003328 sends, 4102 compiled, 3079122 failed, 16383/16384 KB code | IC: 13225987/18039978 (73% hit, 87241 patched, 0 stale) | J2J-r: 0/0 J2J-a: 8754330/16527460 J2J-d: 90739 J2J-s: 4484507/12139737 | map: 3211 tracked, 1890 hot
[JIT] Stats: 108068864 sends, 4102 compiled, 3079356 failed, 16383/16384 KB code | IC: 13234869/18052161 (73% hit, 87242 patched, 0 stale) | J2J-r: 0/0 J2J-a: 8759590/16537979 J2J-d: 90739 J2J-s: 4489532/12150021 | map: 3213 tracked, 1890 hot
[JIT] Stats: 108134400 sends, 4102 compiled, 3079584 failed, 16383/16384 KB code | IC: 13243750/18064342 (73% hit, 87242 patched, 0 stale) | J2J-r: 0/0 J2J-a: 8764849/16548497 J2J-d: 90739 J2J-s: 4494562/12160310 | map: 3213 tracked, 1890 hot
[JIT] Stats: 108199936 sends, 4102 compiled, 3079817 failed, 16383/16384 KB code | IC: 13252620/18076526 (73% hit, 87260 patched, 0 stale) | J2J-r: 0/0 J2J-a: 8770113/16559022 J2J-d: 90750 J2J-s: 4499588/12170597 | map: 3211 tracked, 1890 hot
[JIT] Stats: 108265472 sends, 4102 compiled, 3080049 failed, 16383/16384 KB code | IC: 13261502/18088709 (73% hit, 87260 patched, 0 stale) | J2J-r: 0/0 J2J-a: 8775372/16569542 J2J-d: 90750 J2J-s: 4504615/12180885 | map: 3211 tracked, 1890 hot
[JIT] Stats: 108331008 sends, 4102 compiled, 3080279 failed, 16383/16384 KB code | IC: 13270379/18100891 (73% hit, 87260 patched, 0 stale) | J2J-r: 0/0 J2J-a: 8780629/16580056 J2J-d: 90750 J2J-s: 4509642/12191169 | map: 3211 tracked, 1890 hot
[JIT] Stats: 108396544 sends, 4102 compiled, 3080507 failed, 16383/16384 KB code | IC: 13279257/18113070 (73% hit, 87260 patched, 0 stale) | J2J-r: 0/0 J2J-a: 8785887/16590573 J2J-d: 90750 J2J-s: 4514672/12201458 | map: 3211 tracked, 1890 hot
[JIT] Stats: 108462080 sends, 4102 compiled, 3080737 failed, 16383/16384 KB code | IC: 13288136/18125251 (73% hit, 87260 patched, 0 stale) | J2J-r: 0/0 J2J-a: 8791146/16601090 J2J-d: 90750 J2J-s: 4519701/12211745 | map: 3211 tracked, 1890 hot
[JIT] Stats: 108527616 sends, 4102 compiled, 3080972 failed, 16383/16384 KB code | IC: 13297013/18137435 (73% hit, 87279 patched, 0 stale) | J2J-r: 0/0 J2J-a: 8796412/16611620 J2J-d: 90761 J2J-s: 4524725/12222033 | map: 3211 tracked, 1890 hot
[JIT] Stats: 108593152 sends, 4102 compiled, 3081200 failed, 16383/16384 KB code | IC: 13305891/18149613 (73% hit, 87279 patched, 0 stale) | J2J-r: 0/0 J2J-a: 8801671/16622137 J2J-d: 90761 J2J-s: 4529756/12232322 | map: 3211 tracked, 1890 hot
[JIT] Stats: 108658688 sends, 4102 compiled, 3081430 failed, 16383/16384 KB code | IC: 13314769/18161794 (73% hit, 87279 patched, 0 stale) | J2J-r: 0/0 J2J-a: 8806929/16632653 J2J-d: 90761 J2J-s: 4534784/12242608 | map: 3211 tracked, 1890 hot
[JIT] Stats: 108724224 sends, 4102 compiled, 3081658 failed, 16383/16384 KB code | IC: 13323646/18173976 (73% hit, 87279 patched, 0 stale) | J2J-r: 0/0 J2J-a: 8812186/16643168 J2J-d: 90761 J2J-s: 4539813/12252895 | map: 3211 tracked, 1890 hot
[JIT] Stats: 108789760 sends, 4102 compiled, 3081886 failed, 16383/16384 KB code | IC: 13332522/18186154 (73% hit, 87279 patched, 0 stale) | J2J-r: 0/0 J2J-a: 8817444/16653683 J2J-d: 90761 J2J-s: 4544843/12263182 | map: 3211 tracked, 1890 hot
[JIT] Stats: 108855296 sends, 4102 compiled, 3082119 failed, 16383/16384 KB code | IC: 13341393/18198340 (73% hit, 87296 patched, 0 stale) | J2J-r: 0/0 J2J-a: 8822708/16664206 J2J-d: 90771 J2J-s: 4549868/12273466 | map: 3211 tracked, 1890 hot
[JIT] Stats: 108920832 sends, 4102 compiled, 3082351 failed, 16383/16384 KB code | IC: 13350277/18210521 (73% hit, 87298 patched, 0 stale) | J2J-r: 0/0 J2J-a: 8827969/16674728 J2J-d: 90772 J2J-s: 4554896/12283755 | map: 3213 tracked, 1890 hot
[JIT] Stats: 108986368 sends, 4102 compiled, 3082579 failed, 16383/16384 KB code | IC: 13359154/18222700 (73% hit, 87298 patched, 0 stale) | J2J-r: 0/0 J2J-a: 8833227/16685245 J2J-d: 90772 J2J-s: 4559926/12294044 | map: 3213 tracked, 1890 hot
[JIT] Stats: 109051904 sends, 4102 compiled, 3082809 failed, 16383/16384 KB code | IC: 13368032/18234882 (73% hit, 87298 patched, 0 stale) | J2J-r: 0/0 J2J-a: 8838485/16695761 J2J-d: 90772 J2J-s: 4564954/12304330 | map: 3213 tracked, 1890 hot
[JIT] Stats: 109117440 sends, 4102 compiled, 3083037 failed, 16383/16384 KB code | IC: 13376909/18247062 (73% hit, 87298 patched, 0 stale) | J2J-r: 0/0 J2J-a: 8843742/16706275 J2J-d: 90772 J2J-s: 4569983/12314616 | map: 3213 tracked, 1890 hot
[JIT] Stats: 109182976 sends, 4102 compiled, 3083267 failed, 16383/16384 KB code | IC: 13385780/18259249 (73% hit, 87315 patched, 0 stale) | J2J-r: 0/0 J2J-a: 8849007/16716800 J2J-d: 90782 J2J-s: 4575011/12324904 | map: 3211 tracked, 1890 hot
[JIT] Stats: 109248512 sends, 4102 compiled, 3083496 failed, 16383/16384 KB code | IC: 13394656/18271426 (73% hit, 87315 patched, 0 stale) | J2J-r: 0/0 J2J-a: 8854265/16727315 J2J-d: 90782 J2J-s: 4580041/12335191 | map: 3211 tracked, 1890 hot
[JIT] Stats: 109314048 sends, 4102 compiled, 3083728 failed, 16383/16384 KB code | IC: 13403537/18283608 (73% hit, 87315 patched, 0 stale) | J2J-r: 0/0 J2J-a: 8859524/16737833 J2J-d: 90782 J2J-s: 4585068/12345477 | map: 3211 tracked, 1890 hot
[JIT] Stats: 109379584 sends, 4102 compiled, 3083958 failed, 16383/16384 KB code | IC: 13412417/18295787 (73% hit, 87316 patched, 0 stale) | J2J-r: 0/0 J2J-a: 8864783/16748351 J2J-d: 90782 J2J-s: 4590096/12355764 | map: 3213 tracked, 1890 hot
[JIT] Stats: 109445120 sends, 4102 compiled, 3084188 failed, 16383/16384 KB code | IC: 13421297/18307967 (73% hit, 87316 patched, 0 stale) | J2J-r: 0/0 J2J-a: 8870042/16758869 J2J-d: 90782 J2J-s: 4595125/12366052 | map: 3213 tracked, 1890 hot
[JIT] Stats: 109510656 sends, 4102 compiled, 3084419 failed, 16383/16384 KB code | IC: 13430168/18320147 (73% hit, 87333 patched, 0 stale) | J2J-r: 0/0 J2J-a: 8875307/16769394 J2J-d: 90792 J2J-s: 4600153/12376340 | map: 3211 tracked, 1890 hot
[JIT] Stats: 109576192 sends, 4102 compiled, 3084649 failed, 16383/16384 KB code | IC: 13439046/18332330 (73% hit, 87333 patched, 0 stale) | J2J-r: 0/0 J2J-a: 8880564/16779909 J2J-d: 90792 J2J-s: 4605180/12386625 | map: 3211 tracked, 1890 hot
[JIT] Stats: 109641728 sends, 4102 compiled, 3084877 failed, 16383/16384 KB code | IC: 13447921/18344512 (73% hit, 87333 patched, 0 stale) | J2J-r: 0/0 J2J-a: 8885822/16790423 J2J-d: 90792 J2J-s: 4610210/12396911 | map: 3211 tracked, 1890 hot
[JIT] Stats: 109707264 sends, 4102 compiled, 3085105 failed, 16383/16384 KB code | IC: 13456800/18356691 (73% hit, 87333 patched, 0 stale) | J2J-r: 0/0 J2J-a: 8891081/16800941 J2J-d: 90792 J2J-s: 4615241/12407201 | map: 3211 tracked, 1890 hot
[JIT] Stats: 109772800 sends, 4102 compiled, 3085339 failed, 16383/16384 KB code | IC: 13465682/18368874 (73% hit, 87334 patched, 0 stale) | J2J-r: 0/0 J2J-a: 8896340/16811459 J2J-d: 90792 J2J-s: 4620265/12417484 | map: 3213 tracked, 1890 hot
[JIT] Stats: 109838336 sends, 4102 compiled, 3085570 failed, 16383/16384 KB code | IC: 13474555/18381059 (73% hit, 87352 patched, 0 stale) | J2J-r: 0/0 J2J-a: 8901605/16821987 J2J-d: 90803 J2J-s: 4625293/12427775 | map: 3211 tracked, 1890 hot
[JIT] Stats: 109903872 sends, 4102 compiled, 3085798 failed, 16383/16384 KB code | IC: 13483434/18393237 (73% hit, 87352 patched, 0 stale) | J2J-r: 0/0 J2J-a: 8906864/16832505 J2J-d: 90803 J2J-s: 4630324/12438065 | map: 3211 tracked, 1890 hot
[JIT] Stats: 109969408 sends, 4102 compiled, 3086028 failed, 16383/16384 KB code | IC: 13492313/18405418 (73% hit, 87352 patched, 0 stale) | J2J-r: 0/0 J2J-a: 8912121/16843021 J2J-d: 90803 J2J-s: 4635351/12448351 | map: 3211 tracked, 1890 hot
[JIT] Stats: 110034944 sends, 4102 compiled, 3086256 failed, 16383/16384 KB code | IC: 13501189/18417597 (73% hit, 87352 patched, 0 stale) | J2J-r: 0/0 J2J-a: 8917380/16853537 J2J-d: 90803 J2J-s: 4640382/12458639 | map: 3211 tracked, 1890 hot
[JIT] Stats: 110100480 sends, 4102 compiled, 3086487 failed, 16383/16384 KB code | IC: 13510059/18429782 (73% hit, 87369 patched, 0 stale) | J2J-r: 0/0 J2J-a: 8922643/16864059 J2J-d: 90813 J2J-s: 4645408/12468924 | map: 3211 tracked, 1890 hot
[JIT] Stats: 110166016 sends, 4102 compiled, 3086721 failed, 16383/16384 KB code | IC: 13518943/18441964 (73% hit, 87371 patched, 0 stale) | J2J-r: 0/0 J2J-a: 8927904/16874582 J2J-d: 90814 J2J-s: 4650434/12479212 | map: 3213 tracked, 1890 hot
[JIT] Stats: 110231552 sends, 4102 compiled, 3086949 failed, 16383/16384 KB code | IC: 13527822/18454144 (73% hit, 87371 patched, 0 stale) | J2J-r: 0/0 J2J-a: 8933162/16885100 J2J-d: 90814 J2J-s: 4655464/12489502 | map: 3213 tracked, 1890 hot
[JIT] Stats: 110297088 sends, 4102 compiled, 3087177 failed, 16383/16384 KB code | IC: 13536700/18466324 (73% hit, 87371 patched, 0 stale) | J2J-r: 0/0 J2J-a: 8938420/16895616 J2J-d: 90814 J2J-s: 4660494/12499790 | map: 3213 tracked, 1890 hot
[JIT] Stats: 110362624 sends, 4102 compiled, 3087407 failed, 16383/16384 KB code | IC: 13545580/18478503 (73% hit, 87371 patched, 0 stale) | J2J-r: 0/0 J2J-a: 8943680/16906135 J2J-d: 90814 J2J-s: 4665524/12510079 | map: 3213 tracked, 1890 hot
[JIT] Stats: 110428160 sends, 4102 compiled, 3087634 failed, 16383/16384 KB code | IC: 13554442/18490688 (73% hit, 87388 patched, 0 stale) | J2J-r: 0/0 J2J-a: 8948939/16916650 J2J-d: 90824 J2J-s: 4670550/12520361 | map: 3211 tracked, 1890 hot
[JIT] Stats: 110493696 sends, 4102 compiled, 3087866 failed, 16383/16384 KB code | IC: 13563323/18502872 (73% hit, 87388 patched, 0 stale) | J2J-r: 0/0 J2J-a: 8954198/16927168 J2J-d: 90824 J2J-s: 4675577/12530647 | map: 3211 tracked, 1890 hot
[JIT] Stats: 110559232 sends, 4102 compiled, 3088096 failed, 16383/16384 KB code | IC: 13572201/18515053 (73% hit, 87388 patched, 0 stale) | J2J-r: 0/0 J2J-a: 8959456/16937683 J2J-d: 90824 J2J-s: 4680605/12540932 | map: 3211 tracked, 1890 hot
[JIT] Stats: 110624768 sends, 4102 compiled, 3088328 failed, 16383/16384 KB code | IC: 13581085/18527231 (73% hit, 87390 patched, 0 stale) | J2J-r: 0/0 J2J-a: 8964717/16948207 J2J-d: 90825 J2J-s: 4685633/12551223 | map: 3213 tracked, 1890 hot
[JIT] Stats: 110690304 sends, 4102 compiled, 3088556 failed, 16383/16384 KB code | IC: 13589960/18539414 (73% hit, 87390 patched, 0 stale) | J2J-r: 0/0 J2J-a: 8969975/16958721 J2J-d: 90825 J2J-s: 4690663/12561509 | map: 3213 tracked, 1890 hot
[JIT] Stats: 110755840 sends, 4102 compiled, 3088789 failed, 16383/16384 KB code | IC: 13598832/18551602 (73% hit, 87407 patched, 0 stale) | J2J-r: 0/0 J2J-a: 8975239/16969244 J2J-d: 90835 J2J-s: 4695688/12571793 | map: 3211 tracked, 1890 hot
[JIT] Stats: 110821376 sends, 4102 compiled, 3089017 failed, 16383/16384 KB code | IC: 13607709/18563781 (73% hit, 87407 patched, 0 stale) | J2J-r: 0/0 J2J-a: 8980496/16979760 J2J-d: 90835 J2J-s: 4700717/12582081 | map: 3211 tracked, 1890 hot
[JIT] Stats: 110886912 sends, 4102 compiled, 3089247 failed, 16383/16384 KB code | IC: 13616589/18575960 (73% hit, 87407 patched, 0 stale) | J2J-r: 0/0 J2J-a: 8985755/16990278 J2J-d: 90835 J2J-s: 4705746/12592369 | map: 3211 tracked, 1890 hot
[JIT] Stats: 110952448 sends, 4102 compiled, 3089475 failed, 16383/16384 KB code | IC: 13625468/18588140 (73% hit, 87407 patched, 0 stale) | J2J-r: 0/0 J2J-a: 8991014/17000795 J2J-d: 90835 J2J-s: 4710777/12602658 | map: 3211 tracked, 1890 hot
[DIAG] P40 IdentityDictionary>>ifTrue: ip=58 fd=38
[DIAG]   [-1] IdentityDictionary>>at:ifAbsent:
[DIAG]   [-2] RGBehavior>>propertyNamed:ifAbsent:
[DIAG]   [-3] RGBehavior>>environment
[DIAG]   [-4] RGComment>>environment
[DIAG]   [-5] RGComment>>?
[DIAG]   [-6] IdentityDictionary>>at:ifAbsent:
[DIAG]   [-7] RGComment>>propertyNamed:ifAbsent:
[DIAG]   [-8] RGComment>>environment
[DIAG]   [-9] RGComment>>backend
[DIAG]   [-10] RGComment>>content
[DIAG]   [-11] RGComment>>isEmptyOrNil
[DIAG]   [-12] RGComment>>isEmptyOrNil
[DIAG]   [-13] RGComment>>isEmptyOrNil
[DIAG]   [-14] RGComment>>isEmptyOrNil
[DIAG]   [-15] RGComment>>isEmptyOrNil
[DIAG]   [-16] RGComment>>isEmptyOrNil
[DIAG]   [-17] RGComment>>isEmptyOrNil
[DIAG]   [-18] RGComment>>isEmptyOrNil
[DIAG]   [-19] RGComment>>isEmptyOrNil
[DIAG]   [-20] RGComment>>isEmptyOrNil
[DIAG-TIMER] usecArmed=1 msArmed=0 timerWasArmed=1 timerSem=set lastSignal=0s ago nextUsec=0xe0f4a0d0fd328 nextMs=0
[DIAG-TIMER] wakeup delta=17356 usec (0.017 sec)
[DIAG-QUEUE] P80 proc=0x3037f62a8 susp=SUnitRunner class>>ifFalse:
[DIAG-QUEUE] P60 proc=0x312ad8658 susp=SUnitRunner class>>ifFalse:
[DIAG-QUEUE] P10 proc=0x303e55370 susp=ProcessorScheduler class>>idleProcess
[JIT] Stats: 111017984 sends, 4102 compiled, 3089703 failed, 16383/16384 KB code | IC: 13634342/18600321 (73% hit, 87407 patched, 0 stale) | J2J-r: 0/0 J2J-a: 8996270/17011308 J2J-d: 90835 J2J-s: 4715805/12612943 | map: 3211 tracked, 1890 hot
[JIT] Stats: 111083520 sends, 4102 compiled, 3089940 failed, 16383/16384 KB code | IC: 13643219/18612507 (73% hit, 87426 patched, 0 stale) | J2J-r: 0/0 J2J-a: 9001537/17021837 J2J-d: 90846 J2J-s: 4720828/12623228 | map: 3211 tracked, 1890 hot
[JIT] Stats: 111149056 sends, 4102 compiled, 3090168 failed, 16383/16384 KB code | IC: 13652097/18624687 (73% hit, 87426 patched, 0 stale) | J2J-r: 0/0 J2J-a: 9006796/17032354 J2J-d: 90846 J2J-s: 4725859/12633517 | map: 3211 tracked, 1890 hot
[JIT] Stats: 111214592 sends, 4102 compiled, 3090396 failed, 16383/16384 KB code | IC: 13660974/18636867 (73% hit, 87426 patched, 0 stale) | J2J-r: 0/0 J2J-a: 9012053/17042869 J2J-d: 90846 J2J-s: 4730888/12643804 | map: 3211 tracked, 1890 hot
[JIT] Stats: 111280128 sends, 4102 compiled, 3090626 failed, 16383/16384 KB code | IC: 13669852/18649048 (73% hit, 87426 patched, 0 stale) | J2J-r: 0/0 J2J-a: 9017311/17053385 J2J-d: 90846 J2J-s: 4735916/12654090 | map: 3211 tracked, 1890 hot
[JIT] Stats: 111345664 sends, 4102 compiled, 3090854 failed, 16383/16384 KB code | IC: 13678730/18661228 (73% hit, 87426 patched, 0 stale) | J2J-r: 0/0 J2J-a: 9022570/17063902 J2J-d: 90846 J2J-s: 4740947/12664379 | map: 3211 tracked, 1890 hot
[PROGRESS] 130s: ~2789460371 steps
[JIT] Stats: 111411200 sends, 4102 compiled, 3091089 failed, 16383/16384 KB code | IC: 13687604/18673414 (73% hit, 87443 patched, 0 stale) | J2J-r: 0/0 J2J-a: 9027834/17074426 J2J-d: 90856 J2J-s: 4745970/12674662 | map: 3211 tracked, 1890 hot
[JIT] Stats: 111476736 sends, 4102 compiled, 3091317 failed, 16383/16384 KB code | IC: 13696483/18685592 (73% hit, 87444 patched, 0 stale) | J2J-r: 0/0 J2J-a: 9033094/17084945 J2J-d: 90856 J2J-s: 4751001/12684952 | map: 3213 tracked, 1890 hot
[JIT] Stats: 111542272 sends, 4102 compiled, 3091549 failed, 16383/16384 KB code | IC: 13705364/18697773 (73% hit, 87444 patched, 0 stale) | J2J-r: 0/0 J2J-a: 9038353/17095463 J2J-d: 90856 J2J-s: 4756028/12695238 | map: 3213 tracked, 1890 hot
[JIT] Stats: 111607808 sends, 4102 compiled, 3091777 failed, 16383/16384 KB code | IC: 13714240/18709956 (73% hit, 87444 patched, 0 stale) | J2J-r: 0/0 J2J-a: 9043610/17105977 J2J-d: 90856 J2J-s: 4761057/12705524 | map: 3213 tracked, 1890 hot
[JIT] Stats: 111673344 sends, 4102 compiled, 3092007 failed, 16383/16384 KB code | IC: 13723120/18722134 (73% hit, 87444 patched, 0 stale) | J2J-r: 0/0 J2J-a: 9048869/17116496 J2J-d: 90856 J2J-s: 4766086/12715813 | map: 3213 tracked, 1890 hot
[JIT] Stats: 111738880 sends, 4102 compiled, 3092238 failed, 16383/16384 KB code | IC: 13731991/18734317 (73% hit, 87461 patched, 0 stale) | J2J-r: 0/0 J2J-a: 9054133/17127019 J2J-d: 90866 J2J-s: 4771113/12726099 | map: 3211 tracked, 1890 hot
[JIT] Stats: 111804416 sends, 4102 compiled, 3092468 failed, 16383/16384 KB code | IC: 13740871/18746498 (73% hit, 87461 patched, 0 stale) | J2J-r: 0/0 J2J-a: 9059392/17137537 J2J-d: 90866 J2J-s: 4776142/12736387 | map: 3211 tracked, 1890 hot
[JIT] Stats: 111869952 sends, 4102 compiled, 3092700 failed, 16383/16384 KB code | IC: 13749752/18758677 (73% hit, 87462 patched, 0 stale) | J2J-r: 0/0 J2J-a: 9064653/17148057 J2J-d: 90866 J2J-s: 4781170/12746674 | map: 3213 tracked, 1890 hot
[JIT] Stats: 111935488 sends, 4102 compiled, 3092928 failed, 16383/16384 KB code | IC: 13758632/18770856 (73% hit, 87463 patched, 0 stale) | J2J-r: 0/0 J2J-a: 9069911/17158576 J2J-d: 90867 J2J-s: 4786200/12756965 | map: 3213 tracked, 1890 hot
[JIT] Stats: 112001024 sends, 4102 compiled, 3093158 failed, 16383/16384 KB code | IC: 13767512/18783037 (73% hit, 87463 patched, 0 stale) | J2J-r: 0/0 J2J-a: 9075170/17169094 J2J-d: 90867 J2J-s: 4791229/12767253 | map: 3213 tracked, 1890 hot
[JIT] Stats: 112066560 sends, 4102 compiled, 3093385 failed, 16383/16384 KB code | IC: 13776376/18795219 (73% hit, 87480 patched, 0 stale) | J2J-r: 0/0 J2J-a: 9080433/17179613 J2J-d: 90877 J2J-s: 4796259/12777539 | map: 3211 tracked, 1890 hot
[JIT] Stats: 112132096 sends, 4102 compiled, 3093613 failed, 16383/16384 KB code | IC: 13785254/18807398 (73% hit, 87480 patched, 0 stale) | J2J-r: 0/0 J2J-a: 9085690/17190129 J2J-d: 90877 J2J-s: 4801288/12787827 | map: 3211 tracked, 1890 hot
[JIT] Stats: 112197632 sends, 4102 compiled, 3093843 failed, 16383/16384 KB code | IC: 13794132/18819580 (73% hit, 87480 patched, 0 stale) | J2J-r: 0/0 J2J-a: 9090948/17200644 J2J-d: 90877 J2J-s: 4806316/12798112 | map: 3211 tracked, 1890 hot
[JIT] Stats: 112263168 sends, 4102 compiled, 3094071 failed, 16383/16384 KB code | IC: 13803010/18831759 (73% hit, 87480 patched, 0 stale) | J2J-r: 0/0 J2J-a: 9096207/17211162 J2J-d: 90877 J2J-s: 4811347/12808402 | map: 3211 tracked, 1890 hot
[JIT] Stats: 112328704 sends, 4102 compiled, 3094306 failed, 16383/16384 KB code | IC: 13811885/18843944 (73% hit, 87499 patched, 0 stale) | J2J-r: 0/0 J2J-a: 9101473/17221690 J2J-d: 90888 J2J-s: 4816371/12818688 | map: 3211 tracked, 1890 hot
[JIT] Stats: 112394240 sends, 4102 compiled, 3094536 failed, 16383/16384 KB code | IC: 13820766/18856123 (73% hit, 87499 patched, 0 stale) | J2J-r: 0/0 J2J-a: 9106732/17232209 J2J-d: 90888 J2J-s: 4821400/12828977 | map: 3211 tracked, 1890 hot
[JIT] Stats: 112459776 sends, 4102 compiled, 3094764 failed, 16383/16384 KB code | IC: 13829642/18868302 (73% hit, 87499 patched, 0 stale) | J2J-r: 0/0 J2J-a: 9111990/17242724 J2J-d: 90888 J2J-s: 4826430/12839264 | map: 3211 tracked, 1890 hot
[JIT] Stats: 112525312 sends, 4102 compiled, 3094992 failed, 16383/16384 KB code | IC: 13838520/18880483 (73% hit, 87499 patched, 0 stale) | J2J-r: 0/0 J2J-a: 9117249/17253241 J2J-d: 90888 J2J-s: 4831461/12849553 | map: 3211 tracked, 1890 hot
[JIT] Stats: 112590848 sends, 4102 compiled, 3095222 failed, 16383/16384 KB code | IC: 13847400/18892663 (73% hit, 87499 patched, 0 stale) | J2J-r: 0/0 J2J-a: 9122508/17263759 J2J-d: 90888 J2J-s: 4836490/12859841 | map: 3211 tracked, 1890 hot
[JIT] Stats: 112656384 sends, 4102 compiled, 3095449 failed, 16383/16384 KB code | IC: 13856264/18904846 (73% hit, 87516 patched, 0 stale) | J2J-r: 0/0 J2J-a: 9127769/17274277 J2J-d: 90898 J2J-s: 4841518/12870126 | map: 3211 tracked, 1890 hot
[JIT] Stats: 112721920 sends, 4102 compiled, 3095681 failed, 16383/16384 KB code | IC: 13865144/18917026 (73% hit, 87517 patched, 0 stale) | J2J-r: 0/0 J2J-a: 9133029/17284795 J2J-d: 90898 J2J-s: 4846545/12880411 | map: 3213 tracked, 1890 hot
[JIT] Stats: 112787456 sends, 4102 compiled, 3095911 failed, 16383/16384 KB code | IC: 13874026/18929207 (73% hit, 87518 patched, 0 stale) | J2J-r: 0/0 J2J-a: 9138288/17295316 J2J-d: 90899 J2J-s: 4851574/12890702 | map: 3213 tracked, 1890 hot
[JIT] Stats: 112852992 sends, 4102 compiled, 3096140 failed, 16383/16384 KB code | IC: 13882909/18941386 (73% hit, 87518 patched, 0 stale) | J2J-r: 0/0 J2J-a: 9143550/17305838 J2J-d: 90899 J2J-s: 4856606/12900994 | map: 3213 tracked, 1890 hot
[JIT] Stats: 112918528 sends, 4102 compiled, 3096371 failed, 16383/16384 KB code | IC: 13891790/18953563 (73% hit, 87518 patched, 0 stale) | J2J-r: 0/0 J2J-a: 9148808/17316356 J2J-d: 90899 J2J-s: 4861634/12911282 | map: 3213 tracked, 1890 hot
[JIT] Stats: 112984064 sends, 4102 compiled, 3096600 failed, 16383/16384 KB code | IC: 13899901/18965745 (73% hit, 87536 patched, 0 stale) | J2J-r: 0/0 J2J-a: 9154071/17326880 J2J-d: 90910 J2J-s: 4866662/12921571 | map: 3211 tracked, 1890 hot
[JIT] Stats: 113049600 sends, 4102 compiled, 3096828 failed, 16383/16384 KB code | IC: 13907141/18977922 (73% hit, 87536 patched, 0 stale) | J2J-r: 0/0 J2J-a: 9159331/17337399 J2J-d: 90910 J2J-s: 4871694/12931862 | map: 3211 tracked, 1890 hot
[JIT] Stats: 113115136 sends, 4102 compiled, 3097056 failed, 16383/16384 KB code | IC: 13914383/18990099 (73% hit, 87536 patched, 0 stale) | J2J-r: 0/0 J2J-a: 9164591/17347918 J2J-d: 90910 J2J-s: 4876726/12942153 | map: 3211 tracked, 1890 hot
[JIT] Stats: 113180672 sends, 4102 compiled, 3097290 failed, 16383/16384 KB code | IC: 13921631/19002279 (73% hit, 87537 patched, 0 stale) | J2J-r: 0/0 J2J-a: 9169851/17358440 J2J-d: 90910 J2J-s: 4881751/12952440 | map: 3213 tracked, 1890 hot
[JIT] Stats: 113246208 sends, 4102 compiled, 3097518 failed, 16383/16384 KB code | IC: 13928872/19014457 (73% hit, 87537 patched, 0 stale) | J2J-r: 0/0 J2J-a: 9175111/17368959 J2J-d: 90910 J2J-s: 4886783/12962731 | map: 3213 tracked, 1890 hot
[JIT] Stats: 113311744 sends, 4102 compiled, 3097749 failed, 16383/16384 KB code | IC: 13937126/19026640 (73% hit, 87554 patched, 0 stale) | J2J-r: 0/0 J2J-a: 9180377/17379486 J2J-d: 90920 J2J-s: 4891812/12973021 | map: 3211 tracked, 1890 hot
[JIT] Stats: 113377280 sends, 4102 compiled, 3097979 failed, 16383/16384 KB code | IC: 13946007/19038817 (73% hit, 87554 patched, 0 stale) | J2J-r: 0/0 J2J-a: 9185636/17390005 J2J-d: 90920 J2J-s: 4896841/12983310 | map: 3211 tracked, 1890 hot
[JIT] Stats: 113442816 sends, 4102 compiled, 3098207 failed, 16383/16384 KB code | IC: 13954886/19050994 (73% hit, 87554 patched, 0 stale) | J2J-r: 0/0 J2J-a: 9190895/17400523 J2J-d: 90920 J2J-s: 4901872/12993600 | map: 3211 tracked, 1890 hot
[JIT] Stats: 113508352 sends, 4102 compiled, 3098435 failed, 16383/16384 KB code | IC: 13963767/19063171 (73% hit, 87554 patched, 0 stale) | J2J-r: 0/0 J2J-a: 9196155/17411044 J2J-d: 90920 J2J-s: 4906904/13003893 | map: 3211 tracked, 1890 hot
[JIT] Stats: 113573888 sends, 4102 compiled, 3098665 failed, 16383/16384 KB code | IC: 13972649/19075348 (73% hit, 87554 patched, 0 stale) | J2J-r: 0/0 J2J-a: 9201416/17421564 J2J-d: 90920 J2J-s: 4911935/13014183 | map: 3211 tracked, 1890 hot
[JIT] Stats: 113639424 sends, 4102 compiled, 3098900 failed, 16383/16384 KB code | IC: 13981525/19087532 (73% hit, 87572 patched, 0 stale) | J2J-r: 0/0 J2J-a: 9206682/17432092 J2J-d: 90930 J2J-s: 4916959/13024469 | map: 3211 tracked, 1890 hot
[JIT] Stats: 113704960 sends, 4102 compiled, 3099128 failed, 16383/16384 KB code | IC: 13990404/19099709 (73% hit, 87572 patched, 0 stale) | J2J-r: 0/0 J2J-a: 9211941/17442610 J2J-d: 90930 J2J-s: 4921990/13034759 | map: 3211 tracked, 1890 hot
[JIT] Stats: 113770496 sends, 4102 compiled, 3099358 failed, 16383/16384 KB code | IC: 13999285/19111886 (73% hit, 87572 patched, 0 stale) | J2J-r: 0/0 J2J-a: 9217202/17453130 J2J-d: 90930 J2J-s: 4927021/13045049 | map: 3211 tracked, 1890 hot
[JIT] Stats: 113836032 sends, 4102 compiled, 3099586 failed, 16383/16384 KB code | IC: 14008165/19124062 (73% hit, 87572 patched, 0 stale) | J2J-r: 0/0 J2J-a: 9222461/17463649 J2J-d: 90930 J2J-s: 4932052/13055340 | map: 3211 tracked, 1890 hot
[JIT] Stats: 113901568 sends, 4102 compiled, 3099814 failed, 16383/16384 KB code | IC: 14017045/19136239 (73% hit, 87572 patched, 0 stale) | J2J-r: 0/0 J2J-a: 9227721/17474168 J2J-d: 90930 J2J-s: 4937084/13065631 | map: 3211 tracked, 1890 hot
[JIT] Stats: 113967104 sends, 4102 compiled, 3100045 failed, 16383/16384 KB code | IC: 14025920/19148423 (73% hit, 87590 patched, 0 stale) | J2J-r: 0/0 J2J-a: 9232987/17484697 J2J-d: 90941 J2J-s: 4942113/13075923 | map: 3211 tracked, 1890 hot
[JIT] Stats: 114032640 sends, 4102 compiled, 3100277 failed, 16383/16384 KB code | IC: 14034802/19160602 (73% hit, 87591 patched, 0 stale) | J2J-r: 0/0 J2J-a: 9238247/17495216 J2J-d: 90941 J2J-s: 4947140/13086209 | map: 3213 tracked, 1890 hot
[JIT] Stats: 114098176 sends, 4102 compiled, 3100505 failed, 16383/16384 KB code | IC: 14043681/19172778 (73% hit, 87591 patched, 0 stale) | J2J-r: 0/0 J2J-a: 9243506/17505735 J2J-d: 90941 J2J-s: 4952171/13096500 | map: 3213 tracked, 1890 hot
[JIT] Stats: 114163712 sends, 4102 compiled, 3100735 failed, 16383/16384 KB code | IC: 14052562/19184957 (73% hit, 87591 patched, 0 stale) | J2J-r: 0/0 J2J-a: 9248766/17516255 J2J-d: 90941 J2J-s: 4957201/13106790 | map: 3213 tracked, 1890 hot
[JIT] Stats: 114229248 sends, 4102 compiled, 3100962 failed, 16383/16384 KB code | IC: 14061428/19197141 (73% hit, 87608 patched, 0 stale) | J2J-r: 0/0 J2J-a: 9254029/17526775 J2J-d: 90951 J2J-s: 4962231/13117077 | map: 3211 tracked, 1890 hot
[JIT] Stats: 114294784 sends, 4102 compiled, 3101192 failed, 16383/16384 KB code | IC: 14070310/19209319 (73% hit, 87609 patched, 0 stale) | J2J-r: 0/0 J2J-a: 9259288/17537296 J2J-d: 90952 J2J-s: 4967260/13127368 | map: 3211 tracked, 1890 hot
[JIT] Stats: 114360320 sends, 4102 compiled, 3101422 failed, 16383/16384 KB code | IC: 14079193/19221496 (73% hit, 87609 patched, 0 stale) | J2J-r: 0/0 J2J-a: 9264549/17547818 J2J-d: 90952 J2J-s: 4972291/13137660 | map: 3211 tracked, 1890 hot
[JIT] Stats: 114425856 sends, 4102 compiled, 3101654 failed, 16383/16384 KB code | IC: 14088076/19233674 (73% hit, 87610 patched, 0 stale) | J2J-r: 0/0 J2J-a: 9269810/17558339 J2J-d: 90952 J2J-s: 4977319/13147948 | map: 3213 tracked, 1890 hot
[JIT] Stats: 114491392 sends, 4102 compiled, 3101882 failed, 16383/16384 KB code | IC: 14096955/19245851 (73% hit, 87610 patched, 0 stale) | J2J-r: 0/0 J2J-a: 9275069/17568857 J2J-d: 90952 J2J-s: 4982350/13158238 | map: 3213 tracked, 1890 hot
[JIT] Stats: 114556928 sends, 4102 compiled, 3102111 failed, 16383/16384 KB code | IC: 14105824/19258034 (73% hit, 87627 patched, 0 stale) | J2J-r: 0/0 J2J-a: 9280333/17579380 J2J-d: 90962 J2J-s: 4987379/13168526 | map: 3211 tracked, 1890 hot
[JIT] Stats: 114622464 sends, 4102 compiled, 3102341 failed, 16383/16384 KB code | IC: 14114705/19270213 (73% hit, 87627 patched, 0 stale) | J2J-r: 0/0 J2J-a: 9285593/17589899 J2J-d: 90962 J2J-s: 4992409/13178815 | map: 3211 tracked, 1890 hot
[JIT] Stats: 114688000 sends, 4102 compiled, 3102569 failed, 16383/16384 KB code | IC: 14123585/19282391 (73% hit, 87627 patched, 0 stale) | J2J-r: 0/0 J2J-a: 9290852/17600418 J2J-d: 90962 J2J-s: 4997440/13189106 | map: 3211 tracked, 1890 hot
[JIT] Stats: 114753536 sends, 4102 compiled, 3102797 failed, 16383/16384 KB code | IC: 14132464/19294568 (73% hit, 87627 patched, 0 stale) | J2J-r: 0/0 J2J-a: 9296111/17610937 J2J-d: 90962 J2J-s: 5002471/13199397 | map: 3211 tracked, 1890 hot
[JIT] Stats: 114819072 sends, 4102 compiled, 3103027 failed, 16383/16384 KB code | IC: 14141347/19306745 (73% hit, 87627 patched, 0 stale) | J2J-r: 0/0 J2J-a: 9301372/17621457 J2J-d: 90962 J2J-s: 5007502/13209687 | map: 3211 tracked, 1890 hot
[JIT] Stats: 114884608 sends, 4102 compiled, 3103264 failed, 16383/16384 KB code | IC: 14150224/19318930 (73% hit, 87646 patched, 0 stale) | J2J-r: 0/0 J2J-a: 9306638/17631987 J2J-d: 90973 J2J-s: 5012524/13219973 | map: 3211 tracked, 1890 hot
[JIT] Stats: 114950144 sends, 4102 compiled, 3103492 failed, 16383/16384 KB code | IC: 14159103/19331109 (73% hit, 87646 patched, 0 stale) | J2J-r: 0/0 J2J-a: 9311897/17642505 J2J-d: 90973 J2J-s: 5017555/13230263 | map: 3211 tracked, 1890 hot
[JIT] Stats: 115015680 sends, 4102 compiled, 3103722 failed, 16383/16384 KB code | IC: 14167984/19343286 (73% hit, 87646 patched, 0 stale) | J2J-r: 0/0 J2J-a: 9317158/17653025 J2J-d: 90973 J2J-s: 5022586/13240553 | map: 3211 tracked, 1890 hot
[JIT] Stats: 115081216 sends, 4102 compiled, 3103950 failed, 16383/16384 KB code | IC: 14176863/19355464 (73% hit, 87646 patched, 0 stale) | J2J-r: 0/0 J2J-a: 9322417/17663543 J2J-d: 90973 J2J-s: 5027617/13250843 | map: 3211 tracked, 1890 hot
[JIT] Stats: 115146752 sends, 4102 compiled, 3104178 failed, 16383/16384 KB code | IC: 14185742/19367641 (73% hit, 87646 patched, 0 stale) | J2J-r: 0/0 J2J-a: 9327676/17674061 J2J-d: 90973 J2J-s: 5032648/13261133 | map: 3211 tracked, 1890 hot
[JIT] Stats: 115212288 sends, 4102 compiled, 3104407 failed, 16383/16384 KB code | IC: 14194612/19379822 (73% hit, 87663 patched, 0 stale) | J2J-r: 0/0 J2J-a: 9332940/17684585 J2J-d: 90983 J2J-s: 5037677/13271422 | map: 3211 tracked, 1890 hot
[DIAG] P40 IdentityDictionary>>ifTrue: ip=99 fd=43
[DIAG]   [-1] IdentityDictionary>>at:ifAbsent:
[DIAG]   [-2] RGBehavior>>propertyNamed:ifAbsent:
[DIAG]   [-3] RGBehavior>>environment
[DIAG]   [-4] RGComment>>environment
[DIAG]   [-5] RGComment>>?
[DIAG]   [-6] IdentityDictionary>>at:ifAbsent:
[DIAG]   [-7] RGComment>>propertyNamed:ifAbsent:
[DIAG]   [-8] RGComment>>environment
[DIAG]   [-9] RGComment>>backend
[DIAG]   [-10] RGComment>>content
[DIAG]   [-11] RGComment>>isEmptyOrNil
[DIAG]   [-12] RGComment>>isEmptyOrNil
[DIAG]   [-13] RGComment>>isEmptyOrNil
[DIAG]   [-14] RGComment>>isEmptyOrNil
[DIAG]   [-15] RGComment>>isEmptyOrNil
[DIAG]   [-16] RGComment>>isEmptyOrNil
[DIAG]   [-17] RGComment>>isEmptyOrNil
[DIAG]   [-18] RGComment>>isEmptyOrNil
[DIAG]   [-19] RGComment>>isEmptyOrNil
[DIAG]   [-20] RGComment>>isEmptyOrNil
[DIAG-TIMER] usecArmed=1 msArmed=0 timerWasArmed=1 timerSem=set lastSignal=0s ago nextUsec=0xe0f4a0da87076 nextMs=0
[DIAG-TIMER] wakeup delta=18737 usec (0.019 sec)
[DIAG-QUEUE] P80 proc=0x3037f62a8 susp=SUnitRunner class>>ifFalse:
[DIAG-QUEUE] P60 proc=0x312ad8658 susp=SUnitRunner class>>ifFalse:
[DIAG-QUEUE] P10 proc=0x303e55370 susp=ProcessorScheduler class>>idleProcess
[JIT] Stats: 115277824 sends, 4102 compiled, 3104643 failed, 16383/16384 KB code | IC: 14203499/19392002 (73% hit, 87664 patched, 0 stale) | J2J-r: 0/0 J2J-a: 9338203/17695109 J2J-d: 90983 J2J-s: 5042703/13281709 | map: 3213 tracked, 1890 hot
[JIT] Stats: 115343360 sends, 4102 compiled, 3104871 failed, 16383/16384 KB code | IC: 14212379/19404179 (73% hit, 87664 patched, 0 stale) | J2J-r: 0/0 J2J-a: 9343462/17705628 J2J-d: 90983 J2J-s: 5047734/13292000 | map: 3213 tracked, 1890 hot
[JIT] Stats: 115408896 sends, 4102 compiled, 3105097 failed, 16383/16384 KB code | IC: 14221256/19416355 (73% hit, 87664 patched, 0 stale) | J2J-r: 0/0 J2J-a: 9348721/17716145 J2J-d: 90983 J2J-s: 5052767/13302291 | map: 3213 tracked, 1890 hot
[JIT] Stats: 115474432 sends, 4102 compiled, 3105325 failed, 16383/16384 KB code | IC: 14230135/19428532 (73% hit, 87664 patched, 0 stale) | J2J-r: 0/0 J2J-a: 9353980/17726663 J2J-d: 90983 J2J-s: 5057798/13312581 | map: 3213 tracked, 1890 hot
[JIT] Stats: 115539968 sends, 4102 compiled, 3105556 failed, 16383/16384 KB code | IC: 14239007/19440715 (73% hit, 87681 patched, 0 stale) | J2J-r: 0/0 J2J-a: 9359244/17737187 J2J-d: 90993 J2J-s: 5062825/13322868 | map: 3211 tracked, 1890 hot
[JIT] Stats: 115605504 sends, 4102 compiled, 3105786 failed, 16383/16384 KB code | IC: 14247890/19452893 (73% hit, 87681 patched, 0 stale) | J2J-r: 0/0 J2J-a: 9364504/17747708 J2J-d: 90993 J2J-s: 5067855/13333159 | map: 3211 tracked, 1890 hot
[PROGRESS] 140s: ~2914341436 steps
[JIT] Stats: 115671040 sends, 4102 compiled, 3106014 failed, 16383/16384 KB code | IC: 14256769/19465070 (73% hit, 87681 patched, 0 stale) | J2J-r: 0/0 J2J-a: 9369764/17758227 J2J-d: 90993 J2J-s: 5072887/13343450 | map: 3211 tracked, 1890 hot
[JIT] Stats: 115736576 sends, 4102 compiled, 3106246 failed, 16383/16384 KB code | IC: 14265652/19477248 (73% hit, 87682 patched, 0 stale) | J2J-r: 0/0 J2J-a: 9375025/17768748 J2J-d: 90993 J2J-s: 5077915/13353738 | map: 3213 tracked, 1890 hot
[JIT] Stats: 115802112 sends, 4102 compiled, 3106476 failed, 16383/16384 KB code | IC: 14274533/19489427 (73% hit, 87682 patched, 0 stale) | J2J-r: 0/0 J2J-a: 9380285/17779267 J2J-d: 90993 J2J-s: 5082945/13364027 | map: 3213 tracked, 1890 hot
[JIT] Stats: 115867648 sends, 4102 compiled, 3106707 failed, 16383/16384 KB code | IC: 14283407/19501608 (73% hit, 87699 patched, 0 stale) | J2J-r: 0/0 J2J-a: 9385551/17789795 J2J-d: 91003 J2J-s: 5087974/13374318 | map: 3211 tracked, 1890 hot
[JIT] Stats: 115933184 sends, 4102 compiled, 3106935 failed, 16383/16384 KB code | IC: 14292286/19513785 (73% hit, 87699 patched, 0 stale) | J2J-r: 0/0 J2J-a: 9390810/17800313 J2J-d: 91003 J2J-s: 5093005/13384608 | map: 3211 tracked, 1890 hot
[JIT] Stats: 115998720 sends, 4102 compiled, 3107165 failed, 16383/16384 KB code | IC: 14301168/19525963 (73% hit, 87699 patched, 0 stale) | J2J-r: 0/0 J2J-a: 9396070/17810834 J2J-d: 91003 J2J-s: 5098035/13394899 | map: 3211 tracked, 1890 hot
[JIT] Stats: 116064256 sends, 4102 compiled, 3107393 failed, 16383/16384 KB code | IC: 14310047/19538140 (73% hit, 87699 patched, 0 stale) | J2J-r: 0/0 J2J-a: 9401329/17821352 J2J-d: 91003 J2J-s: 5103066/13405189 | map: 3211 tracked, 1890 hot
[JIT] Stats: 116129792 sends, 4102 compiled, 3107628 failed, 16383/16384 KB code | IC: 14318923/19550325 (73% hit, 87718 patched, 0 stale) | J2J-r: 0/0 J2J-a: 9406596/17831881 J2J-d: 91014 J2J-s: 5108091/13415476 | map: 3211 tracked, 1890 hot
[JIT] Stats: 116195328 sends, 4102 compiled, 3107856 failed, 16383/16384 KB code | IC: 14327802/19562501 (73% hit, 87718 patched, 0 stale) | J2J-r: 0/0 J2J-a: 9411855/17842399 J2J-d: 91014 J2J-s: 5113122/13425766 | map: 3211 tracked, 1890 hot
[JIT] Stats: 116260864 sends, 4102 compiled, 3108084 failed, 16383/16384 KB code | IC: 14336682/19574679 (73% hit, 87718 patched, 0 stale) | J2J-r: 0/0 J2J-a: 9417115/17852919 J2J-d: 91014 J2J-s: 5118154/13436058 | map: 3211 tracked, 1890 hot
[JIT] Stats: 116326400 sends, 4102 compiled, 3108312 failed, 16383/16384 KB code | IC: 14345562/19586856 (73% hit, 87718 patched, 0 stale) | J2J-r: 0/0 J2J-a: 9422374/17863438 J2J-d: 91014 J2J-s: 5123185/13446349 | map: 3211 tracked, 1890 hot
[JIT] Stats: 116391936 sends, 4102 compiled, 3108542 failed, 16383/16384 KB code | IC: 14354444/19599033 (73% hit, 87718 patched, 0 stale) | J2J-r: 0/0 J2J-a: 9427635/17873958 J2J-d: 91014 J2J-s: 5128216/13456639 | map: 3211 tracked, 1890 hot
[JIT] Stats: 116457472 sends, 4102 compiled, 3108773 failed, 16383/16384 KB code | IC: 14363315/19611215 (73% hit, 87735 patched, 0 stale) | J2J-r: 0/0 J2J-a: 9432899/17884482 J2J-d: 91024 J2J-s: 5133243/13466926 | map: 3211 tracked, 1890 hot
[JIT] Stats: 116523008 sends, 4102 compiled, 3109001 failed, 16383/16384 KB code | IC: 14372194/19623392 (73% hit, 87735 patched, 0 stale) | J2J-r: 0/0 J2J-a: 9438158/17895000 J2J-d: 91024 J2J-s: 5138274/13477216 | map: 3211 tracked, 1890 hot
[JIT] Stats: 116588544 sends, 4102 compiled, 3109235 failed, 16383/16384 KB code | IC: 14381080/19635573 (73% hit, 87737 patched, 0 stale) | J2J-r: 0/0 J2J-a: 9443420/17905525 J2J-d: 91025 J2J-s: 5143301/13487506 | map: 3213 tracked, 1890 hot
[JIT] Stats: 116654080 sends, 4102 compiled, 3109463 failed, 16383/16384 KB code | IC: 14389960/19647751 (73% hit, 87737 patched, 0 stale) | J2J-r: 0/0 J2J-a: 9448680/17916044 J2J-d: 91025 J2J-s: 5148333/13497797 | map: 3213 tracked, 1890 hot
[JIT] Stats: 116719616 sends, 4102 compiled, 3109691 failed, 16383/16384 KB code | IC: 14398838/19659929 (73% hit, 87737 patched, 0 stale) | J2J-r: 0/0 J2J-a: 9453937/17926560 J2J-d: 91025 J2J-s: 5153362/13508085 | map: 3213 tracked, 1890 hot
[JIT] Stats: 116785152 sends, 4102 compiled, 3109924 failed, 16383/16384 KB code | IC: 14407712/19672112 (73% hit, 87754 patched, 0 stale) | J2J-r: 0/0 J2J-a: 9459203/17937086 J2J-d: 91035 J2J-s: 5158389/13518372 | map: 3211 tracked, 1890 hot
[JIT] Stats: 116850688 sends, 4102 compiled, 3110152 failed, 16383/16384 KB code | IC: 14416592/19684290 (73% hit, 87754 patched, 0 stale) | J2J-r: 0/0 J2J-a: 9464463/17947606 J2J-d: 91035 J2J-s: 5163421/13528664 | map: 3211 tracked, 1890 hot
[JIT] Stats: 116916224 sends, 4102 compiled, 3110380 failed, 16383/16384 KB code | IC: 14425472/19696468 (73% hit, 87754 patched, 0 stale) | J2J-r: 0/0 J2J-a: 9469722/17958125 J2J-d: 91035 J2J-s: 5168452/13538955 | map: 3211 tracked, 1890 hot
[JIT] Stats: 116981760 sends, 4102 compiled, 3110613 failed, 16383/16384 KB code | IC: 14434358/19708647 (73% hit, 87755 patched, 0 stale) | J2J-r: 0/0 J2J-a: 9474985/17968649 J2J-d: 91035 J2J-s: 5173480/13549244 | map: 3213 tracked, 1890 hot
[JIT] Stats: 117047296 sends, 4102 compiled, 3110842 failed, 16383/16384 KB code | IC: 14443236/19720822 (73% hit, 87755 patched, 0 stale) | J2J-r: 0/0 J2J-a: 9480244/17979166 J2J-d: 91035 J2J-s: 5178511/13559533 | map: 3213 tracked, 1890 hot
[JIT] Stats: 117112832 sends, 4102 compiled, 3111073 failed, 16383/16384 KB code | IC: 14452108/19733005 (73% hit, 87772 patched, 0 stale) | J2J-r: 0/0 J2J-a: 9485508/17989691 J2J-d: 91045 J2J-s: 5183538/13569821 | map: 3211 tracked, 1890 hot
[JIT] Stats: 117178368 sends, 4102 compiled, 3111301 failed, 16383/16384 KB code | IC: 14460987/19745184 (73% hit, 87772 patched, 0 stale) | J2J-r: 0/0 J2J-a: 9490767/18000209 J2J-d: 91045 J2J-s: 5188569/13580111 | map: 3211 tracked, 1890 hot
[JIT] Stats: 117243904 sends, 4102 compiled, 3111531 failed, 16383/16384 KB code | IC: 14469869/19757361 (73% hit, 87772 patched, 0 stale) | J2J-r: 0/0 J2J-a: 9496028/18010729 J2J-d: 91045 J2J-s: 5193600/13590401 | map: 3211 tracked, 1890 hot
[JIT] Stats: 117309440 sends, 4102 compiled, 3111759 failed, 16383/16384 KB code | IC: 14478749/19769538 (73% hit, 87772 patched, 0 stale) | J2J-r: 0/0 J2J-a: 9501287/18021248 J2J-d: 91045 J2J-s: 5198631/13600692 | map: 3211 tracked, 1890 hot
[JIT] Stats: 117374976 sends, 4102 compiled, 3111987 failed, 16383/16384 KB code | IC: 14487628/19781714 (73% hit, 87772 patched, 0 stale) | J2J-r: 0/0 J2J-a: 9506547/18031767 J2J-d: 91045 J2J-s: 5203663/13610983 | map: 3211 tracked, 1890 hot
[JIT] Stats: 117440512 sends, 4102 compiled, 3112223 failed, 16383/16384 KB code | IC: 14496506/19793899 (73% hit, 87790 patched, 0 stale) | J2J-r: 0/0 J2J-a: 9511814/18042296 J2J-d: 91055 J2J-s: 5208686/13621268 | map: 3211 tracked, 1890 hot
[JIT] Stats: 117506048 sends, 4102 compiled, 3112452 failed, 16383/16384 KB code | IC: 14505386/19806075 (73% hit, 87790 patched, 0 stale) | J2J-r: 0/0 J2J-a: 9517073/18052814 J2J-d: 91055 J2J-s: 5213717/13631558 | map: 3211 tracked, 1890 hot
[JIT] Stats: 117571584 sends, 4102 compiled, 3112680 failed, 16383/16384 KB code | IC: 14514267/19818253 (73% hit, 87790 patched, 0 stale) | J2J-r: 0/0 J2J-a: 9522333/18063335 J2J-d: 91055 J2J-s: 5218749/13641851 | map: 3211 tracked, 1890 hot
[JIT] Stats: 117637120 sends, 4102 compiled, 3112906 failed, 16383/16384 KB code | IC: 14523142/19830429 (73% hit, 87790 patched, 0 stale) | J2J-r: 0/0 J2J-a: 9527591/18073850 J2J-d: 91055 J2J-s: 5223781/13652140 | map: 3211 tracked, 1890 hot
[JIT] Stats: 117702656 sends, 4102 compiled, 3113134 failed, 16383/16384 KB code | IC: 14532022/19842605 (73% hit, 87790 patched, 0 stale) | J2J-r: 0/0 J2J-a: 9532851/18084369 J2J-d: 91055 J2J-s: 5228813/13662431 | map: 3211 tracked, 1890 hot
[JIT] Stats: 117768192 sends, 4102 compiled, 3113369 failed, 16383/16384 KB code | IC: 14540900/19854791 (73% hit, 87808 patched, 0 stale) | J2J-r: 0/0 J2J-a: 9538117/18094899 J2J-d: 91066 J2J-s: 5233838/13672720 | map: 3211 tracked, 1890 hot
[JIT] Stats: 117833728 sends, 4102 compiled, 3113599 failed, 16383/16384 KB code | IC: 14549777/19866971 (73% hit, 87809 patched, 0 stale) | J2J-r: 0/0 J2J-a: 9543375/18105415 J2J-d: 91066 J2J-s: 5238865/13683005 | map: 3213 tracked, 1890 hot
[JIT] Stats: 117899264 sends, 4102 compiled, 3113827 failed, 16383/16384 KB code | IC: 14558656/19879149 (73% hit, 87809 patched, 0 stale) | J2J-r: 0/0 J2J-a: 9548634/18115933 J2J-d: 91066 J2J-s: 5243896/13693295 | map: 3213 tracked, 1890 hot
[JIT] Stats: 117964800 sends, 4102 compiled, 3114055 failed, 16383/16384 KB code | IC: 14567536/19891327 (73% hit, 87809 patched, 0 stale) | J2J-r: 0/0 J2J-a: 9553893/18126451 J2J-d: 91066 J2J-s: 5248927/13703585 | map: 3213 tracked, 1890 hot
[JIT] Stats: 118030336 sends, 4102 compiled, 3114285 failed, 16383/16384 KB code | IC: 14576418/19903504 (73% hit, 87809 patched, 0 stale) | J2J-r: 0/0 J2J-a: 9559154/18136972 J2J-d: 91066 J2J-s: 5253958/13713876 | map: 3213 tracked, 1890 hot
[JIT] Stats: 118095872 sends, 4102 compiled, 3114516 failed, 16383/16384 KB code | IC: 14585291/19915687 (73% hit, 87826 patched, 0 stale) | J2J-r: 0/0 J2J-a: 9564419/18147498 J2J-d: 91076 J2J-s: 5258986/13724165 | map: 3211 tracked, 1890 hot
[JIT] Stats: 118161408 sends, 4102 compiled, 3114744 failed, 16383/16384 KB code | IC: 14594170/19927865 (73% hit, 87826 patched, 0 stale) | J2J-r: 0/0 J2J-a: 9569678/18158015 J2J-d: 91076 J2J-s: 5264017/13734454 | map: 3211 tracked, 1890 hot
[JIT] Stats: 118226944 sends, 4102 compiled, 3114974 failed, 16383/16384 KB code | IC: 14603051/19940042 (73% hit, 87826 patched, 0 stale) | J2J-r: 0/0 J2J-a: 9574939/18168536 J2J-d: 91076 J2J-s: 5269048/13744745 | map: 3211 tracked, 1890 hot
[JIT] Stats: 118292480 sends, 4102 compiled, 3115206 failed, 16383/16384 KB code | IC: 14611933/19952221 (73% hit, 87827 patched, 0 stale) | J2J-r: 0/0 J2J-a: 9580199/18179056 J2J-d: 91076 J2J-s: 5274075/13755032 | map: 3213 tracked, 1890 hot
[JIT] Stats: 118358016 sends, 4102 compiled, 3115433 failed, 16383/16384 KB code | IC: 14620799/19964401 (73% hit, 87844 patched, 0 stale) | J2J-r: 0/0 J2J-a: 9585462/18189577 J2J-d: 91086 J2J-s: 5279105/13765320 | map: 3211 tracked, 1890 hot
[JIT] Stats: 118423552 sends, 4102 compiled, 3115663 failed, 16383/16384 KB code | IC: 14629681/19976580 (73% hit, 87844 patched, 0 stale) | J2J-r: 0/0 J2J-a: 9590722/18200097 J2J-d: 91086 J2J-s: 5284135/13775610 | map: 3211 tracked, 1890 hot
[JIT] Stats: 118489088 sends, 4102 compiled, 3115891 failed, 16383/16384 KB code | IC: 14638560/19988757 (73% hit, 87844 patched, 0 stale) | J2J-r: 0/0 J2J-a: 9595981/18210615 J2J-d: 91086 J2J-s: 5289166/13785900 | map: 3211 tracked, 1890 hot
[JIT] Stats: 118554624 sends, 4102 compiled, 3116119 failed, 16383/16384 KB code | IC: 14647440/20000933 (73% hit, 87844 patched, 0 stale) | J2J-r: 0/0 J2J-a: 9601241/18221134 J2J-d: 91086 J2J-s: 5294198/13796191 | map: 3211 tracked, 1890 hot
[JIT] Stats: 118620160 sends, 4102 compiled, 3116349 failed, 16383/16384 KB code | IC: 14656322/20013111 (73% hit, 87844 patched, 0 stale) | J2J-r: 0/0 J2J-a: 9606500/18231654 J2J-d: 91086 J2J-s: 5299227/13806481 | map: 3211 tracked, 1890 hot
[JIT] Stats: 118685696 sends, 4102 compiled, 3116584 failed, 16383/16384 KB code | IC: 14664712/20025295 (73% hit, 87863 patched, 0 stale) | J2J-r: 0/0 J2J-a: 9611767/18242183 J2J-d: 91097 J2J-s: 5304252/13816768 | map: 3211 tracked, 1890 hot
[JIT] Stats: 118751232 sends, 4102 compiled, 3116812 failed, 16383/16384 KB code | IC: 14671953/20037472 (73% hit, 87863 patched, 0 stale) | J2J-r: 0/0 J2J-a: 9617026/18252701 J2J-d: 91097 J2J-s: 5309283/13827058 | map: 3211 tracked, 1890 hot
[JIT] Stats: 118816768 sends, 4102 compiled, 3117042 failed, 16383/16384 KB code | IC: 14679197/20049650 (73% hit, 87863 patched, 0 stale) | J2J-r: 0/0 J2J-a: 9622287/18263223 J2J-d: 91097 J2J-s: 5314314/13837350 | map: 3211 tracked, 1890 hot
[JIT] Stats: 118882304 sends, 4102 compiled, 3117270 failed, 16383/16384 KB code | IC: 14686437/20061827 (73% hit, 87863 patched, 0 stale) | J2J-r: 0/0 J2J-a: 9627547/18273742 J2J-d: 91097 J2J-s: 5319346/13847641 | map: 3211 tracked, 1890 hot
[JIT] Stats: 118947840 sends, 4102 compiled, 3117498 failed, 16383/16384 KB code | IC: 14693677/20074004 (73% hit, 87863 patched, 0 stale) | J2J-r: 0/0 J2J-a: 9632806/18284260 J2J-d: 91097 J2J-s: 5324377/13857931 | map: 3211 tracked, 1890 hot
[JIT] Stats: 119013376 sends, 4102 compiled, 3117731 failed, 16383/16384 KB code | IC: 14701661/20086185 (73% hit, 87880 patched, 0 stale) | J2J-r: 0/0 J2J-a: 9638071/18294787 J2J-d: 91107 J2J-s: 5329403/13868219 | map: 3211 tracked, 1890 hot
[JIT] Stats: 119078912 sends, 4102 compiled, 3117963 failed, 16383/16384 KB code | IC: 14710545/20098363 (73% hit, 87881 patched, 0 stale) | J2J-r: 0/0 J2J-a: 9643333/18305309 J2J-d: 91107 J2J-s: 5334432/13878508 | map: 3213 tracked, 1890 hot
[JIT] Stats: 119144448 sends, 4102 compiled, 3118191 failed, 16383/16384 KB code | IC: 14719424/20110540 (73% hit, 87881 patched, 0 stale) | J2J-r: 0/0 J2J-a: 9648592/18315827 J2J-d: 91107 J2J-s: 5339463/13888798 | map: 3213 tracked, 1890 hot
[JIT] Stats: 119209984 sends, 4102 compiled, 3118421 failed, 16383/16384 KB code | IC: 14728304/20122719 (73% hit, 87881 patched, 0 stale) | J2J-r: 0/0 J2J-a: 9653852/18326346 J2J-d: 91107 J2J-s: 5344493/13899087 | map: 3213 tracked, 1890 hot
[syncDisplay] displayFormReady_=false (call 3000), displayForm_ isNil=0
[JIT] Stats: 119275520 sends, 4102 compiled, 3118649 failed, 16383/16384 KB code | IC: 14737185/20134897 (73% hit, 87881 patched, 0 stale) | J2J-r: 0/0 J2J-a: 9659111/18336866 J2J-d: 91107 J2J-s: 5349524/13909379 | map: 3213 tracked, 1890 hot
[JIT] Stats: 119341056 sends, 4102 compiled, 3118880 failed, 16383/16384 KB code | IC: 14746057/20147079 (73% hit, 87898 patched, 0 stale) | J2J-r: 0/0 J2J-a: 9664377/18347391 J2J-d: 91117 J2J-s: 5354553/13919667 | map: 3211 tracked, 1890 hot
[JIT] Stats: 119406592 sends, 4102 compiled, 3119110 failed, 16383/16384 KB code | IC: 14754938/20159258 (73% hit, 87898 patched, 0 stale) | J2J-r: 0/0 J2J-a: 9669636/18357910 J2J-d: 91117 J2J-s: 5359582/13929956 | map: 3211 tracked, 1890 hot
[JIT] Stats: 119472128 sends, 4102 compiled, 3119338 failed, 16383/16384 KB code | IC: 14763817/20171435 (73% hit, 87898 patched, 0 stale) | J2J-r: 0/0 J2J-a: 9674895/18368428 J2J-d: 91117 J2J-s: 5364613/13940246 | map: 3211 tracked, 1890 hot
[DIAG] P40 IdentityDictionary>>ifTrue: ip=58 fd=43
[DIAG]   [-1] IdentityDictionary>>at:ifAbsent:
[DIAG]   [-2] RGBehavior>>propertyNamed:ifAbsent:
[DIAG]   [-3] RGBehavior>>environment
[DIAG]   [-4] RGComment>>environment
[DIAG]   [-5] RGComment>>?
[DIAG]   [-6] IdentityDictionary>>at:ifAbsent:
[DIAG]   [-7] RGComment>>propertyNamed:ifAbsent:
[DIAG]   [-8] RGComment>>environment
[DIAG]   [-9] RGComment>>backend
[DIAG]   [-10] RGComment>>content
[DIAG]   [-11] RGComment>>isEmptyOrNil
[DIAG]   [-12] RGComment>>isEmptyOrNil
[DIAG]   [-13] RGComment>>isEmptyOrNil
[DIAG]   [-14] RGComment>>isEmptyOrNil
[DIAG]   [-15] RGComment>>isEmptyOrNil
[DIAG]   [-16] RGComment>>isEmptyOrNil
[DIAG]   [-17] RGComment>>isEmptyOrNil
[DIAG]   [-18] RGComment>>isEmptyOrNil
[DIAG]   [-19] RGComment>>isEmptyOrNil
[DIAG]   [-20] RGComment>>isEmptyOrNil
[DIAG-TIMER] usecArmed=1 msArmed=0 timerWasArmed=1 timerSem=set lastSignal=0s ago nextUsec=0xe0f4a0e410d0c nextMs=0
[DIAG-TIMER] wakeup delta=18047 usec (0.018 sec)
[DIAG-QUEUE] P80 proc=0x3037f62a8 susp=SUnitRunner class>>ifFalse:
[DIAG-QUEUE] P60 proc=0x312ad8658 susp=SUnitRunner class>>ifFalse:
[DIAG-QUEUE] P10 proc=0x303e55370 susp=ProcessorScheduler class>>idleProcess
[PROGRESS] 150s: ~3026360453 steps
[JIT] Stats: 119537664 sends, 4102 compiled, 3119570 failed, 16383/16384 KB code | IC: 14772698/20183614 (73% hit, 87899 patched, 0 stale) | J2J-r: 0/0 J2J-a: 9680156/18378948 J2J-d: 91117 J2J-s: 5369641/13950533 | map: 3213 tracked, 1890 hot
[JIT] Stats: 119603200 sends, 4102 compiled, 3119798 failed, 16383/16384 KB code | IC: 14781579/20195791 (73% hit, 87899 patched, 0 stale) | J2J-r: 0/0 J2J-a: 9685415/18389468 J2J-d: 91117 J2J-s: 5374672/13960825 | map: 3213 tracked, 1890 hot
[JIT] Stats: 119668736 sends, 4102 compiled, 3120031 failed, 16383/16384 KB code | IC: 14790451/20207977 (73% hit, 87916 patched, 0 stale) | J2J-r: 0/0 J2J-a: 9690680/18399992 J2J-d: 91127 J2J-s: 5379698/13971110 | map: 3211 tracked, 1890 hot
[JIT] Stats: 119734272 sends, 4102 compiled, 3120259 failed, 16383/16384 KB code | IC: 14799330/20220155 (73% hit, 87916 patched, 0 stale) | J2J-r: 0/0 J2J-a: 9695938/18410509 J2J-d: 91127 J2J-s: 5384728/13981399 | map: 3211 tracked, 1890 hot
[JIT] Stats: 119799808 sends, 4102 compiled, 3120487 failed, 16383/16384 KB code | IC: 14808210/20232332 (73% hit, 87916 patched, 0 stale) | J2J-r: 0/0 J2J-a: 9701199/18421029 J2J-d: 91127 J2J-s: 5389761/13991691 | map: 3211 tracked, 1890 hot
[JIT] Stats: 119865344 sends, 4102 compiled, 3120717 failed, 16383/16384 KB code | IC: 14817091/20244510 (73% hit, 87916 patched, 0 stale) | J2J-r: 0/0 J2J-a: 9706458/18431548 J2J-d: 91127 J2J-s: 5394790/14001980 | map: 3211 tracked, 1890 hot
[JIT] Stats: 119930880 sends, 4102 compiled, 3120945 failed, 16383/16384 KB code | IC: 14825970/20256688 (73% hit, 87916 patched, 0 stale) | J2J-r: 0/0 J2J-a: 9711717/18442066 J2J-d: 91127 J2J-s: 5399821/14012270 | map: 3211 tracked, 1890 hot
[JIT] Stats: 119996416 sends, 4102 compiled, 3121196 failed, 16383/16384 KB code | IC: 14834864/20268876 (73% hit, 87934 patched, 0 stale) | J2J-r: 0/0 J2J-a: 9716991/18452607 J2J-d: 91137 J2J-s: 5404837/14022553 | map: 3211 tracked, 1890 hot
[JIT] Stats: 120061952 sends, 4102 compiled, 3121426 failed, 16383/16384 KB code | IC: 14843747/20281054 (73% hit, 87934 patched, 0 stale) | J2J-r: 0/0 J2J-a: 9722251/18463129 J2J-d: 91137 J2J-s: 5409867/14032845 | map: 3211 tracked, 1890 hot
[JIT] Stats: 120127488 sends, 4102 compiled, 3121653 failed, 16383/16384 KB code | IC: 14852626/20293234 (73% hit, 87934 patched, 0 stale) | J2J-r: 0/0 J2J-a: 9727510/18473646 J2J-d: 91137 J2J-s: 5414898/14043134 | map: 3211 tracked, 1890 hot
[JIT] Stats: 120193024 sends, 4102 compiled, 3121882 failed, 16383/16384 KB code | IC: 14861503/20305410 (73% hit, 87934 patched, 0 stale) | J2J-r: 0/0 J2J-a: 9732768/18484162 J2J-d: 91137 J2J-s: 5419928/14053422 | map: 3211 tracked, 1890 hot
[JIT] Stats: 120258560 sends, 4102 compiled, 3122115 failed, 16383/16384 KB code | IC: 14870377/20317593 (73% hit, 87951 patched, 0 stale) | J2J-r: 0/0 J2J-a: 9738034/18494689 J2J-d: 91147 J2J-s: 5424955/14063710 | map: 3211 tracked, 1890 hot
[JIT] Stats: 120324096 sends, 4102 compiled, 3122339 failed, 16383/16384 KB code | IC: 14879253/20329769 (73% hit, 87951 patched, 0 stale) | J2J-r: 0/0 J2J-a: 9743292/18505205 J2J-d: 91147 J2J-s: 5429989/14074002 | map: 3211 tracked, 1890 hot
[JIT] Stats: 120389632 sends, 4102 compiled, 3122574 failed, 16383/16384 KB code | IC: 14888142/20341949 (73% hit, 87952 patched, 0 stale) | J2J-r: 0/0 J2J-a: 9748557/18515732 J2J-d: 91147 J2J-s: 5435017/14084292 | map: 3213 tracked, 1890 hot
[JIT] Stats: 120455168 sends, 4102 compiled, 3122801 failed, 16383/16384 KB code | IC: 14897017/20354123 (73% hit, 87952 patched, 0 stale) | J2J-r: 0/0 J2J-a: 9753813/18526246 J2J-d: 91147 J2J-s: 5440047/14094580 | map: 3213 tracked, 1890 hot
[JIT] Stats: 120520704 sends, 4102 compiled, 3123029 failed, 16383/16384 KB code | IC: 14905896/20366300 (73% hit, 87952 patched, 0 stale) | J2J-r: 0/0 J2J-a: 9759073/18536765 J2J-d: 91147 J2J-s: 5445079/14104871 | map: 3213 tracked, 1890 hot
[JIT] Stats: 120586240 sends, 4102 compiled, 3123263 failed, 16383/16384 KB code | IC: 14914774/20378486 (73% hit, 87969 patched, 0 stale) | J2J-r: 0/0 J2J-a: 9764340/18547295 J2J-d: 91157 J2J-s: 5450105/14115160 | map: 3211 tracked, 1890 hot
[JIT] Stats: 120651776 sends, 4102 compiled, 3123490 failed, 16383/16384 KB code | IC: 14923651/20390660 (73% hit, 87969 patched, 0 stale) | J2J-r: 0/0 J2J-a: 9769598/18557811 J2J-d: 91157 J2J-s: 5455137/14125450 | map: 3211 tracked, 1890 hot
[JIT] Stats: 120717312 sends, 4102 compiled, 3123718 failed, 16383/16384 KB code | IC: 14932530/20402837 (73% hit, 87969 patched, 0 stale) | J2J-r: 0/0 J2J-a: 9774857/18568329 J2J-d: 91157 J2J-s: 5460168/14135740 | map: 3211 tracked, 1890 hot
[JIT] Stats: 120782848 sends, 4102 compiled, 3123950 failed, 16383/16384 KB code | IC: 14941415/20415015 (73% hit, 87970 patched, 0 stale) | J2J-r: 0/0 J2J-a: 9780120/18578853 J2J-d: 91157 J2J-s: 5465198/14146031 | map: 3213 tracked, 1890 hot
[JIT] Stats: 120848384 sends, 4102 compiled, 3124180 failed, 16383/16384 KB code | IC: 14950296/20427192 (73% hit, 87970 patched, 0 stale) | J2J-r: 0/0 J2J-a: 9785379/18589372 J2J-d: 91157 J2J-s: 5470227/14156320 | map: 3213 tracked, 1890 hot
[JIT] Stats: 120913920 sends, 4102 compiled, 3124413 failed, 16383/16384 KB code | IC: 14959171/20439376 (73% hit, 87987 patched, 0 stale) | J2J-r: 0/0 J2J-a: 9790645/18599899 J2J-d: 91167 J2J-s: 5475254/14166608 | map: 3211 tracked, 1890 hot
[JIT] Stats: 120979456 sends, 4102 compiled, 3124641 failed, 16383/16384 KB code | IC: 14968049/20451554 (73% hit, 87987 patched, 0 stale) | J2J-r: 0/0 J2J-a: 9795903/18610416 J2J-d: 91167 J2J-s: 5480284/14176897 | map: 3211 tracked, 1890 hot
[JIT] Stats: 121044992 sends, 4102 compiled, 3124871 failed, 16383/16384 KB code | IC: 14976931/20463731 (73% hit, 87987 patched, 0 stale) | J2J-r: 0/0 J2J-a: 9801164/18620937 J2J-d: 91167 J2J-s: 5485315/14187188 | map: 3211 tracked, 1890 hot
[JIT] Stats: 121110528 sends, 4102 compiled, 3125099 failed, 16383/16384 KB code | IC: 14985810/20475909 (73% hit, 87987 patched, 0 stale) | J2J-r: 0/0 J2J-a: 9806423/18631455 J2J-d: 91167 J2J-s: 5490346/14197478 | map: 3211 tracked, 1890 hot
[JIT] Stats: 121176064 sends, 4102 compiled, 3125327 failed, 16383/16384 KB code | IC: 14994689/20488085 (73% hit, 87987 patched, 0 stale) | J2J-r: 0/0 J2J-a: 9811682/18641973 J2J-d: 91167 J2J-s: 5495377/14207768 | map: 3211 tracked, 1890 hot
[JIT] Stats: 121241600 sends, 4102 compiled, 3125564 failed, 16383/16384 KB code | IC: 15003567/20500273 (73% hit, 88006 patched, 0 stale) | J2J-r: 0/0 J2J-a: 9816949/18652503 J2J-d: 91178 J2J-s: 5500400/14218054 | map: 3211 tracked, 1890 hot
[JIT] Stats: 121307136 sends, 4102 compiled, 3125792 failed, 16383/16384 KB code | IC: 15012445/20512451 (73% hit, 88006 patched, 0 stale) | J2J-r: 0/0 J2J-a: 9822207/18663020 J2J-d: 91178 J2J-s: 5505430/14228343 | map: 3211 tracked, 1890 hot
[JIT] Stats: 121372672 sends, 4102 compiled, 3126020 failed, 16383/16384 KB code | IC: 15021326/20524628 (73% hit, 88006 patched, 0 stale) | J2J-r: 0/0 J2J-a: 9827468/18673540 J2J-d: 91178 J2J-s: 5510463/14238635 | map: 3211 tracked, 1890 hot
[JIT] Stats: 121438208 sends, 4102 compiled, 3126250 failed, 16383/16384 KB code | IC: 15030207/20536806 (73% hit, 88006 patched, 0 stale) | J2J-r: 0/0 J2J-a: 9832727/18684059 J2J-d: 91178 J2J-s: 5515492/14248924 | map: 3211 tracked, 1890 hot
[JIT] Stats: 121503744 sends, 4102 compiled, 3126478 failed, 16383/16384 KB code | IC: 15039086/20548984 (73% hit, 88006 patched, 0 stale) | J2J-r: 0/0 J2J-a: 9837986/18694577 J2J-d: 91178 J2J-s: 5520523/14259214 | map: 3211 tracked, 1890 hot
[JIT] Stats: 121569280 sends, 4102 compiled, 3126709 failed, 16383/16384 KB code | IC: 15047958/20561171 (73% hit, 88024 patched, 0 stale) | J2J-r: 0/0 J2J-a: 9843250/18705104 J2J-d: 91189 J2J-s: 5525550/14269504 | map: 3211 tracked, 1890 hot
[JIT] Stats: 121634816 sends, 4102 compiled, 3126943 failed, 16383/16384 KB code | IC: 15056843/20573350 (73% hit, 88025 patched, 0 stale) | J2J-r: 0/0 J2J-a: 9848511/18715628 J2J-d: 91189 J2J-s: 5530576/14279793 | map: 3213 tracked, 1890 hot
[JIT] Stats: 121700352 sends, 4102 compiled, 3127171 failed, 16383/16384 KB code | IC: 15065724/20585527 (73% hit, 88025 patched, 0 stale) | J2J-r: 0/0 J2J-a: 9853772/18726148 J2J-d: 91189 J2J-s: 5535609/14290085 | map: 3213 tracked, 1890 hot
[JIT] Stats: 121765888 sends, 4102 compiled, 3127399 failed, 16383/16384 KB code | IC: 15074604/20597703 (73% hit, 88025 patched, 0 stale) | J2J-r: 0/0 J2J-a: 9859031/18736667 J2J-d: 91189 J2J-s: 5540640/14300376 | map: 3213 tracked, 1890 hot
[JIT] Stats: 121831424 sends, 4102 compiled, 3127629 failed, 16383/16384 KB code | IC: 15083485/20609882 (73% hit, 88025 patched, 0 stale) | J2J-r: 0/0 J2J-a: 9864291/18747186 J2J-d: 91189 J2J-s: 5545670/14310665 | map: 3213 tracked, 1890 hot
[JIT] Stats: 121896960 sends, 4102 compiled, 3127860 failed, 16383/16384 KB code | IC: 15092356/20622066 (73% hit, 88042 patched, 0 stale) | J2J-r: 0/0 J2J-a: 9869555/18757711 J2J-d: 91199 J2J-s: 5550697/14320953 | map: 3211 tracked, 1890 hot
[JIT] Stats: 121962496 sends, 4102 compiled, 3128088 failed, 16383/16384 KB code | IC: 15101235/20634244 (73% hit, 88042 patched, 0 stale) | J2J-r: 0/0 J2J-a: 9874814/18768229 J2J-d: 91199 J2J-s: 5555728/14331243 | map: 3211 tracked, 1890 hot
[JIT] Stats: 122028032 sends, 4102 compiled, 3128318 failed, 16383/16384 KB code | IC: 15110116/20646422 (73% hit, 88042 patched, 0 stale) | J2J-r: 0/0 J2J-a: 9880074/18778748 J2J-d: 91199 J2J-s: 5560758/14341532 | map: 3211 tracked, 1890 hot
[JIT] Stats: 122093568 sends, 4102 compiled, 3128550 failed, 16383/16384 KB code | IC: 15118999/20658600 (73% hit, 88043 patched, 0 stale) | J2J-r: 0/0 J2J-a: 9885335/18789269 J2J-d: 91199 J2J-s: 5565786/14351820 | map: 3213 tracked, 1890 hot
[JIT] Stats: 122159104 sends, 4102 compiled, 3128777 failed, 16383/16384 KB code | IC: 15127867/20670779 (73% hit, 88060 patched, 0 stale) | J2J-r: 0/0 J2J-a: 9890599/18799792 J2J-d: 91209 J2J-s: 5570817/14362110 | map: 3211 tracked, 1890 hot
[JIT] Stats: 122224640 sends, 4102 compiled, 3129011 failed, 16383/16384 KB code | IC: 15136753/20682960 (73% hit, 88060 patched, 0 stale) | J2J-r: 0/0 J2J-a: 9895860/18810315 J2J-d: 91209 J2J-s: 5575844/14372399 | map: 3211 tracked, 1890 hot
[JIT] Stats: 122290176 sends, 4102 compiled, 3129239 failed, 16383/16384 KB code | IC: 15145632/20695138 (73% hit, 88060 patched, 0 stale) | J2J-r: 0/0 J2J-a: 9901118/18820832 J2J-d: 91209 J2J-s: 5580874/14382688 | map: 3211 tracked, 1890 hot
[JIT] Stats: 122355712 sends, 4102 compiled, 3129467 failed, 16383/16384 KB code | IC: 15154511/20707315 (73% hit, 88060 patched, 0 stale) | J2J-r: 0/0 J2J-a: 9906378/18831351 J2J-d: 91209 J2J-s: 5585906/14392979 | map: 3211 tracked, 1890 hot
[JIT] Stats: 122421248 sends, 4102 compiled, 3129695 failed, 16383/16384 KB code | IC: 15163391/20719492 (73% hit, 88060 patched, 0 stale) | J2J-r: 0/0 J2J-a: 9911638/18841870 J2J-d: 91209 J2J-s: 5590938/14403270 | map: 3211 tracked, 1890 hot
[JIT] Stats: 122486784 sends, 4102 compiled, 3129936 failed, 16383/16384 KB code | IC: 15172273/20731680 (73% hit, 88080 patched, 0 stale) | J2J-r: 0/0 J2J-a: 9916906/18852404 J2J-d: 91221 J2J-s: 5595958/14413556 | map: 3211 tracked, 1890 hot
[JIT] Stats: 122552320 sends, 4102 compiled, 3130164 failed, 16383/16384 KB code | IC: 15181154/20743856 (73% hit, 88080 patched, 0 stale) | J2J-r: 0/0 J2J-a: 9922165/18862923 J2J-d: 91221 J2J-s: 5600989/14423847 | map: 3211 tracked, 1890 hot
[JIT] Stats: 122617856 sends, 4102 compiled, 3130392 failed, 16383/16384 KB code | IC: 15190033/20756033 (73% hit, 88080 patched, 0 stale) | J2J-r: 0/0 J2J-a: 9927425/18873442 J2J-d: 91221 J2J-s: 5606021/14434138 | map: 3211 tracked, 1890 hot
[JIT] Stats: 122683392 sends, 4102 compiled, 3130621 failed, 16383/16384 KB code | IC: 15198916/20768212 (73% hit, 88080 patched, 0 stale) | J2J-r: 0/0 J2J-a: 9932686/18883964 J2J-d: 91221 J2J-s: 5611052/14444430 | map: 3211 tracked, 1890 hot
[JIT] Stats: 122748928 sends, 4102 compiled, 3130850 failed, 16383/16384 KB code | IC: 15207795/20780388 (73% hit, 88080 patched, 0 stale) | J2J-r: 0/0 J2J-a: 9937945/18894482 J2J-d: 91221 J2J-s: 5616083/14454720 | map: 3211 tracked, 1890 hot
[JIT] Stats: 122814464 sends, 4102 compiled, 3131081 failed, 16383/16384 KB code | IC: 15216668/20792572 (73% hit, 88098 patched, 0 stale) | J2J-r: 0/0 J2J-a: 9943209/18905008 J2J-d: 91232 J2J-s: 5621110/14465009 | map: 3211 tracked, 1890 hot
[JIT] Stats: 122880000 sends, 4102 compiled, 3131311 failed, 16383/16384 KB code | IC: 15225548/20804750 (73% hit, 88099 patched, 0 stale) | J2J-r: 0/0 J2J-a: 9948469/18915527 J2J-d: 91232 J2J-s: 5626139/14475297 | map: 3213 tracked, 1890 hot
[JIT] Stats: 122945536 sends, 4102 compiled, 3131543 failed, 16383/16384 KB code | IC: 15234431/20816931 (73% hit, 88099 patched, 0 stale) | J2J-r: 0/0 J2J-a: 9953729/18926048 J2J-d: 91232 J2J-s: 5631167/14485586 | map: 3213 tracked, 1890 hot
[JIT] Stats: 123011072 sends, 4102 compiled, 3131771 failed, 16383/16384 KB code | IC: 15243312/20829107 (73% hit, 88099 patched, 0 stale) | J2J-r: 0/0 J2J-a: 9958989/18936567 J2J-d: 91232 J2J-s: 5636199/14495877 | map: 3213 tracked, 1890 hot
[JIT] Stats: 123076608 sends, 4102 compiled, 3131997 failed, 16383/16384 KB code | IC: 15252188/20841282 (73% hit, 88099 patched, 0 stale) | J2J-r: 0/0 J2J-a: 9964247/18947084 J2J-d: 91232 J2J-s: 5641231/14506168 | map: 3213 tracked, 1890 hot
[JIT] Stats: 123142144 sends, 4102 compiled, 3132228 failed, 16383/16384 KB code | IC: 15261060/20853466 (73% hit, 88116 patched, 0 stale) | J2J-r: 0/0 J2J-a: 9969513/18957609 J2J-d: 91242 J2J-s: 5646260/14516456 | map: 3211 tracked, 1890 hot
[JIT] Stats: 123207680 sends, 4102 compiled, 3132456 failed, 16383/16384 KB code | IC: 15269940/20865642 (73% hit, 88116 patched, 0 stale) | J2J-r: 0/0 J2J-a: 9974772/18968128 J2J-d: 91242 J2J-s: 5651291/14526747 | map: 3211 tracked, 1890 hot
[JIT] Stats: 123273216 sends, 4102 compiled, 3132686 failed, 16383/16384 KB code | IC: 15278820/20877821 (73% hit, 88116 patched, 0 stale) | J2J-r: 0/0 J2J-a: 9980031/18978646 J2J-d: 91242 J2J-s: 5656320/14537035 | map: 3211 tracked, 1890 hot
[JIT] Stats: 123338752 sends, 4102 compiled, 3132918 failed, 16383/16384 KB code | IC: 15287704/20890001 (73% hit, 88118 patched, 0 stale) | J2J-r: 0/0 J2J-a: 9985292/18989170 J2J-d: 91243 J2J-s: 5661348/14547326 | map: 3213 tracked, 1890 hot
[JIT] Stats: 123404288 sends, 4102 compiled, 3133146 failed, 16383/16384 KB code | IC: 15296583/20902178 (73% hit, 88118 patched, 0 stale) | J2J-r: 0/0 J2J-a: 9990551/18999688 J2J-d: 91243 J2J-s: 5666379/14557616 | map: 3213 tracked, 1890 hot
[JIT] Stats: 123469824 sends, 4102 compiled, 3133379 failed, 16383/16384 KB code | IC: 15305457/20914361 (73% hit, 88135 patched, 0 stale) | J2J-r: 0/0 J2J-a: 9995817/19010214 J2J-d: 91253 J2J-s: 5671406/14567903 | map: 3211 tracked, 1890 hot
[JIT] Stats: 123535360 sends, 4102 compiled, 3133607 failed, 16383/16384 KB code | IC: 15314336/20926539 (73% hit, 88135 patched, 0 stale) | J2J-r: 0/0 J2J-a: 10001076/19020732 J2J-d: 91253 J2J-s: 5676437/14578193 | map: 3211 tracked, 1890 hot
[JIT] Stats: 123600896 sends, 4102 compiled, 3133835 failed, 16383/16384 KB code | IC: 15323215/20938716 (73% hit, 88135 patched, 0 stale) | J2J-r: 0/0 J2J-a: 10006335/19031250 J2J-d: 91253 J2J-s: 5681468/14588483 | map: 3211 tracked, 1890 hot
[JIT] Stats: 123666432 sends, 4102 compiled, 3134065 failed, 16383/16384 KB code | IC: 15332097/20950895 (73% hit, 88135 patched, 0 stale) | J2J-r: 0/0 J2J-a: 10011595/19041770 J2J-d: 91253 J2J-s: 5686498/14598773 | map: 3211 tracked, 1890 hot
[DIAG] P40 IdentityDictionary>>to:do: ip=52 fd=34
[DIAG]   [-1] IdentityDictionary>>findElementOrNil:
[DIAG]   [-2] IdentityDictionary>>at:ifAbsent:
[DIAG]   [-3] RGComment>>propertyNamed:ifAbsent:
[DIAG]   [-4] RGComment>>environment
[DIAG]   [-5] RGComment>>backend
[DIAG]   [-6] RGComment>>content
[DIAG]   [-7] RGComment>>isEmptyOrNil
[DIAG]   [-8] RGComment>>isEmptyOrNil
[DIAG]   [-9] RGComment>>isEmptyOrNil
[DIAG]   [-10] RGComment>>isEmptyOrNil
[DIAG]   [-11] RGComment>>isEmptyOrNil
[DIAG]   [-12] RGComment>>isEmptyOrNil
[DIAG]   [-13] RGComment>>isEmptyOrNil
[DIAG]   [-14] RGComment>>isEmptyOrNil
[DIAG]   [-15] RGComment>>isEmptyOrNil
[DIAG]   [-16] RGComment>>isEmptyOrNil
[DIAG]   [-17] RGComment>>isEmptyOrNil
[DIAG]   [-18] RGComment>>isEmptyOrNil
[DIAG]   [-19] RGComment>>isEmptyOrNil
[DIAG]   [-20] RGComment>>isEmptyOrNil
[DIAG-TIMER] usecArmed=1 msArmed=0 timerWasArmed=1 timerSem=set lastSignal=0s ago nextUsec=0xe0f4a0ed9a846 nextMs=0
[DIAG-TIMER] wakeup delta=17153 usec (0.017 sec)
[DIAG-QUEUE] P80 proc=0x3037f62a8 susp=SUnitRunner class>>ifFalse:
[DIAG-QUEUE] P60 proc=0x312ad8658 susp=SUnitRunner class>>ifFalse:
[DIAG-QUEUE] P10 proc=0x303e55370 susp=ProcessorScheduler class>>idleProcess
[JIT] Stats: 123731968 sends, 4102 compiled, 3134297 failed, 16383/16384 KB code | IC: 15340979/20963073 (73% hit, 88136 patched, 0 stale) | J2J-r: 0/0 J2J-a: 10016856/19052291 J2J-d: 91253 J2J-s: 5691526/14609061 | map: 3213 tracked, 1890 hot
[PROGRESS] 160s: ~3150052119 steps
[JIT] Stats: 123797504 sends, 4102 compiled, 3134528 failed, 16383/16384 KB code | IC: 15349852/20975255 (73% hit, 88154 patched, 0 stale) | J2J-r: 0/0 J2J-a: 10022121/19062818 J2J-d: 91264 J2J-s: 5696554/14619351 | map: 3211 tracked, 1890 hot
[JIT] Stats: 123863040 sends, 4102 compiled, 3134758 failed, 16383/16384 KB code | IC: 15358735/20987433 (73% hit, 88154 patched, 0 stale) | J2J-r: 0/0 J2J-a: 10027381/19073339 J2J-d: 91264 J2J-s: 5701584/14629642 | map: 3211 tracked, 1890 hot
[JIT] Stats: 123928576 sends, 4102 compiled, 3134986 failed, 16383/16384 KB code | IC: 15367614/20999611 (73% hit, 88154 patched, 0 stale) | J2J-r: 0/0 J2J-a: 10032640/19083857 J2J-d: 91264 J2J-s: 5706615/14639932 | map: 3211 tracked, 1890 hot
[JIT] Stats: 123994112 sends, 4102 compiled, 3135214 failed, 16383/16384 KB code | IC: 15376493/21011787 (73% hit, 88154 patched, 0 stale) | J2J-r: 0/0 J2J-a: 10037900/19094376 J2J-d: 91264 J2J-s: 5711647/14650223 | map: 3211 tracked, 1890 hot
[JIT] Stats: 124059648 sends, 4102 compiled, 3135444 failed, 16383/16384 KB code | IC: 15385375/21023966 (73% hit, 88154 patched, 0 stale) | J2J-r: 0/0 J2J-a: 10043160/19104895 J2J-d: 91264 J2J-s: 5716677/14660512 | map: 3211 tracked, 1890 hot
[JIT] Stats: 124125184 sends, 4102 compiled, 3135675 failed, 16383/16384 KB code | IC: 15394245/21036148 (73% hit, 88171 patched, 0 stale) | J2J-r: 0/0 J2J-a: 10048424/19115419 J2J-d: 91274 J2J-s: 5721704/14670799 | map: 3211 tracked, 1890 hot
[JIT] Stats: 124190720 sends, 4102 compiled, 3135907 failed, 16383/16384 KB code | IC: 15403129/21048327 (73% hit, 88172 patched, 0 stale) | J2J-r: 0/0 J2J-a: 10053685/19125941 J2J-d: 91274 J2J-s: 5726732/14681088 | map: 3213 tracked, 1890 hot
[JIT] Stats: 124256256 sends, 4102 compiled, 3136137 failed, 16383/16384 KB code | IC: 15412010/21060504 (73% hit, 88172 patched, 0 stale) | J2J-r: 0/0 J2J-a: 10058946/19136461 J2J-d: 91274 J2J-s: 5731763/14691378 | map: 3213 tracked, 1890 hot
[JIT] Stats: 124321792 sends, 4102 compiled, 3136365 failed, 16383/16384 KB code | IC: 15420889/21072681 (73% hit, 88172 patched, 0 stale) | J2J-r: 0/0 J2J-a: 10064205/19146979 J2J-d: 91274 J2J-s: 5736794/14701668 | map: 3213 tracked, 1890 hot
[JIT] Stats: 124387328 sends, 4102 compiled, 3136596 failed, 16383/16384 KB code | IC: 15429760/21084863 (73% hit, 88189 patched, 0 stale) | J2J-r: 0/0 J2J-a: 10069469/19157503 J2J-d: 91284 J2J-s: 5741821/14711955 | map: 3211 tracked, 1890 hot
[JIT] Stats: 124452864 sends, 4102 compiled, 3136826 failed, 16383/16384 KB code | IC: 15438643/21097041 (73% hit, 88189 patched, 0 stale) | J2J-r: 0/0 J2J-a: 10074729/19168024 J2J-d: 91284 J2J-s: 5746851/14722246 | map: 3211 tracked, 1890 hot
[JIT] Stats: 124518400 sends, 4102 compiled, 3137054 failed, 16383/16384 KB code | IC: 15447523/21109217 (73% hit, 88189 patched, 0 stale) | J2J-r: 0/0 J2J-a: 10079990/19178544 J2J-d: 91284 J2J-s: 5751884/14732538 | map: 3211 tracked, 1890 hot
[JIT] Stats: 124583936 sends, 4102 compiled, 3137286 failed, 16383/16384 KB code | IC: 15456405/21121395 (73% hit, 88190 patched, 0 stale) | J2J-r: 0/0 J2J-a: 10085250/19189064 J2J-d: 91284 J2J-s: 5756911/14742825 | map: 3213 tracked, 1890 hot
[JIT] Stats: 124649472 sends, 4102 compiled, 3137516 failed, 16383/16384 KB code | IC: 15465288/21133575 (73% hit, 88190 patched, 0 stale) | J2J-r: 0/0 J2J-a: 10090510/19199585 J2J-d: 91284 J2J-s: 5761941/14753116 | map: 3213 tracked, 1890 hot
[JIT] Stats: 124715008 sends, 4102 compiled, 3137747 failed, 16383/16384 KB code | IC: 15474159/21145756 (73% hit, 88207 patched, 0 stale) | J2J-r: 0/0 J2J-a: 10095776/19210110 J2J-d: 91294 J2J-s: 5766970/14763404 | map: 3211 tracked, 1890 hot
[JIT] Stats: 124780544 sends, 4102 compiled, 3137975 failed, 16383/16384 KB code | IC: 15483038/21157933 (73% hit, 88207 patched, 0 stale) | J2J-r: 0/0 J2J-a: 10101035/19220628 J2J-d: 91294 J2J-s: 5772001/14773694 | map: 3211 tracked, 1890 hot
[JIT] Stats: 124846080 sends, 4102 compiled, 3138203 failed, 16383/16384 KB code | IC: 15491917/21170110 (73% hit, 88207 patched, 0 stale) | J2J-r: 0/0 J2J-a: 10106294/19231146 J2J-d: 91294 J2J-s: 5777032/14783984 | map: 3211 tracked, 1890 hot
[JIT] Stats: 124911616 sends, 4102 compiled, 3138433 failed, 16383/16384 KB code | IC: 15500798/21182289 (73% hit, 88207 patched, 0 stale) | J2J-r: 0/0 J2J-a: 10111553/19241665 J2J-d: 91294 J2J-s: 5782061/14794273 | map: 3211 tracked, 1890 hot
[JIT] Stats: 124977152 sends, 4102 compiled, 3138661 failed, 16383/16384 KB code | IC: 15509675/21194469 (73% hit, 88207 patched, 0 stale) | J2J-r: 0/0 J2J-a: 10116811/19252181 J2J-d: 91294 J2J-s: 5787091/14804561 | map: 3211 tracked, 1890 hot
[JIT] Stats: 125042688 sends, 4102 compiled, 3138896 failed, 16383/16384 KB code | IC: 15518553/21206651 (73% hit, 88226 patched, 0 stale) | J2J-r: 0/0 J2J-a: 10122078/19262712 J2J-d: 91305 J2J-s: 5792116/14814850 | map: 3211 tracked, 1890 hot
[JIT] Stats: 125108224 sends, 4102 compiled, 3139126 failed, 16383/16384 KB code | IC: 15527434/21218830 (73% hit, 88226 patched, 0 stale) | J2J-r: 0/0 J2J-a: 10127339/19273232 J2J-d: 91305 J2J-s: 5797147/14825140 | map: 3211 tracked, 1890 hot
[JIT] Stats: 125173760 sends, 4102 compiled, 3139354 failed, 16383/16384 KB code | IC: 15536313/21231007 (73% hit, 88226 patched, 0 stale) | J2J-r: 0/0 J2J-a: 10132598/19283750 J2J-d: 91305 J2J-s: 5802178/14835430 | map: 3211 tracked, 1890 hot
[JIT] Stats: 125239296 sends, 4102 compiled, 3139582 failed, 16383/16384 KB code | IC: 15545193/21243183 (73% hit, 88226 patched, 0 stale) | J2J-r: 0/0 J2J-a: 10137857/19294269 J2J-d: 91305 J2J-s: 5807209/14845721 | map: 3211 tracked, 1890 hot
[JIT] Stats: 125304832 sends, 4102 compiled, 3139809 failed, 16383/16384 KB code | IC: 15554072/21255361 (73% hit, 88226 patched, 0 stale) | J2J-r: 0/0 J2J-a: 10143116/19304787 J2J-d: 91305 J2J-s: 5812240/14856011 | map: 3211 tracked, 1890 hot
[JIT] Stats: 125370368 sends, 4102 compiled, 3140039 failed, 16383/16384 KB code | IC: 15562939/21267545 (73% hit, 88243 patched, 0 stale) | J2J-r: 0/0 J2J-a: 10148378/19315307 J2J-d: 91315 J2J-s: 5817267/14866296 | map: 3211 tracked, 1890 hot
[JIT] Stats: 125435904 sends, 4102 compiled, 3140271 failed, 16383/16384 KB code | IC: 15571821/21279724 (73% hit, 88244 patched, 0 stale) | J2J-r: 0/0 J2J-a: 10153640/19325828 J2J-d: 91315 J2J-s: 5822296/14876584 | map: 3213 tracked, 1890 hot
[JIT] Stats: 125501440 sends, 4102 compiled, 3140497 failed, 16383/16384 KB code | IC: 15580698/21291900 (73% hit, 88244 patched, 0 stale) | J2J-r: 0/0 J2J-a: 10158897/19336344 J2J-d: 91315 J2J-s: 5827327/14886874 | map: 3213 tracked, 1890 hot
[JIT] Stats: 125566976 sends, 4102 compiled, 3140725 failed, 16383/16384 KB code | IC: 15589578/21304078 (73% hit, 88244 patched, 0 stale) | J2J-r: 0/0 J2J-a: 10164157/19346863 J2J-d: 91315 J2J-s: 5832359/14897165 | map: 3213 tracked, 1890 hot
[JIT] Stats: 125632512 sends, 4102 compiled, 3140957 failed, 16383/16384 KB code | IC: 15598463/21316256 (73% hit, 88244 patched, 0 stale) | J2J-r: 0/0 J2J-a: 10169418/19357386 J2J-d: 91315 J2J-s: 5837388/14907456 | map: 3213 tracked, 1890 hot
[JIT] Stats: 125698048 sends, 4102 compiled, 3141186 failed, 16383/16384 KB code | IC: 15607332/21328437 (73% hit, 88261 patched, 0 stale) | J2J-r: 0/0 J2J-a: 10174682/19367909 J2J-d: 91325 J2J-s: 5842417/14917744 | map: 3211 tracked, 1890 hot
[JIT] Stats: 125763584 sends, 4102 compiled, 3141414 failed, 16383/16384 KB code | IC: 15616211/21340613 (73% hit, 88261 patched, 0 stale) | J2J-r: 0/0 J2J-a: 10179941/19378427 J2J-d: 91325 J2J-s: 5847448/14928034 | map: 3211 tracked, 1890 hot
[JIT] Stats: 125829120 sends, 4102 compiled, 3141642 failed, 16383/16384 KB code | IC: 15625090/21352791 (73% hit, 88261 patched, 0 stale) | J2J-r: 0/0 J2J-a: 10185201/19388946 J2J-d: 91325 J2J-s: 5852480/14938325 | map: 3211 tracked, 1890 hot
[JIT] Stats: 125894656 sends, 4102 compiled, 3141876 failed, 16383/16384 KB code | IC: 15633974/21364970 (73% hit, 88262 patched, 0 stale) | J2J-r: 0/0 J2J-a: 10190462/19399467 J2J-d: 91325 J2J-s: 5857506/14948611 | map: 3213 tracked, 1890 hot
[JIT] Stats: 125960192 sends, 4102 compiled, 3142104 failed, 16383/16384 KB code | IC: 15642854/21377147 (73% hit, 88262 patched, 0 stale) | J2J-r: 0/0 J2J-a: 10195722/19409986 J2J-d: 91325 J2J-s: 5862538/14958902 | map: 3213 tracked, 1890 hot
[JIT] Stats: 126025728 sends, 4102 compiled, 3142335 failed, 16383/16384 KB code | IC: 15651726/21389332 (73% hit, 88279 patched, 0 stale) | J2J-r: 0/0 J2J-a: 10200986/19420511 J2J-d: 91335 J2J-s: 5867565/14969190 | map: 3211 tracked, 1890 hot
[JIT] Stats: 126091264 sends, 4102 compiled, 3142565 failed, 16383/16384 KB code | IC: 15660604/21401513 (73% hit, 88279 patched, 0 stale) | J2J-r: 0/0 J2J-a: 10206244/19431026 J2J-d: 91335 J2J-s: 5872593/14979475 | map: 3211 tracked, 1890 hot
[JIT] Stats: 126156800 sends, 4102 compiled, 3142793 failed, 16383/16384 KB code | IC: 15669483/21413691 (73% hit, 88279 patched, 0 stale) | J2J-r: 0/0 J2J-a: 10211503/19441544 J2J-d: 91335 J2J-s: 5877624/14989765 | map: 3211 tracked, 1890 hot
[JIT] Stats: 126222336 sends, 4102 compiled, 3143021 failed, 16383/16384 KB code | IC: 15678362/21425869 (73% hit, 88279 patched, 0 stale) | J2J-r: 0/0 J2J-a: 10216762/19452062 J2J-d: 91335 J2J-s: 5882655/15000055 | map: 3211 tracked, 1890 hot
[JIT] Stats: 126287872 sends, 4102 compiled, 3143258 failed, 16383/16384 KB code | IC: 15687132/21438052 (73% hit, 88298 patched, 0 stale) | J2J-r: 0/0 J2J-a: 10222030/19462594 J2J-d: 91346 J2J-s: 5887679/15010343 | map: 3211 tracked, 1890 hot
[JIT] Stats: 126353408 sends, 4102 compiled, 3143486 failed, 16383/16384 KB code | IC: 15694373/21450229 (73% hit, 88298 patched, 0 stale) | J2J-r: 0/0 J2J-a: 10227289/19473112 J2J-d: 91346 J2J-s: 5892710/15020633 | map: 3211 tracked, 1890 hot
[JIT] Stats: 126418944 sends, 4102 compiled, 3143714 failed, 16383/16384 KB code | IC: 15701613/21462406 (73% hit, 88298 patched, 0 stale) | J2J-r: 0/0 J2J-a: 10232549/19483631 J2J-d: 91346 J2J-s: 5897742/15030924 | map: 3211 tracked, 1890 hot
[JIT] Stats: 126484480 sends, 4102 compiled, 3143944 failed, 16383/16384 KB code | IC: 15708856/21474585 (73% hit, 88298 patched, 0 stale) | J2J-r: 0/0 J2J-a: 10237808/19494151 J2J-d: 91346 J2J-s: 5902771/15041214 | map: 3211 tracked, 1890 hot
[JIT] Stats: 126550016 sends, 4102 compiled, 3144172 failed, 16383/16384 KB code | IC: 15716096/21486763 (73% hit, 88298 patched, 0 stale) | J2J-r: 0/0 J2J-a: 10243067/19504669 J2J-d: 91346 J2J-s: 5907802/15051504 | map: 3211 tracked, 1890 hot
[JIT] Stats: 126615552 sends, 4102 compiled, 3144403 failed, 16383/16384 KB code | IC: 15723699/21498947 (73% hit, 88315 patched, 0 stale) | J2J-r: 0/0 J2J-a: 10248331/19515192 J2J-d: 91356 J2J-s: 5912829/15061790 | map: 3211 tracked, 1890 hot
[JIT] Stats: 126681088 sends, 4102 compiled, 3144637 failed, 16383/16384 KB code | IC: 15732585/21511127 (73% hit, 88317 patched, 0 stale) | J2J-r: 0/0 J2J-a: 10253593/19525716 J2J-d: 91357 J2J-s: 5917856/15072079 | map: 3213 tracked, 1890 hot
[JIT] Stats: 126746624 sends, 4102 compiled, 3144865 failed, 16383/16384 KB code | IC: 15741464/21523305 (73% hit, 88317 patched, 0 stale) | J2J-r: 0/0 J2J-a: 10258852/19536234 J2J-d: 91357 J2J-s: 5922887/15082369 | map: 3213 tracked, 1890 hot
[JIT] Stats: 126812160 sends, 4102 compiled, 3145093 failed, 16383/16384 KB code | IC: 15750343/21535482 (73% hit, 88317 patched, 0 stale) | J2J-r: 0/0 J2J-a: 10264111/19546752 J2J-d: 91357 J2J-s: 5927918/15092659 | map: 3213 tracked, 1890 hot
[JIT] Stats: 126877696 sends, 4102 compiled, 3145323 failed, 16383/16384 KB code | IC: 15759225/21547661 (73% hit, 88317 patched, 0 stale) | J2J-r: 0/0 J2J-a: 10269371/19557272 J2J-d: 91357 J2J-s: 5932948/15102949 | map: 3213 tracked, 1890 hot
[JIT] Stats: 126943232 sends, 4102 compiled, 3145554 failed, 16383/16384 KB code | IC: 15768097/21559842 (73% hit, 88334 patched, 0 stale) | J2J-r: 0/0 J2J-a: 10274637/19567798 J2J-d: 91367 J2J-s: 5937977/15113238 | map: 3211 tracked, 1890 hot
[JIT] Stats: 127008768 sends, 4102 compiled, 3145782 failed, 16383/16384 KB code | IC: 15776976/21572020 (73% hit, 88334 patched, 0 stale) | J2J-r: 0/0 J2J-a: 10279895/19578315 J2J-d: 91367 J2J-s: 5943007/15123527 | map: 3211 tracked, 1890 hot
[JIT] Stats: 127074304 sends, 4102 compiled, 3146012 failed, 16383/16384 KB code | IC: 15785857/21584198 (73% hit, 88334 patched, 0 stale) | J2J-r: 0/0 J2J-a: 10285155/19588835 J2J-d: 91367 J2J-s: 5948037/15133817 | map: 3211 tracked, 1890 hot
[JIT] Stats: 127139840 sends, 4102 compiled, 3146244 failed, 16383/16384 KB code | IC: 15794741/21596376 (73% hit, 88335 patched, 0 stale) | J2J-r: 0/0 J2J-a: 10290416/19599357 J2J-d: 91367 J2J-s: 5953065/15144106 | map: 3213 tracked, 1890 hot
[JIT] Stats: 127205376 sends, 4102 compiled, 3146472 failed, 16383/16384 KB code | IC: 15803620/21608552 (73% hit, 88335 patched, 0 stale) | J2J-r: 0/0 J2J-a: 10295675/19609875 J2J-d: 91367 J2J-s: 5958096/15154396 | map: 3213 tracked, 1890 hot
[JIT] Stats: 127270912 sends, 4102 compiled, 3146701 failed, 16383/16384 KB code | IC: 15812490/21620733 (73% hit, 88352 patched, 0 stale) | J2J-r: 0/0 J2J-a: 10300941/19620400 J2J-d: 91377 J2J-s: 5963127/15164686 | map: 3211 tracked, 1890 hot
[JIT] Stats: 127336448 sends, 4102 compiled, 3146929 failed, 16383/16384 KB code | IC: 15821370/21632909 (73% hit, 88352 patched, 0 stale) | J2J-r: 0/0 J2J-a: 10306200/19630919 J2J-d: 91377 J2J-s: 5968158/15174977 | map: 3211 tracked, 1890 hot
[JIT] Stats: 127401984 sends, 4102 compiled, 3147157 failed, 16383/16384 KB code | IC: 15830248/21645088 (73% hit, 88352 patched, 0 stale) | J2J-r: 0/0 J2J-a: 10311459/19641436 J2J-d: 91377 J2J-s: 5973189/15185266 | map: 3211 tracked, 1890 hot
[JIT] Stats: 127467520 sends, 4102 compiled, 3147387 failed, 16383/16384 KB code | IC: 15839129/21657266 (73% hit, 88352 patched, 0 stale) | J2J-r: 0/0 J2J-a: 10316718/19651955 J2J-d: 91377 J2J-s: 5978218/15195555 | map: 3211 tracked, 1890 hot
[JIT] Stats: 127533056 sends, 4102 compiled, 3147619 failed, 16383/16384 KB code | IC: 15848010/21669447 (73% hit, 88353 patched, 0 stale) | J2J-r: 0/0 J2J-a: 10321978/19662474 J2J-d: 91377 J2J-s: 5983245/15205841 | map: 3213 tracked, 1890 hot
[JIT] Stats: 127598592 sends, 4102 compiled, 3147850 failed, 16383/16384 KB code | IC: 15855740/21681629 (73% hit, 88371 patched, 0 stale) | J2J-r: 0/0 J2J-a: 10327242/19672999 J2J-d: 91388 J2J-s: 5988272/15216129 | map: 3211 tracked, 1890 hot
[JIT] Stats: 127664128 sends, 4102 compiled, 3148078 failed, 16383/16384 KB code | IC: 15862982/21693807 (73% hit, 88371 patched, 0 stale) | J2J-r: 0/0 J2J-a: 10332502/19683520 J2J-d: 91388 J2J-s: 5993304/15226422 | map: 3211 tracked, 1890 hot
[JIT] Stats: 127729664 sends, 4102 compiled, 3148308 failed, 16383/16384 KB code | IC: 15870225/21705985 (73% hit, 88371 patched, 0 stale) | J2J-r: 0/0 J2J-a: 10337762/19694039 J2J-d: 91388 J2J-s: 5998334/15236711 | map: 3211 tracked, 1890 hot
[JIT] Stats: 127795200 sends, 4102 compiled, 3148536 failed, 16383/16384 KB code | IC: 15877465/21718162 (73% hit, 88371 patched, 0 stale) | J2J-r: 0/0 J2J-a: 10343022/19704558 J2J-d: 91388 J2J-s: 6003366/15247002 | map: 3211 tracked, 1890 hot
[JIT] Stats: 127860736 sends, 4102 compiled, 3148764 failed, 16383/16384 KB code | IC: 15884706/21730339 (73% hit, 88371 patched, 0 stale) | J2J-r: 0/0 J2J-a: 10348281/19715076 J2J-d: 91388 J2J-s: 6008397/15257292 | map: 3211 tracked, 1890 hot
[JIT] Stats: 127926272 sends, 4102 compiled, 3148997 failed, 16383/16384 KB code | IC: 15893343/21742524 (73% hit, 88388 patched, 0 stale) | J2J-r: 0/0 J2J-a: 10353546/19725603 J2J-d: 91398 J2J-s: 6013423/15267580 | map: 3211 tracked, 1890 hot
[DIAG] P40 RGEnvironment>>ifNil: ip=58 fd=33
[DIAG]   [-1] RGComment>>backend
[DIAG]   [-2] RGComment>>content
[DIAG]   [-3] RGComment>>isEmptyOrNil
[DIAG]   [-4] RGComment>>isEmptyOrNil
[DIAG]   [-5] RGComment>>isEmptyOrNil
[DIAG]   [-6] RGComment>>isEmptyOrNil
[DIAG]   [-7] RGComment>>isEmptyOrNil
[DIAG]   [-8] RGComment>>isEmptyOrNil
[DIAG]   [-9] RGComment>>isEmptyOrNil
[DIAG]   [-10] RGComment>>isEmptyOrNil
[DIAG]   [-11] RGComment>>isEmptyOrNil
[DIAG]   [-12] RGComment>>isEmptyOrNil
[DIAG]   [-13] RGComment>>isEmptyOrNil
[DIAG]   [-14] RGComment>>isEmptyOrNil
[DIAG]   [-15] RGComment>>isEmptyOrNil
[DIAG]   [-16] RGComment>>isEmptyOrNil
[DIAG]   [-17] RGComment>>isEmptyOrNil
[DIAG]   [-18] RGComment>>isEmptyOrNil
[DIAG]   [-19] RGComment>>isEmptyOrNil
[DIAG]   [-20] RGComment>>isEmptyOrNil
[DIAG-TIMER] usecArmed=1 msArmed=0 timerWasArmed=1 timerSem=set lastSignal=0s ago nextUsec=0xe0f4a0f724432 nextMs=0
[DIAG-TIMER] wakeup delta=16249 usec (0.016 sec)
[DIAG-QUEUE] P80 proc=0x3037f62a8 susp=SUnitRunner class>>ifFalse:
[DIAG-QUEUE] P60 proc=0x312ad8658 susp=SUnitRunner class>>ifFalse:
[DIAG-QUEUE] P10 proc=0x303e55370 susp=ProcessorScheduler class>>idleProcess
[PROGRESS] 170s: ~3273747759 steps
[JIT] Stats: 127991808 sends, 4102 compiled, 3149229 failed, 16383/16384 KB code | IC: 15902226/21754703 (73% hit, 88390 patched, 0 stale) | J2J-r: 0/0 J2J-a: 10358806/19736126 J2J-d: 91399 J2J-s: 6018450/15277870 | map: 3213 tracked, 1890 hot
[JIT] Stats: 128057344 sends, 4102 compiled, 3149457 failed, 16383/16384 KB code | IC: 15911107/21766880 (73% hit, 88390 patched, 0 stale) | J2J-r: 0/0 J2J-a: 10364067/19746646 J2J-d: 91399 J2J-s: 6023483/15288162 | map: 3213 tracked, 1890 hot
[JIT] Stats: 128122880 sends, 4102 compiled, 3149683 failed, 16383/16384 KB code | IC: 15919984/21779056 (73% hit, 88390 patched, 0 stale) | J2J-r: 0/0 J2J-a: 10369325/19757163 J2J-d: 91399 J2J-s: 6028515/15298453 | map: 3213 tracked, 1890 hot
[JIT] Stats: 128188416 sends, 4102 compiled, 3149918 failed, 16383/16384 KB code | IC: 15928861/21791239 (73% hit, 88407 patched, 0 stale) | J2J-r: 0/0 J2J-a: 10374591/19767691 J2J-d: 91409 J2J-s: 6033540/15308740 | map: 3211 tracked, 1890 hot
[JIT] Stats: 128253952 sends, 4102 compiled, 3150144 failed, 16383/16384 KB code | IC: 15937741/21803416 (73% hit, 88407 patched, 0 stale) | J2J-r: 0/0 J2J-a: 10379852/19778211 J2J-d: 91409 J2J-s: 6038574/15319033 | map: 3211 tracked, 1890 hot
[JIT] Stats: 128319488 sends, 4102 compiled, 3150372 failed, 16383/16384 KB code | IC: 15946618/21815592 (73% hit, 88407 patched, 0 stale) | J2J-r: 0/0 J2J-a: 10385109/19788727 J2J-d: 91409 J2J-s: 6043604/15329322 | map: 3211 tracked, 1890 hot
[JIT] Stats: 128385024 sends, 4102 compiled, 3150604 failed, 16383/16384 KB code | IC: 15955502/21827770 (73% hit, 88409 patched, 0 stale) | J2J-r: 0/0 J2J-a: 10390371/19799251 J2J-d: 91410 J2J-s: 6048633/15339613 | map: 3213 tracked, 1890 hot
[JIT] Stats: 128450560 sends, 4102 compiled, 3150832 failed, 16383/16384 KB code | IC: 15964381/21839948 (73% hit, 88409 patched, 0 stale) | J2J-r: 0/0 J2J-a: 10395630/19809769 J2J-d: 91410 J2J-s: 6053664/15349903 | map: 3213 tracked, 1890 hot
[JIT] Stats: 128516096 sends, 4102 compiled, 3151065 failed, 16383/16384 KB code | IC: 15973255/21852130 (73% hit, 88426 patched, 0 stale) | J2J-r: 0/0 J2J-a: 10400895/19820295 J2J-d: 91420 J2J-s: 6058690/15360190 | map: 3211 tracked, 1890 hot
[JIT] Stats: 128581632 sends, 4102 compiled, 3151293 failed, 16383/16384 KB code | IC: 15982132/21864310 (73% hit, 88426 patched, 0 stale) | J2J-r: 0/0 J2J-a: 10406154/19830811 J2J-d: 91420 J2J-s: 6063721/15370478 | map: 3211 tracked, 1890 hot
[JIT] Stats: 128647168 sends, 4102 compiled, 3151521 failed, 16383/16384 KB code | IC: 15991013/21876488 (73% hit, 88426 patched, 0 stale) | J2J-r: 0/0 J2J-a: 10411413/19841331 J2J-d: 91420 J2J-s: 6068752/15380770 | map: 3211 tracked, 1890 hot
[JIT] Stats: 128712704 sends, 4102 compiled, 3151751 failed, 16383/16384 KB code | IC: 15999895/21888664 (73% hit, 88426 patched, 0 stale) | J2J-r: 0/0 J2J-a: 10416674/19851852 J2J-d: 91420 J2J-s: 6073783/15391061 | map: 3211 tracked, 1890 hot
[JIT] Stats: 128778240 sends, 4102 compiled, 3151979 failed, 16383/16384 KB code | IC: 16008774/21900842 (73% hit, 88426 patched, 0 stale) | J2J-r: 0/0 J2J-a: 10421933/19862370 J2J-d: 91420 J2J-s: 6078814/15401351 | map: 3211 tracked, 1890 hot
[JIT] Stats: 128843776 sends, 4102 compiled, 3152214 failed, 16383/16384 KB code | IC: 16017649/21913029 (73% hit, 88445 patched, 0 stale) | J2J-r: 0/0 J2J-a: 10427198/19872898 J2J-d: 91431 J2J-s: 6083837/15411637 | map: 3211 tracked, 1890 hot
[JIT] Stats: 128909312 sends, 4102 compiled, 3152440 failed, 16383/16384 KB code | IC: 16026527/21925206 (73% hit, 88445 patched, 0 stale) | J2J-r: 0/0 J2J-a: 10432457/19883416 J2J-d: 91431 J2J-s: 6088870/15421929 | map: 3211 tracked, 1890 hot
[JIT] Stats: 128974848 sends, 4102 compiled, 3152668 failed, 16383/16384 KB code | IC: 16035406/21937383 (73% hit, 88445 patched, 0 stale) | J2J-r: 0/0 J2J-a: 10437716/19893934 J2J-d: 91431 J2J-s: 6093901/15432219 | map: 3211 tracked, 1890 hot
[JIT] Stats: 129040384 sends, 4102 compiled, 3152896 failed, 16383/16384 KB code | IC: 16044285/21949560 (73% hit, 88445 patched, 0 stale) | J2J-r: 0/0 J2J-a: 10442975/19904452 J2J-d: 91431 J2J-s: 6098932/15442509 | map: 3211 tracked, 1890 hot
[JIT] Stats: 129105920 sends, 4102 compiled, 3153126 failed, 16383/16384 KB code | IC: 16053166/21961739 (73% hit, 88445 patched, 0 stale) | J2J-r: 0/0 J2J-a: 10448235/19914972 J2J-d: 91431 J2J-s: 6103962/15452799 | map: 3211 tracked, 1890 hot
[JIT] Stats: 129171456 sends, 4102 compiled, 3153353 failed, 16383/16384 KB code | IC: 16062032/21973920 (73% hit, 88462 patched, 0 stale) | J2J-r: 0/0 J2J-a: 10453498/19925492 J2J-d: 91441 J2J-s: 6108992/15463086 | map: 3211 tracked, 1890 hot
[JIT] Stats: 129236992 sends, 4102 compiled, 3153585 failed, 16383/16384 KB code | IC: 16070915/21986100 (73% hit, 88464 patched, 0 stale) | J2J-r: 0/0 J2J-a: 10458758/19936014 J2J-d: 91442 J2J-s: 6114019/15473375 | map: 3213 tracked, 1890 hot
[JIT] Stats: 129302528 sends, 4102 compiled, 3153815 failed, 16383/16384 KB code | IC: 16079798/21998279 (73% hit, 88464 patched, 0 stale) | J2J-r: 0/0 J2J-a: 10464018/19946535 J2J-d: 91442 J2J-s: 6119049/15483666 | map: 3213 tracked, 1890 hot
[JIT] Stats: 129368064 sends, 4102 compiled, 3154043 failed, 16383/16384 KB code | IC: 16088677/22010456 (73% hit, 88464 patched, 0 stale) | J2J-r: 0/0 J2J-a: 10469277/19957053 J2J-d: 91442 J2J-s: 6124080/15493956 | map: 3213 tracked, 1890 hot
[JIT] Stats: 129433600 sends, 4102 compiled, 3154271 failed, 16383/16384 KB code | IC: 16097554/22022634 (73% hit, 88464 patched, 0 stale) | J2J-r: 0/0 J2J-a: 10474536/19967569 J2J-d: 91442 J2J-s: 6129111/15504244 | map: 3213 tracked, 1890 hot
[JIT] Stats: 129499136 sends, 4102 compiled, 3154504 failed, 16383/16384 KB code | IC: 16106429/22034818 (73% hit, 88482 patched, 0 stale) | J2J-r: 0/0 J2J-a: 10479802/19978098 J2J-d: 91453 J2J-s: 6134138/15514534 | map: 3211 tracked, 1890 hot
[JIT] Stats: 129564672 sends, 4102 compiled, 3154732 failed, 16383/16384 KB code | IC: 16115308/22046996 (73% hit, 88482 patched, 0 stale) | J2J-r: 0/0 J2J-a: 10485061/19988616 J2J-d: 91453 J2J-s: 6139169/15524824 | map: 3211 tracked, 1890 hot
[JIT] Stats: 129630208 sends, 4102 compiled, 3154960 failed, 16383/16384 KB code | IC: 16124187/22059174 (73% hit, 88482 patched, 0 stale) | J2J-r: 0/0 J2J-a: 10490320/19999134 J2J-d: 91453 J2J-s: 6144200/15535114 | map: 3211 tracked, 1890 hot
[JIT] Stats: 129695744 sends, 4102 compiled, 3155194 failed, 16383/16384 KB code | IC: 16133073/22071353 (73% hit, 88483 patched, 0 stale) | J2J-r: 0/0 J2J-a: 10495581/20009657 J2J-d: 91453 J2J-s: 6149226/15545402 | map: 3213 tracked, 1890 hot
[JIT] Stats: 129761280 sends, 4102 compiled, 3155422 failed, 16383/16384 KB code | IC: 16141952/22083531 (73% hit, 88483 patched, 0 stale) | J2J-r: 0/0 J2J-a: 10500840/20020174 J2J-d: 91453 J2J-s: 6154257/15555691 | map: 3213 tracked, 1890 hot
[JIT] Stats: 129826816 sends, 4102 compiled, 3155657 failed, 16383/16384 KB code | IC: 16150829/22095714 (73% hit, 88500 patched, 0 stale) | J2J-r: 0/0 J2J-a: 10506107/20030704 J2J-d: 91463 J2J-s: 6159283/15565980 | map: 3211 tracked, 1890 hot
[JIT] Stats: 129892352 sends, 4102 compiled, 3155887 failed, 16383/16384 KB code | IC: 16159711/22107892 (73% hit, 88500 patched, 0 stale) | J2J-r: 0/0 J2J-a: 10511368/20041224 J2J-d: 91463 J2J-s: 6164314/15576270 | map: 3211 tracked, 1890 hot
[JIT] Stats: 129957888 sends, 4102 compiled, 3156115 failed, 16383/16384 KB code | IC: 16168591/22120069 (73% hit, 88500 patched, 0 stale) | J2J-r: 0/0 J2J-a: 10516627/20051742 J2J-d: 91463 J2J-s: 6169345/15586560 | map: 3211 tracked, 1890 hot
[JIT] Stats: 130023424 sends, 4102 compiled, 3156343 failed, 16383/16384 KB code | IC: 16177470/22132245 (73% hit, 88500 patched, 0 stale) | J2J-r: 0/0 J2J-a: 10521886/20062261 J2J-d: 91463 J2J-s: 6174376/15596851 | map: 3211 tracked, 1890 hot
[JIT] Stats: 130088960 sends, 4102 compiled, 3156577 failed, 16383/16384 KB code | IC: 16186356/22144423 (73% hit, 88501 patched, 0 stale) | J2J-r: 0/0 J2J-a: 10527149/20072785 J2J-d: 91463 J2J-s: 6179404/15607140 | map: 3213 tracked, 1890 hot
[JIT] Stats: 130154496 sends, 4102 compiled, 3156806 failed, 16383/16384 KB code | IC: 16195225/22156605 (73% hit, 88518 patched, 0 stale) | J2J-r: 0/0 J2J-a: 10532413/20083308 J2J-d: 91473 J2J-s: 6184433/15617428 | map: 3211 tracked, 1890 hot
[JIT] Stats: 130220032 sends, 4102 compiled, 3157034 failed, 16383/16384 KB code | IC: 16204104/22168783 (73% hit, 88518 patched, 0 stale) | J2J-r: 0/0 J2J-a: 10537672/20093826 J2J-d: 91473 J2J-s: 6189464/15627718 | map: 3211 tracked, 1890 hot
[JIT] Stats: 130285568 sends, 4102 compiled, 3157262 failed, 16383/16384 KB code | IC: 16212982/22180961 (73% hit, 88518 patched, 0 stale) | J2J-r: 0/0 J2J-a: 10542930/20104343 J2J-d: 91473 J2J-s: 6194494/15638007 | map: 3211 tracked, 1890 hot
[JIT] Stats: 130351104 sends, 4102 compiled, 3157492 failed, 16383/16384 KB code | IC: 16221864/22193139 (73% hit, 88518 patched, 0 stale) | J2J-r: 0/0 J2J-a: 10548190/20114863 J2J-d: 91473 J2J-s: 6199524/15648297 | map: 3211 tracked, 1890 hot
[JIT] Stats: 130416640 sends, 4102 compiled, 3157721 failed, 16383/16384 KB code | IC: 16230734/22205321 (73% hit, 88536 patched, 0 stale) | J2J-r: 0/0 J2J-a: 10553454/20125388 J2J-d: 91484 J2J-s: 6204553/15658587 | map: 3211 tracked, 1890 hot
[JIT] Stats: 130482176 sends, 4102 compiled, 3157953 failed, 16383/16384 KB code | IC: 16239616/22217501 (73% hit, 88537 patched, 0 stale) | J2J-r: 0/0 J2J-a: 10558714/20135909 J2J-d: 91484 J2J-s: 6209580/15668875 | map: 3213 tracked, 1890 hot
[JIT] Stats: 130547712 sends, 4102 compiled, 3158183 failed, 16383/16384 KB code | IC: 16248496/22229680 (73% hit, 88537 patched, 0 stale) | J2J-r: 0/0 J2J-a: 10563973/20146427 J2J-d: 91484 J2J-s: 6214609/15679163 | map: 3213 tracked, 1890 hot
[JIT] Stats: 130613248 sends, 4102 compiled, 3158411 failed, 16383/16384 KB code | IC: 16257377/22241858 (73% hit, 88537 patched, 0 stale) | J2J-r: 0/0 J2J-a: 10569233/20156946 J2J-d: 91484 J2J-s: 6219641/15689454 | map: 3213 tracked, 1890 hot
[JIT] Stats: 130678784 sends, 4102 compiled, 3158639 failed, 16383/16384 KB code | IC: 16266257/22254035 (73% hit, 88537 patched, 0 stale) | J2J-r: 0/0 J2J-a: 10574492/20167466 J2J-d: 91484 J2J-s: 6224672/15699746 | map: 3213 tracked, 1890 hot
[JIT] Stats: 130744320 sends, 4102 compiled, 3158870 failed, 16383/16384 KB code | IC: 16275131/22266218 (73% hit, 88554 patched, 0 stale) | J2J-r: 0/0 J2J-a: 10579760/20177993 J2J-d: 91494 J2J-s: 6229702/15710035 | map: 3211 tracked, 1890 hot
[JIT] Stats: 130809856 sends, 4102 compiled, 3159100 failed, 16383/16384 KB code | IC: 16284011/22278395 (73% hit, 88554 patched, 0 stale) | J2J-r: 0/0 J2J-a: 10585018/20188511 J2J-d: 91494 J2J-s: 6234731/15720324 | map: 3211 tracked, 1890 hot
[JIT] Stats: 130875392 sends, 4102 compiled, 3159328 failed, 16383/16384 KB code | IC: 16292891/22290571 (73% hit, 88554 patched, 0 stale) | J2J-r: 0/0 J2J-a: 10590277/20199031 J2J-d: 91494 J2J-s: 6239762/15730616 | map: 3211 tracked, 1890 hot
[JIT] Stats: 130940928 sends, 4102 compiled, 3159558 failed, 16383/16384 KB code | IC: 16301771/22302748 (73% hit, 88555 patched, 0 stale) | J2J-r: 0/0 J2J-a: 10595537/20209550 J2J-d: 91494 J2J-s: 6244791/15740904 | map: 3213 tracked, 1890 hot
[JIT] Stats: 131006464 sends, 4102 compiled, 3159786 failed, 16383/16384 KB code | IC: 16310651/22314926 (73% hit, 88555 patched, 0 stale) | J2J-r: 0/0 J2J-a: 10600796/20220068 J2J-d: 91494 J2J-s: 6249822/15751194 | map: 3213 tracked, 1890 hot
[JIT] Stats: 131072000 sends, 4102 compiled, 3160021 failed, 16383/16384 KB code | IC: 16319528/22327110 (73% hit, 88573 patched, 0 stale) | J2J-r: 0/0 J2J-a: 10606063/20230599 J2J-d: 91505 J2J-s: 6254848/15761484 | map: 3211 tracked, 1890 hot
[JIT] Stats: 131137536 sends, 4102 compiled, 3160247 failed, 16383/16384 KB code | IC: 16328404/22339288 (73% hit, 88573 patched, 0 stale) | J2J-r: 0/0 J2J-a: 10611321/20241114 J2J-d: 91505 J2J-s: 6259880/15771773 | map: 3211 tracked, 1890 hot
[JIT] Stats: 131203072 sends, 4102 compiled, 3160475 failed, 16383/16384 KB code | IC: 16337283/22351465 (73% hit, 88573 patched, 0 stale) | J2J-r: 0/0 J2J-a: 10616581/20251633 J2J-d: 91505 J2J-s: 6264912/15782064 | map: 3211 tracked, 1890 hot
[JIT] Stats: 131268608 sends, 4102 compiled, 3160703 failed, 16383/16384 KB code | IC: 16346163/22363643 (73% hit, 88573 patched, 0 stale) | J2J-r: 0/0 J2J-a: 10621840/20262152 J2J-d: 91505 J2J-s: 6269943/15792355 | map: 3211 tracked, 1890 hot
[JIT] Stats: 131334144 sends, 4102 compiled, 3160935 failed, 16383/16384 KB code | IC: 16355045/22375821 (73% hit, 88574 patched, 0 stale) | J2J-r: 0/0 J2J-a: 10627100/20272672 J2J-d: 91505 J2J-s: 6274970/15802642 | map: 3213 tracked, 1890 hot
[JIT] Stats: 131399680 sends, 4102 compiled, 3161166 failed, 16383/16384 KB code | IC: 16363917/22388004 (73% hit, 88591 patched, 0 stale) | J2J-r: 0/0 J2J-a: 10632366/20283197 J2J-d: 91515 J2J-s: 6279999/15812930 | map: 3211 tracked, 1890 hot
[JIT] Stats: 131465216 sends, 4102 compiled, 3161394 failed, 16383/16384 KB code | IC: 16372797/22400180 (73% hit, 88591 patched, 0 stale) | J2J-r: 0/0 J2J-a: 10637625/20293716 J2J-d: 91515 J2J-s: 6285030/15823221 | map: 3211 tracked, 1890 hot
[JIT] Stats: 131530752 sends, 4102 compiled, 3161624 failed, 16383/16384 KB code | IC: 16381679/22412359 (73% hit, 88591 patched, 0 stale) | J2J-r: 0/0 J2J-a: 10642885/20304235 J2J-d: 91515 J2J-s: 6290060/15833510 | map: 3211 tracked, 1890 hot
[JIT] Stats: 131596288 sends, 4102 compiled, 3161852 failed, 16383/16384 KB code | IC: 16390559/22424537 (73% hit, 88591 patched, 0 stale) | J2J-r: 0/0 J2J-a: 10648144/20314754 J2J-d: 91515 J2J-s: 6295091/15843801 | map: 3211 tracked, 1890 hot
[JIT] Stats: 131661824 sends, 4102 compiled, 3162080 failed, 16383/16384 KB code | IC: 16399435/22436714 (73% hit, 88591 patched, 0 stale) | J2J-r: 0/0 J2J-a: 10653402/20325270 J2J-d: 91515 J2J-s: 6300121/15854089 | map: 3211 tracked, 1890 hot
[JIT] Stats: 131727360 sends, 4102 compiled, 3162315 failed, 16383/16384 KB code | IC: 16408310/22448900 (73% hit, 88609 patched, 0 stale) | J2J-r: 0/0 J2J-a: 10658668/20335797 J2J-d: 91525 J2J-s: 6305145/15864374 | map: 3213 tracked, 1890 hot
[JIT] Stats: 131792896 sends, 4102 compiled, 3162543 failed, 16383/16384 KB code | IC: 16417188/22461079 (73% hit, 88609 patched, 0 stale) | J2J-r: 0/0 J2J-a: 10663927/20346314 J2J-d: 91525 J2J-s: 6310176/15874663 | map: 3213 tracked, 1890 hot
[JIT] Stats: 131858432 sends, 4102 compiled, 3162771 failed, 16383/16384 KB code | IC: 16426068/22473256 (73% hit, 88609 patched, 0 stale) | J2J-r: 0/0 J2J-a: 10669186/20356833 J2J-d: 91525 J2J-s: 6315207/15884954 | map: 3213 tracked, 1890 hot
[JIT] Stats: 131923968 sends, 4102 compiled, 3163001 failed, 16383/16384 KB code | IC: 16434949/22485435 (73% hit, 88609 patched, 0 stale) | J2J-r: 0/0 J2J-a: 10674445/20367351 J2J-d: 91525 J2J-s: 6320236/15895242 | map: 3213 tracked, 1890 hot
[JIT] Stats: 131989504 sends, 4102 compiled, 3163229 failed, 16383/16384 KB code | IC: 16443828/22497612 (73% hit, 88609 patched, 0 stale) | J2J-r: 0/0 J2J-a: 10679705/20377870 J2J-d: 91525 J2J-s: 6325268/15905533 | map: 3213 tracked, 1890 hot
[JIT] Stats: 132055040 sends, 4102 compiled, 3163460 failed, 16383/16384 KB code | IC: 16451223/22509794 (73% hit, 88627 patched, 0 stale) | J2J-r: 0/0 J2J-a: 10684970/20388397 J2J-d: 91536 J2J-s: 6330296/15915823 | map: 3211 tracked, 1890 hot
[JIT] Stats: 132120576 sends, 4102 compiled, 3163690 failed, 16383/16384 KB code | IC: 16458467/22521973 (73% hit, 88627 patched, 0 stale) | J2J-r: 0/0 J2J-a: 10690230/20398918 J2J-d: 91536 J2J-s: 6335326/15926114 | map: 3211 tracked, 1890 hot
[DIAG] P40 RGEnvironment>>ifNil: ip=50 fd=34
[DIAG]   [-1] RGComment>>backend
[DIAG]   [-2] RGComment>>content
[DIAG]   [-3] RGComment>>isEmptyOrNil
[DIAG]   [-4] RGComment>>isEmptyOrNil
[DIAG]   [-5] RGComment>>isEmptyOrNil
[DIAG]   [-6] RGComment>>isEmptyOrNil
[DIAG]   [-7] RGComment>>isEmptyOrNil
[DIAG]   [-8] RGComment>>isEmptyOrNil
[DIAG]   [-9] RGComment>>isEmptyOrNil
[DIAG]   [-10] RGComment>>isEmptyOrNil
[DIAG]   [-11] RGComment>>isEmptyOrNil
[DIAG]   [-12] RGComment>>isEmptyOrNil
[DIAG]   [-13] RGComment>>isEmptyOrNil
[DIAG]   [-14] RGComment>>isEmptyOrNil
[DIAG]   [-15] RGComment>>isEmptyOrNil
[DIAG]   [-16] RGComment>>isEmptyOrNil
[DIAG]   [-17] RGComment>>isEmptyOrNil
[DIAG]   [-18] RGComment>>isEmptyOrNil
[DIAG]   [-19] RGComment>>isEmptyOrNil
[DIAG]   [-20] RGComment>>isEmptyOrNil
[DIAG-TIMER] usecArmed=1 msArmed=0 timerWasArmed=1 timerSem=set lastSignal=0s ago nextUsec=0xe0f4a100ae0b3 nextMs=0
[DIAG-TIMER] wakeup delta=14754 usec (0.015 sec)
[DIAG-QUEUE] P80 proc=0x3037f62a8 susp=SUnitRunner class>>ifFalse:
[DIAG-QUEUE] P60 proc=0x312ad8658 susp=SUnitRunner class>>ifFalse:
[DIAG-QUEUE] P10 proc=0x303e55370 susp=ProcessorScheduler class>>idleProcess
[JIT] Stats: 132186112 sends, 4102 compiled, 3163920 failed, 16383/16384 KB code | IC: 16465709/22534149 (73% hit, 88628 patched, 0 stale) | J2J-r: 0/0 J2J-a: 10695490/20409437 J2J-d: 91536 J2J-s: 6340355/15936402 | map: 3213 tracked, 1890 hot
[PROGRESS] 180s: ~3397635777 steps
[JIT] Stats: 132251648 sends, 4102 compiled, 3164148 failed, 16383/16384 KB code | IC: 16472949/22546328 (73% hit, 88628 patched, 0 stale) | J2J-r: 0/0 J2J-a: 10700749/20419955 J2J-d: 91536 J2J-s: 6345386/15946692 | map: 3213 tracked, 1890 hot
[JIT] Stats: 132317184 sends, 4102 compiled, 3164383 failed, 16383/16384 KB code | IC: 16480289/22558511 (73% hit, 88646 patched, 0 stale) | J2J-r: 0/0 J2J-a: 10706016/20430486 J2J-d: 91547 J2J-s: 6350412/15956982 | map: 3211 tracked, 1890 hot
[JIT] Stats: 132382720 sends, 4102 compiled, 3164611 failed, 16383/16384 KB code | IC: 16489169/22570687 (73% hit, 88646 patched, 0 stale) | J2J-r: 0/0 J2J-a: 10711276/20441005 J2J-d: 91547 J2J-s: 6355444/15967273 | map: 3211 tracked, 1890 hot
[JIT] Stats: 132448256 sends, 4102 compiled, 3164839 failed, 16383/16384 KB code | IC: 16498049/22582865 (73% hit, 88646 patched, 0 stale) | J2J-r: 0/0 J2J-a: 10716536/20451524 J2J-d: 91547 J2J-s: 6360476/15977564 | map: 3211 tracked, 1890 hot
[JIT] Stats: 132513792 sends, 4102 compiled, 3165069 failed, 16383/16384 KB code | IC: 16506930/22595043 (73% hit, 88646 patched, 0 stale) | J2J-r: 0/0 J2J-a: 10721795/20462043 J2J-d: 91547 J2J-s: 6365505/15987853 | map: 3211 tracked, 1890 hot
[JIT] Stats: 132579328 sends, 4102 compiled, 3165301 failed, 16383/16384 KB code | IC: 16515811/22607221 (73% hit, 88647 patched, 0 stale) | J2J-r: 0/0 J2J-a: 10727056/20472563 J2J-d: 91547 J2J-s: 6370533/15998140 | map: 3213 tracked, 1890 hot
[JIT] Stats: 132644864 sends, 4102 compiled, 3165532 failed, 16383/16384 KB code | IC: 16524684/22619404 (73% hit, 88664 patched, 0 stale) | J2J-r: 0/0 J2J-a: 10732320/20483088 J2J-d: 91557 J2J-s: 6375560/16008428 | map: 3211 tracked, 1890 hot
[JIT] Stats: 132710400 sends, 4102 compiled, 3165762 failed, 16383/16384 KB code | IC: 16533566/22631582 (73% hit, 88664 patched, 0 stale) | J2J-r: 0/0 J2J-a: 10737581/20493608 J2J-d: 91557 J2J-s: 6380591/16018718 | map: 3211 tracked, 1890 hot
[JIT] Stats: 132775936 sends, 4102 compiled, 3165990 failed, 16383/16384 KB code | IC: 16542445/22643758 (73% hit, 88664 patched, 0 stale) | J2J-r: 0/0 J2J-a: 10742840/20504127 J2J-d: 91557 J2J-s: 6385622/16029009 | map: 3211 tracked, 1890 hot
[JIT] Stats: 132841472 sends, 4102 compiled, 3166218 failed, 16383/16384 KB code | IC: 16551325/22655935 (73% hit, 88664 patched, 0 stale) | J2J-r: 0/0 J2J-a: 10748099/20514645 J2J-d: 91557 J2J-s: 6390653/16039299 | map: 3211 tracked, 1890 hot
[JIT] Stats: 132907008 sends, 4102 compiled, 3166446 failed, 16383/16384 KB code | IC: 16560203/22668112 (73% hit, 88664 patched, 0 stale) | J2J-r: 0/0 J2J-a: 10753358/20525163 J2J-d: 91557 J2J-s: 6395684/16049589 | map: 3211 tracked, 1890 hot
[JIT] Stats: 132972544 sends, 4102 compiled, 3166679 failed, 16383/16384 KB code | IC: 16569077/22680298 (73% hit, 88682 patched, 0 stale) | J2J-r: 0/0 J2J-a: 10758624/20535690 J2J-d: 91567 J2J-s: 6400710/16059876 | map: 3211 tracked, 1890 hot
[MUSTBOOL] #4 fd=0 value_class=UndefinedObject value=0x300000000 in=#setDelay:forSemaphore: rcv_class=DelayWaitTimeout method=0x300380938 numLits=6 ipOff=7
[MUSTBOOL] #5 fd=0 value_class=UndefinedObject value=0x300000000 in=#ifNotNil: rcv_class=DelaySemaphoreScheduler method=0x300391ba0 numLits=13 ipOff=51
[JIT] Stats: 133038080 sends, 4102 compiled, 3167563 failed, 16383/16384 KB code | IC: 16576067/22689848 (73% hit, 88867 patched, 0 stale) | J2J-r: 0/0 J2J-a: 10762865/20544096 J2J-d: 91698 J2J-s: 6404337/16067608 | map: 3519 tracked, 2095 hot
[JIT] Stats: 133103616 sends, 4102 compiled, 3167598 failed, 16383/16384 KB code | IC: 16576142/22689926 (73% hit, 88869 patched, 0 stale) | J2J-r: 0/0 J2J-a: 10762902/20544174 J2J-d: 91700 J2J-s: 6404350/16067661 | map: 3520 tracked, 2111 hot
[JIT] Stats: 133169152 sends, 4102 compiled, 3167618 failed, 16383/16384 KB code | IC: 16576202/22689986 (73% hit, 88869 patched, 0 stale) | J2J-r: 0/0 J2J-a: 10762932/20544234 J2J-d: 91700 J2J-s: 6404360/16067701 | map: 3520 tracked, 2111 hot
[JIT] Stats: 133234688 sends, 4102 compiled, 3167630 failed, 16383/16384 KB code | IC: 16576238/22690022 (73% hit, 88869 patched, 0 stale) | J2J-r: 0/0 J2J-a: 10762950/20544270 J2J-d: 91700 J2J-s: 6404366/16067725 | map: 3520 tracked, 2111 hot
[JIT] Stats: 133300224 sends, 4102 compiled, 3167650 failed, 16383/16384 KB code | IC: 16576298/22690082 (73% hit, 88869 patched, 0 stale) | J2J-r: 0/0 J2J-a: 10762980/20544330 J2J-d: 91700 J2J-s: 6404376/16067765 | map: 3520 tracked, 2111 hot
[JIT] Stats: 133365760 sends, 4102 compiled, 3167666 failed, 16383/16384 KB code | IC: 16576346/22690130 (73% hit, 88869 patched, 0 stale) | J2J-r: 0/0 J2J-a: 10763004/20544378 J2J-d: 91700 J2J-s: 6404384/16067797 | map: 3520 tracked, 2111 hot
[JIT] Stats: 133431296 sends, 4102 compiled, 3167682 failed, 16383/16384 KB code | IC: 16576394/22690178 (73% hit, 88869 patched, 0 stale) | J2J-r: 0/0 J2J-a: 10763028/20544426 J2J-d: 91700 J2J-s: 6404392/16067829 | map: 3520 tracked, 2111 hot
[JIT] Stats: 133496832 sends, 4102 compiled, 3167702 failed, 16383/16384 KB code | IC: 16576454/22690238 (73% hit, 88869 patched, 0 stale) | J2J-r: 0/0 J2J-a: 10763058/20544486 J2J-d: 91700 J2J-s: 6404402/16067869 | map: 3520 tracked, 2111 hot
[JIT] Stats: 133562368 sends, 4102 compiled, 3167714 failed, 16383/16384 KB code | IC: 16576490/22690274 (73% hit, 88869 patched, 0 stale) | J2J-r: 0/0 J2J-a: 10763076/20544522 J2J-d: 91700 J2J-s: 6404408/16067893 | map: 3520 tracked, 2111 hot
[JIT] Stats: 133627904 sends, 4102 compiled, 3167734 failed, 16383/16384 KB code | IC: 16576550/22690334 (73% hit, 88869 patched, 0 stale) | J2J-r: 0/0 J2J-a: 10763106/20544582 J2J-d: 91700 J2J-s: 6404418/16067933 | map: 3520 tracked, 2111 hot
[JIT] Stats: 133693440 sends, 4102 compiled, 3167750 failed, 16383/16384 KB code | IC: 16576598/22690382 (73% hit, 88869 patched, 0 stale) | J2J-r: 0/0 J2J-a: 10763130/20544630 J2J-d: 91700 J2J-s: 6404426/16067965 | map: 3520 tracked, 2111 hot
[JIT] Stats: 133758976 sends, 4102 compiled, 3167766 failed, 16383/16384 KB code | IC: 16576646/22690430 (73% hit, 88869 patched, 0 stale) | J2J-r: 0/0 J2J-a: 10763154/20544678 J2J-d: 91700 J2J-s: 6404434/16067997 | map: 3520 tracked, 2111 hot
[JIT] Stats: 133824512 sends, 4102 compiled, 3167786 failed, 16383/16384 KB code | IC: 16576706/22690490 (73% hit, 88869 patched, 0 stale) | J2J-r: 0/0 J2J-a: 10763184/20544738 J2J-d: 91700 J2J-s: 6404444/16068037 | map: 3520 tracked, 2111 hot
[JIT] Stats: 133890048 sends, 4102 compiled, 3167802 failed, 16383/16384 KB code | IC: 16576754/22690538 (73% hit, 88869 patched, 0 stale) | J2J-r: 0/0 J2J-a: 10763208/20544786 J2J-d: 91700 J2J-s: 6404452/16068069 | map: 3520 tracked, 2111 hot
[JIT] Stats: 133955584 sends, 4102 compiled, 3167818 failed, 16383/16384 KB code | IC: 16576802/22690586 (73% hit, 88869 patched, 0 stale) | J2J-r: 0/0 J2J-a: 10763232/20544834 J2J-d: 91700 J2J-s: 6404460/16068101 | map: 3520 tracked, 2111 hot
[JIT] Stats: 134021120 sends, 4102 compiled, 3167834 failed, 16383/16384 KB code | IC: 16576850/22690634 (73% hit, 88869 patched, 0 stale) | J2J-r: 0/0 J2J-a: 10763256/20544882 J2J-d: 91700 J2J-s: 6404468/16068133 | map: 3520 tracked, 2111 hot
[JIT] Stats: 134086656 sends, 4102 compiled, 3167854 failed, 16383/16384 KB code | IC: 16576910/22690694 (73% hit, 88869 patched, 0 stale) | J2J-r: 0/0 J2J-a: 10763286/20544942 J2J-d: 91700 J2J-s: 6404478/16068173 | map: 3520 tracked, 2111 hot
[JIT] Stats: 134152192 sends, 4102 compiled, 3167870 failed, 16383/16384 KB code | IC: 16576958/22690742 (73% hit, 88869 patched, 0 stale) | J2J-r: 0/0 J2J-a: 10763310/20544990 J2J-d: 91700 J2J-s: 6404486/16068205 | map: 3520 tracked, 2111 hot
[JIT] Stats: 134217728 sends, 4102 compiled, 3167886 failed, 16383/16384 KB code | IC: 16577006/22690790 (73% hit, 88869 patched, 0 stale) | J2J-r: 0/0 J2J-a: 10763334/20545038 J2J-d: 91700 J2J-s: 6404494/16068237 | map: 3520 tracked, 2111 hot
[JIT] Stats: 134283264 sends, 4102 compiled, 3167902 failed, 16383/16384 KB code | IC: 16577054/22690838 (73% hit, 88869 patched, 0 stale) | J2J-r: 0/0 J2J-a: 10763358/20545086 J2J-d: 91700 J2J-s: 6404502/16068269 | map: 3520 tracked, 2111 hot
[JIT] Stats: 134348800 sends, 4102 compiled, 3167922 failed, 16383/16384 KB code | IC: 16577114/22690898 (73% hit, 88869 patched, 0 stale) | J2J-r: 0/0 J2J-a: 10763388/20545146 J2J-d: 91700 J2J-s: 6404512/16068309 | map: 3520 tracked, 2111 hot
[JIT] Stats: 134414336 sends, 4102 compiled, 3167938 failed, 16383/16384 KB code | IC: 16577162/22690946 (73% hit, 88869 patched, 0 stale) | J2J-r: 0/0 J2J-a: 10763412/20545194 J2J-d: 91700 J2J-s: 6404520/16068341 | map: 3520 tracked, 2111 hot
[JIT] Stats: 134479872 sends, 4102 compiled, 3167954 failed, 16383/16384 KB code | IC: 16577210/22690994 (73% hit, 88869 patched, 0 stale) | J2J-r: 0/0 J2J-a: 10763436/20545242 J2J-d: 91700 J2J-s: 6404528/16068373 | map: 3520 tracked, 2111 hot
[JIT] Stats: 134545408 sends, 4102 compiled, 3167970 failed, 16383/16384 KB code | IC: 16577258/22691042 (73% hit, 88869 patched, 0 stale) | J2J-r: 0/0 J2J-a: 10763460/20545290 J2J-d: 91700 J2J-s: 6404536/16068405 | map: 3520 tracked, 2111 hot
[JIT] Stats: 134610944 sends, 4102 compiled, 3167990 failed, 16383/16384 KB code | IC: 16577318/22691102 (73% hit, 88869 patched, 0 stale) | J2J-r: 0/0 J2J-a: 10763490/20545350 J2J-d: 91700 J2J-s: 6404546/16068445 | map: 3520 tracked, 2111 hot
[JIT] Stats: 134676480 sends, 4102 compiled, 3168006 failed, 16383/16384 KB code | IC: 16577366/22691150 (73% hit, 88869 patched, 0 stale) | J2J-r: 0/0 J2J-a: 10763514/20545398 J2J-d: 91700 J2J-s: 6404554/16068477 | map: 3520 tracked, 2111 hot
[JIT] Stats: 134742016 sends, 4102 compiled, 3168022 failed, 16383/16384 KB code | IC: 16577414/22691198 (73% hit, 88869 patched, 0 stale) | J2J-r: 0/0 J2J-a: 10763538/20545446 J2J-d: 91700 J2J-s: 6404562/16068509 | map: 3520 tracked, 2111 hot
[JIT] Stats: 134807552 sends, 4102 compiled, 3168042 failed, 16383/16384 KB code | IC: 16577474/22691258 (73% hit, 88869 patched, 0 stale) | J2J-r: 0/0 J2J-a: 10763568/20545506 J2J-d: 91700 J2J-s: 6404572/16068549 | map: 3520 tracked, 2111 hot
[JIT] Stats: 134873088 sends, 4102 compiled, 3168054 failed, 16383/16384 KB code | IC: 16577510/22691294 (73% hit, 88869 patched, 0 stale) | J2J-r: 0/0 J2J-a: 10763586/20545542 J2J-d: 91700 J2J-s: 6404578/16068573 | map: 3520 tracked, 2111 hot
[JIT] Stats: 134938624 sends, 4102 compiled, 3168074 failed, 16383/16384 KB code | IC: 16577570/22691354 (73% hit, 88869 patched, 0 stale) | J2J-r: 0/0 J2J-a: 10763616/20545602 J2J-d: 91700 J2J-s: 6404588/16068613 | map: 3520 tracked, 2111 hot
[JIT] Stats: 135004160 sends, 4102 compiled, 3168094 failed, 16383/16384 KB code | IC: 16577630/22691414 (73% hit, 88869 patched, 0 stale) | J2J-r: 0/0 J2J-a: 10763646/20545662 J2J-d: 91700 J2J-s: 6404598/16068653 | map: 3520 tracked, 2111 hot
[JIT] Stats: 135069696 sends, 4102 compiled, 3168106 failed, 16383/16384 KB code | IC: 16577666/22691450 (73% hit, 88869 patched, 0 stale) | J2J-r: 0/0 J2J-a: 10763664/20545698 J2J-d: 91700 J2J-s: 6404604/16068677 | map: 3520 tracked, 2111 hot
[JIT] Stats: 135135232 sends, 4102 compiled, 3168126 failed, 16383/16384 KB code | IC: 16577726/22691510 (73% hit, 88869 patched, 0 stale) | J2J-r: 0/0 J2J-a: 10763694/20545758 J2J-d: 91700 J2J-s: 6404614/16068717 | map: 3520 tracked, 2111 hot
[JIT] Stats: 135200768 sends, 4102 compiled, 3168138 failed, 16383/16384 KB code | IC: 16577762/22691546 (73% hit, 88869 patched, 0 stale) | J2J-r: 0/0 J2J-a: 10763712/20545794 J2J-d: 91700 J2J-s: 6404620/16068741 | map: 3520 tracked, 2111 hot
[JIT] Stats: 135266304 sends, 4102 compiled, 3168158 failed, 16383/16384 KB code | IC: 16577822/22691606 (73% hit, 88869 patched, 0 stale) | J2J-r: 0/0 J2J-a: 10763742/20545854 J2J-d: 91700 J2J-s: 6404630/16068781 | map: 3520 tracked, 2111 hot
[JIT] Stats: 135331840 sends, 4102 compiled, 3168178 failed, 16383/16384 KB code | IC: 16577882/22691666 (73% hit, 88869 patched, 0 stale) | J2J-r: 0/0 J2J-a: 10763772/20545914 J2J-d: 91700 J2J-s: 6404640/16068821 | map: 3520 tracked, 2111 hot
[JIT] Stats: 135397376 sends, 4102 compiled, 3168190 failed, 16383/16384 KB code | IC: 16577918/22691702 (73% hit, 88869 patched, 0 stale) | J2J-r: 0/0 J2J-a: 10763790/20545950 J2J-d: 91700 J2J-s: 6404646/16068845 | map: 3520 tracked, 2111 hot
[JIT] Stats: 135462912 sends, 4102 compiled, 3168210 failed, 16383/16384 KB code | IC: 16577978/22691762 (73% hit, 88869 patched, 0 stale) | J2J-r: 0/0 J2J-a: 10763820/20546010 J2J-d: 91700 J2J-s: 6404656/16068885 | map: 3520 tracked, 2111 hot
[JIT] Stats: 135528448 sends, 4102 compiled, 3168230 failed, 16383/16384 KB code | IC: 16578038/22691822 (73% hit, 88869 patched, 0 stale) | J2J-r: 0/0 J2J-a: 10763850/20546070 J2J-d: 91700 J2J-s: 6404666/16068925 | map: 3520 tracked, 2111 hot
[JIT] Stats: 135593984 sends, 4102 compiled, 3168242 failed, 16383/16384 KB code | IC: 16578074/22691858 (73% hit, 88869 patched, 0 stale) | J2J-r: 0/0 J2J-a: 10763868/20546106 J2J-d: 91700 J2J-s: 6404672/16068949 | map: 3520 tracked, 2111 hot
[JIT] Stats: 135659520 sends, 4102 compiled, 3168262 failed, 16383/16384 KB code | IC: 16578134/22691918 (73% hit, 88869 patched, 0 stale) | J2J-r: 0/0 J2J-a: 10763898/20546166 J2J-d: 91700 J2J-s: 6404682/16068989 | map: 3520 tracked, 2111 hot
[JIT] Stats: 135725056 sends, 4102 compiled, 3168278 failed, 16383/16384 KB code | IC: 16578182/22691966 (73% hit, 88869 patched, 0 stale) | J2J-r: 0/0 J2J-a: 10763922/20546214 J2J-d: 91700 J2J-s: 6404690/16069021 | map: 3520 tracked, 2111 hot
[JIT] Stats: 135790592 sends, 4102 compiled, 3168294 failed, 16383/16384 KB code | IC: 16578230/22692014 (73% hit, 88869 patched, 0 stale) | J2J-r: 0/0 J2J-a: 10763946/20546262 J2J-d: 91700 J2J-s: 6404698/16069053 | map: 3520 tracked, 2111 hot
[JIT] Stats: 135856128 sends, 4102 compiled, 3168314 failed, 16383/16384 KB code | IC: 16578290/22692074 (73% hit, 88869 patched, 0 stale) | J2J-r: 0/0 J2J-a: 10763976/20546322 J2J-d: 91700 J2J-s: 6404708/16069093 | map: 3520 tracked, 2111 hot
[JIT] Stats: 135921664 sends, 4102 compiled, 3168326 failed, 16383/16384 KB code | IC: 16578326/22692110 (73% hit, 88869 patched, 0 stale) | J2J-r: 0/0 J2J-a: 10763994/20546358 J2J-d: 91700 J2J-s: 6404714/16069117 | map: 3520 tracked, 2111 hot
[JIT] Stats: 135987200 sends, 4102 compiled, 3168346 failed, 16383/16384 KB code | IC: 16578386/22692170 (73% hit, 88869 patched, 0 stale) | J2J-r: 0/0 J2J-a: 10764024/20546418 J2J-d: 91700 J2J-s: 6404724/16069157 | map: 3520 tracked, 2111 hot
[JIT] Stats: 136052736 sends, 4102 compiled, 3168362 failed, 16383/16384 KB code | IC: 16578434/22692218 (73% hit, 88869 patched, 0 stale) | J2J-r: 0/0 J2J-a: 10764048/20546466 J2J-d: 91700 J2J-s: 6404732/16069189 | map: 3520 tracked, 2111 hot
[JIT] Stats: 136118272 sends, 4102 compiled, 3168378 failed, 16383/16384 KB code | IC: 16578482/22692266 (73% hit, 88869 patched, 0 stale) | J2J-r: 0/0 J2J-a: 10764072/20546514 J2J-d: 91700 J2J-s: 6404740/16069221 | map: 3520 tracked, 2111 hot
[JIT] Stats: 136183808 sends, 4102 compiled, 3168398 failed, 16383/16384 KB code | IC: 16578542/22692326 (73% hit, 88869 patched, 0 stale) | J2J-r: 0/0 J2J-a: 10764102/20546574 J2J-d: 91700 J2J-s: 6404750/16069261 | map: 3520 tracked, 2111 hot
[JIT] Stats: 136249344 sends, 4102 compiled, 3168414 failed, 16383/16384 KB code | IC: 16578590/22692374 (73% hit, 88869 patched, 0 stale) | J2J-r: 0/0 J2J-a: 10764126/20546622 J2J-d: 91700 J2J-s: 6404758/16069293 | map: 3520 tracked, 2111 hot
[JIT] Stats: 136314880 sends, 4102 compiled, 3168430 failed, 16383/16384 KB code | IC: 16578638/22692422 (73% hit, 88869 patched, 0 stale) | J2J-r: 0/0 J2J-a: 10764150/20546670 J2J-d: 91700 J2J-s: 6404766/16069325 | map: 3520 tracked, 2111 hot
[JIT] Stats: 136380416 sends, 4102 compiled, 3168446 failed, 16383/16384 KB code | IC: 16578686/22692470 (73% hit, 88869 patched, 0 stale) | J2J-r: 0/0 J2J-a: 10764174/20546718 J2J-d: 91700 J2J-s: 6404774/16069357 | map: 3520 tracked, 2111 hot
[JIT] Stats: 136445952 sends, 4102 compiled, 3168466 failed, 16383/16384 KB code | IC: 16578746/22692530 (73% hit, 88869 patched, 0 stale) | J2J-r: 0/0 J2J-a: 10764204/20546778 J2J-d: 91700 J2J-s: 6404784/16069397 | map: 3520 tracked, 2111 hot
[JIT] Stats: 136511488 sends, 4102 compiled, 3168482 failed, 16383/16384 KB code | IC: 16578794/22692578 (73% hit, 88869 patched, 0 stale) | J2J-r: 0/0 J2J-a: 10764228/20546826 J2J-d: 91700 J2J-s: 6404792/16069429 | map: 3520 tracked, 2111 hot
[JIT] Stats: 136577024 sends, 4102 compiled, 3168498 failed, 16383/16384 KB code | IC: 16578842/22692626 (73% hit, 88869 patched, 0 stale) | J2J-r: 0/0 J2J-a: 10764252/20546874 J2J-d: 91700 J2J-s: 6404800/16069461 | map: 3520 tracked, 2111 hot
[JIT] Stats: 136642560 sends, 4102 compiled, 3168514 failed, 16383/16384 KB code | IC: 16578890/22692674 (73% hit, 88869 patched, 0 stale) | J2J-r: 0/0 J2J-a: 10764276/20546922 J2J-d: 91700 J2J-s: 6404808/16069493 | map: 3520 tracked, 2111 hot
[JIT] Stats: 136708096 sends, 4102 compiled, 3168530 failed, 16383/16384 KB code | IC: 16578938/22692722 (73% hit, 88869 patched, 0 stale) | J2J-r: 0/0 J2J-a: 10764300/20546970 J2J-d: 91700 J2J-s: 6404816/16069525 | map: 3520 tracked, 2111 hot
[JIT] Stats: 136773632 sends, 4102 compiled, 3168550 failed, 16383/16384 KB code | IC: 16578998/22692782 (73% hit, 88869 patched, 0 stale) | J2J-r: 0/0 J2J-a: 10764330/20547030 J2J-d: 91700 J2J-s: 6404826/16069565 | map: 3520 tracked, 2111 hot
[JIT] Stats: 136839168 sends, 4102 compiled, 3168566 failed, 16383/16384 KB code | IC: 16579046/22692830 (73% hit, 88869 patched, 0 stale) | J2J-r: 0/0 J2J-a: 10764354/20547078 J2J-d: 91700 J2J-s: 6404834/16069597 | map: 3520 tracked, 2111 hot
[JIT] Stats: 136904704 sends, 4102 compiled, 3168582 failed, 16383/16384 KB code | IC: 16579094/22692878 (73% hit, 88869 patched, 0 stale) | J2J-r: 0/0 J2J-a: 10764378/20547126 J2J-d: 91700 J2J-s: 6404842/16069629 | map: 3520 tracked, 2111 hot
[JIT] Stats: 136970240 sends, 4102 compiled, 3168602 failed, 16383/16384 KB code | IC: 16579154/22692938 (73% hit, 88869 patched, 0 stale) | J2J-r: 0/0 J2J-a: 10764408/20547186 J2J-d: 91700 J2J-s: 6404852/16069669 | map: 3520 tracked, 2111 hot
[JIT] Stats: 137035776 sends, 4102 compiled, 3168618 failed, 16383/16384 KB code | IC: 16579202/22692986 (73% hit, 88869 patched, 0 stale) | J2J-r: 0/0 J2J-a: 10764432/20547234 J2J-d: 91700 J2J-s: 6404860/16069701 | map: 3520 tracked, 2111 hot
[JIT] Stats: 137101312 sends, 4102 compiled, 3168634 failed, 16383/16384 KB code | IC: 16579250/22693034 (73% hit, 88869 patched, 0 stale) | J2J-r: 0/0 J2J-a: 10764456/20547282 J2J-d: 91700 J2J-s: 6404868/16069733 | map: 3520 tracked, 2111 hot
[JIT] Stats: 137166848 sends, 4102 compiled, 3168654 failed, 16383/16384 KB code | IC: 16579310/22693094 (73% hit, 88869 patched, 0 stale) | J2J-r: 0/0 J2J-a: 10764486/20547342 J2J-d: 91700 J2J-s: 6404878/16069773 | map: 3520 tracked, 2111 hot
[JIT] Stats: 137232384 sends, 4102 compiled, 3168666 failed, 16383/16384 KB code | IC: 16579346/22693130 (73% hit, 88869 patched, 0 stale) | J2J-r: 0/0 J2J-a: 10764504/20547378 J2J-d: 91700 J2J-s: 6404884/16069797 | map: 3520 tracked, 2111 hot
[JIT] Stats: 137297920 sends, 4102 compiled, 3168690 failed, 16383/16384 KB code | IC: 16579398/22693183 (73% hit, 88869 patched, 0 stale) | J2J-r: 0/0 J2J-a: 10764531/20547430 J2J-d: 91700 J2J-s: 6404892/16069830 | map: 3523 tracked, 2111 hot
[JIT] Stats: 137363456 sends, 4102 compiled, 3168710 failed, 16383/16384 KB code | IC: 16579458/22693243 (73% hit, 88869 patched, 0 stale) | J2J-r: 0/0 J2J-a: 10764561/20547490 J2J-d: 91700 J2J-s: 6404902/16069870 | map: 3523 tracked, 2111 hot
[JIT] Stats: 137428992 sends, 4102 compiled, 3168722 failed, 16383/16384 KB code | IC: 16579494/22693279 (73% hit, 88869 patched, 0 stale) | J2J-r: 0/0 J2J-a: 10764579/20547526 J2J-d: 91700 J2J-s: 6404908/16069894 | map: 3523 tracked, 2111 hot
[JIT] Stats: 137494528 sends, 4102 compiled, 3168742 failed, 16383/16384 KB code | IC: 16579554/22693339 (73% hit, 88869 patched, 0 stale) | J2J-r: 0/0 J2J-a: 10764609/20547586 J2J-d: 91700 J2J-s: 6404918/16069934 | map: 3523 tracked, 2111 hot
[JIT] Stats: 137560064 sends, 4102 compiled, 3168754 failed, 16383/16384 KB code | IC: 16579590/22693375 (73% hit, 88869 patched, 0 stale) | J2J-r: 0/0 J2J-a: 10764627/20547622 J2J-d: 91700 J2J-s: 6404924/16069958 | map: 3523 tracked, 2111 hot
[JIT] Stats: 137625600 sends, 4102 compiled, 3168774 failed, 16383/16384 KB code | IC: 16579650/22693435 (73% hit, 88869 patched, 0 stale) | J2J-r: 0/0 J2J-a: 10764657/20547682 J2J-d: 91700 J2J-s: 6404934/16069998 | map: 3523 tracked, 2111 hot
[JIT] Stats: 137691136 sends, 4102 compiled, 3168794 failed, 16383/16384 KB code | IC: 16579710/22693495 (73% hit, 88869 patched, 0 stale) | J2J-r: 0/0 J2J-a: 10764687/20547742 J2J-d: 91700 J2J-s: 6404944/16070038 | map: 3523 tracked, 2111 hot
[JIT] Stats: 137756672 sends, 4102 compiled, 3168806 failed, 16383/16384 KB code | IC: 16579746/22693531 (73% hit, 88869 patched, 0 stale) | J2J-r: 0/0 J2J-a: 10764705/20547778 J2J-d: 91700 J2J-s: 6404950/16070062 | map: 3523 tracked, 2111 hot
[JIT] Stats: 137822208 sends, 4102 compiled, 3168826 failed, 16383/16384 KB code | IC: 16579806/22693591 (73% hit, 88869 patched, 0 stale) | J2J-r: 0/0 J2J-a: 10764735/20547838 J2J-d: 91700 J2J-s: 6404960/16070102 | map: 3523 tracked, 2111 hot
[JIT] Stats: 137887744 sends, 4102 compiled, 3168842 failed, 16383/16384 KB code | IC: 16579854/22693639 (73% hit, 88869 patched, 0 stale) | J2J-r: 0/0 J2J-a: 10764759/20547886 J2J-d: 91700 J2J-s: 6404968/16070134 | map: 3523 tracked, 2111 hot
[JIT] Stats: 137953280 sends, 4102 compiled, 3168858 failed, 16383/16384 KB code | IC: 16579902/22693687 (73% hit, 88869 patched, 0 stale) | J2J-r: 0/0 J2J-a: 10764783/20547934 J2J-d: 91700 J2J-s: 6404976/16070166 | map: 3523 tracked, 2111 hot
[JIT] Stats: 138018816 sends, 4102 compiled, 3168878 failed, 16383/16384 KB code | IC: 16579962/22693747 (73% hit, 88869 patched, 0 stale) | J2J-r: 0/0 J2J-a: 10764813/20547994 J2J-d: 91700 J2J-s: 6404986/16070206 | map: 3523 tracked, 2111 hot
[JIT] Stats: 138084352 sends, 4102 compiled, 3168894 failed, 16383/16384 KB code | IC: 16580010/22693795 (73% hit, 88869 patched, 0 stale) | J2J-r: 0/0 J2J-a: 10764837/20548042 J2J-d: 91700 J2J-s: 6404994/16070238 | map: 3523 tracked, 2111 hot
[JIT] Stats: 138149888 sends, 4102 compiled, 3168910 failed, 16383/16384 KB code | IC: 16580058/22693843 (73% hit, 88869 patched, 0 stale) | J2J-r: 0/0 J2J-a: 10764861/20548090 J2J-d: 91700 J2J-s: 6405002/16070270 | map: 3523 tracked, 2111 hot
[JIT] Stats: 138215424 sends, 4102 compiled, 3168926 failed, 16383/16384 KB code | IC: 16580106/22693891 (73% hit, 88869 patched, 0 stale) | J2J-r: 0/0 J2J-a: 10764885/20548138 J2J-d: 91700 J2J-s: 6405010/16070302 | map: 3523 tracked, 2111 hot
[JIT] Stats: 138280960 sends, 4102 compiled, 3168942 failed, 16383/16384 KB code | IC: 16580154/22693939 (73% hit, 88869 patched, 0 stale) | J2J-r: 0/0 J2J-a: 10764909/20548186 J2J-d: 91700 J2J-s: 6405018/16070334 | map: 3523 tracked, 2111 hot
[JIT] Stats: 138346496 sends, 4102 compiled, 3168962 failed, 16383/16384 KB code | IC: 16580214/22693999 (73% hit, 88869 patched, 0 stale) | J2J-r: 0/0 J2J-a: 10764939/20548246 J2J-d: 91700 J2J-s: 6405028/16070374 | map: 3523 tracked, 2111 hot
[JIT] Stats: 138412032 sends, 4102 compiled, 3168978 failed, 16383/16384 KB code | IC: 16580262/22694047 (73% hit, 88869 patched, 0 stale) | J2J-r: 0/0 J2J-a: 10764963/20548294 J2J-d: 91700 J2J-s: 6405036/16070406 | map: 3523 tracked, 2111 hot
[JIT] Stats: 138477568 sends, 4102 compiled, 3168994 failed, 16383/16384 KB code | IC: 16580310/22694095 (73% hit, 88869 patched, 0 stale) | J2J-r: 0/0 J2J-a: 10764987/20548342 J2J-d: 91700 J2J-s: 6405044/16070438 | map: 3523 tracked, 2111 hot
[JIT] Stats: 138543104 sends, 4102 compiled, 3169014 failed, 16383/16384 KB code | IC: 16580370/22694155 (73% hit, 88869 patched, 0 stale) | J2J-r: 0/0 J2J-a: 10765017/20548402 J2J-d: 91700 J2J-s: 6405054/16070478 | map: 3523 tracked, 2111 hot
[JIT] Stats: 138608640 sends, 4102 compiled, 3169030 failed, 16383/16384 KB code | IC: 16580418/22694203 (73% hit, 88869 patched, 0 stale) | J2J-r: 0/0 J2J-a: 10765041/20548450 J2J-d: 91700 J2J-s: 6405062/16070510 | map: 3523 tracked, 2111 hot
[JIT] Stats: 138674176 sends, 4102 compiled, 3169046 failed, 16383/16384 KB code | IC: 16580466/22694251 (73% hit, 88869 patched, 0 stale) | J2J-r: 0/0 J2J-a: 10765065/20548498 J2J-d: 91700 J2J-s: 6405070/16070542 | map: 3523 tracked, 2111 hot
[JIT] Stats: 138739712 sends, 4102 compiled, 3169062 failed, 16383/16384 KB code | IC: 16580514/22694299 (73% hit, 88869 patched, 0 stale) | J2J-r: 0/0 J2J-a: 10765089/20548546 J2J-d: 91700 J2J-s: 6405078/16070574 | map: 3523 tracked, 2111 hot
[JIT] Stats: 138805248 sends, 4102 compiled, 3169082 failed, 16383/16384 KB code | IC: 16580574/22694359 (73% hit, 88869 patched, 0 stale) | J2J-r: 0/0 J2J-a: 10765119/20548606 J2J-d: 91700 J2J-s: 6405088/16070614 | map: 3523 tracked, 2111 hot
[JIT] Stats: 138870784 sends, 4102 compiled, 3169098 failed, 16383/16384 KB code | IC: 16580622/22694407 (73% hit, 88869 patched, 0 stale) | J2J-r: 0/0 J2J-a: 10765143/20548654 J2J-d: 91700 J2J-s: 6405096/16070646 | map: 3523 tracked, 2111 hot
[JIT] Stats: 138936320 sends, 4102 compiled, 3169114 failed, 16383/16384 KB code | IC: 16580670/22694455 (73% hit, 88869 patched, 0 stale) | J2J-r: 0/0 J2J-a: 10765167/20548702 J2J-d: 91700 J2J-s: 6405104/16070678 | map: 3523 tracked, 2111 hot
[JIT] Stats: 139001856 sends, 4102 compiled, 3169130 failed, 16383/16384 KB code | IC: 16580718/22694503 (73% hit, 88869 patched, 0 stale) | J2J-r: 0/0 J2J-a: 10765191/20548750 J2J-d: 91700 J2J-s: 6405112/16070710 | map: 3523 tracked, 2111 hot
[JIT] Stats: 139067392 sends, 4102 compiled, 3169146 failed, 16383/16384 KB code | IC: 16580766/22694551 (73% hit, 88869 patched, 0 stale) | J2J-r: 0/0 J2J-a: 10765215/20548798 J2J-d: 91700 J2J-s: 6405120/16070742 | map: 3523 tracked, 2111 hot
[JIT] Stats: 139132928 sends, 4102 compiled, 3169166 failed, 16383/16384 KB code | IC: 16580826/22694611 (73% hit, 88869 patched, 0 stale) | J2J-r: 0/0 J2J-a: 10765245/20548858 J2J-d: 91700 J2J-s: 6405130/16070782 | map: 3523 tracked, 2111 hot
[JIT] Stats: 139198464 sends, 4102 compiled, 3169182 failed, 16383/16384 KB code | IC: 16580874/22694659 (73% hit, 88869 patched, 0 stale) | J2J-r: 0/0 J2J-a: 10765269/20548906 J2J-d: 91700 J2J-s: 6405138/16070814 | map: 3523 tracked, 2111 hot
[JIT] Stats: 139264000 sends, 4102 compiled, 3169198 failed, 16383/16384 KB code | IC: 16580922/22694707 (73% hit, 88869 patched, 0 stale) | J2J-r: 0/0 J2J-a: 10765293/20548954 J2J-d: 91700 J2J-s: 6405146/16070846 | map: 3523 tracked, 2111 hot
[JIT] Stats: 139329536 sends, 4102 compiled, 3169218 failed, 16383/16384 KB code | IC: 16580982/22694767 (73% hit, 88869 patched, 0 stale) | J2J-r: 0/0 J2J-a: 10765323/20549014 J2J-d: 91700 J2J-s: 6405156/16070886 | map: 3523 tracked, 2111 hot
[JIT] Stats: 139395072 sends, 4102 compiled, 3169230 failed, 16383/16384 KB code | IC: 16581018/22694803 (73% hit, 88869 patched, 0 stale) | J2J-r: 0/0 J2J-a: 10765341/20549050 J2J-d: 91700 J2J-s: 6405162/16070910 | map: 3523 tracked, 2111 hot
[JIT] Stats: 139460608 sends, 4102 compiled, 3169250 failed, 16383/16384 KB code | IC: 16581078/22694863 (73% hit, 88869 patched, 0 stale) | J2J-r: 0/0 J2J-a: 10765371/20549110 J2J-d: 91700 J2J-s: 6405172/16070950 | map: 3523 tracked, 2111 hot
[JIT] Stats: 139526144 sends, 4102 compiled, 3169270 failed, 16383/16384 KB code | IC: 16581138/22694923 (73% hit, 88869 patched, 0 stale) | J2J-r: 0/0 J2J-a: 10765401/20549170 J2J-d: 91700 J2J-s: 6405182/16070990 | map: 3523 tracked, 2111 hot
[JIT] Stats: 139591680 sends, 4102 compiled, 3169282 failed, 16383/16384 KB code | IC: 16581174/22694959 (73% hit, 88869 patched, 0 stale) | J2J-r: 0/0 J2J-a: 10765419/20549206 J2J-d: 91700 J2J-s: 6405188/16071014 | map: 3523 tracked, 2111 hot
[JIT] Stats: 139657216 sends, 4102 compiled, 3169302 failed, 16383/16384 KB code | IC: 16581234/22695019 (73% hit, 88869 patched, 0 stale) | J2J-r: 0/0 J2J-a: 10765449/20549266 J2J-d: 91700 J2J-s: 6405198/16071054 | map: 3523 tracked, 2111 hot
[JIT] Stats: 139722752 sends, 4102 compiled, 3169322 failed, 16383/16384 KB code | IC: 16581294/22695079 (73% hit, 88869 patched, 0 stale) | J2J-r: 0/0 J2J-a: 10765479/20549326 J2J-d: 91700 J2J-s: 6405208/16071094 | map: 3523 tracked, 2111 hot
[JIT] Stats: 139788288 sends, 4102 compiled, 3169334 failed, 16383/16384 KB code | IC: 16581330/22695115 (73% hit, 88869 patched, 0 stale) | J2J-r: 0/0 J2J-a: 10765497/20549362 J2J-d: 91700 J2J-s: 6405214/16071118 | map: 3523 tracked, 2111 hot
[JIT] Stats: 139853824 sends, 4102 compiled, 3169354 failed, 16383/16384 KB code | IC: 16581390/22695175 (73% hit, 88869 patched, 0 stale) | J2J-r: 0/0 J2J-a: 10765527/20549422 J2J-d: 91700 J2J-s: 6405224/16071158 | map: 3523 tracked, 2111 hot
[JIT] Stats: 139919360 sends, 4102 compiled, 3169366 failed, 16383/16384 KB code | IC: 16581426/22695211 (73% hit, 88869 patched, 0 stale) | J2J-r: 0/0 J2J-a: 10765545/20549458 J2J-d: 91700 J2J-s: 6405230/16071182 | map: 3523 tracked, 2111 hot
[JIT] Stats: 139984896 sends, 4102 compiled, 3169386 failed, 16383/16384 KB code | IC: 16581486/22695271 (73% hit, 88869 patched, 0 stale) | J2J-r: 0/0 J2J-a: 10765575/20549518 J2J-d: 91700 J2J-s: 6405240/16071222 | map: 3523 tracked, 2111 hot
[JIT] Stats: 140050432 sends, 4102 compiled, 3169406 failed, 16383/16384 KB code | IC: 16581546/22695331 (73% hit, 88869 patched, 0 stale) | J2J-r: 0/0 J2J-a: 10765605/20549578 J2J-d: 91700 J2J-s: 6405250/16071262 | map: 3523 tracked, 2111 hot
[JIT] Stats: 140115968 sends, 4102 compiled, 3169418 failed, 16383/16384 KB code | IC: 16581582/22695367 (73% hit, 88869 patched, 0 stale) | J2J-r: 0/0 J2J-a: 10765623/20549614 J2J-d: 91700 J2J-s: 6405256/16071286 | map: 3523 tracked, 2111 hot
[JIT] Stats: 140181504 sends, 4102 compiled, 3169438 failed, 16383/16384 KB code | IC: 16581642/22695427 (73% hit, 88869 patched, 0 stale) | J2J-r: 0/0 J2J-a: 10765653/20549674 J2J-d: 91700 J2J-s: 6405266/16071326 | map: 3523 tracked, 2111 hot
[JIT] Stats: 140247040 sends, 4102 compiled, 3169458 failed, 16383/16384 KB code | IC: 16581702/22695487 (73% hit, 88869 patched, 0 stale) | J2J-r: 0/0 J2J-a: 10765683/20549734 J2J-d: 91700 J2J-s: 6405276/16071366 | map: 3523 tracked, 2111 hot
[JIT] Stats: 140312576 sends, 4102 compiled, 3169470 failed, 16383/16384 KB code | IC: 16581738/22695523 (73% hit, 88869 patched, 0 stale) | J2J-r: 0/0 J2J-a: 10765701/20549770 J2J-d: 91700 J2J-s: 6405282/16071390 | map: 3523 tracked, 2111 hot
[JIT] Stats: 140378112 sends, 4102 compiled, 3169490 failed, 16383/16384 KB code | IC: 16581798/22695583 (73% hit, 88869 patched, 0 stale) | J2J-r: 0/0 J2J-a: 10765731/20549830 J2J-d: 91700 J2J-s: 6405292/16071430 | map: 3523 tracked, 2111 hot
[JIT] Stats: 140443648 sends, 4102 compiled, 3169506 failed, 16383/16384 KB code | IC: 16581846/22695631 (73% hit, 88869 patched, 0 stale) | J2J-r: 0/0 J2J-a: 10765755/20549878 J2J-d: 91700 J2J-s: 6405300/16071462 | map: 3523 tracked, 2111 hot
[JIT] Stats: 140509184 sends, 4102 compiled, 3169522 failed, 16383/16384 KB code | IC: 16581894/22695679 (73% hit, 88869 patched, 0 stale) | J2J-r: 0/0 J2J-a: 10765779/20549926 J2J-d: 91700 J2J-s: 6405308/16071494 | map: 3523 tracked, 2111 hot
[JIT] Stats: 140574720 sends, 4102 compiled, 3169542 failed, 16383/16384 KB code | IC: 16581954/22695739 (73% hit, 88869 patched, 0 stale) | J2J-r: 0/0 J2J-a: 10765809/20549986 J2J-d: 91700 J2J-s: 6405318/16071534 | map: 3523 tracked, 2111 hot
[JIT] Stats: 140640256 sends, 4102 compiled, 3169554 failed, 16383/16384 KB code | IC: 16581990/22695775 (73% hit, 88869 patched, 0 stale) | J2J-r: 0/0 J2J-a: 10765827/20550022 J2J-d: 91700 J2J-s: 6405324/16071558 | map: 3523 tracked, 2111 hot
[JIT] Stats: 140705792 sends, 4102 compiled, 3169574 failed, 16383/16384 KB code | IC: 16582050/22695835 (73% hit, 88869 patched, 0 stale) | J2J-r: 0/0 J2J-a: 10765857/20550082 J2J-d: 91700 J2J-s: 6405334/16071598 | map: 3523 tracked, 2111 hot
[JIT] Stats: 140771328 sends, 4102 compiled, 3169594 failed, 16383/16384 KB code | IC: 16582110/22695895 (73% hit, 88869 patched, 0 stale) | J2J-r: 0/0 J2J-a: 10765887/20550142 J2J-d: 91700 J2J-s: 6405344/16071638 | map: 3523 tracked, 2111 hot
[JIT] Stats: 140836864 sends, 4102 compiled, 3169606 failed, 16383/16384 KB code | IC: 16582146/22695931 (73% hit, 88869 patched, 0 stale) | J2J-r: 0/0 J2J-a: 10765905/20550178 J2J-d: 91700 J2J-s: 6405350/16071662 | map: 3523 tracked, 2111 hot
[JIT] Stats: 140902400 sends, 4102 compiled, 3169626 failed, 16383/16384 KB code | IC: 16582206/22695991 (73% hit, 88869 patched, 0 stale) | J2J-r: 0/0 J2J-a: 10765935/20550238 J2J-d: 91700 J2J-s: 6405360/16071702 | map: 3523 tracked, 2111 hot
[JIT] Stats: 140967936 sends, 4102 compiled, 3169646 failed, 16383/16384 KB code | IC: 16582266/22696051 (73% hit, 88869 patched, 0 stale) | J2J-r: 0/0 J2J-a: 10765965/20550298 J2J-d: 91700 J2J-s: 6405370/16071742 | map: 3523 tracked, 2111 hot
[JIT] Stats: 141033472 sends, 4102 compiled, 3169658 failed, 16383/16384 KB code | IC: 16582302/22696087 (73% hit, 88869 patched, 0 stale) | J2J-r: 0/0 J2J-a: 10765983/20550334 J2J-d: 91700 J2J-s: 6405376/16071766 | map: 3523 tracked, 2111 hot
[JIT] Stats: 141099008 sends, 4102 compiled, 3169678 failed, 16383/16384 KB code | IC: 16582362/22696147 (73% hit, 88869 patched, 0 stale) | J2J-r: 0/0 J2J-a: 10766013/20550394 J2J-d: 91700 J2J-s: 6405386/16071806 | map: 3523 tracked, 2111 hot
[JIT] Stats: 141164544 sends, 4102 compiled, 3169698 failed, 16383/16384 KB code | IC: 16582422/22696207 (73% hit, 88869 patched, 0 stale) | J2J-r: 0/0 J2J-a: 10766043/20550454 J2J-d: 91700 J2J-s: 6405396/16071846 | map: 3523 tracked, 2111 hot
[JIT] Stats: 141230080 sends, 4102 compiled, 3169710 failed, 16383/16384 KB code | IC: 16582458/22696243 (73% hit, 88869 patched, 0 stale) | J2J-r: 0/0 J2J-a: 10766061/20550490 J2J-d: 91700 J2J-s: 6405402/16071870 | map: 3523 tracked, 2111 hot
[JIT] Stats: 141295616 sends, 4102 compiled, 3169730 failed, 16383/16384 KB code | IC: 16582518/22696303 (73% hit, 88869 patched, 0 stale) | J2J-r: 0/0 J2J-a: 10766091/20550550 J2J-d: 91700 J2J-s: 6405412/16071910 | map: 3523 tracked, 2111 hot
[JIT] Stats: 141361152 sends, 4102 compiled, 3169746 failed, 16383/16384 KB code | IC: 16582566/22696351 (73% hit, 88869 patched, 0 stale) | J2J-r: 0/0 J2J-a: 10766115/20550598 J2J-d: 91700 J2J-s: 6405420/16071942 | map: 3523 tracked, 2111 hot
[JIT] Stats: 141426688 sends, 4102 compiled, 3169762 failed, 16383/16384 KB code | IC: 16582614/22696399 (73% hit, 88869 patched, 0 stale) | J2J-r: 0/0 J2J-a: 10766139/20550646 J2J-d: 91700 J2J-s: 6405428/16071974 | map: 3523 tracked, 2111 hot
[JIT] Stats: 141492224 sends, 4102 compiled, 3169782 failed, 16383/16384 KB code | IC: 16582674/22696459 (73% hit, 88869 patched, 0 stale) | J2J-r: 0/0 J2J-a: 10766169/20550706 J2J-d: 91700 J2J-s: 6405438/16072014 | map: 3523 tracked, 2111 hot
[JIT] Stats: 141557760 sends, 4102 compiled, 3170092 failed, 16383/16384 KB code | IC: 16583257/22697487 (73% hit, 88969 patched, 0 stale) | J2J-r: 0/0 J2J-a: 10766647/20551656 J2J-d: 91770 J2J-s: 6405603/16072630 | map: 3649 tracked, 2221 hot
[asmjit-t1] code.code_size=25784 out of [1, 24576]
[SISTA-SELECT-EMIT] bc=1 slot=0 vid=1

=== Execution Summary ===
Active bytecode steps: 3453509604

=== JIT Stats ===
  compiled: 3718 methods
  IC: 16587797 hits / 22703902 total (73.1%), patches=89172 stale=0
  IC miss breakdown: noSelBits=3887114 cold=2888 poly=79847 noICData=2146256
  activations: 27964940 hits / 27964940 total (100.0%)
  resume (J2J-r): 0 chains / 0 total (0.0%)
  J2J stencil: calls=16077183 returns=6407094 patches=91908
  materialize: count=0 totalDepth=0
  chain: actChain=5 actFall=107649 | primChain=4362341 primFall=10450
  yields=0 OSR=70408
  T2-IC: 0 hits / 0 total (0.0%)
  T2 (asmjit): compiled=0 bailed=0
  inline-prim: at=0 atPut=0 size=0 bitOp=0 floatOp=0 bcFloat=9 bcArithBail=9 remoteTemp=1972 basicNew=275324/0 basicNew0=0 sistaSelfRec=0/0 multiSlot=0 retLit=0 tempRet=0 intCmp=0 intArith=0 evenOdd=0 sistaShortcut=0 getter=0 setter=0 retSelf=0
  canSkipJ2JSave: 487/3952 real-compiled methods qualify (12.3%); ic-hits=0 fires=0
=================

=== Display Check ===
Pixel count: 1572864
pixel[0,0]   = 0xff000080
pixel[512,0] = 0xff7f0080
pixel[0,384] = 0xff007f80
pixel[512,384]= 0xff7f7f80
First 100 pixels: 99 modified from gradient
Stopping heartbeat thread...

=== Display Surface Stats ===
Size: 1024x768
Update calls: 0
Pixels changed: NO
Initial checksum: 0x3fbf8040
Current checksum: 0x3fbf8040

Sample pixels:
  [0,0]: 0xff808080 (A=255 R=128 G=128 B=128)
  [10,35]: 0xff808080 (A=255 R=128 G=128 B=128)
  [100,100]: 0xff808080 (A=255 R=128 G=128 B=128)
  [512,384]: 0xff808080 (A=255 R=128 G=128 B=128)
  [1023,767]: 0xff808080 (A=255 R=128 G=128 B=128)

Unique colors: 1
  0xff808080: 786432 pixels

Framebuffer saved to /tmp/pharo-display.ppm

=== Test Complete ===
