Pharo Clean VM - Image Loader Test
===================================

=== Oop Tagging Tests ===
SmallInteger 42:  0x151 isSmallInteger=1 value=42
SmallInteger -100: 0xfffffffffffffce1 value=-100
Character 'A':    0x20b isCharacter=1 codepoint=65
nil:              0x0 isNil=1

SmallFloat tests:
  1 -> 0x7f00000000000005 -> 1 OK
  168 -> 0x8650000000000005 -> 168 OK
  80 -> 0x8540000000000005 -> 80 OK
  -42.5 -> 0x845400000000000d -> -42.5 OK
  0 -> 0x5 -> 0 OK
  1024 -> 0x8900000000000005 -> 1024 OK
  0.5 -> 0x7e00000000000005 -> 0.5 OK

Decoding known SmallFloat values from Pharo:
  0x8540000000000005 -> 80
  0x8650000000000005 -> 168
  0x8000000000000005 -> 2

Tag verification (should use low 3 bits only):
  SmallInteger tag: 1 (expected 1)
  Character tag:    3 (expected 3)

Loading image: /tmp/jit-minrepro/Pharo.image
Working directory: /private/tmp/jit-minrepro
Memory initialized successfully
Image loaded successfully!
=== Image Header ===
Format:            68021 (Spur 64-bit)
Header size:       128 bytes
Image size:        54578696 bytes (52 MB)
Old base address:  0x10000000000
Special objects:   0x100010f1af0
Last hash:         4359400298259077020
Screen size:       0 x 0
Flags:             0x2
First segment:     54578696 bytes
Free old space:    0 bytes
Eden bytes:        22003584

=== Special Objects ===
Special objects array: 0x3010f1af0
  Raw header: 0x3c00000002000033
  Slot count (bits 0-7): 51
  Hash (bits 8-29): 131072
  Format (bits 30-34): 0
  Class index (bits 35-56): 0
  Flags (bits 57-63): 30
  Computed slot count: 60

First 20 special objects:
  [0]: 0x300000000 (object, class: 3075)
  [1]: 0x300000010 (object, class: 3077)
  [2]: 0x300000020 (object, class: 3079)
  [3]: 0x30006d680 (object, class: 3139)
  [4]: 0x300925b90 (object, class: 7589)
  [5]: 0x300366f50 (object, class: 3080)
  [6]: 0x3000164e8 (object, class: 3086)
  [7]: 0x3000166c8 (object, class: 3092)
  [8]: 0x300020f00 (object, class: 3135)
  [9]: 0x3000169e8 (object, class: 3102)
  [10]: 0x300016a88 (object, class: 3104)
  [11]: 0x300000000 (object, class: 3075)
  [12]: 0x300016ee8 (object, class: 3118)
  [13]: 0x3000168a8 (object, class: 3098)
  [14]: 0x300000000 (object, class: 3075)
  [15]: 0x300016d08 (object, class: 3112)
  [16]: 0x300000000 (object, class: 3075)
  [17]: 0x3033e59e0 (object, class: 48)
  [18]: 0x300016da8 (object, class: 3114)
  [19]: 0x300366ee8 (object, class: 3082)

=== Memory Layout ===
Old space:  0x300000000 - 0x400000000
Allocated:  0 MB
Free:       4043 MB

First 128 bytes of old space (raw):
  [0]: 0x25c97500800c03
  [8]: 0x0
  [16]: 0x106b2800800c05
  [24]: 0x0
  [32]: 0x2b1f8100800c07
  [40]: 0x0
  [48]: 0x4000000009000013
  [56]: 0x0
  [64]: 0x0
  [72]: 0x0
  [80]: 0x0
  [88]: 0x0
  [96]: 0x0
  [104]: 0x0
  [112]: 0x0
  [120]: 0x0

First object header analysis:
  Raw: 0x25c97500800c03
  Slot count: 3
  Format: 20
  Class index: 309550

=== Object Statistics ===
Total objects:    740428
Pointer objects:  437116
Byte objects:     127110
Compiled methods: 175767
Total size:       52 MB

=== Checking iOS Classes ===
  OSWorldRenderer: found
  OSiOSDriver: NOT FOUND
  OSiOSBackendWindow: NOT FOUND
  NullWorldRenderer: found
  OSWindowDriver: found
  OSWindow: found
  WorldMorph: found
  WorldState: found
  Display: NOT FOUND

=== Headless Mode (no display) ===

=== Interpreter Initialization ===
Event callback registered
[RESUME] ctx[0]: SnapshotOperation>>doSnapshot
[RESUME] ctx[1]: SnapshotOperation>>doSnapshot
[RESUME] ctx[2]: FullBlockClosure>>on:do:
[RESUME] ctx[3]: FullBlockClosure>>onErrorDo:
[RESUME] ctx[4]: SnapshotOperation>>executeStoringError:
[RESUME] ctx[5]: SnapshotOperation>>performSnapshot
[RESUME] ctx[6]: SessionManager>>launchSnapshot:andQuit:
[RESUME] ctx[7]: SessionManager>>signal
[RESUME] ctx[8]: FullBlockClosure>>terminateRealActive
[RESUME] inSnapshotCode=1 chainDepth=9
[RESUME] Initial context: method=#doSnapshot pc=55
[RESUME] Patching: stackp=1 stackTopSlot=6 oldVal=true(0x300000020) -> true
[RESUME] Found SnapshotOperation 0x3033ef0b8 at ctx depth 0, isImageStarting=false
[RESUME] Found SnapshotOperation 0x3033ef0b8 at ctx depth 1, isImageStarting=true
[RESUME] Found SnapshotOperation 0x3033ef0b8 at ctx depth 4, isImageStarting=true
[RESUME] Found SnapshotOperation 0x3033ef0b8 at ctx depth 5, isImageStarting=true
[RESUME] Patched isImageStarting on 1 SnapshotOperation(s)
[STARTUP] Boosting startup process 0x3033e60f0 from P79 to P80
[JIT] Initialized: 16 MB code zone at 0x10c3ec000
[STARTUP] Headless mode: deferring timer semaphore signal
Interpreter initialized successfully!
Active method: 0x3003395a8
Display after ensureDisplayForm: NOT FOUND
Heartbeat will start after startup completes...

=== Forced GC Test ===
Before GC: used=52MB free=4043MB
After GC: used=51MB free=4044MB
Freed: 159KB
GC reclaimed: 163776 bytes, moved: 0 objects, took: 257ms

=== Execution Test ===
Running up to 60000000000 bytecode steps...
Image args: eval (IntegerTest selector: #testNthRootTruncated) runCase. 'done'
[SLOT-TRIPWIRE] ctx=0x3033c5e10 oldSender=0x3033c7050 method=0x3003315b8 slots=22
[SLOT-TRIPWIRE] ctx=0x3033c7050 oldSender=0x3033c8ae8 method=0x30034e8c0 slots=22
[SLOT-TRIPWIRE] ctx=0x3033c8ae8 oldSender=0x3033cb250 method=0x3003b3d40 slots=22
[SLOT-TRIPWIRE] ctx=0x3033cb250 oldSender=0x3033cd358 method=0x3003b3df0 slots=22
[SLOT-TRIPWIRE] ctx=0x3033cd358 oldSender=0x3033cb338 method=0x300331548 slots=22
[SISTA] compile=0 dispatch=1 hook active
[SISTA] hits=1/1 cache=1 disp=0 ret=0 send=0 unk=0
[JIT] Method #1 compiled (10872 bytes, 24 bytecodes) #basicNew:
  bc[0] op=0xF8 -> stencil_nop (operand=-1, branch=-1)
  bc[3] op=0xF5 -> stencil_storeTemp (operand=0, branch=-1)
  bc[5] op=0x40 -> stencil_pushTemp (operand=0, branch=-1)
  bc[6] op=0x20 -> stencil_pushLitConst (operand=0, branch=-1)
  bc[7] op=0x76 -> stencil_identicalTo (operand=6, branch=-1)
  bc[8] op=0xC2 -> stencil_jumpFalse (operand=-1, branch=12)
  bc[9] op=0x4C -> stencil_pushReceiver (operand=-1, branch=-1)
  bc[10] op=0x81 -> stencil_sendJ2J (operand=16777226, branch=1)
  bc[11] op=0x5C -> stencil_returnTop (operand=-1, branch=-1)
  bc[12] op=0x4F -> stencil_pushNil (operand=-1, branch=-1)
  bc[13] op=0xD8 -> stencil_pop (operand=-1, branch=-1)
  bc[14] op=0x4C -> stencil_pushReceiver (operand=-1, branch=-1)
  bc[15] op=0x82 -> stencil_sendJ2J (operand=16777231, branch=2)
  bc[16] op=0xC3 -> stencil_jumpFalse (operand=-1, branch=21)
  bc[17] op=0x4C -> stencil_pushReceiver (operand=-1, branch=-1)
  bc[18] op=0x50 -> stencil_pushZero (operand=-1, branch=-1)
  bc[19] op=0x93 -> stencil_sendJ2J (operand=16842771, branch=3)
  bc[20] op=0x5C -> stencil_returnTop (operand=-1, branch=-1)
  bc[21] op=0x4F -> stencil_pushNil (operand=-1, branch=-1)
  bc[22] op=0xD8 -> stencil_pop (operand=-1, branch=-1)
  bc[23] op=0x4C -> stencil_pushReceiver (operand=-1, branch=-1)
  bc[24] op=0x84 -> stencil_sendJ2J (operand=16777240, branch=4)
  bc[25] op=0xD8 -> stencil_pop (operand=-1, branch=-1)
  bc[26] op=0x58 -> stencil_returnReceiver (operand=-1, branch=-1)
[JIT] Compiled method #1 0x3003a9748 'basicNew' (entry 2, 10872 bytes)
[JIT] Method #2 compiled (2744 bytes, 5 bytecodes) #new::
  bc[0] op=0xF8 -> stencil_nop (operand=-1, branch=-1)
  bc[3] op=0x4C -> stencil_pushReceiver (operand=-1, branch=-1)
  bc[4] op=0x40 -> stencil_pushTemp (operand=0, branch=-1)
  bc[5] op=0x90 -> stencil_sendJ2J (operand=16842757, branch=0)
  bc[6] op=0x5C -> stencil_returnTop (operand=-1, branch=-1)
[JIT] Compiled method #2 0x300336bb8 'new:' (entry 2, 2744 bytes)
[JIT] Method #3 compiled (5832 bytes, 16 bytecodes) #/:
  bc[0] op=0xF8 -> stencil_nop (operand=-1, branch=-1)
  bc[3] op=0x40 -> stencil_pushTemp (operand=0, branch=-1)
  bc[4] op=0x20 -> stencil_pushLitConst (operand=0, branch=-1)
  bc[5] op=0x66 -> stencil_equalSmallInt (operand=5, branch=-1)
  bc[6] op=0xC3 -> stencil_jumpFalse (operand=-1, branch=11)
  bc[7] op=0x11 -> stencil_pushLitVar (operand=1, branch=-1)
  bc[8] op=0x4C -> stencil_pushReceiver (operand=-1, branch=-1)
  bc[9] op=0x92 -> stencil_sendJ2J (operand=16842761, branch=2)
  bc[10] op=0x5C -> stencil_returnTop (operand=-1, branch=-1)
  bc[11] op=0x4F -> stencil_pushNil (operand=-1, branch=-1)
  bc[12] op=0xD8 -> stencil_pop (operand=-1, branch=-1)
  bc[13] op=0x40 -> stencil_pushTemp (operand=0, branch=-1)
  bc[14] op=0x4C -> stencil_pushReceiver (operand=-1, branch=-1)
  bc[15] op=0x23 -> stencil_pushLitConst (operand=3, branch=-1)
  bc[16] op=0xA4 -> stencil_sendJ2J (operand=16908304, branch=4)
  bc[17] op=0x5C -> stencil_returnTop (operand=-1, branch=-1)
[JIT] Compiled method #3 0x3003913b8 '/' (entry 2, 5832 bytes)
[JIT] Method #4 compiled (2800 bytes, 5 bytecodes) #size:
  bc[0] op=0x00 -> stencil_primSize (operand=-1, branch=-1)
  bc[0] op=0xF8 -> stencil_nop (operand=-1, branch=-1)
  bc[3] op=0x4C -> stencil_pushReceiver (operand=-1, branch=-1)
  bc[4] op=0x80 -> stencil_sendJ2J (operand=16777220, branch=0)
  bc[5] op=0x5C -> stencil_returnTop (operand=-1, branch=-1)
[JIT] Compiled method #4 0x300336df8 'size' (entry 2, 2800 bytes, prim)
[CACHE-1] #keys -> getter=-1 setter=-1 retSelf=0 prim=0 cls=0x3000175e0 method=0x3003042f8
[JIT] Method #5 compiled (5112 bytes, 5 bytecodes) #on::
  bc[0] op=0x4C -> stencil_pushReceiver (operand=-1, branch=-1)
  bc[1] op=0x80 -> stencil_sendJ2J (operand=16777217, branch=0)
  bc[2] op=0x40 -> stencil_pushTemp (operand=0, branch=-1)
  bc[3] op=0x91 -> stencil_sendJ2J (operand=16842755, branch=1)
  bc[4] op=0x5C -> stencil_returnTop (operand=-1, branch=-1)
[JIT] Compiled method #5 0x30046a1f8 'on:' (entry 2, 5112 bytes)
[JIT] Compiled method #6 0x30046cf08 'on:' (entry 2, 2944 bytes)
[JIT] Compiled method #7 0x30046d190 'reset' (entry 2, 2968 bytes)
[JIT] Compiled method #8 0x30037c960 'max:' (entry 2, 616 bytes)
[CACHE-2] #keysDo: -> getter=-1 setter=-1 retSelf=0 prim=0 cls=0x3000175e0 method=0x300304270
[JIT] Method #9 compiled (15144 bytes, 22 bytecodes) #at::
  methodOop=0x300371be8 numLits=10 fmt=27 bcLen=29 header=0xf00000000105000a
    lit[1]=0x30005d0e0 class=3085 bytes="isInteger"
    lit[2]=0x300057818 class=3085 bytes="class"
    lit[3]=0x300060da0 class=3085 bytes="isVariable"
    lit[4]=0x30005d980 class=3085 bytes="errorSubscriptBounds:"
    lit[5]=0x30005dae8 class=3085 bytes="errorNotIndexable"
    lit[6]=0x30005d510 class=3085 bytes="errorNonIntegerIndex"
    lit[7]=0x300050920 class=3085 bytes="ifTrue:"
    lit[8]=0x300050940 class=3085 bytes="ifTrue:ifFalse:"
    lit[9]=0x30038f878 class=3299
    lit[10]=0x30007ac18 class=3139
  raw bytecodes: f8 3c 00 40 80 ef 0b 4c 81 82 c3 4c 40 93 b1 4c 84 b0 4f d8 4c 85 d8 58 00 02 80 c4 22
  bc[0] op=0x00 -> stencil_primAt (operand=-1, branch=-1)
  bc[0] op=0xF8 -> stencil_nop (operand=-1, branch=-1)
  bc[3] op=0x40 -> stencil_pushTemp (operand=0, branch=-1)
  bc[4] op=0x80 -> stencil_sendJ2J (operand=16777220, branch=0)
  bc[5] op=0xC0 -> stencil_jumpFalse (operand=-1, branch=18)
  bc[7] op=0x4C -> stencil_pushReceiver (operand=-1, branch=-1)
  bc[8] op=0x81 -> stencil_sendJ2J (operand=16777224, branch=1)
  bc[9] op=0x82 -> stencil_sendJ2J (operand=16777225, branch=2)
  bc[10] op=0xC3 -> stencil_jumpFalse (operand=-1, branch=15)
  bc[11] op=0x4C -> stencil_pushReceiver (operand=-1, branch=-1)
  bc[12] op=0x40 -> stencil_pushTemp (operand=0, branch=-1)
  bc[13] op=0x93 -> stencil_sendJ2J (operand=16842765, branch=3)
  bc[14] op=0xB1 -> stencil_jump (operand=-1, branch=17)
  bc[15] op=0x4C -> stencil_pushReceiver (operand=-1, branch=-1)
  bc[16] op=0x84 -> stencil_sendJ2J (operand=16777232, branch=4)
  bc[17] op=0xB0 -> stencil_jump (operand=-1, branch=19)
  bc[18] op=0x4F -> stencil_pushNil (operand=-1, branch=-1)
  bc[19] op=0xD8 -> stencil_pop (operand=-1, branch=-1)
  bc[20] op=0x4C -> stencil_pushReceiver (operand=-1, branch=-1)
  bc[21] op=0x85 -> stencil_sendJ2J (operand=16777237, branch=5)
  bc[22] op=0xD8 -> stencil_pop (operand=-1, branch=-1)
  bc[23] op=0x58 -> stencil_returnReceiver (operand=-1, branch=-1)
[JIT] Compiled method #9 0x300371be8 'at:' (entry 2, 15144 bytes, prim)
[JIT] Compiled method #10 0x3003254e0 'do:' (entry 2, 8328 bytes)
[JIT] Compiled method #11 0x300371478 'at:put:' (entry 2, 28544 bytes, prim)
[JIT] Compiled method #12 0x3002e1470 'key' (entry 2, 392 bytes)
[JIT] Compiled method #13 0x30046ce80 'nextPut:' (entry 2, 6072 bytes)
[JIT] Compiled method #14 0x30046b658 'originalContents' (entry 2, 392 bytes)
[JIT] Compiled method #15 0x3003b2db8 'assert' (entry 2, 5264 bytes)
[JIT] Compiled method #16 0x30036f570 'copy' (entry 2, 5064 bytes)
[JIT] Compiled method #17 0x3003719d0 'shallowCopy' (entry 2, 26352 bytes)
[JIT] Compiled method #18 0x30036f7f0 'postCopy' (entry 2, 280 bytes)
[JIT] Compiled method #19 0x300325678 'mergeSortFrom:to:src:dst:by:' (entry 2, 9456 bytes)
[JIT] Compiled method #20 0x3003259f8 'mergeFirst:middle:last:into:by:' (entry 2, 26256 bytes)
[JIT] Compiled method #21 0x3003b2f80 'value:value:' (entry 2, 5576 bytes)
[JIT] Compiled method #22 0x3003361c0 'replaceFrom:to:with:startingAt:' (entry 2, 552 bytes)
[JIT] Compiled method #23 0x300324898 'flatCollect:' (entry 2, 10392 bytes)
[JIT] Compiled method #24 0x3003d6ac0 'isEmpty' (entry 2, 2856 bytes)
[JIT] Compiled method #25 0x300372520 'species' (entry 2, 2696 bytes)
[JIT] Compiled method #26 0x300469218 'new:streamContents:' (entry 2, 22384 bytes)
[JIT] Compiled method #27 0x30033bbc0 'streamSpecies' (entry 2, 280 bytes)
[JIT] Compiled method #28 0x30036bd28 'class' (entry 2, 2712 bytes)
[JIT] Compiled method #29 0x300339db0 'do:' (entry 2, 6176 bytes)
[JIT] Method #30 compiled (2856 bytes, 6 bytecodes) #at::
  methodOop=0x300302e58 numLits=4 fmt=27 bcLen=13 header=0xf000000001040004
    lit[1]=0x300310088 class=3117
    lit[2]=0x300058ad8 class=3085 bytes="at:ifAbsent:"
    lit[3]=0x300051810 class=3085 bytes="at:"
    lit[4]=0x30007a018 class=3139
  raw bytecodes: 4c 40 40 f9 00 01 a1 5c 00 00 d6 a2 3e
  bc[0] op=0x4C -> stencil_pushReceiver (operand=-1, branch=-1)
  bc[1] op=0x40 -> stencil_pushTemp (operand=0, branch=-1)
  bc[2] op=0x40 -> stencil_pushTemp (operand=0, branch=-1)
  bc[3] op=0xF9 -> stencil_pushBlock (operand=196608, branch=-1)
  bc[6] op=0xA1 -> stencil_sendJ2J (operand=16908294, branch=1)
  bc[7] op=0x5C -> stencil_returnTop (operand=-1, branch=-1)
[JIT] Compiled method #30 0x300302e58 'at:' (entry 2, 2856 bytes)
[JIT] Compiled method #31 0x300304050 'at:ifAbsent:' (entry 2, 7896 bytes)
[JIT] Compiled method #32 0x300308ab8 'findElementOrNil:' (entry 2, 5856 bytes)
[JIT] Compiled method #33 0x300303a18 'scanFor:' (entry 2, 19072 bytes)
[JIT] Compiled method #34 0x300396810 'hash' (entry 2, 2680 bytes)
[JIT] Compiled method #35 0x300396f38 'hashMultiply' (entry 2, 2208 bytes)
[JIT] Compiled method #36 0x3002e1238 'value' (entry 2, 392 bytes)
[JIT] Compiled method #37 0x30046c9b8 'nextPutAll:' (entry 2, 14512 bytes)
[JIT] Compiled method #38 0x3003b3128 'value:' (entry 2, 5536 bytes)
[JIT] Compiled method #39 0x300474718 '?' (entry 2, 2704 bytes)
[JIT]   nLits=1 pen.cls=? last.cls=CompiledMethod
[JIT] Compiled method #40 0x30046c960 'pastEndPut:' (entry 2, 13144 bytes)
[JIT] Compiled method #41 0x3003245f0 'grownBy:' (entry 2, 10384 bytes)
[JIT] Branch target 11 past last bytecode (bcLen=9) — refusing to compile this method
[JIT] Compiled method #42 0x30046ba88 'position' (entry 2, 392 bytes)
[JIT] Compiled method #43 0x30032cb50 'value:' (entry 2, 2720 bytes)
[JIT] Compiled method #44 0x300371c68 'perform:' (entry 2, 2784 bytes)
[JIT] Compiled method #45 0x30033c6a8 'prioritizedList' (entry 2, 7616 bytes)
[JIT] Compiled method #46 0x3003042f8 'keys' (entry 2, 5200 bytes)
[JIT] Compiled method #47 0x300308b80 'size' (entry 2, 392 bytes)
[JIT] Method #48 compiled (2824 bytes, 6 bytecodes) #keysDo::
  bc[0] op=0x4C -> stencil_pushReceiver (operand=-1, branch=-1)
  bc[1] op=0x40 -> stencil_pushTemp (operand=0, branch=-1)
  bc[2] op=0xF9 -> stencil_pushBlock (operand=131072, branch=-1)
  bc[5] op=0x91 -> stencil_sendJ2J (operand=16842757, branch=1)
  bc[6] op=0xD8 -> stencil_pop (operand=-1, branch=-1)
  bc[7] op=0x58 -> stencil_returnReceiver (operand=-1, branch=-1)
[JIT] Compiled method #48 0x300304270 'keysDo:' (entry 2, 2824 bytes)
[JIT] Compiled method #49 0x3003034f8 'associationsDo:' (entry 2, 3536 bytes)
[JIT] Methods: 9 pure, 36 send-deopt, 5 heap-write (of 50 compiled, all executable)
[JIT] Compiled method #50 0x300323f50 'sorted' (entry 2, 2768 bytes)
[JIT] Compiled method #51 0x300323028 'sorted:' (entry 2, 5112 bytes)
[JIT] Compiled method #52 0x300323c58 'sort:' (entry 2, 5168 bytes)
[JIT] Compiled method #53 0x300324d28 'mergeSortFrom:to:by:' (entry 2, 13896 bytes)
[JIT] Compiled method #54 0x30046cec8 'contents' (entry 2, 5512 bytes)
[JIT] Compiled method #55 0x300322ef0 'copyFrom:to:' (entry 2, 8064 bytes)
[JIT] Compiled method #56 0x300339b48 'new:' (entry 2, 12504 bytes)
[JIT] Compiled method #57 0x300339aa0 'arrayType' (entry 2, 320 bytes)
[JIT] Compiled method #58 0x30033a9c0 'setCollection:' (entry 2, 2776 bytes)
[JIT] Compiled method #59 0x30033b0c0 'reset' (entry 2, 2720 bytes)
[JIT] Compiled method #60 0x30033a1e0 'resetTo:' (entry 2, 664 bytes)
[JIT] Compiled method #61 0x300339d68 'addLast:' (entry 2, 8472 bytes)
[JIT] Compiled method #62 0x3003727f0 'yourself' (entry 2, 280 bytes)
[JIT] Compiled method #63 0x30033ac38 'size' (entry 2, 776 bytes)
[JIT] Compiled method #64 0x3003b3d40 'on:do:' (entry 2, 2968 bytes)
[IC-PATCH] #at:ifAbsent: J2J=1 key=0xc41 extra=0x100000010c4230d8
[JIT] Compiled method #65 0x3003c65c0 'key' (entry 2, 392 bytes)
[JIT] Compiled method #66 0x3003b2e90 'value' (entry 2, 5520 bytes)
[JIT] Compiled method #67 0x300358920 '?' (entry 2, 2728 bytes)
[JIT]   nLits=1 pen.cls=? last.cls=CompiledBlock
[JIT] Compiled method #68 0x30033c0f8 'startup:' (entry 2, 5120 bytes)
[JIT] Compiled method #69 0x30033c0b0 'registeredClass' (entry 2, 7576 bytes)
[JIT] Compiled method #70 0x30031a1d0 'globals' (entry 2, 392 bytes)
[JIT] Compiled method #71 0x30032c8d8 'asSymbol' (entry 2, 280 bytes)
[JIT] Compiled method #72 0x300304380 'scanFor:' (entry 2, 18912 bytes)
[JIT] Compiled method #73 0x3003aa8c8 'startUp:' (entry 2, 2680 bytes)
[JIT] Compiled method #74 0x3003a9690 'startUp' (entry 2, 280 bytes)
[JIT] Compiled method #75 0x30036b940 'identityHash' (entry 2, 2912 bytes)
[JIT] Compiled method #76 0x30036b6f0 'basicIdentityHash' (entry 2, 2712 bytes)
[JIT] Compiled method #77 0x3003d5828 'withAll:' (entry 2, 14952 bytes)
[JIT] Compiled method #78 0x30033a940 'addAll:' (entry 2, 2720 bytes)
[JIT] Branch target 14 past last bytecode (bcLen=13) — refusing to compile this method
[JIT] Compiled method #79 0x3003ae500 'subclasses' (entry 2, 3080 bytes)
[JIT] Method #80 compiled (8904 bytes, 29 bytecodes) #at::
  methodOop=0x300339bd0 numLits=4 fmt=29 bcLen=35 header=0xf000000001080004
    lit[1]=0x30005d980 class=3085 bytes="errorSubscriptBounds:"
    lit[2]=0x300050920 class=3085 bytes="ifTrue:"
    lit[3]=0x300051810 class=3085 bytes="at:"
    lit[4]=0x30007a5d0 class=3139
  raw bytecodes: 40 51 62 c3 4c 40 90 b0 4f d8 40 01 60 51 61 f5 01 02 63 c3 4c 40 90 b0 4f d8 00 41 70 5c 00 02 8e 6f b0
  bc[0] op=0x40 -> stencil_pushTemp (operand=0, branch=-1)
  bc[1] op=0x51 -> stencil_pushOne (operand=-1, branch=-1)
  bc[2] op=0x62 -> stencil_lessThanSmallInt (operand=2, branch=-1)
  bc[3] op=0xC3 -> stencil_jumpFalse (operand=-1, branch=8)
  bc[4] op=0x4C -> stencil_pushReceiver (operand=-1, branch=-1)
  bc[5] op=0x40 -> stencil_pushTemp (operand=0, branch=-1)
  bc[6] op=0x90 -> stencil_sendJ2J (operand=16842758, branch=0)
  bc[7] op=0xB0 -> stencil_jump (operand=-1, branch=9)
  bc[8] op=0x4F -> stencil_pushNil (operand=-1, branch=-1)
  bc[9] op=0xD8 -> stencil_pop (operand=-1, branch=-1)
  bc[10] op=0x40 -> stencil_pushTemp (operand=0, branch=-1)
  bc[11] op=0x01 -> stencil_pushRecvVar (operand=1, branch=-1)
  bc[12] op=0x60 -> stencil_addSmallInt (operand=12, branch=-1)
  bc[13] op=0x51 -> stencil_pushOne (operand=-1, branch=-1)
  bc[14] op=0x61 -> stencil_subSmallInt (operand=14, branch=-1)
  bc[15] op=0xF5 -> stencil_storeTemp (operand=1, branch=-1)
  bc[17] op=0x02 -> stencil_pushRecvVar (operand=2, branch=-1)
  bc[18] op=0x63 -> stencil_greaterThanSmallInt (operand=18, branch=-1)
  bc[19] op=0xC3 -> stencil_jumpFalse (operand=-1, branch=24)
  bc[20] op=0x4C -> stencil_pushReceiver (operand=-1, branch=-1)
  bc[21] op=0x40 -> stencil_pushTemp (operand=0, branch=-1)
  bc[22] op=0x90 -> stencil_sendJ2J (operand=16842774, branch=0)
  bc[23] op=0xB0 -> stencil_jump (operand=-1, branch=25)
  bc[24] op=0x4F -> stencil_pushNil (operand=-1, branch=-1)
  bc[25] op=0xD8 -> stencil_pop (operand=-1, branch=-1)
  bc[26] op=0x00 -> stencil_pushRecvVar (operand=0, branch=-1)
  bc[27] op=0x41 -> stencil_pushTemp (operand=1, branch=-1)
  bc[28] op=0x70 -> stencil_sendJ2J (operand=16842780, branch=0)
  bc[29] op=0x5C -> stencil_returnTop (operand=-1, branch=-1)
[JIT] Compiled method #80 0x300339bd0 'at:' (entry 2, 8904 bytes)
[JIT] Compiled method #81 0x300339cd8 'makeRoomAtLast' (entry 2, 15712 bytes)
[JIT] Compiled method #82 0x30033a4b0 'growAtLast' (entry 2, 15512 bytes)
[JIT] Compiled method #83 0x3002dffa0 'isActivePlatform' (entry 2, 296 bytes)
[JIT] Compiled method #84 0x30031a598 'vm' (entry 2, 5712 bytes)
[JIT] Compiled method #85 0x300343430 'new:' (entry 2, 10352 bytes)
[JIT] Compiled method #86 0x30046a4e0 'atEnd' (entry 2, 632 bytes)
[JIT] Compiled method #87 0x3003e64e0 'nextCodePointFromStream:' (entry 2, 67600 bytes)
[JIT] Compiled method #88 0x30046bfe0 'next' (entry 2, 3520 bytes)
[JIT] Compiled method #89 0x300399380 'value:' (entry 2, 2696 bytes)
[JIT] Compiled method #90 0x300342c08 'at:put:' (entry 2, 33272 bytes)
[IC-PATCH] #copyFrom:to: J2J=1 key=0x34 extra=0x100000010c447cd8
[JIT] Compiled method #91 0x3003ab358 'basicNew:' (entry 2, 15480 bytes)
[JIT] Compiled method #92 0x3003429a0 'isByteString' (entry 2, 296 bytes)
[JIT] Compiled method #93 0x3003ab428 'new' (entry 2, 5064 bytes)
[JIT] Compiled method #94 0x30041cb50 'beNull' (entry 2, 2720 bytes)
[JIT] Compiled method #95 0x30041bdc0 'atAllPut:' (entry 2, 424 bytes)
[JIT] Compiled method #96 0x3003a9478 'allSubclasses' (entry 2, 15584 bytes)
[IC-PATCH] #subclasses J2J=1 key=0xeee extra=0x100000010c463dd8
[IC-PATCH] #subclasses J2J=1 key=0xeec extra=0x100000010c463dd8
[IC-PATCH] #subclasses J2J=1 key=0x136e extra=0x100000010c463dd8
[IC-PATCH] #subclasses J2J=1 key=0x812 extra=0x100000010c463dd8
[IC-PATCH] #subclasses J2J=1 key=0xeea extra=0x100000010c463dd8
[IC-PATCH] #subclasses J2J=1 key=0xf06 extra=0x100000010c463dd8
[IC-PATCH] #subclasses J2J=1 key=0x800 extra=0x100000010c463dd8
[JIT] Compiled method #97 0x30032dd08 'operatingSystemName' (entry 2, 5136 bytes)
[JIT] Compiled method #98 0x30032e060 'getSystemAttribute:' (entry 2, 7784 bytes)
[JIT] Compiled method #99 0x30032e860 'doGetSystemAttribute:' (entry 2, 296 bytes)
[JIT] Methods: 21 pure, 66 send-deopt, 13 heap-write (of 100 compiled, all executable)
[JIT] Compiled method #100 0x30041afb8 'asByteArray' (entry 2, 280 bytes)
[JIT] Compiled method #101 0x3003dd168 'utf8Decoded' (entry 2, 5112 bytes)
[JIT] Compiled method #102 0x3003e33a0 'utf8' (entry 2, 2712 bytes)
[JIT] Compiled method #103 0x3003e5fb0 'default' (entry 2, 5752 bytes)
[JIT] Compiled method #104 0x3003dd1b0 'decodeWith:' (entry 2, 5112 bytes)
[JIT] Compiled method #105 0x3003e3b50 'asZnCharacterEncoder' (entry 2, 280 bytes)
[JIT] Compiled method #106 0x3003e68d8 'decodeBytes:' (entry 2, 5312 bytes)
[JIT] Compiled method #107 0x300469388 'readStream' (entry 2, 2728 bytes)
[JIT] Compiled method #108 0x30046b620 'on:' (entry 2, 5320 bytes)
[JIT] Compiled method #109 0x30033bb80 'streamContents:' (entry 2, 2768 bytes)
[DNU-STACK] Full call stack for #atEnd (DNU #1):
[DNU-STACK]   [0] SnapshotOperation>>performSnapshot
[DNU-STACK]   [1] SnapshotOperation>>executeStoringError:
[DNU-STACK]   [2] FullBlockClosure>>onErrorDo:
[DNU-STACK]   [3] FullBlockClosure>>on:do:
[DNU-STACK]   [4] SnapshotOperation>>ifTrue:
[DNU-STACK]   [5] WorkingSession>>start:
[DNU-STACK]   [6] WorkingSession>>runStartup:
[DNU-STACK]   [7] WorkingSession>>runList:do:
[DNU-STACK]   [8] Array>>do:
[DNU-STACK]   [9] WorkingSession>>on:do:
[DNU-STACK]   [10] FullBlockClosure>>on:do:
[DNU-STACK]   [11] WorkingSession>>?
[DNU-STACK]   [12] WorkingSession>>startup:
[DNU-STACK]   [13] ClassSessionHandler>>startup:
[DNU-STACK]   [14] ExternalObject class>>startUp:
[DNU-STACK]   [15] ExternalObject class>>installSubclasses
[DNU-STACK]   [16] ExternalObject class>>withAllSubclassesDo:
[DNU-STACK]   [17] OrderedCollection>>do:
[DNU-STACK]   [18] ExternalObject class>>install
[DNU-STACK]   [19] ExternalStructure class>>install
[DNU-STACK]   [20] SmalltalkImage>>platformName
[DNU-STACK]   [21] MacOSXPlatform>>platformName
[DNU-STACK]   [22] MacOSXPlatform>>name
[DNU-STACK]   [23] VirtualMachine>>operatingSystemName
[DNU-STACK]   [24] VirtualMachine>>getSystemAttribute:
[DNU-STACK]   [25] ByteArray>>utf8Decoded
[DNU-STACK]   [26] ByteArray>>decodeWith:
[DNU-STACK]   [27] ZnUTF8Encoder>>decodeBytes:
[DNU-STACK]   [28] String class>>streamContents:
[DNU-STACK]   [29] String class>>new:streamContents:
[DNU-STACK]   [current] #whileFalse: fd=30
[DNU] #1: #atEnd not understood by rcvr=0x31 argCount=0 fd=30 in #whileFalse: P80
[DNU]   rcvr is SmallInteger 6
[DNU-JIT] lastJitReturn: method=#on:(0x30046a1f8) retVal=0x303426ad8(obj 0) fd=29 (resume)
[DNU-JIT] caller=#whileFalse: jitCompiled=no
[DNU-JIT]   [0] #performSnapshot 
[DNU-JIT]   [1] #executeStoringError: 
[DNU-JIT]   [2] #onErrorDo: 
[DNU-JIT]   [3] #on:do: <<JIT>>
[DNU-JIT]   [4] #ifTrue: 
[DNU-JIT]   [5] #start: 
[DNU-JIT]   [6] #runStartup: 
[DNU-JIT]   [7] #runList:do: 
[DNU-JIT]   [8] #do: <<JIT>>
[DNU-JIT]   [9] #on:do: 
[DNU-JIT]   [10] #on:do: <<JIT>>
[DNU-JIT]   [11] #? <<JIT>>
[DNU-JIT]   [12] #startup: 
[DNU-JIT]   [13] #startup: <<JIT>>
[DNU-JIT]   [14] #startUp: 
[DNU-JIT]   [15] #installSubclasses 
[DNU-JIT]   [16] #withAllSubclassesDo: 
[DNU-JIT]   [17] #do: <<JIT>>
[DNU-JIT]   [18] #install 
[DNU-JIT]   [19] #install 
[DNU-JIT] rcvr 0x31: inHeap=0 stack=[0x4e7a8e018,0x4e7b8e018) code=[0x10c3ec000,0x10d3ec000)
[DNU-JIT]   -> UNKNOWN REGION
[DNU-JIT] this=0x4e7400000 SP=0x4e7a8e278 FP=0x4e7a8e240 fd=30
[DNU-JIT] rcvr offset from this: 0xfffffffb18c00031, from stackBase: 0xfffffffb18572019
[DNU-JIT] megaCache=[0x4e7c715c8,0x4e7e715c8) rcvr offset from mega: -21068453271 (entry 576460751645034323, field 9)
[DNU]   FP=0x4e7a8e240 SP=0x4e7a8e278 base=0x4e7a8e018
[DNU]   receiver_=0x300010558 method_=0x3003f8158
[DNU]   FP[-2] = 0x303425c80
[DNU]   FP[-1] = 0x303426ad8
[DNU]   FP[0] = 0x303425c80
[DNU]   FP[1] = 0x303426ad8
[DNU]   FP[2] = 0x31
[DNU]   FP[3] = 0x300000000
[DNU]   FP[4] = 0x300000000
[DNU]   FP[5] = 0x300000000
[DNU]   FP[6] = 0x31
[DNU]   FP[7] = 0x1
[DNU]   FP[8] = 0x1
[DNU]   FP[9] = 0x321
[DNU]   FP[10] = 0x1
[JIT] Compiled method #110 0x30039ee20 'header' (entry 2, 2704 bytes)
[JIT] Compiled method #111 0x30039f690 'objectAt:' (entry 2, 2712 bytes)
[JIT] Compiled method #112 0x30032e938 'wordSize' (entry 2, 3144 bytes)
[JIT] Compiled method #113 0x3003a1230 'numLiterals' (entry 2, 2832 bytes)
[CACHE-3] #superclass -> getter=-1 setter=-1 retSelf=0 prim=264 cls=0x300022d20 method=0x3003aa690
[JIT] Compiled method #114 0x3003aa690 'superclass' (entry 2, 392 bytes)
[CACHE-4] #superclass -> getter=-1 setter=-1 retSelf=0 prim=264 cls=0x3000184c0 method=0x3003aa690
[JIT] Compiled method #115 0x3003b8038 'contextTag' (entry 2, 280 bytes)
[JIT] Compiled method #116 0x3003b80e8 'tempAt:' (entry 2, 2744 bytes)
[JIT] Compiled method #117 0x3003b35d0 'cull:' (entry 2, 5464 bytes)
[JIT] Compiled method #118 0x300371640 'isKindOf:' (entry 2, 7728 bytes)
[JIT] Compiled method #119 0x3003a9638 'inheritsFrom:' (entry 2, 6024 bytes)
[CACHE-5] #superclass -> getter=-1 setter=-1 retSelf=0 prim=264 cls=0x300018100 method=0x3003aa690
[CACHE-6] #superclass -> getter=-1 setter=-1 retSelf=0 prim=264 cls=0x300017b50 method=0x3003aa690
[CACHE-7] #superclass -> getter=-1 setter=-1 retSelf=0 prim=264 cls=0x300017140 method=0x3003aa690
[JIT] Compiled method #120 0x3003b7870 'sender' (entry 2, 384 bytes)
[JIT] Compiled method #121 0x3003b60d0 'copyTo:' (entry 2, 13160 bytes)
[JIT] Compiled method #122 0x3003b7bf0 'privSender:' (entry 2, 360 bytes)
[SLOT-TRIPWIRE] ctx=0x303427988 oldSender=0x303427840 method=0x30037e140 slots=38
[JIT] Compiled method #123 0x30033d158 'currentSession' (entry 2, 392 bytes)
[JIT] Compiled method #124 0x30033af00 'add:' (entry 2, 2720 bytes)
[SLOT-TRIPWIRE] ctx=0x303427840 oldSender=0x303427700 method=0x30033bc58 slots=40
[SLOT-TRIPWIRE] ctx=0x303427700 oldSender=0x3034275c0 method=0x300466708 slots=39
[SLOT-TRIPWIRE] ctx=0x3034275c0 oldSender=0x303427480 method=0x300358940 slots=39
[SLOT-TRIPWIRE] ctx=0x303427480 oldSender=0x303427338 method=0x3003b35d0 slots=39
[JIT] Compiled method #125 0x3003b6a50 'findNextUnwindContextUpTo:' (entry 2, 6176 bytes)
[SLOT-TRIPWIRE] ctx=0x30342a8b0 oldSender=0x30342a770 method=0x3003b8958 slots=42
[SLOT-TRIPWIRE] ctx=0x30342a770 oldSender=0x30342a630 method=0x3003b9d10 slots=39
[SLOT-TRIPWIRE] ctx=0x30342a630 oldSender=0x303427338 method=0x3003b7ea0 slots=39
[SLOT-TRIPWIRE] ctx=0x303427338 oldSender=0x3034271f8 method=0x3003b7a88 slots=40
[SLOT-TRIPWIRE] ctx=0x3034271f8 oldSender=0x3034270c0 method=0x3003b6ac0 slots=39
[SLOT-TRIPWIRE] ctx=0x3034270c0 oldSender=0x303426f70 method=0x30037e4f8 slots=38
[SLOT-TRIPWIRE] ctx=0x303426f70 oldSender=0x303426e10 method=0x3003722d8 slots=41
[SLOT-TRIPWIRE] ctx=0x303426e10 oldSender=0x303426cc0 method=0x3003f8158 slots=43
[SLOT-TRIPWIRE] ctx=0x303426cc0 oldSender=0x303426b80 method=0x300469218 slots=41
[SLOT-TRIPWIRE] ctx=0x303426b80 oldSender=0x303426920 method=0x30033bb80 slots=39
[SLOT-TRIPWIRE] ctx=0x303426920 oldSender=0x3034267e0 method=0x3003e68d8 slots=40
[SLOT-TRIPWIRE] ctx=0x3034267e0 oldSender=0x3034266a8 method=0x3003dd1b0 slots=39
[SLOT-TRIPWIRE] ctx=0x3034266a8 oldSender=0x303426560 method=0x3003dd168 slots=38
[SLOT-TRIPWIRE] ctx=0x303426560 oldSender=0x303426428 method=0x30032e060 slots=40
[SLOT-TRIPWIRE] ctx=0x303426428 oldSender=0x3034262f0 method=0x30032dd08 slots=38
[SLOT-TRIPWIRE] ctx=0x3034262f0 oldSender=0x3034261b8 method=0x3002e0600 slots=38
[SLOT-TRIPWIRE] ctx=0x3034261b8 oldSender=0x303426080 method=0x3002e0518 slots=38
[SLOT-TRIPWIRE] ctx=0x303426080 oldSender=0x303425f40 method=0x3002d8978 slots=38
[SLOT-TRIPWIRE] ctx=0x303425f40 oldSender=0x303425e00 method=0x3004207b8 slots=39
[SLOT-TRIPWIRE] ctx=0x303425e00 oldSender=0x303425cb0 method=0x300439c88 slots=39
[SLOT-TRIPWIRE] ctx=0x303425cb0 oldSender=0x3033fb138 method=0x300339db0 slots=41
[SLOT-TRIPWIRE] ctx=0x3033fb138 oldSender=0x3033faf78 method=0x3003aa7c8 slots=39
[SLOT-TRIPWIRE] ctx=0x3033faf78 oldSender=0x3033fab28 method=0x30041d080 slots=38
[SLOT-TRIPWIRE] ctx=0x3033fab28 oldSender=0x3033fa748 method=0x30041cfb0 slots=39
[SLOT-TRIPWIRE] ctx=0x3033fa748 oldSender=0x3033fa600 method=0x30033c0f8 slots=39
[SLOT-TRIPWIRE] ctx=0x3033fa600 oldSender=0x3033fa4b8 method=0x300351288 slots=40
[SLOT-TRIPWIRE] ctx=0x3033fa4b8 oldSender=0x3033fa370 method=0x300358920 slots=40
[SLOT-TRIPWIRE] ctx=0x3033fa370 oldSender=0x3033fa1d0 method=0x3003b3d40 slots=40
[SLOT-TRIPWIRE] ctx=0x30342a8b0 oldSender=0x3033fa1d0 method=0x3003b8958 slots=42
[SLOT-TRIPWIRE] ctx=0x3033fa1d0 oldSender=0x3033f3e50 method=0x300351218 slots=40
[JIT] Compiled method #126 0x300308368 'new' (entry 2, 7536 bytes)
[JIT] Compiled method #127 0x30036bb90 'initialize' (entry 2, 280 bytes)
[JIT] Compiled method #128 0x300982988 'compiledMethods' (entry 2, 392 bytes)
[JIT] Compiled method #129 0x30035a028 'initialize:' (entry 2, 7936 bytes)
[JIT] Compiled method #130 0x300325b88 'atAllPut:' (entry 2, 8816 bytes)
[JIT] Compiled method #131 0x3002e0078 'current' (entry 2, 320 bytes)
[CACHE-8] #superclass -> getter=-1 setter=-1 retSelf=0 prim=264 cls=0x300016690 method=0x3003aa690
[CACHE-9] #superclass -> getter=-1 setter=-1 retSelf=0 prim=264 cls=0x30001a408 method=0x3003aa690
[JIT] Compiled method #132 0x300308778 'initialize:' (entry 2, 5568 bytes)
[JIT] Compiled method #133 0x300308c88 'scanFor:' (entry 2, 17120 bytes)
[JIT] Compiled method #134 0x3003aa610 'basicIdentityHash' (entry 2, 2712 bytes)
[DNU-STACK] Full call stack for #atEnd (DNU #2):
[DNU-STACK]   [0] Array>>do:
[DNU-STACK]   [1] WorkingSession>>on:do:
[DNU-STACK]   [2] FullBlockClosure>>on:do:
[DNU-STACK]   [3] WorkingSession>>?
[DNU-STACK]   [4] WorkingSession>>startup:
[DNU-STACK]   [5] ClassSessionHandler>>startup:
[DNU-STACK]   [6] FFIMethodRegistry class>>startUp:
[DNU-STACK]   [7] FFIMethodRegistry class>>resetAll
[DNU-STACK]   [8] FFIStructure class>>resetAllStructures
[DNU-STACK]   [9] FFIStructure class>>allSubclassesDo:
[DNU-STACK]   [10] FFIStructure class>>subclassesDo:
[DNU-STACK]   [11] Array>>do:
[DNU-STACK]   [12] FFIStructure class>>allSubclassesDo:
[DNU-STACK]   [13] FFIStructure class>>resetStructureIfNotIn:
[DNU-STACK]   [14] FFIExternalStructure class>>resetStructureIfNotIn:
[DNU-STACK]   [15] FFIExternalStructure class>>nestedStructures
[DNU-STACK]   [16] FFIExternalStructure class>>fieldSpec
[DNU-STACK]   [17] FFIExternalStructureFieldParser>>parseFields:structure:
[DNU-STACK]   [current] #parseFields:structure: fd=17
[DNU] #2: #atEnd not understood by rcvr=0x1 argCount=0 fd=17 in #parseFields:structure: P80
[DNU]   rcvr is SmallInteger 0
[DNU-JIT] lastJitReturn: method=#new(0x3003ab428) retVal=0x30342c580(obj 0) fd=17 (resume)
[DNU-JIT] caller=#parseFields:structure: jitCompiled=no
[DNU-JIT]   [0] #do: <<JIT>>
[DNU-JIT]   [1] #on:do: 
[DNU-JIT]   [2] #on:do: <<JIT>>
[DNU-JIT]   [3] #? <<JIT>>
[DNU-JIT]   [4] #startup: 
[DNU-JIT]   [5] #startup: <<JIT>>
[DNU-JIT]   [6] #startUp: 
[DNU-JIT]   [7] #resetAll 
[DNU-JIT]   [8] #resetAllStructures 
[DNU-JIT]   [9] #allSubclassesDo: 
[DNU-JIT]   [10] #subclassesDo: 
[DNU-JIT]   [11] #do: <<JIT>>
[DNU-JIT]   [12] #allSubclassesDo: 
[DNU-JIT]   [13] #resetStructureIfNotIn: 
[DNU-JIT]   [14] #resetStructureIfNotIn: 
[DNU-JIT]   [15] #nestedStructures 
[DNU-JIT]   [16] #fieldSpec 
[DNU-JIT]   [17] #parseFields:structure: 
[DNU-JIT] rcvr 0x1: inHeap=0 stack=[0x4e7a8e018,0x4e7b8e018) code=[0x10c3ec000,0x10d3ec000)
[DNU-JIT]   -> UNKNOWN REGION
[DNU-JIT] this=0x4e7400000 SP=0x4e7a8e1c8 FP=0x4e7a8e178 fd=17
[DNU-JIT] rcvr offset from this: 0xfffffffb18c00001, from stackBase: 0xfffffffb18571fe9
[DNU-JIT] megaCache=[0x4e7c715c8,0x4e7e715c8) rcvr offset from mega: -21068453319 (entry 576460751645034321, field 25)
[DNU]   FP=0x4e7a8e178 SP=0x4e7a8e1c8 base=0x4e7a8e018
[DNU]   receiver_=0x30342c4c8 method_=0x300975920
[DNU]   FP[-2] = 0x30093c4e8
[DNU]   FP[-1] = 0x30093c4e8
[DNU]   FP[0] = 0x30342c4c8
[DNU]   FP[1] = 0x300261f88
[DNU]   FP[2] = 0x30093c4e8
[DNU]   FP[3] = 0x1
[DNU]   FP[4] = 0x300000000
[DNU]   FP[5] = 0x300000000
[DNU]   FP[6] = 0x30342c4f8
[DNU]   FP[7] = 0x1
[DNU]   FP[8] = 0x300000000
[DNU]   FP[9] = 0x1
[DNU]   FP[10] = 0x30342c580
[JIT] Compiled method #135 0x3003722d8 'doesNotUnderstand:' (entry 2, 15104 bytes)
[JIT] Compiled method #136 0x30037ed00 'initialize' (entry 2, 448 bytes)
[JIT] Compiled method #137 0x30037ee00 'message:' (entry 2, 360 bytes)
[JIT] Compiled method #138 0x30037eee8 'receiver:' (entry 2, 360 bytes)
[JIT] AUTO-EXCLUDED exception infra #signal (class Exception class)
[JIT] Compiled method #139 0x30037ed70 'receiver' (entry 2, 392 bytes)
[JIT] Compiled method #140 0x3003b6d10 'nextHandlerContext' (entry 2, 5064 bytes)
[JIT] Compiled method #141 0x3003b63d8 'findNextHandlerContext' (entry 2, 13624 bytes)
[JIT] Compiled method #142 0x3003b8d58 'findNextHandlerOrSignalingContext' (entry 2, 5912 bytes)
[JIT] Compiled method #143 0x3003b5c00 'isHandlerContext' (entry 2, 5296 bytes)
[JIT] Compiled method #144 0x3003b85a8 'isHandlerOrSignalingContext' (entry 2, 2960 bytes)
[JIT] Method #145 compiled (10776 bytes, 21 bytecodes) #primitive:
  methodOop=0x30039f838 numLits=7 fmt=28 bcLen=28 header=0xf000000000040007
    lit[1]=0x30005b880 class=3085 bytes="hasPrimitive"
    lit[2]=0x30005b458 class=3085 bytes="initialPC"
    lit[3]=0x11
    lit[4]=0x41
    lit[5]=0x300050940 class=3085 bytes="ifTrue:ifFalse:"
    lit[6]=0x30005b328 class=3085 bytes="primitive"
    lit[7]=0x300078ba8 class=3139
  raw bytecodes: 4c 80 ef 11 4c 4c 81 f5 00 51 60 70 4c 40 22 60 70 23 6c 60 b0 50 5c 00 00 b2 2a 62
  bc[0] op=0x4C -> stencil_pushReceiver (operand=-1, branch=-1)
  bc[1] op=0x80 -> stencil_sendJ2J (operand=16777217, branch=0)
  bc[2] op=0xC0 -> stencil_jumpFalse (operand=-1, branch=21)
  bc[4] op=0x4C -> stencil_pushReceiver (operand=-1, branch=-1)
  bc[5] op=0x4C -> stencil_pushReceiver (operand=-1, branch=-1)
  bc[6] op=0x81 -> stencil_sendJ2J (operand=16777222, branch=1)
  bc[7] op=0xF5 -> stencil_storeTemp (operand=0, branch=-1)
  bc[9] op=0x51 -> stencil_pushOne (operand=-1, branch=-1)
  bc[10] op=0x60 -> stencil_addSmallInt (operand=10, branch=-1)
  bc[11] op=0x70 -> stencil_sendJ2J (operand=16842763, branch=0)
  bc[12] op=0x4C -> stencil_pushReceiver (operand=-1, branch=-1)
  bc[13] op=0x40 -> stencil_pushTemp (operand=0, branch=-1)
  bc[14] op=0x22 -> stencil_pushLitConst (operand=2, branch=-1)
  bc[15] op=0x60 -> stencil_addSmallInt (operand=15, branch=-1)
  bc[16] op=0x70 -> stencil_sendJ2J (operand=16842768, branch=0)
  bc[17] op=0x23 -> stencil_pushLitConst (operand=3, branch=-1)
  bc[18] op=0x6C -> stencil_bitShiftSmallInt (operand=18, branch=-1)
  bc[19] op=0x60 -> stencil_addSmallInt (operand=19, branch=-1)
  bc[20] op=0xB0 -> stencil_jump (operand=-1, branch=22)
  bc[21] op=0x50 -> stencil_pushZero (operand=-1, branch=-1)
  bc[22] op=0x5C -> stencil_returnTop (operand=-1, branch=-1)
[JIT] Compiled method #145 0x30039f838 'primitive' (entry 2, 10776 bytes)
[JIT] Method #146 compiled (5112 bytes, 5 bytecodes) #hasPrimitive:
  methodOop=0x3003a12d0 numLits=5 fmt=30 bcLen=10 header=0xf000000000000005
    lit[1]=0x30005b150 class=3085 bytes="header"
    lit[2]=0x80001
    lit[3]=0x30006db28 class=3085 bytes="anyMask:"
    lit[4]=0x30005b880 class=3085 bytes="hasPrimitive"
    lit[5]=0x300078ba8 class=3139
  raw bytecodes: 4c 80 21 92 5c 00 00 b2 ec 56
  bc[0] op=0x4C -> stencil_pushReceiver (operand=-1, branch=-1)
  bc[1] op=0x80 -> stencil_sendJ2J (operand=16777217, branch=0)
  bc[2] op=0x21 -> stencil_pushLitConst (operand=1, branch=-1)
  bc[3] op=0x92 -> stencil_sendJ2J (operand=16842755, branch=2)
  bc[4] op=0x5C -> stencil_returnTop (operand=-1, branch=-1)
[JIT] Compiled method #146 0x3003a12d0 'hasPrimitive' (entry 2, 5112 bytes)
[JIT] Compiled method #147 0x300377cd0 'anyMask:' (entry 2, 624 bytes)
[JIT] Compiled method #148 0x30039fec0 'initialPC' (entry 2, 5584 bytes)
[JIT] Compiled method #149 0x30031bba8 'wordSize' (entry 2, 5064 bytes)
[JIT] Methods: 31 pure, 97 send-deopt, 22 heap-write (of 150 compiled, all executable)
[JIT] Compiled method #150 0x3003b9830 'selector' (entry 2, 10056 bytes)
[JIT] Compiled method #151 0x3003b85e8 'compiledCode' (entry 2, 384 bytes)
[JIT] Compiled method #152 0x3003a3458 'selector' (entry 2, 7640 bytes)
[JIT] Compiled method #153 0x3003a2408 'penultimateLiteral' (entry 2, 5616 bytes)
[JIT] Compiled method #154 0x30039f250 'literalAt:' (entry 2, 2880 bytes)
[JIT] Compiled method #155 0x3003a86e8 'isMethodProperties' (entry 2, 296 bytes)
[JIT] Compiled method #156 0x3003a8c30 'selector' (entry 2, 392 bytes)
[JIT] AUTO-EXCLUDED exception infra #handleSignal:
[JIT] Compiled method #157 0x3003b9b68 'exceptionClass' (entry 2, 2704 bytes)
[JIT] Compiled method #158 0x30037e788 'handles:' (entry 2, 2720 bytes)
[JIT] Compiled method #159 0x3003b7a88 'evaluateSignal:' (entry 2, 12480 bytes)
[JIT] Compiled method #160 0x30037df30 'privHandlerContext:' (entry 2, 360 bytes)
[JIT] Compiled method #161 0x3003b6530 'exceptionHandlerBlock' (entry 2, 2720 bytes)
[JIT] Compiled method #162 0x30033d7c8 'errorHandler' (entry 2, 2712 bytes)
[JIT] Compiled method #163 0x3004654f8 'default' (entry 2, 5568 bytes)
[JIT] Compiled method #164 0x300466708 'handleError:' (entry 2, 2776 bytes)
[JIT] Compiled method #165 0x30033bc58 'handleError:log:' (entry 2, 12624 bytes)
[JIT] Compiled method #166 0x30037e140 'freeze' (entry 2, 2744 bytes)
[JIT] Compiled method #167 0x30037dec8 'freezeUpTo:' (entry 2, 2840 bytes)
[SLOT-TRIPWIRE] ctx=0x30342dcc0 oldSender=0x30342db78 method=0x30037e140 slots=38
[JIT] Compiled method #168 0x30033bd48 'sessionManager' (entry 2, 2712 bytes)
[JIT] Branch target 19 past last bytecode (bcLen=16) — refusing to compile this method
[JIT] Compiled method #169 0x30033cfb0 'addDeferredStartupAction:' (entry 2, 5120 bytes)
[JIT] Compiled method #170 0x30033d598 'addDeferredStartupAction:' (entry 2, 2816 bytes)
[SLOT-TRIPWIRE] ctx=0x30342db78 oldSender=0x30342da38 method=0x30033bc58 slots=40
[SLOT-TRIPWIRE] ctx=0x30342da38 oldSender=0x30342d8f8 method=0x300466708 slots=39
[SLOT-TRIPWIRE] ctx=0x30342d8f8 oldSender=0x30342d7b8 method=0x300358940 slots=39
[SLOT-TRIPWIRE] ctx=0x30342d7b8 oldSender=0x30342d670 method=0x3003b35d0 slots=39
[JIT] Compiled method #171 0x3003b7ea0 'return:' (entry 2, 5952 bytes)
[JIT] Compiled method #172 0x3003b9d10 'resume:' (entry 2, 5184 bytes)
[JIT] Compiled method #173 0x3003b8958 'resume:through:' (entry 2, 28128 bytes)
[JIT] Compiled method #174 0x3003b9b30 'isDead' (entry 2, 2760 bytes)
[JIT] Compiled method #175 0x30036b838 'isNil' (entry 2, 296 bytes)
[JIT] Compiled method #176 0x3003675e0 'isNil' (entry 2, 296 bytes)
[JIT] Compiled method #177 0x3003b8790 'terminateTo:' (entry 2, 8440 bytes)
[SLOT-TRIPWIRE] ctx=0x3034305d0 oldSender=0x30342b3a8 method=0x3003b8958 slots=42
[SLOT-TRIPWIRE] ctx=0x30342b3a8 oldSender=0x3033f3e50 method=0x300351218 slots=40
[JIT] Compiled method #178 0x300367088 'signal' (entry 2, 2712 bytes)
[JIT] Compiled method #179 0x3003671e0 'new' (entry 2, 5064 bytes)
[JIT] Compiled method #180 0x300366e18 'initSignals' (entry 2, 336 bytes)
[JIT] Compiled method #181 0x300339920 'new' (entry 2, 5368 bytes)
[JIT] Compiled method #182 0x3003b3560 'compiledBlock' (entry 2, 392 bytes)
[IC-PATCH] #numLiterals J2J=1 key=0xc2d extra=0x100000010c4a5418
[JIT] Compiled method #183 0x3003b2960 'startpc' (entry 2, 5064 bytes)
[JIT] Compiled method #184 0x3003b38b8 'numTemps' (entry 2, 5064 bytes)
[JIT] Compiled method #185 0x3003a0700 'numTemps' (entry 2, 3064 bytes)
[JIT] Compiled method #186 0x3003b40b8 'numCopiedValues' (entry 2, 2800 bytes, prim)
[JIT] Compiled method #187 0x30036c6b0 'activeProcess' (entry 2, 2760 bytes)
[JIT] Compiled method #188 0x300365c58 'effectiveProcess' (entry 2, 600 bytes)
[CACHE-10] #methodDict -> getter=-1 setter=-1 retSelf=0 prim=0 cls=0x300016af0 method=0x3003aa700
[JIT] Compiled method #189 0x30036f410 'basicAt:' (entry 2, 10376 bytes, prim)
[JIT] Compiled method #190 0x300365e00 'state' (entry 2, 19536 bytes)
[JIT] Compiled method #191 0x3003b95b8 'method' (entry 2, 384 bytes)
[JIT] Compiled method #192 0x3003a8e08 '>>' (entry 2, 2720 bytes)
[JIT] Compiled method #193 0x3003aadf8 'compiledMethodAt:' (entry 2, 5112 bytes)
[JIT] Compiled method #194 0x3003aa700 'methodDict' (entry 2, 5672 bytes)
[JIT] Compiled method #195 0x3003cca88 'at:ifAbsent:' (entry 2, 10648 bytes)
[JIT] Compiled method #196 0x3003cc818 'scanFor:' (entry 2, 13984 bytes)
[JIT] Compiled method #197 0x300366370 'priority:' (entry 2, 17440 bytes)
[JIT] Compiled method #198 0x30036c860 'lowestPriority' (entry 2, 320 bytes)
[JIT] Compiled method #199 0x30036c720 'highestPriority' (entry 2, 2760 bytes)
[JIT] Methods: 41 pure, 132 send-deopt, 27 heap-write (of 200 compiled, all executable)
[JIT] Compiled method #200 0x30037c928 'between:and:' (entry 2, 816 bytes)
[JIT] Compiled method #201 0x30036c328 'interpriorityYield:' (entry 2, 15128 bytes)
[JIT] Compiled method #202 0x300365b98 'isActive' (entry 2, 2800 bytes)
[JIT] Compiled method #203 0x300365b18 'isReady' (entry 2, 2800 bytes)
[JIT] Compiled method #204 0x30036f910 'basicSize' (entry 2, 424 bytes, prim)
[CACHE-11] #superclass -> getter=-1 setter=-1 retSelf=0 prim=264 cls=0x300026ce8 method=0x3003aa690
[IC-PATCH] #privHandlerContext: J2J=1 key=0x12a3 extra=0x100000010c4dc998
[IC-PATCH] #freeze J2J=1 key=0x12a3 extra=0x100000010c4e3498
[SLOT-TRIPWIRE] ctx=0x303434b28 oldSender=0x3034349e0 method=0x30037e140 slots=38
[SLOT-TRIPWIRE] ctx=0x3034349e0 oldSender=0x3034348a0 method=0x30033bc58 slots=40
[SLOT-TRIPWIRE] ctx=0x3034348a0 oldSender=0x303434760 method=0x300466708 slots=39
[SLOT-TRIPWIRE] ctx=0x303434760 oldSender=0x303434620 method=0x300358940 slots=39
[SLOT-TRIPWIRE] ctx=0x303434620 oldSender=0x3034344d8 method=0x3003b35d0 slots=39
[SLOT-TRIPWIRE] ctx=0x3034377a8 oldSender=0x303430760 method=0x3003b8958 slots=42
[SLOT-TRIPWIRE] ctx=0x303430760 oldSender=0x3033f3e50 method=0x300351218 slots=40
[JIT] Compiled method #205 0x3002d89b8 'os' (entry 2, 2712 bytes)
[JIT] Compiled method #206 0x3002e0518 'platformName' (entry 2, 2680 bytes)
[JIT] Compiled method #207 0x3002e0600 'name' (entry 2, 5088 bytes)
[JIT] Compiled method #208 0x30046bc90 'reset' (entry 2, 336 bytes)
[JIT] Compiled method #209 0x300342b98 'replaceFrom:to:with:startingAt:' (entry 2, 8080 bytes)
[IC-PATCH] #subclasses J2J=1 key=0x164a extra=0x100000010c463dd8
[JIT] Compiled method #210 0x3003d61a8 'detect:' (entry 2, 2856 bytes)
[JIT] Compiled method #211 0x3003d68c0 'detect:ifNone:' (entry 2, 2864 bytes)
[JIT] Compiled method #212 0x3003d6888 'detect:ifFound:ifNone:' (entry 2, 7880 bytes)
[JIT] Compiled method #213 0x3003ec8b8 'ifTrue:' (entry 2, 5344 bytes)
[JIT] Compiled method #214 0x300344f60 '=' (entry 2, 10808 bytes)
[JIT] Compiled method #215 0x300346e00 'isString' (entry 2, 296 bytes)
[JIT] Compiled method #216 0x300347740 'compare:with:' (entry 2, 10640 bytes)
[JIT] Compiled method #217 0x300342db8 'compareWith:' (entry 2, 2784 bytes)
[JIT] Compiled method #218 0x3002d4a18 'addResolver:' (entry 2, 3176 bytes)
[IC-PATCH] #addResolver: J2J=1 key=0x162b extra=0x100000010c528718
[JIT] Compiled method #219 0x3003aa380 'isBytes' (entry 2, 2880 bytes)
[JIT] Compiled method #220 0x3003a9700 'instSpec' (entry 2, 3064 bytes)
[JIT] Compiled method #221 0x3003ac558 'format' (entry 2, 392 bytes)
[JIT] Compiled method #222 0x300325bf8 'indexOfSubCollection:startingAt:' (entry 2, 2816 bytes)
[JIT] Compiled method #223 0x300345358 'indexOfSubCollection:startingAt:ifAbsent:' (entry 2, 5864 bytes)
[JIT] Compiled method #224 0x300344be8 'findString:startingAt:' (entry 2, 2816 bytes)
[JIT] Compiled method #225 0x300347898 'findString:startingAt:caseSensitive:' (entry 2, 34976 bytes)
[JIT] Compiled method #226 0x300342ab8 'findSubstring:in:startingAt:matchTable:' (entry 2, 2840 bytes)
[JIT] Compiled method #227 0x300347c30 'findIn:startingAt:matchTable:' (entry 2, 2832 bytes)
[JIT] Compiled method #228 0x300344640 'findSubstringViaPrimitive:in:startingAt:matchTable:' (entry 2, 25744 bytes)
[P63] idx=1 arrIdx=0 byte=0x32($2) str='2026-04-06 12:00:00 '(25)
[JIT] Compiled method #229 0x300377a10 'isInteger' (entry 2, 296 bytes)
[JIT] Compiled method #230 0x300376f68 'truncated' (entry 2, 280 bytes)
[JIT] Method #231 compiled (5488 bytes, 12 bytecodes) #at::
  methodOop=0x3003428b8 numLits=4 fmt=25 bcLen=15 header=0xf000000001050004
    lit[1]=0x300079058 class=3139
    lit[2]=0x300051810 class=3085 bytes="at:"
    lit[3]=0x300353180 class=3299
    lit[4]=0x300078638 class=3139
  raw bytecodes: f8 3f 00 10 4c 40 eb 09 7a 5c 00 00 44 21 90
  bc[0] op=0xF8 -> stencil_nop (operand=-1, branch=-1)
  bc[3] op=0x10 -> stencil_pushLitVar (operand=0, branch=-1)
  bc[4] op=0x4C -> stencil_pushReceiver (operand=-1, branch=-1)
  bc[5] op=0x40 -> stencil_pushTemp (operand=0, branch=-1)
  bc[6] op=0xEB -> stencil_send (operand=6, branch=-1)
  bc[8] op=0x7A -> stencil_sendJ2J (operand=16842760, branch=10)
  bc[9] op=0x5C -> stencil_returnTop (operand=-1, branch=-1)
  bc[10] op=0x00 -> stencil_pushRecvVar (operand=0, branch=-1)
  bc[11] op=0x00 -> stencil_pushRecvVar (operand=0, branch=-1)
  bc[12] op=0x44 -> stencil_pushTemp (operand=4, branch=-1)
  bc[13] op=0x21 -> stencil_pushLitConst (operand=1, branch=-1)
  bc[14] op=0x90 -> stencil_sendJ2J (operand=16842766, branch=0)
[JIT] Compiled method #231 0x3003428b8 'at:' (entry 2, 5488 bytes)
[P63] idx=1 arrIdx=0 byte=0x79($y) str='y-mm-dd'(7)
[JIT] Compiled method #232 0x300398948 '=' (entry 2, 504 bytes, prim)
[P63] idx=1 arrIdx=0 byte=0x79($y) str='yyy'(3)
[P63] idx=2 arrIdx=1 byte=0x2d($-) str='y-mm-dd'(7)
[P63] idx=2 arrIdx=1 byte=0x2d($-) str='y-mm-dd'(7)
[JIT] Compiled method #233 0x30046b958 'peekFor:' (entry 2, 6424 bytes)
[P63] idx=1 arrIdx=0 byte=0x32($2) str='2026-04-06 12:00:00 '(25)
[P63] idx=1 arrIdx=0 byte=0x32($2) str='2026-04-06 12:00:00 '(25)
[P63] idx=1 arrIdx=0 byte=0x32($2) str='2026-04-06 12:00:00 '(25)
[JIT] Compiled method #234 0x300397e20 'asInteger' (entry 2, 2696 bytes)
[P63] idx=2 arrIdx=1 byte=0x30($0) str='2026-04-06 12:00:00 '(25)
[JIT] Compiled method #235 0x300397030 'isLarge' (entry 2, 296 bytes)
[P63] idx=2 arrIdx=1 byte=0x30($0) str='2026-04-06 12:00:00 '(25)
[JIT] Compiled method #236 0x3003989b8 'digitValue' (entry 2, 13048 bytes)
[JIT] Compiled method #237 0x30046b5e0 'peek' (entry 2, 5848 bytes)
[P63] idx=3 arrIdx=2 byte=0x32($2) str='2026-04-06 12:00:00 '(25)
[P63] idx=3 arrIdx=2 byte=0x32($2) str='2026-04-06 12:00:00 '(25)
[P63] idx=4 arrIdx=3 byte=0x36($6) str='2026-04-06 12:00:00 '(25)
[P63] idx=4 arrIdx=3 byte=0x36($6) str='2026-04-06 12:00:00 '(25)
[P63] idx=5 arrIdx=4 byte=0x2d($-) str='2026-04-06 12:00:00 '(25)
[P63] idx=5 arrIdx=4 byte=0x2d($-) str='2026-04-06 12:00:00 '(25)
[JIT] Compiled method #238 0x30046b478 'position:' (entry 2, 5392 bytes)
[JIT] Compiled method #239 0x300381c30 'isDoneParsing' (entry 2, 5544 bytes)
[JIT] Compiled method #240 0x300381ec8 'parseNextPattern' (entry 2, 25792 bytes)
[JIT] Compiled method #241 0x300381aa0 'readNextChar' (entry 2, 2792 bytes)
[P63] idx=2 arrIdx=1 byte=0x2d($-) str='y-mm-dd'(7)
[JIT] Compiled method #242 0x300381e00 'isEscape' (entry 2, 568 bytes)
[JIT] Compiled method #243 0x300382028 'isYearPattern' (entry 2, 568 bytes)
[P63] idx=5 arrIdx=4 byte=0x2d($-) str='2026-04-06 12:00:00 '(25)
[P63] idx=3 arrIdx=2 byte=0x6d($m) str='y-mm-dd'(7)
[JIT] Compiled method #244 0x300381808 'isMonthPattern' (entry 2, 568 bytes)
[P63] idx=4 arrIdx=3 byte=0x6d($m) str='y-mm-dd'(7)
[P63] idx=1 arrIdx=0 byte=0x30($0) str='04'(2)
[JIT] Compiled method #245 0x300397b50 'isDigit' (entry 2, 5088 bytes)
[JIT] Compiled method #246 0x300398978 'characterSet' (entry 2, 5064 bytes)
[JIT] Compiled method #247 0x300399800 'characterSet' (entry 2, 576 bytes)
[JIT] Compiled method #248 0x3003eaa18 'isDigit:' (entry 2, 2776 bytes)
[JIT] Compiled method #249 0x3003ea6d8 'is:inCategory:' (entry 2, 8584 bytes)
[JIT] Methods: 50 pure, 167 send-deopt, 33 heap-write (of 250 compiled, all executable)
[JIT] Compiled method #250 0x300398070 'charCode' (entry 2, 2832 bytes)
[JIT] Compiled method #251 0x300337668 'size' (entry 2, 392 bytes)
[JIT] Method #252 compiled (5192 bytes, 8 bytecodes) #at::
  methodOop=0x300337438 numLits=4 fmt=27 bcLen=13 header=0xf000000001040004
    lit[1]=0x300073ff0 class=3085 bytes="pvtCheckIndex:"
    lit[2]=0x300073df8 class=3085 bytes="noCheckAt:"
    lit[3]=0x300051810 class=3085 bytes="at:"
    lit[4]=0x300078578 class=3139
  raw bytecodes: 4c 40 90 d8 4c 40 91 5c 00 04 59 4c 8a
  bc[0] op=0x4C -> stencil_pushReceiver (operand=-1, branch=-1)
  bc[1] op=0x40 -> stencil_pushTemp (operand=0, branch=-1)
  bc[2] op=0x90 -> stencil_sendJ2J (operand=16842754, branch=0)
  bc[3] op=0xD8 -> stencil_pop (operand=-1, branch=-1)
  bc[4] op=0x4C -> stencil_pushReceiver (operand=-1, branch=-1)
  bc[5] op=0x40 -> stencil_pushTemp (operand=0, branch=-1)
  bc[6] op=0x91 -> stencil_sendJ2J (operand=16842758, branch=1)
  bc[7] op=0x5C -> stencil_returnTop (operand=-1, branch=-1)
[JIT] Compiled method #252 0x300337438 'at:' (entry 2, 5192 bytes)
[JIT] Method #253 compiled (10880 bytes, 29 bytecodes) #pvtCheckIndex::
  methodOop=0x300337870 numLits=7 fmt=30 bcLen=34 header=0xf000000001040007
    lit[1]=0x30005d0e0 class=3085 bytes="isInteger"
    lit[2]=0x30005d510 class=3085 bytes="errorNonIntegerIndex"
    lit[3]=0x30005d980 class=3085 bytes="errorSubscriptBounds:"
    lit[4]=0x300050920 class=3085 bytes="ifTrue:"
    lit[5]=0x3000509b0 class=3085 bytes="ifFalse:"
    lit[6]=0x300073ff0 class=3085 bytes="pvtCheckIndex:"
    lit[7]=0x300078578 class=3139
  raw bytecodes: 40 80 c1 4f b1 4c 81 d8 40 51 62 c3 4c 40 92 b0 4f d8 40 01 63 c3 4c 40 92 b0 4f d8 58 00 04 59 5d 50
  bc[0] op=0x40 -> stencil_pushTemp (operand=0, branch=-1)
  bc[1] op=0x80 -> stencil_sendJ2J (operand=16777217, branch=0)
  bc[2] op=0xC1 -> stencil_jumpFalse (operand=-1, branch=5)
  bc[3] op=0x4F -> stencil_pushNil (operand=-1, branch=-1)
  bc[4] op=0xB1 -> stencil_jump (operand=-1, branch=7)
  bc[5] op=0x4C -> stencil_pushReceiver (operand=-1, branch=-1)
  bc[6] op=0x81 -> stencil_sendJ2J (operand=16777222, branch=1)
  bc[7] op=0xD8 -> stencil_pop (operand=-1, branch=-1)
  bc[8] op=0x40 -> stencil_pushTemp (operand=0, branch=-1)
  bc[9] op=0x51 -> stencil_pushOne (operand=-1, branch=-1)
  bc[10] op=0x62 -> stencil_lessThanSmallInt (operand=10, branch=-1)
  bc[11] op=0xC3 -> stencil_jumpFalse (operand=-1, branch=16)
  bc[12] op=0x4C -> stencil_pushReceiver (operand=-1, branch=-1)
  bc[13] op=0x40 -> stencil_pushTemp (operand=0, branch=-1)
  bc[14] op=0x92 -> stencil_sendJ2J (operand=16842766, branch=2)
  bc[15] op=0xB0 -> stencil_jump (operand=-1, branch=17)
  bc[16] op=0x4F -> stencil_pushNil (operand=-1, branch=-1)
  bc[17] op=0xD8 -> stencil_pop (operand=-1, branch=-1)
  bc[18] op=0x40 -> stencil_pushTemp (operand=0, branch=-1)
  bc[19] op=0x01 -> stencil_pushRecvVar (operand=1, branch=-1)
  bc[20] op=0x63 -> stencil_greaterThanSmallInt (operand=20, branch=-1)
  bc[21] op=0xC3 -> stencil_jumpFalse (operand=-1, branch=26)
  bc[22] op=0x4C -> stencil_pushReceiver (operand=-1, branch=-1)
  bc[23] op=0x40 -> stencil_pushTemp (operand=0, branch=-1)
  bc[24] op=0x92 -> stencil_sendJ2J (operand=16842776, branch=2)
  bc[25] op=0xB0 -> stencil_jump (operand=-1, branch=27)
  bc[26] op=0x4F -> stencil_pushNil (operand=-1, branch=-1)
  bc[27] op=0xD8 -> stencil_pop (operand=-1, branch=-1)
  bc[28] op=0x58 -> stencil_returnReceiver (operand=-1, branch=-1)
[JIT] Compiled method #253 0x300337870 'pvtCheckIndex:' (entry 2, 10880 bytes)
[JIT] Method #254 compiled (10984 bytes, 50 bytecodes) #noCheckAt::
  methodOop=0x300337ba8 numLits=7 fmt=25 bcLen=55 header=0xf0000000010c0007
    lit[1]=0x3000541a8 class=3085 bytes="basicSize"
    lit[2]=0x300053e88 class=3085 bytes="basicAt:"
    lit[3]=0x300050920 class=3085 bytes="ifTrue:"
    lit[4]=0x300050930 class=3085 bytes="or:"
    lit[5]=0x300050820 class=3085 bytes="ifNil:"
    lit[6]=0x300073df8 class=3085 bytes="noCheckAt:"
    lit[7]=0x300078578 class=3139
  raw bytecodes: 40 00 61 02 6d 51 60 d1 41 4c 80 63 c1 4d b2 41 51 62 c1 03 5c 4f d8 4c 41 91 d2 42 53 4f 76 c2 d8 03 5c d8 42 40 00 61
  bc[0] op=0x40 -> stencil_pushTemp (operand=0, branch=-1)
  bc[1] op=0x00 -> stencil_pushRecvVar (operand=0, branch=-1)
  bc[2] op=0x61 -> stencil_subSmallInt (operand=2, branch=-1)
  bc[3] op=0x02 -> stencil_pushRecvVar (operand=2, branch=-1)
  bc[4] op=0x6D -> stencil_divSmallInt (operand=4, branch=-1)
  bc[5] op=0x51 -> stencil_pushOne (operand=-1, branch=-1)
  bc[6] op=0x60 -> stencil_addSmallInt (operand=6, branch=-1)
  bc[7] op=0xD1 -> stencil_popStoreTemp (operand=1, branch=-1)
  bc[8] op=0x41 -> stencil_pushTemp (operand=1, branch=-1)
  bc[9] op=0x4C -> stencil_pushReceiver (operand=-1, branch=-1)
  bc[10] op=0x80 -> stencil_sendJ2J (operand=16777226, branch=0)
  bc[11] op=0x63 -> stencil_greaterThanSmallInt (operand=11, branch=-1)
  bc[12] op=0xC1 -> stencil_jumpFalse (operand=-1, branch=15)
  bc[13] op=0x4D -> stencil_pushTrue (operand=-1, branch=-1)
  bc[14] op=0xB2 -> stencil_jump (operand=-1, branch=18)
  bc[15] op=0x41 -> stencil_pushTemp (operand=1, branch=-1)
  bc[16] op=0x51 -> stencil_pushOne (operand=-1, branch=-1)
  bc[17] op=0x62 -> stencil_lessThanSmallInt (operand=17, branch=-1)
  bc[18] op=0xC1 -> stencil_jumpFalse (operand=-1, branch=21)
  bc[19] op=0x03 -> stencil_pushRecvVar (operand=3, branch=-1)
  bc[20] op=0x5C -> stencil_returnTop (operand=-1, branch=-1)
  bc[21] op=0x4F -> stencil_pushNil (operand=-1, branch=-1)
  bc[22] op=0xD8 -> stencil_pop (operand=-1, branch=-1)
  bc[23] op=0x4C -> stencil_pushReceiver (operand=-1, branch=-1)
  bc[24] op=0x41 -> stencil_pushTemp (operand=1, branch=-1)
  bc[25] op=0x91 -> stencil_sendJ2J (operand=16842777, branch=1)
  bc[26] op=0xD2 -> stencil_popStoreTemp (operand=2, branch=-1)
  bc[27] op=0x42 -> stencil_pushTemp (operand=2, branch=-1)
  bc[28] op=0x53 -> stencil_dup (operand=-1, branch=-1)
  bc[29] op=0x4F -> stencil_pushNil (operand=-1, branch=-1)
  bc[30] op=0x76 -> stencil_identicalTo (operand=6, branch=-1)
  bc[31] op=0xC2 -> stencil_jumpFalse (operand=-1, branch=35)
  bc[32] op=0xD8 -> stencil_pop (operand=-1, branch=-1)
  bc[33] op=0x03 -> stencil_pushRecvVar (operand=3, branch=-1)
  bc[34] op=0x5C -> stencil_returnTop (operand=-1, branch=-1)
  bc[35] op=0xD8 -> stencil_pop (operand=-1, branch=-1)
  bc[36] op=0x42 -> stencil_pushTemp (operand=2, branch=-1)
  bc[37] op=0x40 -> stencil_pushTemp (operand=0, branch=-1)
  bc[38] op=0x00 -> stencil_pushRecvVar (operand=0, branch=-1)
  bc[39] op=0x61 -> stencil_subSmallInt (operand=39, branch=-1)
  bc[40] op=0x51 -> stencil_pushOne (operand=-1, branch=-1)
  bc[41] op=0x60 -> stencil_addSmallInt (operand=41, branch=-1)
  bc[42] op=0x41 -> stencil_pushTemp (operand=1, branch=-1)
  bc[43] op=0x51 -> stencil_pushOne (operand=-1, branch=-1)
  bc[44] op=0x61 -> stencil_subSmallInt (operand=44, branch=-1)
  bc[45] op=0x02 -> stencil_pushRecvVar (operand=2, branch=-1)
  bc[46] op=0x68 -> stencil_mulSmallInt (operand=46, branch=-1)
  bc[47] op=0x61 -> stencil_subSmallInt (operand=47, branch=-1)
  bc[48] op=0x70 -> stencil_sendJ2J (operand=16842800, branch=0)
  bc[49] op=0x5C -> stencil_returnTop (operand=-1, branch=-1)
[JIT] Compiled method #254 0x300337ba8 'noCheckAt:' (entry 2, 10984 bytes)
[P63] idx=2 arrIdx=1 byte=0x34($4) str='04'(2)
[JIT] Compiled method #255 0x300323468 ',' (entry 2, 7696 bytes)
[JIT] Compiled method #256 0x300323cc8 'copyReplaceFrom:to:with:' (entry 2, 22832 bytes)
[JIT] Compiled method #257 0x300367d28 'not' (entry 2, 296 bytes)
[JIT] Compiled method #258 0x3003b81d0 'receiver' (entry 2, 384 bytes)
[CACHE-12] #superclass -> getter=-1 setter=-1 retSelf=0 prim=264 cls=0x3000a20d0 method=0x3003aa690
[IC-PATCH] #privHandlerContext: J2J=1 key=0x142b extra=0x100000010c4dc998
[JIT] Compiled method #259 0x30037e638 'signal:' (entry 2, 7816 bytes)
[JIT] AUTO-EXCLUDED exception infra #signal: (class Exception class)
[JIT] Compiled method #260 0x30037dfd8 'messageText:' (entry 2, 360 bytes)
[JIT] AUTO-EXCLUDED exception infra #receiver (class Exception class)
[JIT] AUTO-EXCLUDED exception infra #signalerContext
[JIT] AUTO-EXCLUDED exception infra #findContextSuchThat:
[JIT] Compiled method #261 0x3003613e8 'not' (entry 2, 296 bytes)
[CACHE-13] #superclass -> getter=-1 setter=-1 retSelf=0 prim=264 cls=0x300024ee8 method=0x3003aa690
[CACHE-14] #superclass -> getter=-1 setter=-1 retSelf=0 prim=264 cls=0x30001a928 method=0x3003aa690
[IC-PATCH] #privHandlerContext: J2J=1 key=0x11c1 extra=0x100000010c4dc998
[SLOT-TRIPWIRE] ctx=0x30343fd80 oldSender=0x30343fc40 method=0x3003b8958 slots=42
[SLOT-TRIPWIRE] ctx=0x30343fc40 oldSender=0x30343fb00 method=0x3003b9d10 slots=39
[SLOT-TRIPWIRE] ctx=0x30343fb00 oldSender=0x30343f9b8 method=0x3003b7ea0 slots=39
[SLOT-TRIPWIRE] ctx=0x30343f9b8 oldSender=0x30343f878 method=0x30037e178 slots=40
[SLOT-TRIPWIRE] ctx=0x30343f878 oldSender=0x30343f740 method=0x30037e2a8 slots=39
[SLOT-TRIPWIRE] ctx=0x30343f740 oldSender=0x30343f5f8 method=0x30037dd00 slots=38
[SLOT-TRIPWIRE] ctx=0x30343f5f8 oldSender=0x30343f4b8 method=0x30033bc58 slots=40
[SLOT-TRIPWIRE] ctx=0x30343f4b8 oldSender=0x30343f378 method=0x300466708 slots=39
[SLOT-TRIPWIRE] ctx=0x30343f378 oldSender=0x30343f238 method=0x300358940 slots=39
[SLOT-TRIPWIRE] ctx=0x30343f238 oldSender=0x30343f0f0 method=0x3003b35d0 slots=39
[SLOT-TRIPWIRE] ctx=0x30343f0f0 oldSender=0x30343efb0 method=0x3003b7a88 slots=40
[SLOT-TRIPWIRE] ctx=0x30343efb0 oldSender=0x30343ebe0 method=0x3003b6ac0 slots=39
[SLOT-TRIPWIRE] ctx=0x30343ebe0 oldSender=0x30343eaa0 method=0x30037e4f8 slots=38
[SLOT-TRIPWIRE] ctx=0x30343fd80 oldSender=0x30343eaa0 method=0x3003b8958 slots=42
[SLOT-TRIPWIRE] ctx=0x30343eaa0 oldSender=0x30343e960 method=0x30037de48 slots=39
[SLOT-TRIPWIRE] ctx=0x30343e960 oldSender=0x30343e818 method=0x30037e638 slots=39
[SLOT-TRIPWIRE] ctx=0x30343e818 oldSender=0x30343e6d8 method=0x30033bcd8 slots=40
[SLOT-TRIPWIRE] ctx=0x30343e6d8 oldSender=0x30343e5a0 method=0x3004637f8 slots=39
[JIT] Compiled method #262 0x3003f8158 'whileFalse:' (entry 2, 30544 bytes)
[IC-PATCH] #subclasses J2J=1 key=0x165e extra=0x100000010c463dd8
[JIT] Compiled method #263 0x3003b4e58 'value' (entry 2, 392 bytes)
[JIT] Compiled method #264 0x30032cf00 '=' (entry 2, 6168 bytes)
[JIT] Compiled method #265 0x300323e60 'first' (entry 2, 2704 bytes)
[P63] idx=1 arrIdx=0 byte=0x2f($/) str='/private/tmp/jit-min'(25)
[JIT] Compiled method #266 0x300325100 'second' (entry 2, 2720 bytes)
[P63] idx=2 arrIdx=1 byte=0x70($p) str='/private/tmp/jit-min'(25)
[JIT] Compiled method #267 0x300332428 'split:' (entry 2, 8024 bytes)
[JIT] Compiled method #268 0x3003324c8 'split:do:' (entry 2, 2912 bytes)
[JIT] Compiled method #269 0x3003447b8 'indexOf:startingAt:' (entry 2, 10384 bytes)
[JIT] Compiled method #270 0x300397720 'isCharacter' (entry 2, 296 bytes)
[JIT] Compiled method #271 0x3003980f0 'asciiValue' (entry 2, 2696 bytes)
[JIT] Compiled method #272 0x300342660 'indexOfAscii:inString:startingAt:' (entry 2, 6688 bytes)
[JIT] Compiled method #273 0x300332508 'split:indicesDo:' (entry 2, 13816 bytes)
[JIT] Compiled method #274 0x3002f9ee0 'delimiter' (entry 2, 320 bytes)
[JIT] Compiled method #275 0x300350ce8 'addLast:' (entry 2, 2704 bytes)
[JIT] Compiled method #276 0x3003d7238 'notEmpty' (entry 2, 5064 bytes)
[JIT] Compiled method #277 0x300372a40 '~=' (entry 2, 600 bytes)
[JIT] Compiled method #278 0x30033a130 'addNoSort:' (entry 2, 2720 bytes)
[SLOT-TRIPWIRE] ctx=0x30343b480 oldSender=0x30343b0a0 method=0x30032ac28 slots=39
[SLOT-TRIPWIRE] ctx=0x30343b0a0 oldSender=0x30343af58 method=0x30033c0f8 slots=39
[SLOT-TRIPWIRE] ctx=0x30343af58 oldSender=0x30343ae10 method=0x300351288 slots=40
[SLOT-TRIPWIRE] ctx=0x30343ae10 oldSender=0x30343acc8 method=0x300358920 slots=40
[SLOT-TRIPWIRE] ctx=0x30343acc8 oldSender=0x30343ab28 method=0x3003b3d40 slots=40
[SLOT-TRIPWIRE] ctx=0x30343ab28 oldSender=0x3033f3e50 method=0x300351218 slots=40
[JIT] Compiled method #279 0x300368298 'signalFor:lowerBound:upperBound:in:' (entry 2, 14952 bytes)
[JIT] Compiled method #280 0x30037e598 'signaler:' (entry 2, 360 bytes)
[JIT] Compiled method #281 0x3003681e0 'subscript:' (entry 2, 360 bytes)
[JIT] Compiled method #282 0x300368208 'lowerBound:' (entry 2, 360 bytes)
[JIT] Compiled method #283 0x3003680f8 'upperBound:' (entry 2, 360 bytes)
[SLOT-TRIPWIRE] ctx=0x303447588 oldSender=0x303447440 method=0x30037e140 slots=38
[SLOT-TRIPWIRE] ctx=0x303447440 oldSender=0x303447300 method=0x30033bc58 slots=40
[SLOT-TRIPWIRE] ctx=0x303447300 oldSender=0x3034471c0 method=0x300466708 slots=39
[SLOT-TRIPWIRE] ctx=0x3034471c0 oldSender=0x303447080 method=0x300358940 slots=39
[SLOT-TRIPWIRE] ctx=0x303447080 oldSender=0x303446f38 method=0x3003b35d0 slots=39
[SLOT-TRIPWIRE] ctx=0x303449e78 oldSender=0x303445020 method=0x3003b8958 slots=42
[SLOT-TRIPWIRE] ctx=0x303445020 oldSender=0x3033f3e50 method=0x300351218 slots=40
[JIT] Compiled method #284 0x300342920 'asByteArray' (entry 2, 7856 bytes)
[JIT] Compiled method #285 0x3003428f8 'byteSize' (entry 2, 2680 bytes)
[JIT] Compiled method #286 0x30041c170 'replaceFrom:to:with:startingAt:' (entry 2, 9320 bytes)
[JIT] Compiled method #287 0x300319e30 'imagePath' (entry 2, 7448 bytes)
[JIT] Compiled method #288 0x30031aab0 'primImagePath' (entry 2, 2712 bytes)
[DNU-STACK] Full call stack for #atEnd (DNU #3):
[DNU-STACK]   [0] Array>>do:
[DNU-STACK]   [1] WorkingSession>>on:do:
[DNU-STACK]   [2] FullBlockClosure>>on:do:
[DNU-STACK]   [3] WorkingSession>>?
[DNU-STACK]   [4] WorkingSession>>startup:
[DNU-STACK]   [5] ClassSessionHandler>>startup:
[DNU-STACK]   [6] SourceFileArray class>>startUp:
[DNU-STACK]   [7] SmalltalkImage>>openSourceFiles
[DNU-STACK]   [8] SmalltalkImage>>imagePath
[DNU-STACK]   [9] ByteArray>>utf8Decoded
[DNU-STACK]   [10] ByteArray>>decodeWith:
[DNU-STACK]   [11] ZnUTF8Encoder>>decodeBytes:
[DNU-STACK]   [12] String class>>streamContents:
[DNU-STACK]   [13] String class>>new:streamContents:
[DNU-STACK]   [14] WriteStream class>>on:
[DNU-STACK]   [current] #whileFalse: fd=14
[DNU] #3: #atEnd not understood by rcvr=0x129 argCount=0 fd=14 in #whileFalse: P80
[DNU]   rcvr is SmallInteger 37
[DNU-JIT] lastJitReturn: method=#on:(0x30046a1f8) retVal=0x30344d470(obj 0) fd=13 (resume)
[DNU-JIT] caller=#whileFalse: jitCompiled=YES
[DNU-JIT]   [0] #do: <<JIT>>
[DNU-JIT]   [1] #on:do: 
[DNU-JIT]   [2] #on:do: <<JIT>>
[DNU-JIT]   [3] #? <<JIT>>
[DNU-JIT]   [4] #startup: 
[DNU-JIT]   [5] #startup: <<JIT>>
[DNU-JIT]   [6] #startUp: 
[DNU-JIT]   [7] #openSourceFiles 
[DNU-JIT]   [8] #imagePath <<JIT>>
[DNU-JIT]   [9] #utf8Decoded <<JIT>>
[DNU-JIT]   [10] #decodeWith: <<JIT>>
[DNU-JIT]   [11] #decodeBytes: <<JIT>>
[DNU-JIT]   [12] #streamContents: <<JIT>>
[DNU-JIT]   [13] #new:streamContents: <<JIT>>
[DNU-JIT]   [14] #on: <<JIT>>
[DNU-JIT] rcvr 0x129: inHeap=0 stack=[0x4e7a8e018,0x4e7b8e018) code=[0x10c3ec000,0x10d3ec000)
[DNU-JIT]   -> UNKNOWN REGION
[DNU-JIT] this=0x4e7400000 SP=0x4e7a8e168 FP=0x4e7a8e130 fd=14
[DNU-JIT] rcvr offset from this: 0xfffffffb18c00129, from stackBase: 0xfffffffb18572111
[DNU-JIT] megaCache=[0x4e7c715c8,0x4e7e715c8) rcvr offset from mega: -21068453023 (entry 576460751645034331, field 1)
[DNU]   FP=0x4e7a8e130 SP=0x4e7a8e168 base=0x4e7a8e018
[DNU]   receiver_=0x300010558 method_=0x3003f8158
[DNU]   FP[-2] = 0x30344ced8
[DNU]   FP[-1] = 0x30344d470
[DNU]   FP[0] = 0x30344ced8
[DNU]   FP[1] = 0x30344d470
[DNU]   FP[2] = 0x129
[DNU]   FP[3] = 0x300000000
[DNU]   FP[4] = 0x300000000
[DNU]   FP[5] = 0x300000000
[DNU]   FP[6] = 0x129
[DNU]   FP[7] = 0x1
[DNU]   FP[8] = 0x1
[DNU]   FP[9] = 0x321
[DNU]   FP[10] = 0x1
[JIT] Compiled method #289 0x300358940 'handleError:' (entry 2, 5088 bytes)
[SLOT-TRIPWIRE] ctx=0x30344e5a0 oldSender=0x30344e458 method=0x30037e140 slots=38
[SLOT-TRIPWIRE] ctx=0x30344e458 oldSender=0x30344e318 method=0x30033bc58 slots=40
[SLOT-TRIPWIRE] ctx=0x30344e318 oldSender=0x30344e1d8 method=0x300466708 slots=39
[SLOT-TRIPWIRE] ctx=0x30344e1d8 oldSender=0x30344e098 method=0x300358940 slots=39
[SLOT-TRIPWIRE] ctx=0x30344e098 oldSender=0x30344df50 method=0x3003b35d0 slots=39
[SLOT-TRIPWIRE] ctx=0x303450ac8 oldSender=0x30344bc40 method=0x3003b8958 slots=42
[SLOT-TRIPWIRE] ctx=0x30344bc40 oldSender=0x3033f3e50 method=0x300351218 slots=40
[JIT] Method #290 compiled (7704 bytes, 14 bytecodes) #at::
  methodOop=0x3009d9f28 numLits=6 fmt=27 bcLen=21 header=0xf000000001050006
    lit[1]=0x30005d0e0 class=3085 bytes="isInteger"
    lit[2]=0x30005d980 class=3085 bytes="errorSubscriptBounds:"
    lit[3]=0x30005d510 class=3085 bytes="errorNonIntegerIndex"
    lit[4]=0x300050920 class=3085 bytes="ifTrue:"
    lit[5]=0x3009ebea8 class=3299
    lit[6]=0x3009b02e0 class=3139
  raw bytecodes: f8 8f 00 40 80 c3 4c 40 91 b0 4f d8 4c 82 d8 58 00 03 bd cd 40
  bc[0] op=0xF8 -> stencil_nop (operand=-1, branch=-1)
  bc[3] op=0x40 -> stencil_pushTemp (operand=0, branch=-1)
  bc[4] op=0x80 -> stencil_sendJ2J (operand=16777220, branch=0)
  bc[5] op=0xC3 -> stencil_jumpFalse (operand=-1, branch=10)
  bc[6] op=0x4C -> stencil_pushReceiver (operand=-1, branch=-1)
  bc[7] op=0x40 -> stencil_pushTemp (operand=0, branch=-1)
  bc[8] op=0x91 -> stencil_sendJ2J (operand=16842760, branch=1)
  bc[9] op=0xB0 -> stencil_jump (operand=-1, branch=11)
  bc[10] op=0x4F -> stencil_pushNil (operand=-1, branch=-1)
  bc[11] op=0xD8 -> stencil_pop (operand=-1, branch=-1)
  bc[12] op=0x4C -> stencil_pushReceiver (operand=-1, branch=-1)
  bc[13] op=0x82 -> stencil_sendJ2J (operand=16777229, branch=2)
  bc[14] op=0xD8 -> stencil_pop (operand=-1, branch=-1)
  bc[15] op=0x58 -> stencil_returnReceiver (operand=-1, branch=-1)
[JIT] Compiled method #290 0x3009d9f28 'at:' (entry 2, 7704 bytes)
[JIT] Compiled method #291 0x300366728 'terminate' (entry 2, 7560 bytes)
[SLOT-TRIPWIRE] ctx=0x30345a3e8 oldSender=0x30345a2a0 method=0x30037e140 slots=38
[SLOT-TRIPWIRE] ctx=0x30345a2a0 oldSender=0x30345a160 method=0x30033bc58 slots=40
[SLOT-TRIPWIRE] ctx=0x30345a160 oldSender=0x30345a020 method=0x300466708 slots=39
[SLOT-TRIPWIRE] ctx=0x30345a020 oldSender=0x303459ee0 method=0x300358940 slots=39
[SLOT-TRIPWIRE] ctx=0x303459ee0 oldSender=0x303459d98 method=0x3003b35d0 slots=39
[SLOT-TRIPWIRE] ctx=0x30345ce10 oldSender=0x303457d48 method=0x3003b8958 slots=42
[SLOT-TRIPWIRE] ctx=0x303457d48 oldSender=0x3033f3e50 method=0x300351218 slots=40
[JIT] Compiled method #292 0x300336888 'new' (entry 2, 2944 bytes)
[JIT] Compiled method #293 0x300541130 'startUp:' (entry 2, 2832 bytes)
[JIT] Compiled method #294 0x3003c6a10 'value' (entry 2, 392 bytes)
[JIT] Branch target 12 past last bytecode (bcLen=9) — refusing to compile this method
[JIT] Compiled method #295 0x300308590 'new:' (entry 2, 7512 bytes)
[JIT] Compiled method #296 0x3003083f8 'sizeFor:' (entry 2, 3952 bytes)
[JIT] Compiled method #297 0x30030b030 'atLeast:' (entry 2, 13072 bytes)
[JIT] Compiled method #298 0x30030ae80 'maxSmallSize' (entry 2, 320 bytes)
[JIT] Compiled method #299 0x30030aef8 'smallSizesLookupTable' (entry 2, 10424 bytes)
[JIT] Methods: 61 pure, 200 send-deopt, 39 heap-write (of 300 compiled, all executable)
[JIT] Compiled method #300 0x300377fe0 'ceiling' (entry 2, 280 bytes)
[JIT] Compiled method #301 0x3003b37d0 'ensure:' (entry 2, 5656 bytes)
[JIT] Compiled method #302 0x3003b33f0 'valueNoContextSwitch' (entry 2, 5536 bytes)
[JIT] Compiled method #303 0x300367118 'wait' (entry 2, 2712 bytes)
[JIT] Compiled method #304 0x300f87258 'dictionaryClass' (entry 2, 320 bytes)
[JIT] Compiled method #305 0x300f87348 'fontTableInitialMinimumCapacity' (entry 2, 320 bytes)
[JIT] Compiled method #306 0x300f87500 'fifoClass' (entry 2, 320 bytes)
[JIT] Compiled method #307 0x30036ff50 '=' (entry 2, 408 bytes)
[IC-PATCH] #subclasses J2J=1 key=0x2145 extra=0x100000010c463dd8
[JIT] Compiled method #308 0x3002dfd98 'isMacOS' (entry 2, 296 bytes)
[JIT] Compiled method #309 0x30032ae28 'currentFileSystem' (entry 2, 7800 bytes)
[JIT] Compiled method #310 0x3002d61e8 'delimiter' (entry 2, 5064 bytes)
[JIT] Compiled method #311 0x300328e10 'delimiter' (entry 2, 320 bytes)
[JIT] Compiled method #312 0x3002f9bc8 'from:delimiter:' (entry 2, 21072 bytes)
[JIT] Compiled method #313 0x3002fa028 'isAbsolutePath:delimiter:' (entry 2, 2904 bytes)
[P63] idx=1 arrIdx=0 byte=0x2f($/) str='/System/Library/Font'(21)
[P63] idx=2 arrIdx=1 byte=0x53($S) str='/System/Library/Font'(21)
[JIT] Compiled method #314 0x3002f9d58 'withAll:' (entry 2, 20392 bytes)
[JIT] Compiled method #315 0x300307fe8 'addAll:' (entry 2, 7536 bytes)
[JIT] Compiled method #316 0x30034ec70 'copyFrom:to:' (entry 2, 5200 bytes)
[JIT] Compiled method #317 0x3002f97f0 'removeRedundantSegments:' (entry 2, 15384 bytes)
[JIT] Compiled method #318 0x300339f88 'asOrderedCollection' (entry 2, 3224 bytes)
[JIT] Compiled method #319 0x30033a168 'postCopy' (entry 2, 2792 bytes)
[JIT] Compiled method #320 0x3003d6fb0 'isNotEmpty' (entry 2, 5064 bytes)
[JIT] Compiled method #321 0x30033ae90 'select:' (entry 2, 11296 bytes)
[JIT] Compiled method #322 0x30033aae8 'copyEmpty' (entry 2, 7744 bytes)
[JIT] Compiled method #323 0x3003ab678 'new:' (entry 2, 5112 bytes)
[JIT] Compiled method #324 0x3003235f8 'withIndexDo:' (entry 2, 8368 bytes)
[JIT] Compiled method #325 0x3002d15f8 'pathFromString:' (entry 2, 2800 bytes)
[JIT] Compiled method #326 0x3002d6e10 'pathFromString:' (entry 2, 5152 bytes)
[P63] idx=1 arrIdx=0 byte=0x4c($L) str='LucidaGrande.ttc'(16)
[P63] idx=1 arrIdx=0 byte=0x4c($L) str='LucidaGrande.ttc'(16)
[P63] idx=1 arrIdx=0 byte=0x4c($L) str='LucidaGrande.ttc'(16)
[JIT] Compiled method #327 0x30034ec08 'add:' (entry 2, 2728 bytes)
[IC-PATCH] #withAll: J2J=1 key=0x11dc extra=0x100000010c5aa418
[IC-PATCH] #new: J2J=1 key=0x11dc extra=0x100000010c5bdb18
[JIT] Compiled method #328 0x3003717f0 'size' (entry 2, 7736 bytes, prim)
[JIT] Compiled method #329 0x3002cae58 'path' (entry 2, 392 bytes)
[JIT] Compiled method #330 0x3002d07b0 'referenceTo:' (entry 2, 5176 bytes)
[JIT] Compiled method #331 0x3002d0ff0 'pathFromObject:' (entry 2, 2720 bytes)
[JIT] Compiled method #332 0x3002ce828 'fileSystem:path:' (entry 2, 7760 bytes)
[JIT] Compiled method #333 0x3002cfae0 'setFileSystem:path:' (entry 2, 448 bytes)
[JIT] Compiled method #334 0x3002fa450 'asResolvedBy:' (entry 2, 2720 bytes)
[JIT] Compiled method #335 0x3002fac58 'resolvePath:' (entry 2, 34184 bytes)
[JIT] Compiled method #336 0x3002f99c8 'isAbsolute' (entry 2, 296 bytes)
[JIT] Compiled method #337 0x300373cb0 'isZero' (entry 2, 472 bytes)
[JIT] Compiled method #338 0x300338260 'size' (entry 2, 3008 bytes)
[JIT] Method #339 compiled (8592 bytes, 19 bytecodes) #at::
  methodOop=0x300337f48 numLits=5 fmt=24 bcLen=24 header=0xf000000001040005
    lit[1]=0x300063800 class=3085 bytes="between:and:"
    lit[2]=0x30005d980 class=3085 bytes="errorSubscriptBounds:"
    lit[3]=0x300050940 class=3085 bytes="ifTrue:ifFalse:"
    lit[4]=0x300051810 class=3085 bytes="at:"
    lit[5]=0x300079178 class=3139
  raw bytecodes: 40 51 4c 72 a0 c7 00 02 40 51 61 68 60 5c 4c 40 91 d8 58 00 01 ae ad 9c
  bc[0] op=0x40 -> stencil_pushTemp (operand=0, branch=-1)
  bc[1] op=0x51 -> stencil_pushOne (operand=-1, branch=-1)
  bc[2] op=0x4C -> stencil_pushReceiver (operand=-1, branch=-1)
  bc[3] op=0x72 -> stencil_sendJ2J (operand=16777219, branch=2)
  bc[4] op=0xA0 -> stencil_sendJ2J (operand=16908292, branch=0)
  bc[5] op=0xC7 -> stencil_jumpFalse (operand=-1, branch=14)
  bc[6] op=0x00 -> stencil_pushRecvVar (operand=0, branch=-1)
  bc[7] op=0x02 -> stencil_pushRecvVar (operand=2, branch=-1)
  bc[8] op=0x40 -> stencil_pushTemp (operand=0, branch=-1)
  bc[9] op=0x51 -> stencil_pushOne (operand=-1, branch=-1)
  bc[10] op=0x61 -> stencil_subSmallInt (operand=10, branch=-1)
  bc[11] op=0x68 -> stencil_mulSmallInt (operand=11, branch=-1)
  bc[12] op=0x60 -> stencil_addSmallInt (operand=12, branch=-1)
  bc[13] op=0x5C -> stencil_returnTop (operand=-1, branch=-1)
  bc[14] op=0x4C -> stencil_pushReceiver (operand=-1, branch=-1)
  bc[15] op=0x40 -> stencil_pushTemp (operand=0, branch=-1)
  bc[16] op=0x91 -> stencil_sendJ2J (operand=16842768, branch=1)
  bc[17] op=0xD8 -> stencil_pop (operand=-1, branch=-1)
  bc[18] op=0x58 -> stencil_returnReceiver (operand=-1, branch=-1)
[JIT] Compiled method #339 0x300337f48 'at:' (entry 2, 8592 bytes)
[IC-PATCH] #at:put: J2J=1 key=0x32 extra=0x100f00010c3fa518
[JIT] Compiled method #340 0x300342a80 'byteAt:' (entry 2, 5312 bytes, prim)
[JIT] Compiled method #341 0x3003e6208 'next:putAllASCII:startingAt:toStream:' (entry 2, 6352 bytes)
[IC-PATCH] #copyFrom:to: J2J=1 key=0x32 extra=0x100000010c447cd8
[JIT] Compiled method #342 0x300c253d8 'fontReference' (entry 2, 7464 bytes)
[JIT] Compiled method #343 0x300c25418 'fontDirectory' (entry 2, 2704 bytes)
[JIT] Compiled method #344 0x3002d8620 'asFileReference' (entry 2, 5112 bytes)
[JIT] Compiled method #345 0x300327398 'disk' (entry 2, 2712 bytes)
[JIT] Compiled method #346 0x3002d88d0 'asPathWith:' (entry 2, 2720 bytes)
[P63] idx=1 arrIdx=0 byte=0x2f($/) str='/System/Library/Font'(21)
[JIT] Compiled method #347 0x300c25358 'originalFileName' (entry 2, 320 bytes)
[JIT] Compiled method #348 0x3002cb198 '/' (entry 2, 12296 bytes)
[JIT] Compiled method #349 0x3002ced28 'fileSystem' (entry 2, 392 bytes)
[JIT] Methods: 73 pure, 234 send-deopt, 43 heap-write (of 350 compiled, all executable)
[JIT] Compiled method #350 0x3002fa138 'isAbsoluteWindowsPath:' (entry 2, 24232 bytes)
[JIT] Compiled method #351 0x3003d6450 'ifEmpty:' (entry 2, 10176 bytes)
[JIT] Compiled method #352 0x300398128 'isLetter' (entry 2, 5088 bytes)
[JIT] Compiled method #353 0x3003ead70 'isLetter:' (entry 2, 10864 bytes)
[JIT] Compiled method #354 0x3002f9d18 'removeRedundantSegments:' (entry 2, 2792 bytes)
[JIT] Compiled method #355 0x3002fb458 'isAbsolute' (entry 2, 296 bytes)
[JIT] Compiled method #356 0x3002cb650 'withPath:' (entry 2, 5328 bytes)
[JIT] Compiled method #357 0x3002cf1d0 'copyWithPath:' (entry 2, 2800 bytes)
[JIT] Compiled method #358 0x3002faa18 'asPathWith:' (entry 2, 272 bytes)
[JIT] Compiled method #359 0x3002d1440 'resolve:' (entry 2, 2720 bytes)
[JIT] Compiled method #360 0x3002d05f8 'resolvePath:' (entry 2, 5112 bytes)
[JIT] Compiled method #361 0x3002d0938 'workingDirectoryPath' (entry 2, 2760 bytes)
[JIT] Compiled method #362 0x3003298f0 'defaultWorkingDirectory' (entry 2, 5320 bytes)
[JIT] Compiled method #363 0x3002fada0 'resolve:' (entry 2, 2720 bytes)
[JIT] Compiled method #364 0x3002d69d8 'stringFromPath:' (entry 2, 2840 bytes)
[JIT] Compiled method #365 0x3002d6698 'printPath:on:' (entry 2, 12528 bytes)
[JIT] Compiled method #366 0x3002fae90 'printOn:delimiter:' (entry 2, 7792 bytes)
[JIT] Compiled method #367 0x300326d50 'to:' (entry 2, 2800 bytes)
[JIT] Compiled method #368 0x300337dc0 'from:to:by:' (entry 2, 7816 bytes)
[JIT] Compiled method #369 0x300337d68 'new' (entry 2, 10336 bytes)
[JIT] Compiled method #370 0x3003382b0 'setFrom:to:by:' (entry 2, 5848 bytes)
[JIT] Compiled method #371 0x300325ac0 'do:separatedBy:' (entry 2, 11096 bytes)
[JIT] Compiled method #372 0x3003e3a98 'encodeString:' (entry 2, 2840 bytes)
[JIT] Compiled method #373 0x3003e62b8 'next:putAll:startingAt:toStream:' (entry 2, 5608 bytes)
[JIT] Compiled method #374 0x3003e67d8 'next:putAllByteString:startingAt:toStream:' (entry 2, 24384 bytes)
[JIT] Compiled method #375 0x3003e5ff0 'findFirstNonASCIIIn:startingAt:' (entry 2, 5856 bytes)
[DNU-STACK] Full call stack for #do: (DNU #4):
[DNU-STACK]   [0] Array>>do:
[DNU-STACK]   [1] WorkingSession>>on:do:
[DNU-STACK]   [2] FullBlockClosure>>on:do:
[DNU-STACK]   [3] WorkingSession>>?
[DNU-STACK]   [4] WorkingSession>>startup:
[DNU-STACK]   [5] ClassSessionHandler>>startup:
[DNU-STACK]   [6] FreeTypeSettings class>>startUp:
[DNU-STACK]   [7] FreeTypeSettings class>>updateFreeType
[DNU-STACK]   [8] FreeTypeFontProvider>>updateEmbeddedFreeTypeFonts
[DNU-STACK]   [9] OrderedCollection>>do:
[DNU-STACK]   [10] FreeTypeFontProvider>>installAllFontsIn:
[DNU-STACK]   [11] EmbeddedFreeTypeFontInstaller>>installAllFontsIn:
[DNU-STACK]   [12] EmbeddedFreeTypeFontDescription class>>installAllFontsIn:
[DNU-STACK]   [13] OrderedCollection>>do:
[DNU-STACK]   [14] EmbeddedFreeTypeFontDescription class>>installFontsIn:
[DNU-STACK]   [15] LucidaGrandeRegular class>>installFontsIn:
[DNU-STACK]   [16] LucidaGrandeRegular class>>fontContents
[DNU-STACK]   [17] FileReference>>binaryReadStreamDo:
[DNU-STACK]   [18] FileReference>>binaryReadStream
[DNU-STACK]   [19] FileSystem>>binaryReadStreamOn:
[DNU-STACK]   [20] FileHandle>>binaryReadStream
[DNU-STACK]   [21] File>>readStream
[DNU-STACK]   [22] File>>openForRead
[DNU-STACK]   [23] File>>openForWrite:
[DNU-STACK]   [24] File>>basicOpenForWrite:
[DNU-STACK]   [25] File class>>retryWithGC:until:forFileNamed:
[DNU-STACK]   [26] File>>open:writable:
[DNU-STACK]   [27] ByteString>>utf8Encoded
[DNU-STACK]   [28] ByteString>>encodeWith:
[DNU-STACK]   [29] ZnUTF8Encoder>>encodeString:
[DNU-STACK]   [current] #nextPutAll: fd=36
[DNU] #4: #do: not understood by rcvr=0x300000000 argCount=1 fd=36 in #nextPutAll: P80
[DNU]   rcvr cls=3075 fmt=0 class=nil
[SLOT-TRIPWIRE] ctx=0x3034771f0 oldSender=0x3034770a8 method=0x30037e140 slots=38
[SLOT-TRIPWIRE] ctx=0x3034770a8 oldSender=0x303476f68 method=0x30033bc58 slots=40
[SLOT-TRIPWIRE] ctx=0x303476f68 oldSender=0x303476e28 method=0x300466708 slots=39
[SLOT-TRIPWIRE] ctx=0x303476e28 oldSender=0x303476ce8 method=0x300358940 slots=39
[SLOT-TRIPWIRE] ctx=0x303476ce8 oldSender=0x303476ba0 method=0x3003b35d0 slots=39
[SLOT-TRIPWIRE] ctx=0x30347b2f0 oldSender=0x303462ba0 method=0x3003b8958 slots=42
[SLOT-TRIPWIRE] ctx=0x303462ba0 oldSender=0x3033f3e50 method=0x300351218 slots=40
[JIT] Compiled method #376 0x3003adac0 'environment' (entry 2, 656 bytes)
[JIT] Compiled method #377 0x300366b78 'critical:' (entry 2, 3248 bytes)
[JIT] Compiled method #378 0x3003728a8 'enclosedElement' (entry 2, 280 bytes)
[JIT] Compiled method #379 0x3003d1468 'subscriber' (entry 2, 2704 bytes)
[JIT] Compiled method #380 0x300322e20 'includes:' (entry 2, 2896 bytes)
[JIT] Compiled method #381 0x300323560 'indexOf:' (entry 2, 2752 bytes)
[JIT] Compiled method #382 0x300325e28 'indexOf:ifAbsent:' (entry 2, 2800 bytes)
[JIT] Compiled method #383 0x300325138 'indexOf:startingAt:ifAbsent:' (entry 2, 8936 bytes)
[JIT] Compiled method #384 0x300371848 'isString' (entry 2, 296 bytes)
[IC-PATCH] #subclasses J2J=1 key=0x5076 extra=0x100000010c463dd8
[JIT] Compiled method #385 0x301e81560 'isApplicable' (entry 2, 296 bytes)
[JIT] Compiled method #386 0x30036b918 'flag:' (entry 2, 272 bytes)
[JIT] Compiled method #387 0x300397d20 'isSeparator' (entry 2, 3888 bytes)
[IC-PATCH] #scanFor: J2J=1 key=0xc94 extra=0x100000010c457498
[JIT] Compiled method #388 0x300308738 'atNewIndex:put:' (entry 2, 5592 bytes)
[JIT] Compiled method #389 0x3003088b0 'fullCheck' (entry 2, 10760 bytes)
[JIT] Compiled method #390 0x30053ed40 'consumeWhitespace' (entry 2, 12736 bytes)
[JIT] Compiled method #391 0x30053e180 'newReference' (entry 2, 8120 bytes)
[JIT] Branch target 18 past last bytecode (bcLen=13) — refusing to compile this method
[JIT] Compiled method #392 0x30053f598 'index:' (entry 2, 360 bytes)
[JIT] Compiled method #393 0x300303798 'at:put:' (entry 2, 13056 bytes)
[JIT] Compiled method #394 0x3002e10d0 'key:value:' (entry 2, 5152 bytes)
[JIT] Compiled method #395 0x3002e11b8 'key:value:' (entry 2, 448 bytes)
[JIT] Compiled method #396 0x300343118 'with:' (entry 2, 10480 bytes)
[IC-PATCH] #isKindOf: J2J=1 key=0x19c5 extra=0x100000010c4a8418
[CACHE-15] #superclass -> getter=-1 setter=-1 retSelf=0 prim=264 cls=0x300524370 method=0x3003aa690
[IC-PATCH] #privHandlerContext: J2J=1 key=0x19c5 extra=0x100000010c4dc998
[IC-PATCH] #freeze J2J=1 key=0x19c5 extra=0x100000010c4e3498
[SLOT-TRIPWIRE] ctx=0x303486890 oldSender=0x303486748 method=0x30037e140 slots=38
[SLOT-TRIPWIRE] ctx=0x303486748 oldSender=0x303486608 method=0x30033bc58 slots=40
[SLOT-TRIPWIRE] ctx=0x303486608 oldSender=0x3034864c8 method=0x300466708 slots=39
[SLOT-TRIPWIRE] ctx=0x3034864c8 oldSender=0x303486388 method=0x300358940 slots=39
[SLOT-TRIPWIRE] ctx=0x303486388 oldSender=0x303486240 method=0x3003b35d0 slots=39
[JIT] Compiled method #397 0x3003b9cc8 'numArgs' (entry 2, 5528 bytes)
[JIT] Compiled method #398 0x3003a0fd0 'numArgs' (entry 2, 3064 bytes)
[SLOT-TRIPWIRE] ctx=0x30348a580 oldSender=0x30348a440 method=0x3003b8958 slots=42
[SLOT-TRIPWIRE] ctx=0x30348a440 oldSender=0x30348a300 method=0x3003b9d10 slots=39
[SLOT-TRIPWIRE] ctx=0x30348a300 oldSender=0x303486240 method=0x3003b7ea0 slots=39
[SLOT-TRIPWIRE] ctx=0x303486240 oldSender=0x303486100 method=0x3003b7a88 slots=40
[SLOT-TRIPWIRE] ctx=0x303486100 oldSender=0x303485fc0 method=0x3003b6ac0 slots=39
[SLOT-TRIPWIRE] ctx=0x303485fc0 oldSender=0x303485bf0 method=0x3003b6ac0 slots=39
[SLOT-TRIPWIRE] ctx=0x303485bf0 oldSender=0x303485ab0 method=0x30037e4f8 slots=38
[SLOT-TRIPWIRE] ctx=0x303485ab0 oldSender=0x303485968 method=0x30037de48 slots=39
[SLOT-TRIPWIRE] ctx=0x303485968 oldSender=0x3034857e0 method=0x30053cda8 slots=40
[SLOT-TRIPWIRE] ctx=0x3034857e0 oldSender=0x3034856a0 method=0x30053e998 slots=40
[SLOT-TRIPWIRE] ctx=0x3034856a0 oldSender=0x303485558 method=0x30053e118 slots=39
[SLOT-TRIPWIRE] ctx=0x303485558 oldSender=0x3034853c8 method=0x30053e2d8 slots=40
[SLOT-TRIPWIRE] ctx=0x3034853c8 oldSender=0x303485278 method=0x3005507c8 slots=39
[SLOT-TRIPWIRE] ctx=0x303485278 oldSender=0x303485138 method=0x300469218 slots=41
[SLOT-TRIPWIRE] ctx=0x303485138 oldSender=0x303484c70 method=0x30033bb80 slots=39
[SLOT-TRIPWIRE] ctx=0x303484c70 oldSender=0x303484b30 method=0x30053df78 slots=40
[SLOT-TRIPWIRE] ctx=0x303484b30 oldSender=0x3034849f0 method=0x30124cf80 slots=39
[SLOT-TRIPWIRE] ctx=0x3034849f0 oldSender=0x303484898 method=0x3012a9170 slots=39
[SLOT-TRIPWIRE] ctx=0x30348a580 oldSender=0x303484898 method=0x3003b8958 slots=42
[SLOT-TRIPWIRE] ctx=0x303484898 oldSender=0x3034846f8 method=0x3003b37d0 slots=42
[SLOT-TRIPWIRE] ctx=0x3034846f8 oldSender=0x303484398 method=0x3012561e8 slots=41
[SLOT-TRIPWIRE] ctx=0x303484398 oldSender=0x303484250 method=0x301288540 slots=39
[SLOT-TRIPWIRE] ctx=0x303484250 oldSender=0x303484090 method=0x3003b3d40 slots=40
[SLOT-TRIPWIRE] ctx=0x303484090 oldSender=0x303483f50 method=0x301256288 slots=39
[SLOT-TRIPWIRE] ctx=0x303483f50 oldSender=0x303483e10 method=0x3012560a8 slots=39
[SLOT-TRIPWIRE] ctx=0x303483e10 oldSender=0x303483cd0 method=0x301256480 slots=39
[SLOT-TRIPWIRE] ctx=0x303483cd0 oldSender=0x303483b90 method=0x30053f188 slots=39
[SLOT-TRIPWIRE] ctx=0x303483b90 oldSender=0x303483a50 method=0x30053ecc0 slots=39
[SLOT-TRIPWIRE] ctx=0x303483a50 oldSender=0x303483910 method=0x301256018 slots=39
[SLOT-TRIPWIRE] ctx=0x303483910 oldSender=0x3034837d8 method=0x301256050 slots=39
[SLOT-TRIPWIRE] ctx=0x3034837d8 oldSender=0x3034836a0 method=0x30124cbe8 slots=38
[SLOT-TRIPWIRE] ctx=0x3034836a0 oldSender=0x3034819f8 method=0x30124cce8 slots=38
[SLOT-TRIPWIRE] ctx=0x3034819f8 oldSender=0x3034818c0 method=0x301e813d8 slots=38
[SLOT-TRIPWIRE] ctx=0x3034818c0 oldSender=0x303481788 method=0x301e81498 slots=38
[SLOT-TRIPWIRE] ctx=0x303481788 oldSender=0x303481648 method=0x301e80618 slots=38
[SLOT-TRIPWIRE] ctx=0x303481648 oldSender=0x303481508 method=0x301e804b0 slots=39
[SLOT-TRIPWIRE] ctx=0x303481508 oldSender=0x303481088 method=0x301e802f0 slots=39
[SLOT-TRIPWIRE] ctx=0x303481088 oldSender=0x303480f40 method=0x30033c0f8 slots=39
[SLOT-TRIPWIRE] ctx=0x303480f40 oldSender=0x303480df8 method=0x300351288 slots=40
[SLOT-TRIPWIRE] ctx=0x303480df8 oldSender=0x303480cb0 method=0x300358920 slots=40
[SLOT-TRIPWIRE] ctx=0x303480cb0 oldSender=0x303480b10 method=0x3003b3d40 slots=40
[SLOT-TRIPWIRE] ctx=0x30348a580 oldSender=0x303480b10 method=0x3003b8958 slots=42
[SLOT-TRIPWIRE] ctx=0x303480b10 oldSender=0x3033f3e50 method=0x300351218 slots=40
[JIT] Compiled method #399 0x30035a310 'do:' (entry 2, 12112 bytes)
[IC-PATCH] #at: J2J=1 key=0xc5b extra=0x100e00010c3f4898
[JIT] Methods: 80 pure, 272 send-deopt, 48 heap-write (of 400 compiled, all executable)
[JIT] Compiled method #400 0x30036bc78 '~~' (entry 2, 744 bytes)
[CACHE-16] #methodDict -> getter=-1 setter=-1 retSelf=0 prim=0 cls=0x300232bf8 method=0x3003aa700
[JIT] Compiled method #401 0x3003a1c60 'pragmasDo:' (entry 2, 7696 bytes)
[JIT] Compiled method #402 0x3003a7f90 'pragmasDo:' (entry 2, 11024 bytes)
[CACHE-17] #superclass -> getter=-1 setter=-1 retSelf=0 prim=264 cls=0x300232bf8 method=0x3003aa690
[JIT] Compiled method #403 0x3003abb88 'withAllSuperclassesDo:' (entry 2, 7880 bytes)
[JIT] Compiled method #404 0x3003aad78 'pragmasDo:' (entry 2, 2824 bytes)
[JIT] Compiled method #405 0x3003a9e38 'methodsDo:' (entry 2, 5112 bytes)
[CACHE-18] #methodDict -> getter=-1 setter=-1 retSelf=0 prim=0 cls=0x3002325b8 method=0x3003aa700
[JIT] Compiled method #406 0x3003cd0e8 'valuesDo:' (entry 2, 9328 bytes)
[JIT] Compiled method #407 0x3003713d0 'value' (entry 2, 280 bytes)
[JIT] Compiled method #408 0x3002d4ab8 'resolve:' (entry 2, 7680 bytes)
[JIT] Compiled method #409 0x3002d49d8 'canResolve:' (entry 2, 5112 bytes)
[JIT] Compiled method #410 0x3002d4938 'supportedOrigins' (entry 2, 7680 bytes)
[JIT] Compiled method #411 0x3003c1380 'allNamed:from:to:' (entry 2, 2928 bytes)
[CACHE-19] #methodDict -> getter=-1 setter=-1 retSelf=0 prim=0 cls=0x300233918 method=0x3003aa700
[CACHE-20] #superclass -> getter=-1 setter=-1 retSelf=0 prim=264 cls=0x300233918 method=0x3003aa690
[CACHE-21] #methodDict -> getter=-1 setter=-1 retSelf=0 prim=0 cls=0x3002335f8 method=0x3003aa700
[CACHE-22] #superclass -> getter=-1 setter=-1 retSelf=0 prim=264 cls=0x3002335f8 method=0x3003aa690
[JIT] Compiled method #412 0x300323200 'collect:' (entry 2, 18088 bytes)
[JIT] Compiled method #413 0x3002d48f8 'unknownOrigin:' (entry 2, 3112 bytes)
[IC-PATCH] #unknownOrigin: J2J=1 key=0x1655 extra=0x100000010c6432d8
[IC-PATCH] #isKindOf: J2J=1 key=0x1611 extra=0x100000010c4a8418
[CACHE-23] #superclass -> getter=-1 setter=-1 retSelf=0 prim=264 cls=0x3002323d8 method=0x3003aa690
[JIT] Compiled method #414 0x30037dd00 'resume' (entry 2, 5096 bytes)
[JIT] Compiled method #415 0x30037e1d0 'defaultResumeValue' (entry 2, 296 bytes)
[JIT] AUTO-EXCLUDED exception infra #resume: (class Exception class)
[JIT] Compiled method #416 0x30037e070 'isResumable' (entry 2, 296 bytes)
[JIT] Compiled method #417 0x30037e178 'resumeUnchecked:' (entry 2, 8200 bytes)
[SLOT-TRIPWIRE] ctx=0x303490f58 oldSender=0x303490e18 method=0x3003b8958 slots=42
[SLOT-TRIPWIRE] ctx=0x303490e18 oldSender=0x303490cd8 method=0x3003b9d10 slots=39
[SLOT-TRIPWIRE] ctx=0x303490cd8 oldSender=0x303490b90 method=0x3003b7ea0 slots=39
[SLOT-TRIPWIRE] ctx=0x303490b90 oldSender=0x303490a50 method=0x30037e178 slots=40
[SLOT-TRIPWIRE] ctx=0x303490a50 oldSender=0x303490918 method=0x30037e2a8 slots=39
[SLOT-TRIPWIRE] ctx=0x303490918 oldSender=0x3034907d0 method=0x30037dd00 slots=38
[SLOT-TRIPWIRE] ctx=0x3034907d0 oldSender=0x303490690 method=0x30033bc58 slots=40
[SLOT-TRIPWIRE] ctx=0x303490690 oldSender=0x303490550 method=0x300466708 slots=39
[SLOT-TRIPWIRE] ctx=0x303490550 oldSender=0x303490410 method=0x300358940 slots=39
[SLOT-TRIPWIRE] ctx=0x303490410 oldSender=0x3034902c8 method=0x3003b35d0 slots=39
[SLOT-TRIPWIRE] ctx=0x3034902c8 oldSender=0x303490188 method=0x3003b7a88 slots=40
[SLOT-TRIPWIRE] ctx=0x303490188 oldSender=0x30348fdb8 method=0x3003b6ac0 slots=39
[SLOT-TRIPWIRE] ctx=0x30348fdb8 oldSender=0x30348fc78 method=0x30037e4f8 slots=38
[SLOT-TRIPWIRE] ctx=0x303490f58 oldSender=0x30348fc78 method=0x3003b8958 slots=42
[SLOT-TRIPWIRE] ctx=0x30348fc78 oldSender=0x30348ca78 method=0x3002d8d10 slots=39
[SLOT-TRIPWIRE] ctx=0x30348ca78 oldSender=0x30348c938 method=0x3002d4bc8 slots=40
[SLOT-TRIPWIRE] ctx=0x30348c938 oldSender=0x30348c7e8 method=0x3002e4568 slots=39
[SLOT-TRIPWIRE] ctx=0x30348c7e8 oldSender=0x30348c668 method=0x300304050 slots=41
[SLOT-TRIPWIRE] ctx=0x30348c668 oldSender=0x30348c530 method=0x3002d4c70 slots=39
[DNU-STACK] Full call stack for #resolve: (DNU #5):
[DNU-STACK]   [0] Context>>resume:
[DNU-STACK]   [current] #resolve fd=0
[DNU] #5: #resolve: not understood by rcvr=0x300000000 argCount=1 fd=0 in #resolve P80
[DNU]   rcvr cls=3075 fmt=0 class=nil
[SLOT-TRIPWIRE] ctx=0x303491c80 oldSender=0x303491b38 method=0x30037e140 slots=38
[SLOT-TRIPWIRE] ctx=0x303491b38 oldSender=0x3034919f8 method=0x30033bc58 slots=40
[SLOT-TRIPWIRE] ctx=0x3034919f8 oldSender=0x3034918b8 method=0x300466708 slots=39
[SLOT-TRIPWIRE] ctx=0x3034918b8 oldSender=0x303491778 method=0x300358940 slots=39
[SLOT-TRIPWIRE] ctx=0x303491778 oldSender=0x303491630 method=0x3003b35d0 slots=39
[SLOT-TRIPWIRE] ctx=0x3034942b0 oldSender=0x30348b078 method=0x3003b8958 slots=42
[SLOT-TRIPWIRE] ctx=0x30348b078 oldSender=0x3033f3e50 method=0x300351218 slots=40
[JIT] Compiled method #418 0x300a26cc0 'world' (entry 2, 3072 bytes)
[JIT] Compiled method #419 0x300a0db88 'world' (entry 2, 280 bytes)
[JIT] Compiled method #420 0x300a0d708 'activeHand' (entry 2, 2760 bytes)
[JIT] Compiled method #421 0x300a31828 'activeHand' (entry 2, 392 bytes)
[JIT] Compiled method #422 0x300a219f0 'outOfWorld:' (entry 2, 3336 bytes)
[JIT] Compiled method #423 0x300a2e9e8 'submorphsDo:' (entry 2, 3088 bytes)
[JIT] Compiled method #424 0x30036d6f8 'x' (entry 2, 392 bytes)
[JIT] Compiled method #425 0x30036e388 'y' (entry 2, 392 bytes)
[JIT] Compiled method #426 0x300369f90 'origin' (entry 2, 392 bytes)
[JIT] Compiled method #427 0x30036b2c0 'corner' (entry 2, 392 bytes)
[JIT] Compiled method #428 0x30037c768 'min:' (entry 2, 616 bytes)
[JIT] Compiled method #429 0x300374058 '@' (entry 2, 2784 bytes)
[JIT] Compiled method #430 0x30036b5a8 'origin:corner:' (entry 2, 5152 bytes)
[JIT] Compiled method #431 0x30036acd8 'setPoint:point:' (entry 2, 34088 bytes)
[JIT] Compiled method #432 0x30036d9c8 'truncated' (entry 2, 10384 bytes)
[JIT] Compiled method #433 0x30036dc88 'isIntegerPoint' (entry 2, 5344 bytes)
[JIT] Compiled method #434 0x30036dec0 'corner:' (entry 2, 2776 bytes)
[JIT] Compiled method #435 0x300a2d650 'submorphs' (entry 2, 392 bytes)
[JIT] Compiled method #436 0x300a268b0 'announceDeleted' (entry 2, 9992 bytes)
[JIT] Compiled method #437 0x300a30580 'morph:' (entry 2, 7768 bytes)
[JIT] Compiled method #438 0x300a30548 'morph:' (entry 2, 360 bytes)
[JIT] Compiled method #439 0x300a20398 'doAnnounce:' (entry 2, 5248 bytes)
[JIT] Compiled method #440 0x300a23b90 'valueOfProperty:ifAbsent:' (entry 2, 5544 bytes)
[JIT] Compiled method #441 0x300a1b8b0 'valueOfProperty:ifAbsent:' (entry 2, 5536 bytes)
[CACHE-24] #superclass -> getter=-1 setter=-1 retSelf=0 prim=264 cls=0x300ac4ea0 method=0x3003aa690
[CACHE-25] #superclass -> getter=-1 setter=-1 retSelf=0 prim=264 cls=0x3009c77f8 method=0x3003aa690
[CACHE-26] #superclass -> getter=-1 setter=-1 retSelf=0 prim=264 cls=0x3011f2160 method=0x3003aa690
[CACHE-27] #superclass -> getter=-1 setter=-1 retSelf=0 prim=264 cls=0x300aec3e8 method=0x3003aa690
[CACHE-28] #superclass -> getter=-1 setter=-1 retSelf=0 prim=264 cls=0x300aec298 method=0x3003aa690
[CACHE-29] #superclass -> getter=-1 setter=-1 retSelf=0 prim=264 cls=0x300aeb170 method=0x3003aa690
[CACHE-30] #superclass -> getter=-1 setter=-1 retSelf=0 prim=264 cls=0x3009c78a0 method=0x3003aa690
[CACHE-31] #superclass -> getter=-1 setter=-1 retSelf=0 prim=264 cls=0x300ac2528 method=0x3003aa690
[JIT] Compiled method #442 0x300a2eb78 'valueOfProperty:' (entry 2, 3096 bytes)
[JIT] Compiled method #443 0x300a29390 'owner' (entry 2, 392 bytes)
[JIT] Compiled method #444 0x300396d50 'asFloat' (entry 2, 2712 bytes)
[JIT] Compiled method #445 0x3003965a8 '=' (entry 2, 5592 bytes)
[JIT] Compiled method #446 0x30091c448 'privateRed' (entry 2, 928 bytes)
[JIT] Compiled method #447 0x30091a288 'privateGreen' (entry 2, 928 bytes)
[JIT] Compiled method #448 0x30091cc20 'privateBlue' (entry 2, 528 bytes)
[JIT] Compiled method #449 0x300390f58 '<' (entry 2, 2784 bytes)
[JIT] Methods: 95 pure, 304 send-deopt, 51 heap-write (of 450 compiled, all executable)
[JIT] Compiled method #450 0x30091af08 'privateMaxComponent' (entry 2, 12256 bytes)
[JIT] Compiled method #451 0x300391420 '+' (entry 2, 2784 bytes)
[JIT] Compiled method #452 0x30037c7a0 'min:max:' (entry 2, 5152 bytes)
[JIT] Compiled method #453 0x300391460 '>' (entry 2, 2784 bytes)
[JIT] Compiled method #454 0x30037a9f8 'asFloat' (entry 2, 280 bytes)
[JIT] Compiled method #455 0x300396360 'truncated' (entry 2, 26544 bytes)
[JIT] Compiled method #456 0x3003702b8 'isInteger' (entry 2, 296 bytes)
[JIT] Compiled method #457 0x30037ade0 'adaptToInteger:andSend:' (entry 2, 5152 bytes)
[JIT] Compiled method #458 0x3003705e8 'perform:with:' (entry 2, 2824 bytes)
[JIT] Compiled method #459 0x3003964c8 '*' (entry 2, 2784 bytes)
[JIT] Compiled method #460 0x300396600 'fractionPart' (entry 2, 5240 bytes)
[JIT] Compiled method #461 0x300396568 '-' (entry 2, 2784 bytes)
[JIT] Compiled method #462 0x300322358 'rounded' (entry 2, 15056 bytes)
[JIT] Compiled method #463 0x3003797d0 'abs' (entry 2, 776 bytes)
[JIT] Compiled method #464 0x300391378 '<=' (entry 2, 2784 bytes)
[JIT] Compiled method #465 0x300377e30 'rounded' (entry 2, 280 bytes)
[JIT] Compiled method #466 0x300373be8 'asInteger' (entry 2, 2680 bytes)
[JIT] Compiled method #467 0x30091bc40 'initializeRed:green:blue:alpha:' (entry 2, 14776 bytes)
[JIT] Compiled method #468 0x30091b8d8 'setAlpha:' (entry 2, 7768 bytes)
[JIT] Compiled method #469 0x30091c820 'alpha' (entry 2, 5192 bytes)
[JIT] Compiled method #470 0x300a24ee8 'theme' (entry 2, 10688 bytes)
[JIT] Compiled method #471 0x300b3e340 'theme' (entry 2, 5088 bytes)
[JIT] Compiled method #472 0x300f91d70 'ui' (entry 2, 320 bytes)
[JIT] Compiled method #473 0x300f82730 'theme' (entry 2, 2712 bytes)
[JIT] Compiled method #474 0x300c2ae98 'current' (entry 2, 3064 bytes)
[JIT] Compiled method #475 0x3003463e0 'hash' (entry 2, 7520 bytes)
[JIT] Compiled method #476 0x300371090 'hash' (entry 2, 2680 bytes)
[JIT] Compiled method #477 0x300348550 'stringHash:initialHash:' (entry 2, 2800 bytes)
[JIT] Compiled method #478 0x300342760 'stringHash:initialHash:' (entry 2, 8560 bytes)
[JIT] Compiled method #479 0x300a22360 'layoutPolicy' (entry 2, 3072 bytes)
[JIT] Compiled method #480 0x300a29bb8 'layoutChanged' (entry 2, 8312 bytes)
[JIT] Compiled method #481 0x300a1b0e8 'layoutPolicy' (entry 2, 392 bytes)
[JIT] Compiled method #482 0x300a20280 'layoutProperties' (entry 2, 3072 bytes)
[JIT] Compiled method #483 0x300a1b170 'layoutProperties' (entry 2, 392 bytes)
[JIT] Compiled method #484 0x300f604e8 'flushLayoutCache' (entry 2, 352 bytes)
[JIT] Compiled method #485 0x300c1aa60 'assureTableProperties' (entry 2, 18136 bytes)
[JIT] Compiled method #486 0x300ffe2e0 'includesTableProperties' (entry 2, 296 bytes)
[JIT] Compiled method #487 0x300f61660 'hResizing:' (entry 2, 360 bytes)
[JIT] Compiled method #488 0x300c1aaf8 'assureLayoutProperties' (entry 2, 10712 bytes)
[JIT] Compiled method #489 0x300f61688 'vResizing:' (entry 2, 360 bytes)
[JIT] Compiled method #490 0x300f8d4a8 'defaultColor' (entry 2, 5088 bytes)
[JIT] Compiled method #491 0x300b8d5b8 'menubarFillStyleFor:' (entry 2, 2720 bytes)
[JIT] Compiled method #492 0x300c1fc90 'taskbarFillStyleFor:' (entry 2, 9952 bytes)
[JIT] Compiled method #493 0x30091f770 'black' (entry 2, 2752 bytes)
[JIT] Compiled method #494 0x30091b0a0 'lighter' (entry 2, 2768 bytes)
[JIT] Compiled method #495 0x30091bb80 'adjustSaturation:brightness:' (entry 2, 19992 bytes)
[JIT] Compiled method #496 0x30091d240 'hue' (entry 2, 38216 bytes)
[JIT] Compiled method #497 0x30091d560 'saturation' (entry 2, 2680 bytes)
[JIT] Compiled method #498 0x30091b630 'hsvSaturation' (entry 2, 15040 bytes)
[JIT] Compiled method #499 0x30091adb0 'brightness' (entry 2, 7496 bytes)
[JIT] Methods: 103 pure, 339 send-deopt, 58 heap-write (of 500 compiled, all executable)
[JIT] Compiled method #500 0x30091fcd8 'h:s:v:alpha:' (entry 2, 7672 bytes)
[JIT] Compiled method #501 0x30091b0e8 'initializeHue:saturation:brightness:alpha:' (entry 2, 49640 bytes)
[JIT] Compiled method #502 0x3003744f8 '\\' (entry 2, 848 bytes)
[JIT] Compiled method #503 0x300374bf0 '//' (entry 2, 5112 bytes)
[JIT] Compiled method #504 0x300373ed8 'floor' (entry 2, 3856 bytes)
[JIT] Compiled method #505 0x300391278 '>=' (entry 2, 2784 bytes)
[JIT] Compiled method #506 0x300396ad0 '*' (entry 2, 512 bytes, prim)
[JIT] Compiled method #507 0x300374a60 'sign' (entry 2, 1488 bytes)
[JIT] Compiled method #508 0x30091c3e8 'alpha:' (entry 2, 12320 bytes)
[JIT] Compiled method #509 0x30091ad68 'red' (entry 2, 7496 bytes)
[JIT] Compiled method #510 0x30091c058 'green' (entry 2, 7496 bytes)
[JIT] Compiled method #511 0x30091c6a0 'blue' (entry 2, 7496 bytes)
[JIT] Compiled method #512 0x30091f190 'r:g:b:alpha:' (entry 2, 7672 bytes)
[JIT] Compiled method #513 0x3009b68c8 'color:' (entry 2, 5384 bytes)
[JIT] Compiled method #514 0x3009b6980 'color:' (entry 2, 2824 bytes)
[JIT] Compiled method #515 0x30091cea0 'scaledPixelValue32' (entry 2, 11432 bytes)
[JIT] Compiled method #516 0x30091c4d0 'pixelWordForDepth:' (entry 2, 9072 bytes)
[JIT] Compiled method #517 0x30091a7a0 'isTransparent' (entry 2, 552 bytes)
[JIT] Compiled method #518 0x30091ae80 'pixelValueForDepth:' (entry 2, 6888 bytes)
[JIT] Compiled method #519 0x30091c170 'basicPixelValueForDepth:' (entry 2, 42688 bytes)
[JIT] Compiled method #520 0x300377010 'bitAnd:' (entry 2, 12480 bytes)
[JIT] Compiled method #521 0x30091ce08 'pixelWordFor:filledWith:' (entry 2, 4400 bytes)
[CACHE-32] #superclass -> getter=-1 setter=-1 retSelf=0 prim=264 cls=0x30098ed88 method=0x3003aa690
[CACHE-33] #superclass -> getter=-1 setter=-1 retSelf=0 prim=264 cls=0x30098e888 method=0x3003aa690
[JIT] Compiled method #522 0x300a231a0 'changed' (entry 2, 7864 bytes)
[JIT] Compiled method #523 0x300a2df50 'bounds' (entry 2, 392 bytes)
[JIT] Compiled method #524 0x300a2a7f0 'invalidRect:' (entry 2, 2744 bytes)
[JIT] Compiled method #525 0x300a24a50 'invalidRect:from:' (entry 2, 13752 bytes)
[JIT] Compiled method #526 0x3009b6950 'asColor' (entry 2, 392 bytes)
[JIT] Compiled method #527 0x300f8c370 'edgeToAdhereTo' (entry 2, 2768 bytes)
[JIT] Compiled method #528 0x300f8bb58 'isHorizontal' (entry 2, 5184 bytes)
[JIT] Compiled method #529 0x300f8bfb8 'isAdheringToTop' (entry 2, 2800 bytes)
[JIT] Compiled method #530 0x300f8b3c0 'isAdheringToBottom' (entry 2, 2800 bytes)
[JIT] Compiled method #531 0x300a28cd8 'listDirection:' (entry 2, 7544 bytes)
[JIT] Compiled method #532 0x300ffe0d8 'listDirection:' (entry 2, 360 bytes)
[JIT] Compiled method #533 0x300a25968 'hResizing:' (entry 2, 7544 bytes)
[JIT] Compiled method #534 0x300a28930 'vResizing:' (entry 2, 7544 bytes)
[JIT] Compiled method #535 0x300f8b0d8 'isVertical' (entry 2, 5184 bytes)
[JIT] Compiled method #536 0x300f8bd50 'isAdheringToLeft' (entry 2, 2800 bytes)
[JIT] Compiled method #537 0x300f8ad80 'isAdheringToRight' (entry 2, 2800 bytes)
[JIT] Compiled method #538 0x300f8b488 'updateColor' (entry 2, 32200 bytes)
[JIT] Compiled method #539 0x300f8c1d8 'autoGradient' (entry 2, 392 bytes)
[JIT] Compiled method #540 0x300a2eed0 'layoutInset:' (entry 2, 7544 bytes)
[JIT] Compiled method #541 0x300ffe3e8 'layoutInset:' (entry 2, 360 bytes)
[JIT] Compiled method #542 0x3009ee7b8 'currentWorld' (entry 2, 896 bytes)
[JIT] Compiled method #543 0x300469468 'new:streamContents:' (entry 2, 2840 bytes)
[JIT] Compiled method #544 0x300339b18 'streamSpecies' (entry 2, 320 bytes)
[JIT] Compiled method #545 0x30033ad48 'asArray' (entry 2, 12744 bytes)
[JIT] Compiled method #546 0x300a58bf8 'itemList' (entry 2, 392 bytes)
[JIT] Compiled method #547 0x300a58328 'itemList:' (entry 2, 360 bytes)
[JIT] Compiled method #548 0x30033b528 'sortBlock:' (entry 2, 5464 bytes)
[JIT] Compiled method #549 0x300a59830 'menuSpec' (entry 2, 2720 bytes)
[JIT] Methods: 112 pure, 375 send-deopt, 63 heap-write (of 550 compiled, all executable)
[JIT] Compiled method #550 0x300a59670 'menuSpecAt:' (entry 2, 15600 bytes)
[JIT] Compiled method #551 0x300a597a8 'buildTree' (entry 2, 10016 bytes)
[JIT] Compiled method #552 0x300a595d8 'collectRegistrations' (entry 2, 12552 bytes)
[JIT] Compiled method #553 0x300a59900 'model' (entry 2, 392 bytes)
[JIT] Compiled method #554 0x300a5cd60 'model:' (entry 2, 360 bytes)
[JIT] Compiled method #555 0x300a59498 'pragmas' (entry 2, 7624 bytes)
[JIT] Compiled method #556 0x300a59640 'pragmaKeywords' (entry 2, 392 bytes)
[JIT] Compiled method #557 0x300352540 'nextPutAll:' (entry 2, 5160 bytes)
[JIT] Compiled method #558 0x3003c1558 'allNamed:' (entry 2, 12720 bytes)
[JIT] Compiled method #559 0x3003d7278 'select:' (entry 2, 5368 bytes)
[JIT] Compiled method #560 0x300359df0 'asArray' (entry 2, 7736 bytes)
[JIT] Compiled method #561 0x300a59400 'interpretRegistration:' (entry 2, 7728 bytes)
[JIT] Compiled method #562 0x300a580e0 'owner:' (entry 2, 5440 bytes)
[JIT] Compiled method #563 0x300a58648 'initialize' (entry 2, 448 bytes)
[JIT] Compiled method #564 0x300a58350 'owner:' (entry 2, 360 bytes)
[JIT] Compiled method #565 0x300a5cdf8 'handOutItems' (entry 2, 5352 bytes)
[JIT] Compiled method #566 0x30033a9f8 'removeAll' (entry 2, 14952 bytes)
[JIT] Compiled method #567 0x300a58128 'collectMisplacedItemsIn:' (entry 2, 18448 bytes)
[JIT] Compiled method #568 0x300a58910 'parentName' (entry 2, 392 bytes)
[JIT] Compiled method #569 0x300a59708 'sortRegistrations' (entry 2, 14696 bytes)
[JIT] Compiled method #570 0x300a592e0 'orderAssignBlock' (entry 2, 360 bytes)
[JIT] Compiled method #571 0x300a58528 'assignOrderWithBlock:' (entry 2, 15080 bytes)
[JIT] Compiled method #572 0x300a59318 'itemSortBlock' (entry 2, 360 bytes)
[JIT] Compiled method #573 0x300a587e8 'sort:' (entry 2, 15080 bytes)
[JIT] Compiled method #574 0x300333598 'asSortedCollection:' (entry 2, 10160 bytes)
[JIT] Compiled method #575 0x30033b2d8 'addAll:' (entry 2, 13040 bytes)
[JIT] Compiled method #576 0x300a5c220 'model:' (entry 2, 360 bytes)
[JIT] Compiled method #577 0x300a58a50 'precondition' (entry 2, 624 bytes)
[JIT] Compiled method #578 0x300a586c0 'buildMenuSpec:' (entry 2, 40256 bytes)
[JIT] Compiled method #579 0x30033a0c0 'reject:' (entry 2, 11296 bytes)
[JIT] Compiled method #580 0x30033b608 'copyEmpty' (entry 2, 5168 bytes)
[JIT] Compiled method #581 0x30033b210 'sortBlock:' (entry 2, 2720 bytes)
[JIT] Compiled method #582 0x30033b1d8 'sortUsing:' (entry 2, 5344 bytes)
[JIT] Compiled method #583 0x300a58b40 'spec' (entry 2, 3392 bytes)
[JIT] Compiled method #584 0x300a5bb58 'separator' (entry 2, 624 bytes)
[JIT] Compiled method #585 0x300f8c2f0 'adhereTo:' (entry 2, 12872 bytes)
[JIT] Compiled method #586 0x300a21910 'setToAdhereToEdge:' (entry 2, 6256 bytes)
[JIT] Compiled method #587 0x30030add0 'findIndexForKey:' (entry 2, 2800 bytes)
[JIT] Compiled method #588 0x3003258a8 'identityIndexOf:' (entry 2, 2768 bytes)
[JIT] Compiled method #589 0x300322e58 'identityIndexOf:ifAbsent:' (entry 2, 8840 bytes)
[JIT] Compiled method #590 0x300f8bba0 'updateLayoutProperties' (entry 2, 27544 bytes)
[JIT] Compiled method #591 0x30030aa10 'at:ifAbsent:' (entry 2, 8304 bytes)
[JIT] Compiled method #592 0x300f8ac60 'fillsOwner' (entry 2, 392 bytes)
[JIT] Compiled method #593 0x300a2dd80 'isDockingBar' (entry 2, 296 bytes)
[JIT] Compiled method #594 0x300a2c318 'top' (entry 2, 2760 bytes)
[JIT] Compiled method #595 0x3003699f0 'top' (entry 2, 5376 bytes)
[JIT] Compiled method #596 0x30037a800 'adaptToInteger:andCompare:' (entry 2, 32712 bytes)
[JIT] Compiled method #597 0x30037a360 'isFinite' (entry 2, 648 bytes)
[JIT] Compiled method #598 0x3003694c8 'intersect:ifNone:' (entry 2, 47200 bytes)
[JIT] Compiled method #599 0x30036b1c8 'intersects:' (entry 2, 26976 bytes)
[JIT] Methods: 120 pure, 411 send-deopt, 69 heap-write (of 600 compiled, all executable)
[JIT] Compiled method #600 0x300396dd0 '<' (entry 2, 504 bytes, prim)
[JIT] Compiled method #601 0x300397250 '>' (entry 2, 504 bytes, prim)
[JIT] Compiled method #602 0x300a1f3a0 'privateOwner:' (entry 2, 360 bytes)
[CACHE-34] #methodDict -> getter=-1 setter=-1 retSelf=0 prim=0 cls=0x300aea0c0 method=0x3003aa700
[CACHE-35] #superclass -> getter=-1 setter=-1 retSelf=0 prim=264 cls=0x300aea0c0 method=0x3003aa690
[JIT] Compiled method #603 0x3003a8ed0 'includesSelector:' (entry 2, 5112 bytes)
[CACHE-36] #methodDict -> getter=-1 setter=-1 retSelf=0 prim=0 cls=0x300ae9ff8 method=0x3003aa700
[JIT] Compiled method #604 0x300304238 'includesKey:' (entry 2, 5320 bytes)
[MUSTBOOL] #1 fd=22 value_class=SmallInteger value=0x401 in=#wantsSteps rcv_class=MenubarMorph method=0x300a2a3d8 numLits=8 ipOff=7
[MUSTBOOL] method header=0x8000000000200041 slotCount=12 method_class=CompiledMethod method_format=25 method_classIdx=3101
[MUSTBOOL]   slot[0]=0x8000000000200041
[MUSTBOOL]   slot[1]=0x300057818 class=3085 format=19 bytes="class"
[MUSTBOOL]   slot[2]=0x300054ce0 class=3085 format=20 bytes="step"
[MUSTBOOL]   slot[3]=0x3000644a8 class=3085 format=23 bytes="includesSelector:"
[MUSTBOOL]   slot[4]=0x30005e870 class=3085 format=22 bytes="superclass"
[MUSTBOOL]   slot[5]=0x30056e248 class=3139 format=1
[MUSTBOOL]   slot[6]=0x300055898 class=3085 format=21 bytes="whileFalse:"
[MUSTBOOL]   slot[7]=0x300255de8 class=3085 format=22 bytes="wantsSteps"
[MUSTBOOL]   slot[8]=0x30056e248 class=3139 format=1
[MUSTBOOL]   slot[9]=0x40be922140d0804c (raw bytecode bytes)
[MUSTBOOL]   slot[10]=0x1440f5edffe1d083 (raw bytecode bytes)
[MUSTBOOL]   slot[11]=0x844a2a02005c67 (raw bytecode bytes)
[MUSTBOOL] bytecodes near ipOff=7: 4c 80 d0 40 21 92 be 40 83 d0 e1 ff
[MUSTBOOL] full bytecodes (18):
    0: 4c 80 d0 40 21 92 be 40 83 d0 e1 ff ed f5 40 14 67 5c
[MUSTBOOL] stack: sp=0x4e7a8e210 fp=0x4e7a8e1f8 depth=22
[MUSTBOOL]   sp[-3]=0x30349b010 (MenubarMorph)
[MUSTBOOL]   sp[-2]=0x300aea050 (?)
[MUSTBOOL]   sp[-1]=0x401 (SmallInteger)
[MUSTBOOL]   sp[0]=0x300054ce0 (ByteSymbol)
[MUSTBOOL]   sp[1]=0x401 (SmallInteger)
[MUSTBOOL]   recent[12] MenubarMorph>>openInWorld:
[MUSTBOOL]   recent[13] MenubarMorph>>doOpenInWorld:
[MUSTBOOL]   recent[14] WorldMorph>>addMorph:
[MUSTBOOL]   recent[15] WorldMorph>>addMorphFront:
[MUSTBOOL]   recent[16] WorldMorph>>addMorphInFrontOfLayer:
[MUSTBOOL]   recent[17] Array>>do:
[MUSTBOOL]   recent[18] WorldMorph>>ifTrue:
[MUSTBOOL]   recent[19] WorldMorph>>addMorph:inFrontOf:
[MUSTBOOL]   recent[20] WorldMorph>>privateAddMorph:atIndex:
[MUSTBOOL]   recent[21] MenubarMorph>>intoWorld:
[JIT] Compiled method #605 0x3003c0300 'method:pc:' (entry 2, 448 bytes)
[JIT] Compiled method #606 0x3003c0260 'pc' (entry 2, 392 bytes)
[JIT] Compiled method #607 0x3003c0330 'method' (entry 2, 392 bytes)
[JIT] Compiled method #608 0x3002f6ab0 'advanceToFollowingPc' (entry 2, 2712 bytes)
[JIT] Compiled method #609 0x3002f6ae8 'followingPc' (entry 2, 7568 bytes)
[JIT] Compiled method #610 0x3002f6b68 'nextPc:' (entry 2, 10184 bytes)
[JIT] Compiled method #611 0x3003a1150 'encoderClass' (entry 2, 2840 bytes)
[JIT] Compiled method #612 0x3003a10d0 'signFlag' (entry 2, 2864 bytes)
[JIT] Compiled method #613 0x3002f1e58 'instructionSizeAt:of:' (entry 2, 16064 bytes)
[JIT] AUTO-EXCLUDED exception infra #handleSignal:
[SLOT-TRIPWIRE] ctx=0x3034a7d90 oldSender=0x3034a7c48 method=0x30037e140 slots=38
[SLOT-TRIPWIRE] ctx=0x3034a7c48 oldSender=0x3034a7b08 method=0x30033bc58 slots=40
[SLOT-TRIPWIRE] ctx=0x3034a7b08 oldSender=0x3034a79c8 method=0x300466708 slots=39
[SLOT-TRIPWIRE] ctx=0x3034a79c8 oldSender=0x3034a7890 method=0x300366778 slots=39
[SLOT-TRIPWIRE] ctx=0x3034a7890 oldSender=0x3034a7758 method=0x30037e400 slots=38
[SLOT-TRIPWIRE] ctx=0x3034a7758 oldSender=0x3034a7618 method=0x300367438 slots=38
[SLOT-TRIPWIRE] ctx=0x3034a9478 oldSender=0x3034a9338 method=0x3003b8958 slots=42
[SLOT-TRIPWIRE] ctx=0x3034a9338 oldSender=0x3034a91f8 method=0x3003b9d10 slots=39
[SLOT-TRIPWIRE] ctx=0x3034a91f8 oldSender=0x3034a90b0 method=0x3003b7ea0 slots=39
[SLOT-TRIPWIRE] ctx=0x3034a90b0 oldSender=0x3034a7618 method=0x30037e178 slots=40
[SLOT-TRIPWIRE] ctx=0x3034a7618 oldSender=0x3034a7248 method=0x300367518 slots=39
[SLOT-TRIPWIRE] ctx=0x3034a7248 oldSender=0x3034a7108 method=0x30037e4f8 slots=38
[SLOT-TRIPWIRE] ctx=0x3034a9478 oldSender=0x3034a7108 method=0x3003b8958 slots=42
[SLOT-TRIPWIRE] ctx=0x3034a7108 oldSender=0x3034a6fd0 method=0x3003674d8 slots=39
[SLOT-TRIPWIRE] ctx=0x3034a6fd0 oldSender=0x3034a6e98 method=0x30037e5c0 slots=38
[SLOT-TRIPWIRE] ctx=0x3034a6e98 oldSender=0x3034a6d58 method=0x30037dd40 slots=38
[SLOT-TRIPWIRE] ctx=0x3034a9998 oldSender=0x3034a8000 method=0x3003b8958 slots=42
[SLOT-TRIPWIRE] ctx=0x3034a8000 oldSender=0x3034a8158 method=0x300368298 slots=42
[SLOT-TRIPWIRE] ctx=0x3034a8158 oldSender=0x3034a82a8 method=0x300368300 slots=41
[SLOT-TRIPWIRE] ctx=0x3034a82a8 oldSender=0x3034a83e8 method=0x300368260 slots=39
[SLOT-TRIPWIRE] ctx=0x3034a83e8 oldSender=0x3034a8528 method=0x300372420 slots=39
[JIT] AUTO-EXCLUDED exception infra #defaultAction (class Exception class)
[JIT] AUTO-EXCLUDED exception infra #raiseUnhandledError
[JIT] AUTO-EXCLUDED exception infra #signalForException:
[JIT] Compiled method #614 0x300367410 'exception:' (entry 2, 360 bytes)
[JIT] AUTO-EXCLUDED exception infra #defaultAction (class UnhandledError class)
[JIT] Compiled method #615 0x30037e400 'unhandledErrorAction' (entry 2, 5112 bytes)
[JIT] Compiled method #616 0x300366778 'handleError:' (entry 2, 5112 bytes)
[JIT] Compiled method #617 0x3003665f8 'errorHandler' (entry 2, 3016 bytes)
[JIT] Compiled method #618 0x300366a40 'defaultErrorHandler' (entry 2, 552 bytes)
[SLOT-TRIPWIRE] ctx=0x3034ab328 oldSender=0x3034ab1e0 method=0x30037e140 slots=38
[SLOT-TRIPWIRE] ctx=0x3034ab1e0 oldSender=0x3034ab0a0 method=0x30033bc58 slots=40
[SLOT-TRIPWIRE] ctx=0x3034ab0a0 oldSender=0x3034aaf60 method=0x300466708 slots=39
[SLOT-TRIPWIRE] ctx=0x3034aaf60 oldSender=0x3034aae28 method=0x300366778 slots=39
[SLOT-TRIPWIRE] ctx=0x3034aae28 oldSender=0x3034aacf0 method=0x30037e400 slots=38
[SLOT-TRIPWIRE] ctx=0x3034aacf0 oldSender=0x3034aabb0 method=0x300367438 slots=38
[SLOT-TRIPWIRE] ctx=0x3034ac948 oldSender=0x3034ac808 method=0x3003b8958 slots=42
[SLOT-TRIPWIRE] ctx=0x3034ac808 oldSender=0x3034ac6c8 method=0x3003b9d10 slots=39
[SLOT-TRIPWIRE] ctx=0x3034ac6c8 oldSender=0x3034ac580 method=0x3003b7ea0 slots=39
[SLOT-TRIPWIRE] ctx=0x3034ac580 oldSender=0x3034aabb0 method=0x30037e178 slots=40
[SLOT-TRIPWIRE] ctx=0x3034aabb0 oldSender=0x3034aa7e0 method=0x300367518 slots=39
[SLOT-TRIPWIRE] ctx=0x3034aa7e0 oldSender=0x3034aa6a0 method=0x30037e4f8 slots=38
[SLOT-TRIPWIRE] ctx=0x3034ac948 oldSender=0x3034aa6a0 method=0x3003b8958 slots=42
[SLOT-TRIPWIRE] ctx=0x3034aa6a0 oldSender=0x3034aa568 method=0x3003674d8 slots=39
[SLOT-TRIPWIRE] ctx=0x3034aa568 oldSender=0x3034aa430 method=0x30037e5c0 slots=38
[SLOT-TRIPWIRE] ctx=0x3034aa430 oldSender=0x3034aa2f0 method=0x30037dd40 slots=38
[SLOT-TRIPWIRE] ctx=0x3034ace68 oldSender=0x3034ab598 method=0x3003b8958 slots=42
[SLOT-TRIPWIRE] ctx=0x3034ab598 oldSender=0x3034ab6d8 method=0x30037de48 slots=39
[SLOT-TRIPWIRE] ctx=0x3034ab6d8 oldSender=0x3034ab818 method=0x30036fb10 slots=39
[SLOT-TRIPWIRE] ctx=0x3034ab818 oldSender=0x3034ab950 method=0x300371290 slots=38
[SLOT-TRIPWIRE] ctx=0x3034ab950 oldSender=0x3034aba90 method=0x300371be8 slots=39
[JIT] Compiled method #619 0x3002f1d10 'isExtension:' (entry 2, 864 bytes)
[DNU-STACK] Full call stack for #>= (DNU #6):
[DNU-STACK]   [0] EncoderForSistaV1 class>>instructionSizeAt:of:
[DNU-STACK]   [1] Error>>resumeUnchecked:
[DNU-STACK]   [current] #isExtension: fd=1
[DNU] #6: #>= not understood by rcvr=0x300a2a3d8 argCount=1 fd=1 in #isExtension: P80
[DNU]   rcvr cls=3101 fmt=25 class=CompiledMethod
[SLOT-TRIPWIRE] ctx=0x3034ae5b8 oldSender=0x3034ae470 method=0x30037e140 slots=38
[SLOT-TRIPWIRE] ctx=0x3034ae470 oldSender=0x3034ae330 method=0x30033bc58 slots=40
[SLOT-TRIPWIRE] ctx=0x3034ae330 oldSender=0x3034ae1f0 method=0x300466708 slots=39
[SLOT-TRIPWIRE] ctx=0x3034ae1f0 oldSender=0x3034ae0b8 method=0x300366778 slots=39
[SLOT-TRIPWIRE] ctx=0x3034ae0b8 oldSender=0x3034adf80 method=0x30037e400 slots=38
[SLOT-TRIPWIRE] ctx=0x3034adf80 oldSender=0x3034ade40 method=0x300367438 slots=38
[SLOT-TRIPWIRE] ctx=0x3034af8c8 oldSender=0x3034af788 method=0x3003b8958 slots=42
[SLOT-TRIPWIRE] ctx=0x3034af788 oldSender=0x3034af648 method=0x3003b9d10 slots=39
[SLOT-TRIPWIRE] ctx=0x3034af648 oldSender=0x3034af500 method=0x3003b7ea0 slots=39
[SLOT-TRIPWIRE] ctx=0x3034af500 oldSender=0x3034ade40 method=0x30037e178 slots=40
[SLOT-TRIPWIRE] ctx=0x3034ade40 oldSender=0x3034ada70 method=0x300367518 slots=39
[SLOT-TRIPWIRE] ctx=0x3034ada70 oldSender=0x3034ad930 method=0x30037e4f8 slots=38
[SLOT-TRIPWIRE] ctx=0x3034af8c8 oldSender=0x3034ad930 method=0x3003b8958 slots=42
[SLOT-TRIPWIRE] ctx=0x3034ad930 oldSender=0x3034ad7f8 method=0x3003674d8 slots=39
[SLOT-TRIPWIRE] ctx=0x3034ad7f8 oldSender=0x3034ad6c0 method=0x30037e5c0 slots=38
[SLOT-TRIPWIRE] ctx=0x3034ad6c0 oldSender=0x3034ad588 method=0x30037dd40 slots=38
[SLOT-TRIPWIRE] ctx=0x3034ad588 oldSender=0x3034ad448 method=0x30037ed38 slots=38
[SLOT-TRIPWIRE] ctx=0x3034afde8 oldSender=0x3034ae828 method=0x3003b8958 slots=42
[JIT] Method #620 compiled (5544 bytes, 12 bytecodes) #at::
  methodOop=0x3003485d0 numLits=4 fmt=25 bcLen=15 header=0xf000000001050004
    lit[1]=0x300079058 class=3139
    lit[2]=0x300051810 class=3085 bytes="at:"
    lit[3]=0x300354b48 class=3299
    lit[4]=0x3000796e8 class=3139
  raw bytecodes: f8 3f 00 10 4c 40 eb 09 7a 5c 00 00 44 6b 04
  bc[0] op=0xF8 -> stencil_nop (operand=-1, branch=-1)
  bc[3] op=0x10 -> stencil_pushLitVar (operand=0, branch=-1)
  bc[4] op=0x4C -> stencil_pushReceiver (operand=-1, branch=-1)
  bc[5] op=0x40 -> stencil_pushTemp (operand=0, branch=-1)
  bc[6] op=0xEB -> stencil_send (operand=6, branch=-1)
  bc[8] op=0x7A -> stencil_sendJ2J (operand=16842760, branch=10)
  bc[9] op=0x5C -> stencil_returnTop (operand=-1, branch=-1)
  bc[10] op=0x00 -> stencil_pushRecvVar (operand=0, branch=-1)
  bc[11] op=0x00 -> stencil_pushRecvVar (operand=0, branch=-1)
  bc[12] op=0x44 -> stencil_pushTemp (operand=4, branch=-1)
  bc[13] op=0x6B -> stencil_sendJ2J (operand=16842765, branch=13)
  bc[14] op=0x04 -> stencil_pushRecvVar (operand=4, branch=-1)
[JIT] Compiled method #620 0x3003485d0 'at:' (entry 2, 5544 bytes)
[JIT] Compiled method #621 0x300398340 'isSpecial' (entry 2, 7464 bytes)
[JIT] Compiled method #622 0x3003990f0 'specialCharacters' (entry 2, 14752 bytes)
[JIT] Compiled method #623 0x300399788 'centeredDot' (entry 2, 2720 bytes)
[JIT] Compiled method #624 0x300399578 'divide' (entry 2, 2720 bytes)
[JIT] Compiled method #625 0x300399168 'plusOrMinus' (entry 2, 2720 bytes)
[JIT] Compiled method #626 0x300399250 'times' (entry 2, 2720 bytes)
[JIT] Compiled method #627 0x300336c30 'with:with:with:with:' (entry 2, 12936 bytes)
[JIT] Compiled method #628 0x300344c60 'indexOf:' (entry 2, 10360 bytes)
[CACHE-37] #superclass -> getter=-1 setter=-1 retSelf=0 prim=264 cls=0x300024948 method=0x3003aa690
[CACHE-38] #superclass -> getter=-1 setter=-1 retSelf=0 prim=264 cls=0x3000239a0 method=0x3003aa690
[SLOT-TRIPWIRE] ctx=0x3034b1a70 oldSender=0x3034b1928 method=0x30037e140 slots=38
[SLOT-TRIPWIRE] ctx=0x3034b1928 oldSender=0x3034b17e8 method=0x30033bc58 slots=40
[SLOT-TRIPWIRE] ctx=0x3034b17e8 oldSender=0x3034b16a8 method=0x300466708 slots=39
[SLOT-TRIPWIRE] ctx=0x3034b16a8 oldSender=0x3034b1570 method=0x300366778 slots=39
[SLOT-TRIPWIRE] ctx=0x3034b1570 oldSender=0x3034b1438 method=0x30037e400 slots=38
[SLOT-TRIPWIRE] ctx=0x3034b1438 oldSender=0x3034b12f8 method=0x300367438 slots=38
[SLOT-TRIPWIRE] ctx=0x3034b33c8 oldSender=0x3034b3288 method=0x3003b8958 slots=42
[SLOT-TRIPWIRE] ctx=0x3034b3288 oldSender=0x3034b3148 method=0x3003b9d10 slots=39
[SLOT-TRIPWIRE] ctx=0x3034b3148 oldSender=0x3034b3000 method=0x3003b7ea0 slots=39
[SLOT-TRIPWIRE] ctx=0x3034b3000 oldSender=0x3034b12f8 method=0x30037e178 slots=40
[SLOT-TRIPWIRE] ctx=0x3034b12f8 oldSender=0x3034b0f28 method=0x300367518 slots=39
[SLOT-TRIPWIRE] ctx=0x3034b0f28 oldSender=0x3034b0de8 method=0x30037e4f8 slots=38
[SLOT-TRIPWIRE] ctx=0x3034b33c8 oldSender=0x3034b0de8 method=0x3003b8958 slots=42
[SLOT-TRIPWIRE] ctx=0x3034b0de8 oldSender=0x3034b0cb0 method=0x3003674d8 slots=39
[SLOT-TRIPWIRE] ctx=0x3034b0cb0 oldSender=0x3034b0b78 method=0x30037e5c0 slots=38
[SLOT-TRIPWIRE] ctx=0x3034b0b78 oldSender=0x3034b0a38 method=0x30037dd40 slots=38
[SLOT-TRIPWIRE] ctx=0x3034b38e8 oldSender=0x3034b1ce0 method=0x3003b8958 slots=42
[SLOT-TRIPWIRE] ctx=0x3034b1ce0 oldSender=0x3034b1e20 method=0x3003685d0 slots=39
[SLOT-TRIPWIRE] ctx=0x3034b1e20 oldSender=0x3034b1f60 method=0x30036bf88 slots=39
[SLOT-TRIPWIRE] ctx=0x3034b1f60 oldSender=0x3034b2098 method=0x30036bda0 slots=38
[SLOT-TRIPWIRE] ctx=0x3034b2098 oldSender=0x3034b21e8 method=0x300371d18 slots=41
[SLOT-TRIPWIRE] ctx=0x3034b21e8 oldSender=0x3034b2328 method=0x3003c1170 slots=39
[SLOT-TRIPWIRE] ctx=0x3034b2328 oldSender=0x3034b2478 method=0x3003722d8 slots=41
[MUSTBOOL] #2 fd=0 value_class=CompiledMethod value=0x300a2a3d8 in=#isExtension: rcv_class=EncoderForSistaV1 class method=0x3002f1d10 numLits=5 ipOff=4
[MUSTBOOL] method header=0x8000000008200029 slotCount=8 method_class=CompiledMethod method_format=25 method_classIdx=3101
[MUSTBOOL]   slot[0]=0x8000000008200029
[MUSTBOOL]   slot[1]=0x701
[MUSTBOOL]   slot[2]=0x709
[MUSTBOOL]   slot[3]=0x300050958 class=3085 format=20 bytes="and:"
[MUSTBOOL]   slot[4]=0x30005b8f0 class=3085 format=20 bytes="isExtension:"
[MUSTBOOL]   slot[5]=0x300084078 class=3091 format=1
[MUSTBOOL]   slot[6]=0xb0642140c3652040 (raw bytecode bytes)
[MUSTBOOL]   slot[7]=0xbad6f200005c4e (raw bytecode bytes)
[MUSTBOOL] bytecodes near ipOff=4: 40 20 65 c3 40 21 64 b0 4e
[MUSTBOOL] full bytecodes (12):
    0: 40 20 65 c3 40 21 64 b0 4e 5c 00 00
[MUSTBOOL] stack: sp=0x4e7a8e030 fp=0x4e7a8e018 depth=0
[MUSTBOOL]   sp[-3]=0x300017900 (EncoderForSistaV1 class)
[MUSTBOOL]   sp[-2]=0x300a2a3d8 (CompiledMethod)
[MUSTBOOL]   sp[-1]=0x300a2a3d8 (CompiledMethod)
[MUSTBOOL]   sp[0]=0x3034acff0 (MessageNotUnderstood)
[MUSTBOOL]   sp[1]=0x300a2a3d8 (CompiledMethod)
[JIT] Compiled method #629 0x30036b760 'mustBeBoolean' (entry 2, 7496 bytes)
[JIT] Compiled method #630 0x30036bce0 'mustBeBooleanHandler' (entry 2, 2936 bytes)
[JIT] Compiled method #631 0x30037e900 'mustBeBooleanHandler' (entry 2, 320 bytes)
[JIT] Compiled method #632 0x30036b680 'mustBeBooleanIn:' (entry 2, 15048 bytes)
[JIT] Compiled method #633 0x3002f8d08 'instructionStream' (entry 2, 2920 bytes)
[JIT] Compiled method #634 0x3002f6d88 'previousPc' (entry 2, 5168 bytes)
[JIT] Compiled method #635 0x3002f7cf0 'pcPreviousTo:' (entry 2, 15864 bytes)
[JIT] Compiled method #636 0x3003a25f8 'endPC' (entry 2, 7608 bytes)
[JIT] Compiled method #637 0x3003a1770 'trailerSize' (entry 2, 320 bytes)
[JIT] Compiled method #638 0x3003c01e8 'on:' (entry 2, 5152 bytes)
[JIT] Compiled method #639 0x3003abec8 'isVariable' (entry 2, 3656 bytes)
[JIT] Compiled method #640 0x300372420 'errorSubscriptBounds:' (entry 2, 2768 bytes)
[JIT] Compiled method #641 0x300368260 'signalFor:' (entry 2, 2808 bytes)
[JIT] Compiled method #642 0x300368300 'signalFor:lowerBound:upperBound:' (entry 2, 2856 bytes)
[SLOT-TRIPWIRE] ctx=0x3034b60c0 oldSender=0x3034b5f78 method=0x30037e140 slots=38
[SLOT-TRIPWIRE] ctx=0x3034b5f78 oldSender=0x3034b5e38 method=0x30033bc58 slots=40
[SLOT-TRIPWIRE] ctx=0x3034b5e38 oldSender=0x3034b5cf8 method=0x300466708 slots=39
[SLOT-TRIPWIRE] ctx=0x3034b5cf8 oldSender=0x3034b5bc0 method=0x300366778 slots=39
[SLOT-TRIPWIRE] ctx=0x3034b5bc0 oldSender=0x3034b5a88 method=0x30037e400 slots=38
[SLOT-TRIPWIRE] ctx=0x3034b5a88 oldSender=0x3034b5948 method=0x300367438 slots=38
[SLOT-TRIPWIRE] ctx=0x3034b77a8 oldSender=0x3034b7668 method=0x3003b8958 slots=42
[SLOT-TRIPWIRE] ctx=0x3034b7668 oldSender=0x3034b7528 method=0x3003b9d10 slots=39
[SLOT-TRIPWIRE] ctx=0x3034b7528 oldSender=0x3034b73e0 method=0x3003b7ea0 slots=39
[SLOT-TRIPWIRE] ctx=0x3034b73e0 oldSender=0x3034b5948 method=0x30037e178 slots=40
[SLOT-TRIPWIRE] ctx=0x3034b5948 oldSender=0x3034b5578 method=0x300367518 slots=39
[SLOT-TRIPWIRE] ctx=0x3034b5578 oldSender=0x3034b5438 method=0x30037e4f8 slots=38
[SLOT-TRIPWIRE] ctx=0x3034b77a8 oldSender=0x3034b5438 method=0x3003b8958 slots=42
[SLOT-TRIPWIRE] ctx=0x3034b5438 oldSender=0x3034b5300 method=0x3003674d8 slots=39
[SLOT-TRIPWIRE] ctx=0x3034b5300 oldSender=0x3034b51c8 method=0x30037e5c0 slots=38
[SLOT-TRIPWIRE] ctx=0x3034b51c8 oldSender=0x3034b5088 method=0x30037dd40 slots=38
[SLOT-TRIPWIRE] ctx=0x3034b7cc8 oldSender=0x3034b6330 method=0x3003b8958 slots=42
[SLOT-TRIPWIRE] ctx=0x3034b6330 oldSender=0x3034b6488 method=0x300368298 slots=42
[SLOT-TRIPWIRE] ctx=0x3034b6488 oldSender=0x3034b65d8 method=0x300368300 slots=41
[SLOT-TRIPWIRE] ctx=0x3034b65d8 oldSender=0x3034b6718 method=0x300368260 slots=39
[SLOT-TRIPWIRE] ctx=0x3034b6718 oldSender=0x3034b6858 method=0x300372420 slots=39
[JIT] Compiled method #643 0x300371290 'errorNonIntegerIndex' (entry 2, 2736 bytes)
[JIT] Compiled method #644 0x30036fb10 'error:' (entry 2, 7848 bytes)
[SLOT-TRIPWIRE] ctx=0x3034b9798 oldSender=0x3034b9650 method=0x30037e140 slots=38
[SLOT-TRIPWIRE] ctx=0x3034b9650 oldSender=0x3034b9510 method=0x30033bc58 slots=40
[SLOT-TRIPWIRE] ctx=0x3034b9510 oldSender=0x3034b93d0 method=0x300466708 slots=39
[SLOT-TRIPWIRE] ctx=0x3034b93d0 oldSender=0x3034b9298 method=0x300366778 slots=39
[SLOT-TRIPWIRE] ctx=0x3034b9298 oldSender=0x3034b9160 method=0x30037e400 slots=38
[SLOT-TRIPWIRE] ctx=0x3034b9160 oldSender=0x3034b9020 method=0x300367438 slots=38
[SLOT-TRIPWIRE] ctx=0x3034ba2f8 oldSender=0x3034ba1b8 method=0x3003b8958 slots=42
[SLOT-TRIPWIRE] ctx=0x3034ba1b8 oldSender=0x3034ba078 method=0x3003b9d10 slots=39
[SLOT-TRIPWIRE] ctx=0x3034ba078 oldSender=0x3034b9f30 method=0x3003b7ea0 slots=39
[SLOT-TRIPWIRE] ctx=0x3034b9f30 oldSender=0x3034b9020 method=0x30037e178 slots=40
[SLOT-TRIPWIRE] ctx=0x3034b9020 oldSender=0x3034b8c50 method=0x300367518 slots=39
[SLOT-TRIPWIRE] ctx=0x3034b8c50 oldSender=0x3034b8b10 method=0x30037e4f8 slots=38
[SLOT-TRIPWIRE] ctx=0x3034ba2f8 oldSender=0x3034b8b10 method=0x3003b8958 slots=42
[SLOT-TRIPWIRE] ctx=0x3034b8b10 oldSender=0x3034b89d8 method=0x3003674d8 slots=39
[SLOT-TRIPWIRE] ctx=0x3034b89d8 oldSender=0x3034b88a0 method=0x30037e5c0 slots=38
[SLOT-TRIPWIRE] ctx=0x3034b88a0 oldSender=0x3034b8760 method=0x30037dd40 slots=38
[SLOT-TRIPWIRE] ctx=0x3034ba818 oldSender=0x3034b9a08 method=0x3003b8958 slots=42
[SLOT-TRIPWIRE] ctx=0x3034b9a08 oldSender=0x3034b9b48 method=0x30037de48 slots=39
[SLOT-TRIPWIRE] ctx=0x3034b9b48 oldSender=0x3034b9c88 method=0x30036fb10 slots=39
[SLOT-TRIPWIRE] ctx=0x3034b9c88 oldSender=0x3034b9dc0 method=0x300371290 slots=38
[TERM-P80] HIGH PRIORITY PROCESS TERMINATING!
[TERM-P80]   ctx[0]: CompiledMethod>>at: (ctx=0x3034b9dc0 sender=0x300000000 (nil))
[TERM-P80] Sender chain length: 1 (terminated=nil)
[TERM] terminateCurrentProcess: proc=0x3033be140 pri=80 fd=0 method=#at:
[TERM]   fd=0 #at: (current)
[TERM]   C++ caller: _ZN5pharo11Interpreter11returnValueENS_3OopE+4244
[SLOT-TRIPWIRE] ctx=0x3033c39c8 oldSender=0x302c7bc20 method=0x300089c08 slots=10
[SLOT-TRIPWIRE] ctx=0x3033c60d8 oldSender=0x3033c7220 method=0x300365928 slots=22
[SLOT-TRIPWIRE] ctx=0x3033c7220 oldSender=0x3033c8c80 method=0x3003b29a0 slots=22
[XFER-1] old=0x3033c39c8 pri=40 -> new=0x302c7bc20 pri=40
[SLOT-TRIPWIRE] ctx=0x3033c38a0 oldSender=0x3033c5f48 method=0x300392038 slots=22
[SLOT-TRIPWIRE] ctx=0x3033c5f48 oldSender=0x3033c7140 method=0x3003b39b8 slots=22
[SLOT-TRIPWIRE] ctx=0x3033c7140 oldSender=0x3033c8bc8 method=0x300380e38 slots=22
[SLOT-TRIPWIRE] ctx=0x3033c8bc8 oldSender=0x3033cb3f0 method=0x300a32590 slots=22
[SLOT-TRIPWIRE] ctx=0x3033cb3f0 oldSender=0x3033cd4f0 method=0x300a4b9c8 slots=22
[SLOT-TRIPWIRE] ctx=0x3033cd4f0 oldSender=0x3033d1780 method=0x3003b37d0 slots=22
[SLOT-TRIPWIRE] ctx=0x3033d1780 oldSender=0x3033d6820 method=0x300a32350 slots=22
[SLOT-TRIPWIRE] ctx=0x3033d6820 oldSender=0x3033dbc20 method=0x300a0c768 slots=22
[SLOT-TRIPWIRE] ctx=0x3033dbc20 oldSender=0x302c7ca98 method=0x300a13488 slots=22
[JIT] Compiled method #645 0x30038d550 'wait' (entry 2, 5280 bytes)
[JIT] Compiled method #646 0x30036fdc8 'isNotNil' (entry 2, 296 bytes)
[JIT] Compiled method #647 0x300a31768 'worldRenderer' (entry 2, 5464 bytes)
[JIT] Compiled method #648 0x3003676d8 'isNotNil' (entry 2, 296 bytes)
[JIT] Compiled method #649 0x300a30be0 'activeHand:' (entry 2, 360 bytes)
[JIT] Methods: 128 pure, 445 send-deopt, 77 heap-write (of 650 compiled, all executable)
[JIT] Compiled method #650 0x300316d08 'nextOrNil' (entry 2, 2720 bytes)
[JIT] Compiled method #651 0x300316dd0 'nextIfNone:' (entry 2, 28728 bytes)
[JIT] Compiled method #652 0x300317540 'makeCircular' (entry 2, 528 bytes)
[JIT] Compiled method #653 0x300333ee0 'isEmpty' (entry 2, 552 bytes)
[JIT] Compiled method #654 0x3003b3df0 'onErrorDo:' (entry 2, 2856 bytes)
[JIT] Compiled method #655 0x300a20150 'fullBounds' (entry 2, 3472 bytes)
[JIT] Compiled method #656 0x300939d58 'setTop:left:bottom:right:' (entry 2, 624 bytes)
[JIT] Compiled method #657 0x3003698f8 'left' (entry 2, 5376 bytes)
[JIT] Compiled method #658 0x300369d70 'right' (entry 2, 3272 bytes)
[JIT] Compiled method #659 0x30036a0e8 'bottom' (entry 2, 3432 bytes)
[JIT] Compiled method #660 0x30036b528 'left:right:top:bottom:' (entry 2, 5248 bytes)
[JIT] Compiled method #661 0x3003699a8 'setLeft:right:top:bottom:' (entry 2, 15016 bytes)
[JIT] Compiled method #662 0x300a20f90 'outerBounds' (entry 2, 7784 bytes)
[JIT] Compiled method #663 0x300a2d928 'hasDropShadow' (entry 2, 3144 bytes)
[JIT] Compiled method #664 0x300a02e08 'actualScreenSize' (entry 2, 2744 bytes)
[JIT] Compiled method #665 0x3003765b8 'asInteger' (entry 2, 280 bytes)
[JIT] Compiled method #666 0x300a0d0d0 'viewBox' (entry 2, 2760 bytes)
[JIT] Compiled method #667 0x300a312b0 'viewBox' (entry 2, 5064 bytes)
[JIT] Compiled method #668 0x300a02778 'viewBox' (entry 2, 7496 bytes)
[JIT] Compiled method #669 0x30033aa40 'speciesForTransform' (entry 2, 2680 bytes)
[JIT] Compiled method #670 0x300369730 'topLeft' (entry 2, 392 bytes)
[JIT] Compiled method #671 0x30036b008 'bottomRight' (entry 2, 392 bytes)
[JIT] Compiled method #672 0x30036dc38 '=' (entry 2, 10824 bytes)
[SLOT-TRIPWIRE] ctx=0x3034d9258 oldSender=0x303498798 method=0x300000000 slots=10
[JIT] Compiled method #673 0x300a1b8f8 'fillStyle' (entry 2, 392 bytes)
[JIT] Compiled method #674 0x300397060 '<=' (entry 2, 504 bytes, prim)
[JIT] Compiled method #675 0x30036db60 '+' (entry 2, 13272 bytes)
[JIT] Compiled method #676 0x30036de90 'isPoint' (entry 2, 296 bytes)
[JIT] Compiled method #677 0x3009565c8 'setDestForm:' (entry 2, 12728 bytes)
[JIT] Compiled method #678 0x300932848 'boundingBox' (entry 2, 7728 bytes)
[JIT] Compiled method #679 0x300369870 'width' (entry 2, 8000 bytes)
[JIT] Compiled method #680 0x300369c10 'height' (entry 2, 7952 bytes)
[JIT] Compiled method #681 0x3009572d0 'clipRect:' (entry 2, 20192 bytes)
[JIT] Compiled method #682 0x300a28808 'fillStyle' (entry 2, 3680 bytes)
[JIT] Compiled method #683 0x300369a68 'insetBy:' (entry 2, 5112 bytes)
[JIT] Compiled method #684 0x300915a10 'asMargin' (entry 2, 2728 bytes)
[JIT] Compiled method #685 0x3009398a0 'fromNumber:' (entry 2, 10144 bytes)
[JIT] Compiled method #686 0x300939ac8 'initialize' (entry 2, 2888 bytes)
[JIT] Compiled method #687 0x300939c68 'fromNumber:' (entry 2, 2872 bytes)
[JIT] Compiled method #688 0x300939b10 'insetRectangle:' (entry 2, 27912 bytes)
[JIT] Compiled method #689 0x300939d28 'left' (entry 2, 392 bytes)
[JIT] Compiled method #690 0x300939b98 'right' (entry 2, 392 bytes)
[JIT] Compiled method #691 0x300939e10 'top' (entry 2, 392 bytes)
[JIT] Compiled method #692 0x300939eb0 'bottom' (entry 2, 392 bytes)
[CACHE-39] #superclass -> getter=-1 setter=-1 retSelf=0 prim=264 cls=0x3008e8db0 method=0x3003aa690
[JIT] Compiled method #693 0x30036a610 'translateBy:' (entry 2, 3272 bytes)
[JIT] Compiled method #694 0x30091b698 'isTranslucent' (entry 2, 576 bytes)
[JIT] Compiled method #695 0x30091c670 'isColor' (entry 2, 296 bytes)
[JIT] Compiled method #696 0x300930010 'depth' (entry 2, 976 bytes)
[JIT] Compiled method #697 0x300a033b0 'width' (entry 2, 320 bytes)
[JIT] Compiled method #698 0x30091ef60 'transparent' (entry 2, 2752 bytes)
[JIT] Compiled method #699 0x3009d3958 'frameAndFillRectangle:fillColor:borderWidth:borderColor:' (entry 2, 28352 bytes)
[SLOT-TRIPWIRE] ctx=0x3034d8df0 oldSender=0x3034d9e78 method=0x300000000 slots=8
[JIT] Methods: 142 pure, 476 send-deopt, 82 heap-write (of 700 compiled, all executable)
[JIT] Compiled method #700 0x3009d2c68 'copyClipRect:' (entry 2, 5312 bytes)
[JIT] Compiled method #701 0x3009d3bd8 'copyOrigin:clipRect:' (entry 2, 7728 bytes)
[JIT] Compiled method #702 0x3009d2db8 'postCopy' (entry 2, 7632 bytes)
[JIT] Compiled method #703 0x3009d41f8 'flush' (entry 2, 3080 bytes)
[JIT] Compiled method #704 0x3009d3520 'resetGrafPort' (entry 2, 5448 bytes)
[JIT] Compiled method #705 0x3009d3ac0 'resetEngine' (entry 2, 352 bytes)
[JIT] Compiled method #706 0x3009d2a80 'setOrigin:clipRect:' (entry 2, 2992 bytes)
[JIT] Compiled method #707 0x30033a080 'removeLast' (entry 2, 8320 bytes)
[JIT] Compiled method #708 0x3003d6af0 'emptyCheck' (entry 2, 5200 bytes)
[JIT] Compiled method #709 0x300a208d0 'visible' (entry 2, 3064 bytes)
[JIT] Compiled method #710 0x300a1b928 'visible' (entry 2, 392 bytes)
[JIT] Compiled method #711 0x3009d26d0 'isVisible:' (entry 2, 32512 bytes)
[JIT] Compiled method #712 0x300a09330 'borderStyle' (entry 2, 42296 bytes)
[JIT] Compiled method #713 0x300a031c8 'default' (entry 2, 3352 bytes)
[JIT] Compiled method #714 0x3009b0de0 'fillRectangle:fillStyle:borderStyle:' (entry 2, 17872 bytes)
[JIT] Compiled method #715 0x3009b0da8 'fillRectangle:fillStyle:' (entry 2, 2776 bytes)
[JIT] Compiled method #716 0x3009d4100 'fillRectangle:basicFillStyle:' (entry 2, 46160 bytes)
[JIT] Compiled method #717 0x3009b0d60 'fillRectangle:color:' (entry 2, 5232 bytes)
[JIT] Compiled method #718 0x3009d30a0 'setFillColor:' (entry 2, 79512 bytes)
[JIT] Compiled method #719 0x300956eb8 'sourceForm:' (entry 2, 360 bytes)
[JIT] Compiled method #720 0x3009d2eb0 'depth' (entry 2, 2760 bytes)
[JIT] Compiled method #721 0x3009584d8 'fillPattern:' (entry 2, 2824 bytes)
[JIT] Compiled method #722 0x300957768 'fillColor:' (entry 2, 6216 bytes)
[JIT] Compiled method #723 0x300930fc0 'bitPatternFor:' (entry 2, 12736 bytes)
[JIT] Compiled method #724 0x30091c0a0 'bitPatternForDepth:' (entry 2, 23776 bytes)
[JIT] Compiled method #725 0x300336ab0 'with:' (entry 2, 5584 bytes)
[JIT] Compiled method #726 0x300956658 'combinationRule:' (entry 2, 360 bytes)
[JIT] Compiled method #727 0x3009580f8 'fillRect:offset:' (entry 2, 25808 bytes)
[JIT] Compiled method #728 0x300958028 'copyBits' (entry 2, 5752 bytes)
[JIT] Compiled method #729 0x300a03730 'frameRectangle:on:' (entry 2, 7568 bytes)
[JIT] Compiled method #730 0x300a03588 'color' (entry 2, 2712 bytes)
[JIT] Compiled method #731 0x3009b10d8 'frameRectangle:width:color:' (entry 2, 5248 bytes)
[JIT] Compiled method #732 0x300a1b480 'valueOfProperty:' (entry 2, 3144 bytes)
[JIT] Compiled method #733 0x3003242c8 'select:' (entry 2, 7728 bytes)
[JIT] Compiled method #734 0x3003879a8 'millisecondClockValue' (entry 2, 320 bytes)
[JIT] Compiled method #735 0x300a321d0 'interCycleLapse' (entry 2, 624 bytes)
[JIT] Compiled method #736 0x30036c7d8 'yield' (entry 2, 7744 bytes)
[JIT] Compiled method #737 0x300a13488 'doOneCycle' (entry 2, 2720 bytes)
[JIT] Compiled method #738 0x300a0c768 'doOneCycle' (entry 2, 2808 bytes)
[JIT] Compiled method #739 0x300a32350 'doDrawCycleWith:' (entry 2, 2808 bytes)
[JIT] Compiled method #740 0x300a1d738 'and:' (entry 2, 22352 bytes)
[JIT] Compiled method #741 0x300a472b8 'extraWorldList' (entry 2, 2656 bytes)
[JIT] Compiled method #742 0x300a0c810 'extraWorldList' (entry 2, 688 bytes)
[JIT] Compiled method #743 0x300a0dd28 'doOneCycle' (entry 2, 2688 bytes)
[JIT] Compiled method #744 0x300a0d498 'doOneCycleNow' (entry 2, 2792 bytes)
[JIT] Compiled method #745 0x300a30dc8 'doOneCycleFor:' (entry 2, 19712 bytes)
[JIT] Compiled method #746 0x300a02db0 'checkForNewScreenSize' (entry 2, 280 bytes)
[JIT] Compiled method #747 0x300a31c88 'handsDo:' (entry 2, 3072 bytes)
[JIT] Compiled method #748 0x300a3bc08 'processEvents' (entry 2, 23864 bytes)
[JIT] Compiled method #749 0x300a31e90 'hands' (entry 2, 392 bytes)
[JIT] Methods: 146 pure, 508 send-deopt, 96 heap-write (of 750 compiled, all executable)
[JIT] Compiled method #750 0x300a0cd78 'runStepMethods' (entry 2, 2792 bytes)
[JIT] Compiled method #751 0x300a317c0 'runStepMethodsIn:' (entry 2, 12624 bytes)
[JIT] Compiled method #752 0x300a31620 'deferredUIMessages' (entry 2, 3184 bytes)
[JIT] Compiled method #753 0x300317698 'object' (entry 2, 392 bytes)
[JIT] Compiled method #754 0x3003176c8 'isCircular' (entry 2, 464 bytes)
[JIT] Compiled method #755 0x300317570 'next:' (entry 2, 360 bytes)
[JIT] Compiled method #756 0x300a30ee8 'runLocalStepMethodsIn:' (entry 2, 45624 bytes)
[JIT] Compiled method #757 0x300a30c30 'triggerAlarmsBefore:' (entry 2, 21608 bytes)
[JIT] Compiled method #758 0x300a31d40 'alarms' (entry 2, 5464 bytes)
[JIT] Compiled method #759 0x300a31078 'displayWorldSafely:' (entry 2, 2888 bytes)
[JIT] Compiled method #760 0x300a4b3c0 'displayWorld' (entry 2, 2680 bytes)
[JIT] Compiled method #761 0x300a0d1b8 'displayWorld' (entry 2, 2792 bytes)
[JIT] Compiled method #762 0x300a30d28 'displayWorld:' (entry 2, 2832 bytes)
[JIT] Compiled method #763 0x300a02548 'displayWorldState:ofWorld:' (entry 2, 10704 bytes)
[JIT] Compiled method #764 0x300a310c0 'checkIfUpdateNeeded' (entry 2, 5728 bytes)
[JIT] Compiled method #765 0x300a03a38 'updateIsNeeded' (entry 2, 2960 bytes)
[JIT] Compiled method #766 0x300a3c840 'needsToBeDrawn' (entry 2, 18848 bytes)
[JIT] Compiled method #767 0x3003d7540 'anySatisfy:' (entry 2, 7832 bytes)
[JIT] Compiled method #768 0x300936570 'normal' (entry 2, 320 bytes)
[JIT] Compiled method #769 0x300a3d2f0 'currentCursor' (entry 2, 5064 bytes)
[JIT] Compiled method #770 0x300a0b098 'currentCursor' (entry 2, 2760 bytes)
[JIT] Compiled method #771 0x300a318e8 'currentCursor' (entry 2, 392 bytes)
[JIT] Compiled method #772 0x300a32590 'doInterCycleWait' (entry 2, 20888 bytes)
[JIT] Compiled method #773 0x300a327d0 'serverMode' (entry 2, 616 bytes)
[JIT] Compiled method #774 0x300a322c0 'lastDrawCycleTime' (entry 2, 3016 bytes)
[XFER-2] old=0x302c7bc20 pri=40 -> new=0x3033bdc28 pri=10
[JIT] Compiled method #775 0x30036ca70 'relinquishProcessorForMicroseconds:' (entry 2, 280 bytes)
[JIT] Compiled method #776 0x30036cc10 'idleProcess' (entry 2, 2912 bytes)
[PROGRESS] 10s: ~721604 steps
[DIAG] P10 ProcessorScheduler class>>whileTrue: ip=54 fd=2
[DIAG]   [-1] ProcessorScheduler class>>idleProcess
[DIAG]   [-2] FullBlockClosure>>terminateRealActive
[DIAG-TIMER] usecArmed=0 msArmed=0 timerWasArmed=0 timerSem=nil lastSignal=304802s ago nextUsec=0x7fffffffffffffff nextMs=0
[PROGRESS] 20s: ~727748 steps
[DIAG] P10 ProcessorScheduler class>>whileTrue: ip=54 fd=2
[DIAG]   [-1] ProcessorScheduler class>>idleProcess
[DIAG]   [-2] FullBlockClosure>>terminateRealActive
[DIAG-TIMER] usecArmed=0 msArmed=0 timerWasArmed=0 timerSem=nil lastSignal=304812s ago nextUsec=0x7fffffffffffffff nextMs=0

=== JIT Stats ===
  compiled: 776 methods
  IC: 4312 hits / 4951 total (87.1%), patches=502 stale=0
  IC miss breakdown: noSelBits=0 cold=42 poly=152 noICData=72
  activations: 4801 hits / 4856 total (98.9%)

=== JIT Stats ===
  compiled: 776 methods
  IC: 4312 hits / 4951 total (87.1%), patches=502 stale=0
  IC miss breakdown: noSelBits=0 cold=42 poly=152 noICData=72
  activations: 4801 hits / 4856 total (98.9%)
  resume (J2J-r): 869 chains / 2589 total (33.6%)
  J2J stencil: calls=3973 returns=58 patches=325
  materialize: count=273 totalDepth=548
  chain: actChain=0 actFall=345 | primChain=1091 primFall=39
  yields=0 OSR=42
  T2-IC: 0 hits / 0 total (0.0%)
  T2 (asmjit): compiled=0 bailed=0
=================
  resume (J2J-r): 869 chains / 2589 total (33.6%)
