Pharo Clean VM - Image Loader Test
===================================

=== Oop Tagging Tests ===
SmallInteger 42:  0x151 isSmallInteger=1 value=42
SmallInteger -100: 0xfffffffffffffce1 value=-100
Character 'A':    0x20b isCharacter=1 codepoint=65
nil:              0x0 isNil=1

SmallFloat tests:
  1 -> 0x7f00000000000005 -> 1 OK
  168 -> 0x8650000000000005 -> 168 OK
  80 -> 0x8540000000000005 -> 80 OK
  -42.5 -> 0x845400000000000d -> -42.5 OK
  0 -> 0x5 -> 0 OK
  1024 -> 0x8900000000000005 -> 1024 OK
  0.5 -> 0x7e00000000000005 -> 0.5 OK

Decoding known SmallFloat values from Pharo:
  0x8540000000000005 -> 80
  0x8650000000000005 -> 168
  0x8000000000000005 -> 2

Tag verification (should use low 3 bits only):
  SmallInteger tag: 1 (expected 1)
  Character tag:    3 (expected 3)

Loading image: /tmp/harness/Pharo-gfx.image
Working directory: /private/tmp/harness
Memory initialized successfully
Image loaded successfully!
=== Image Header ===
Format:            68021 (Spur 64-bit)
Header size:       128 bytes
Image size:        59070824 bytes (56 MB)
Old base address:  0x10000000000
Special objects:   0x100010f1498
Last hash:         17488378538411402268
Screen size:       0 x 0
Flags:             0x2
First segment:     59070824 bytes
Free old space:    0 bytes
Eden bytes:        22003584

=== Special Objects ===
Special objects array: 0x3010f1498
  Raw header: 0x3c00000002000033
  Slot count (bits 0-7): 51
  Hash (bits 8-29): 131072
  Format (bits 30-34): 0
  Class index (bits 35-56): 0
  Flags (bits 57-63): 30
  Computed slot count: 60

First 20 special objects:
  [0]: 0x300000000 (object, class: 3075)
  [1]: 0x300000010 (object, class: 3077)
  [2]: 0x300000020 (object, class: 3079)
  [3]: 0x30006d468 (object, class: 3139)
  [4]: 0x3009258b8 (object, class: 7589)
  [5]: 0x300366d28 (object, class: 3080)
  [6]: 0x3000162d0 (object, class: 3086)
  [7]: 0x3000164b0 (object, class: 3092)
  [8]: 0x300020ce8 (object, class: 3135)
  [9]: 0x3000167d0 (object, class: 3102)
  [10]: 0x300016870 (object, class: 3104)
  [11]: 0x300000000 (object, class: 3075)
  [12]: 0x300016cd0 (object, class: 3118)
  [13]: 0x300016690 (object, class: 3098)
  [14]: 0x300000000 (object, class: 3075)
  [15]: 0x300016af0 (object, class: 3112)
  [16]: 0x300000000 (object, class: 3075)
  [17]: 0x303819bc0 (object, class: 48)
  [18]: 0x300016b90 (object, class: 3114)
  [19]: 0x300366cc0 (object, class: 3082)

=== Memory Layout ===
Old space:  0x300000000 - 0x400000000
Allocated:  0 MB
Free:       4039 MB

First 128 bytes of old space (raw):
  [0]: 0x25c97500800c03
  [8]: 0x0
  [16]: 0x106b2800800c05
  [24]: 0x0
  [32]: 0x2b1f8100800c07
  [40]: 0x0
  [48]: 0x4000000009000013
  [56]: 0x0
  [64]: 0x0
  [72]: 0x0
  [80]: 0x0
  [88]: 0x0
  [96]: 0x0
  [104]: 0x0
  [112]: 0x0
  [120]: 0x0

First object header analysis:
  Raw: 0x25c97500800c03
  Slot count: 3
  Format: 20
  Class index: 309550

=== Object Statistics ===
Total objects:    741557
Pointer objects:  437692
Byte objects:     127420
Compiled methods: 175970
Total size:       56 MB

=== Checking iOS Classes ===
  OSWorldRenderer: found
  OSiOSDriver: NOT FOUND
  OSiOSBackendWindow: NOT FOUND
  NullWorldRenderer: found
  OSWindowDriver: found
  OSWindow: found
  WorldMorph: found
  WorldState: found
  Display: found

=== Display Surface Setup ===
Created 1024x768 test display surface

=== Interpreter Initialization ===
Event callback registered
[RESUME] ctx[0]: SnapshotOperation>>doSnapshot
[RESUME] ctx[1]: SnapshotOperation>>doSnapshot
[RESUME] ctx[2]: FullBlockClosure>>on:do:
[RESUME] ctx[3]: FullBlockClosure>>onErrorDo:
[RESUME] ctx[4]: SnapshotOperation>>executeStoringError:
[RESUME] ctx[5]: SnapshotOperation>>performSnapshot
[RESUME] ctx[6]: SessionManager>>launchSnapshot:andQuit:
[RESUME] ctx[7]: SessionManager>>signal
[RESUME] ctx[8]: FullBlockClosure>>terminateRealActive
[RESUME] inSnapshotCode=1 chainDepth=9
[RESUME] Initial context: method=#doSnapshot pc=55
[RESUME] Patching: stackp=1 stackTopSlot=6 oldVal=true(0x300000020) -> true
[RESUME] Found SnapshotOperation 0x30382e5d0 at ctx depth 0, isImageStarting=false
[RESUME] Found SnapshotOperation 0x30382e5d0 at ctx depth 1, isImageStarting=true
[RESUME] Found SnapshotOperation 0x30382e5d0 at ctx depth 4, isImageStarting=true
[RESUME] Found SnapshotOperation 0x30382e5d0 at ctx depth 5, isImageStarting=true
[RESUME] Patched isImageStarting on 1 SnapshotOperation(s)
[STARTUP] Boosting startup process 0x30381dae0 from P79 to P80
[JIT] Initialized: 16 MB code zone at 0x108cb4000
[STARTUP] Headless mode: deferring timer semaphore signal
Interpreter initialized successfully!
Active method: 0x300339380

=== Creating Display ===
Display after ensureDisplayForm: created!

=== Direct BitBlt Test ===
Display bits: object width: 1024 height: 768 depth: 32
Bitmap format: 21 byteSize: 11
Heartbeat will start after startup completes...

=== Forced GC Test ===
Before GC: used=56MB free=4039MB
After GC: used=56MB free=4039MB
Freed: 159KB
GC reclaimed: 163776 bytes, moved: 0 objects, took: 99ms

=== Execution Test ===
Running up to 60000000000 bytecode steps...
[SISTA] compile=0 dispatch=1 hook active
[SISTA] hits=0/1 cache=1 disp=0 ret=0 send=0 unk=0
[CACHE-1] #keys -> getter=-1 setter=-1 retSelf=0 prim=0 cls=0x3000173c8 method=0x3003040d0
[CACHE-2] #keysDo: -> getter=-1 setter=-1 retSelf=0 prim=0 cls=0x3000173c8 method=0x300304048
[SISTA-SPLICE-DIAG] doBC=12 litIdx=0 icCls=0 verdict=REJECT reject=no hints provided rejOp=return
[SISTA-SPLICE-DIAG] doBC=4 litIdx=0 icCls=0 verdict=REJECT reject=no hints provided rejOp=return
[SISTA-SPLICE-DIAG] doBC=4 litIdx=0 icCls=0 verdict=REJECT reject=no hints provided rejOp=return
[SISTA-SPLICE-DIAG] doBC=5 litIdx=0 icCls=0 verdict=REJECT reject=no hints provided rejOp=return
[SISTA-ACCUM-DIAG] pfbBC=2 blockLen=11 lead=40 (want 9-10, lead=fb)
[SEM-SIGNAL-2] sem=0x3037f1d90 active-pri=80 waiter=0x302c60998 waiter-pri=80
[CACHE-3] #methodDict -> getter=-1 setter=-1 retSelf=0 prim=0 cls=0x3000168d8 method=0x3003aa4d8
[CACHE-4] #methodDict -> getter=-1 setter=-1 retSelf=0 prim=0 cls=0x300016b58 method=0x3003aa4d8
[JIT] AUTO-EXCLUDED exception infra #findContextSuchThat:
[JIT] AUTO-EXCLUDED exception infra #findContextSuchThat:
[XFER-1] old=0x3037f5b30 pri=80 -> new=0x302c60998 pri=80
[SISTA-SPLICE-DIAG] doBC=18 litIdx=1 icCls=0 verdict=REJECT reject=numCopied > 1 rejOp=return
[SISTA-SPLICE-DIAG] doBC=8 litIdx=1 icCls=0 verdict=REJECT reject=no hints provided rejOp=return
[SISTA-ACCUM-DIAG] pfbBC=5 blockLen=11 lead=40 (want 9-10, lead=fb)
[XFER-2] old=0x302c60998 pri=80 -> new=0x3037f1db0 pri=80
[SEM-SIGNAL-3] sem=0xd0d018e78 active-pri=80 waiter=0x3037f5b30 waiter-pri=80
[XFER-3] old=0x3037f1db0 pri=80 -> new=0x3037f5b30 pri=80
[XFER-4] old=0x3037f5b30 pri=80 -> new=0x3037f1e08 pri=80
[SEM-SIGNAL-4] sem=0xd0d01faf8 active-pri=80 waiter=0x3037f5b30 waiter-pri=80
[XFER-5] old=0x3037f1e08 pri=80 -> new=0x3037f5b30 pri=80
[SISTA-SPLICE-DIAG] doBC=6 litIdx=0 icCls=0 verdict=REJECT reject=numCopied > 1 rejOp=return
[asmjit-t1] code.code_size=3704 out of [1, 3584]
[asmjit-t1] code.code_size=5732 out of [1, 4608]
[asmjit-t1] code.code_size=3920 out of [1, 3584]
[asmjit-t1] code.code_size=3692 out of [1, 3584]
[asmjit-t1] code.code_size=5772 out of [1, 5632]
[SLOW-EXIT-SEND #1] method=#next ic=0x9850dd180
[IC-PATCH] #at: J2J=1 key=0x32 extra=0x100e000108cb89f0
[SLOW-EXIT-SEND #2] method=#nextPut: ic=0x9852200a0
[SLOW-EXIT-SEND #3] method=#contents ic=0x985220780
[IC-PATCH] #max: J2J=1 key=0x80000001 extra=0x1000000108cb70f0
[SLOW-EXIT-SEND #4] method=#copyFrom:to: ic=0x9852208c0
[SLOW-EXIT-SEND #5] method=#new: ic=0x984cd1e00
[SLOW-EXIT-SEND #6] method=#= ic=0x984ce0a00
[SLOW-EXIT-SEND #7] method=#compare:with: ic=0x984cd2e00
[SLOW-EXIT-SEND #8] method=#install ic=0x9852235c0
[IC-PATCH] #platformName J2J=1 key=0xc3f extra=0x1000000108d5ab70
[SLOW-EXIT-SEND #9] method=#vm ic=0x985220c80
[SLOW-EXIT-SEND #10] method=#getSystemAttribute: ic=0x984ce0780
[IC-PATCH] #utf8 J2J=1 key=0x139c extra=0x1000000108ced6f0
[IC-PATCH] #readStream J2J=1 key=0x32 extra=0x1000000108cf03b0
[IC-PATCH] #new:streamContents: J2J=1 key=0xc4c extra=0x1000000108cc39f0
[IC-PATCH] #max: J2J=1 key=0x80000001 extra=0x1000000108cb70f0
[IC-PATCH] #decodeBytes: J2J=1 key=0x1409 extra=0x1000000108cef670
[IC-PATCH] #size J2J=1 key=0x34 extra=0x1010000108cb4070
[IC-PATCH] #reset J2J=1 key=0xc79 extra=0x1000000108cb6770
[IC-PATCH] #at: J2J=1 key=0x32 extra=0x100e000108cb89f0
[IC-PATCH] #findElementOrNil: J2J=1 key=0xc41 extra=0x1000000108ccabf0
[SISTA-SPLICE-DIAG] doBC=5 litIdx=1 icCls=0 verdict=REJECT reject=no hints provided rejOp=return
[IC-PATCH] #== J2J=1 key=0x80000001 extra=0x100a000108d5ca30
[CACHE-5] #superclass -> getter=0 setter=-1 retSelf=0 prim=264 cls=0x300016478 method=0x3003aa468
[CACHE-6] #superclass -> getter=0 setter=-1 retSelf=0 prim=264 cls=0x30001a1f0 method=0x3003aa468
[IC-PATCH] #reset J2J=1 key=0xc57 extra=0x1000000108cd9bf0
[IC-PATCH] #asContextWithSender: J2J=1 key=0x26 extra=0x1000000108d25b70
[IC-PATCH] #header J2J=1 key=0xc2d extra=0x1000000108d037f0
[IC-PATCH] #vm J2J=1 key=0xc3f extra=0x1000000108ce1930
[IC-PATCH] #header J2J=1 key=0xc2d extra=0x1000000108d037f0
[IC-PATCH] #activeProcess J2J=1 key=0xc31 extra=0x1000000108d0fd70
[IC-PATCH] #new J2J=1 key=0xc22 extra=0x1000000108d2a5b0
[IC-PATCH] #lowestPriority J2J=1 key=0xc31 extra=0x1000000108d2d9b0
[IC-PATCH] #size J2J=1 key=0x33 extra=0x1010000108cb4070
[IC-PATCH] #isActive J2J=1 key=0xc23 extra=0x1000000108d10bb0
[IC-PATCH] #== J2J=1 key=0xc8f extra=0x100a000108d5ca30
[IC-PATCH] #findElementOrNil: J2J=1 key=0xc8f extra=0x1000000108ccabf0
[IC-PATCH] #state J2J=1 key=0xc23 extra=0x1000000108d11870
[IC-PATCH] #effectiveProcess J2J=1 key=0xc23 extra=0x1000000108d102b0
[IC-PATCH] #== J2J=1 key=0xc5b extra=0x100a000108d5ca30
[IC-PATCH] #== J2J=1 key=0x24 extra=0x100a000108d5ca30
[IC-PATCH] #activeProcess J2J=1 key=0xc31 extra=0x1000000108d0fd70
[INIT-RESOLVER] #1 Resolver class var set non-nil at step 445040 (value=0xd0d0d1b48) — defer will lift after buffer
[P63] idx=1 arrIdx=0 byte=0x32($2) str='2026-04-06 12:00:00 '(25)
[P63] idx=1 arrIdx=0 byte=0x79($y) str='y-mm-dd'(7)
[SISTA-SPLICE-DIAG] doBC=8 litIdx=1 icCls=0 verdict=REJECT reject=no hints provided rejOp=return
[SISTA-ACCUM-DIAG] pfbBC=5 blockLen=13 lead=4c (want 9-10, lead=fb)
[P63] idx=1 arrIdx=0 byte=0x79($y) str='yyy'(3)
[P63] idx=2 arrIdx=1 byte=0x2d($-) str='y-mm-dd'(7)
[P63] idx=2 arrIdx=1 byte=0x2d($-) str='y-mm-dd'(7)
[P63] idx=1 arrIdx=0 byte=0x32($2) str='2026-04-06 12:00:00 '(25)
[P63] idx=1 arrIdx=0 byte=0x32($2) str='2026-04-06 12:00:00 '(25)
[P63] idx=1 arrIdx=0 byte=0x32($2) str='2026-04-06 12:00:00 '(25)
[P63] idx=2 arrIdx=1 byte=0x30($0) str='2026-04-06 12:00:00 '(25)
[P63] idx=2 arrIdx=1 byte=0x30($0) str='2026-04-06 12:00:00 '(25)
[P63] idx=3 arrIdx=2 byte=0x32($2) str='2026-04-06 12:00:00 '(25)
[P63] idx=3 arrIdx=2 byte=0x32($2) str='2026-04-06 12:00:00 '(25)
[P63] idx=4 arrIdx=3 byte=0x36($6) str='2026-04-06 12:00:00 '(25)
[P63] idx=4 arrIdx=3 byte=0x36($6) str='2026-04-06 12:00:00 '(25)
[P63] idx=5 arrIdx=4 byte=0x2d($-) str='2026-04-06 12:00:00 '(25)
[P63] idx=5 arrIdx=4 byte=0x2d($-) str='2026-04-06 12:00:00 '(25)
[P63] idx=2 arrIdx=1 byte=0x2d($-) str='y-mm-dd'(7)
[P63] idx=5 arrIdx=4 byte=0x2d($-) str='2026-04-06 12:00:00 '(25)
[P63] idx=3 arrIdx=2 byte=0x6d($m) str='y-mm-dd'(7)
[P63] idx=4 arrIdx=3 byte=0x6d($m) str='y-mm-dd'(7)
[P63] idx=1 arrIdx=0 byte=0x30($0) str='04'(2)
[P63] idx=1 arrIdx=0 byte=0x30($0) str='04'(2)
[P63] idx=1 arrIdx=0 byte=0x30($0) str='04'(2)
[P63] idx=1 arrIdx=0 byte=0x30($0) str='04'(2)
[P63] idx=2 arrIdx=1 byte=0x34($4) str='04'(2)
[P63] idx=2 arrIdx=1 byte=0x34($4) str='04'(2)
[P63] idx=5 arrIdx=4 byte=0x2d($-) str='y-mm-dd'(7)
[P63] idx=8 arrIdx=7 byte=0x2d($-) str='2026-04-06 12:00:00 '(25)
[P63] idx=6 arrIdx=5 byte=0x64($d) str='y-mm-dd'(7)
[P63] idx=7 arrIdx=6 byte=0x64($d) str='y-mm-dd'(7)
[SISTA-SPLICE-DIAG] doBC=17 litIdx=3 icCls=0 verdict=REJECT reject=no hints provided rejOp=return
[XFER-6] old=0x3037f5b30 pri=80 -> new=0x3037f5450 pri=80
[SEM-SIGNAL-8] sem=0xd0d0e0370 active-pri=80 waiter=0x3037f5b30 waiter-pri=80
[XFER-7] old=0x3037f5450 pri=80 -> new=0x3037f5b30 pri=80
[asmjit-t1] code.code_size=3704 out of [1, 3584]
[asmjit-t1] code.code_size=5224 out of [1, 5120]
[asmjit-t1] code.code_size=3108 out of [1, 3072]
[SISTA-SPLICE-DIAG] doBC=13 litIdx=2 icCls=0 verdict=REJECT reject=no hints provided rejOp=return
[SISTA-SPLICE-DIAG] doBC=20 litIdx=3 icCls=0 verdict=REJECT reject=no hints provided rejOp=return
[asmjit-t1] code.code_size=3700 out of [1, 3584]
[asmjit-t1] code.code_size=4928 out of [1, 4096]
[asmjit-t1] code.code_size=7552 out of [1, 5632]
[CACHE-7] #keys -> getter=-1 setter=-1 retSelf=0 prim=0 cls=0x30001edd0 method=0x3002e2688
[SISTA-COLLECT-DIAG] send1BC=4 selIdx=1 verdict=REJECT reject=non-simple block op rejOp=send
[SISTA-SPLICE-DIAG] doBC=9 litIdx=1 icCls=0 verdict=REJECT reject=numCopied > 1 rejOp=return
[SISTA-SPLICE-DIAG] doBC=5 litIdx=0 icCls=0 verdict=REJECT reject=no hints provided rejOp=return
[SISTA-ACCUM-DIAG] pfbBC=2 blockLen=7 lead=41 (want 9-10, lead=fb)
[CACHE-8] #superclass -> getter=0 setter=-1 retSelf=0 prim=264 cls=0x30001eb18 method=0x3003aa468
[CACHE-9] #superclass -> getter=0 setter=-1 retSelf=0 prim=264 cls=0x30001b3b0 method=0x3003aa468
[JIT] AUTO-EXCLUDED exception infra #signal (class Exception class)
[JIT] AUTO-EXCLUDED exception infra #receiver (class Exception class)
[JIT] AUTO-EXCLUDED exception infra #signalerContext
[JIT] AUTO-EXCLUDED exception infra #handleSignal:
[SISTA-COLLECT-DIAG] send1BC=10 selIdx=6 verdict=REJECT reject=non-simple block op rejOp=send
[CACHE-10] #methodDict -> getter=-1 setter=-1 retSelf=0 prim=0 cls=0x3002329d0 method=0x3003aa4d8
[CACHE-11] #superclass -> getter=0 setter=-1 retSelf=0 prim=264 cls=0x3002329d0 method=0x3003aa468
[CACHE-12] #methodDict -> getter=-1 setter=-1 retSelf=0 prim=0 cls=0x300232390 method=0x3003aa4d8
[CACHE-13] #methodDict -> getter=-1 setter=-1 retSelf=0 prim=0 cls=0x3002336f0 method=0x3003aa4d8
[asmjit-t1] code.code_size=3700 out of [1, 3584]
[asmjit-t1] code.code_size=7904 out of [1, 7680]
[asmjit-t1] code.code_size=4720 out of [1, 4096]
[asmjit-t1] code.code_size=3920 out of [1, 3584]
[asmjit-t1] code.code_size=6792 out of [1, 6144]
[CACHE-14] #superclass -> getter=0 setter=-1 retSelf=0 prim=264 cls=0x3002336f0 method=0x3003aa468
[CACHE-15] #methodDict -> getter=-1 setter=-1 retSelf=0 prim=0 cls=0x3002333d0 method=0x3003aa4d8
[CACHE-16] #superclass -> getter=0 setter=-1 retSelf=0 prim=264 cls=0x3002333d0 method=0x3003aa468
[asmjit-t1] code.code_size=3704 out of [1, 3584]
[asmjit-t1] code.code_size=3696 out of [1, 3584]
[CACHE-17] #superclass -> getter=0 setter=-1 retSelf=0 prim=264 cls=0x300024cd0 method=0x3003aa468
[CACHE-18] #superclass -> getter=0 setter=-1 retSelf=0 prim=264 cls=0x30001a710 method=0x3003aa468
[asmjit-t1] code.code_size=7560 out of [1, 5632]
[asmjit-t1] code.code_size=3108 out of [1, 3072]
[asmjit-t1] code.code_size=3924 out of [1, 3584]
[SISTA-SELECT-CAND] pfbBC=1 send1BC=4 selIdx=1 litIdx=0 slot=0
[SISTA-SELECT-EMIT] bc=1 slot=0 vid=1
[asmjit-t1] code.code_size=3108 out of [1, 3072]
[asmjit-t1] code.code_size=4712 out of [1, 4096]
[asmjit-t1] code.code_size=5516 out of [1, 4608]
[SISTA-COLLECT-DIAG] send1BC=15 selIdx=4 verdict=REJECT reject=non-simple block op rejOp=send
[SISTA-SPLICE-DIAG] doBC=9 litIdx=3 icCls=0 verdict=REJECT reject=no hints provided rejOp=return
[SISTA-SPLICE-DIAG] doBC=6 litIdx=1 icCls=0 verdict=REJECT reject=no hints provided rejOp=return
[SISTA-ACCUM-DIAG] pfbBC=3 blockLen=4 lead=40 (want 9-10, lead=fb)
[asmjit-t1] code.code_size=4712 out of [1, 4096]
[asmjit-t1] code.code_size=3908 out of [1, 3584]
[SISTA-COLLECT-DIAG] send1BC=7 selIdx=2 verdict=REJECT reject=non-simple block op rejOp=send
[SISTA-SELECT-CAND] pfbBC=10 send1BC=13 selIdx=4 litIdx=3 slot=0
[SISTA-ACCUM-DIAG] pfbBC=5 blockLen=14 lead=41 (want 9-10, lead=fb)
[SISTA-ACCUM-DIAG] pfbBC=21 blockLen=29 lead=40 (want 9-10, lead=fb)
[asmjit-t1] code.code_size=24108 out of [1, 22528]
[JIT] Stats: 65536 sends, 675 compiled, 2437 failed, 2528/16384 KB code | IC: 7615/9880 (77% hit, 348 patched, 0 stale) | J2J-r: 0/0 J2J-a: 6729/9511 J2J-d: 227 J2J-s: 2255/4683 | map: 1298 tracked, 841 hot
[SISTA-INJECT-SPLICE-DIAG] send2BC=7 selIdx=5 verdict=REJECT reject=non-simple block op rejOp=send
[SISTA-ACCUM-DIAG] pfbBC=2 blockLen=8 lead=41 (want 9-10, lead=fb)
[JIT] Stats: 131072 sends, 805 compiled, 4348 failed, 3099/16384 KB code | IC: 14454/19844 (72% hit, 434 patched, 0 stale) | J2J-r: 0/0 J2J-a: 13374/19021 J2J-d: 300 J2J-s: 5083/10314 | map: 1443 tracked, 963 hot
[syncDisplay] displayFormReady_=false (call 0), displayForm_ isNil=0
[JIT] Stats: 196608 sends, 818 compiled, 5908 failed, 3138/16384 KB code | IC: 22394/32615 (68% hit, 446 patched, 0 stale) | J2J-r: 0/0 J2J-a: 21966/31015 J2J-d: 304 J2J-s: 8291/16827 | map: 1447 tracked, 970 hot
[STARTUP] Firing deferred timer semaphore signal (step 5000447)
[XFER-8] old=0x3037f5b30 pri=80 -> new=0x302c60998 pri=80
[XFER-9] old=0x302c60998 pri=80 -> new=0x3037f5b30 pri=80
[XFER-10] old=0x3037f5b30 pri=80 -> new=0x302c60998 pri=80
[XFER-11] old=0x302c60998 pri=80 -> new=0x3037f5b30 pri=80
[CACHE-19] #keysDo: -> getter=-1 setter=-1 retSelf=0 prim=0 cls=0x300023cc0 method=0x3003359d0
[asmjit-t1] code.code_size=3700 out of [1, 3584]
[asmjit-t1] code.code_size=5740 out of [1, 4608]
[JIT] Stats: 262144 sends, 856 compiled, 7584 failed, 3271/16384 KB code | IC: 30158/44906 (67% hit, 479 patched, 0 stale) | J2J-r: 0/0 J2J-a: 30046/42486 J2J-d: 334 J2J-s: 11160/22948 | map: 1542 tracked, 1019 hot
[asmjit-t1] code.code_size=3700 out of [1, 3584]
[asmjit-t1] code.code_size=8648 out of [1, 8192]
[asmjit-t1] code.code_size=6748 out of [1, 5120]
[asmjit-t1] code.code_size=3696 out of [1, 3584]
[asmjit-t1] code.code_size=6748 out of [1, 5120]
[asmjit-t1] code.code_size=3916 out of [1, 3584]
[asmjit-t1] code.code_size=3116 out of [1, 3072]
[JIT] Stats: 327680 sends, 916 compiled, 9299 failed, 3484/16384 KB code | IC: 37953/55297 (68% hit, 525 patched, 0 stale) | J2J-r: 0/0 J2J-a: 36394/52500 J2J-d: 376 J2J-s: 13306/28709 | map: 1604 tracked, 1079 hot
[asmjit-t1] code.code_size=3912 out of [1, 3584]
[syncDisplay] displayFormReady_=false (call 1), displayForm_ isNil=0
[asmjit-t1] code.code_size=4944 out of [1, 4096]
[asmjit-t1] code.code_size=4944 out of [1, 4096]
[asmjit-t1] code.code_size=4944 out of [1, 4096]
[JIT] Stats: 393216 sends, 972 compiled, 10986 failed, 3659/16384 KB code | IC: 45945/66234 (69% hit, 562 patched, 0 stale) | J2J-r: 0/0 J2J-a: 42879/62966 J2J-d: 414 J2J-s: 15573/34854 | map: 1639 tracked, 1130 hot
[asmjit-t1] code.code_size=3116 out of [1, 3072]
[asmjit-t1] code.code_size=4136 out of [1, 3584]
[JIT] Stats: 458752 sends, 1008 compiled, 12674 failed, 3761/16384 KB code | IC: 53735/76608 (70% hit, 579 patched, 0 stale) | J2J-r: 0/0 J2J-a: 49285/73029 J2J-d: 427 J2J-s: 17740/40638 | map: 1639 tracked, 1158 hot
[DNU-STACK] Full call stack for #asInteger (DNU #1):
[DNU-STACK]   [0] Array>>do:
[DNU-STACK]   [1] WorkingSession>>on:do:
[DNU-STACK]   [2] FullBlockClosure>>on:do:
[DNU-STACK]   [3] WorkingSession>>?
[DNU-STACK]   [4] WorkingSession>>startup:
[DNU-STACK]   [5] ClassSessionHandler>>startup:
[DNU-STACK]   [6] SUnitRunner class>>startUp:
[DNU-STACK]   [7] SUnitRunner class>>runAllTests
[DNU-STACK]   [8] SUnitRunner class>>nextRunNumber
[DNU-STACK]   [9] FullBlockClosure>>on:do:
[DNU-STACK]   [10] SUnitRunner class>>asInteger
[DNU-STACK]   [current] #asInteger fd=10
[SISTA-RING] tag=asInteger seq=17823 count=32:
  [0] #size                         RET   rcvr=0x303be5f68 ret/top=0x19 bailOp=0x00 argc=0 spΔ=0
  [1] #arrayType                    RET   rcvr=0x3000178d0 ret/top=0x3000164b0 bailOp=0x00 argc=0 spΔ=0
  [2] #size                         RET   rcvr=0xd0d885af0 ret/top=0x11 bailOp=0x00 argc=0 spΔ=0
  [3] #handleClass                  RET   rcvr=0xd0d0dc100 ret/top=0x300233ae8 bailOp=0x00 argc=0 spΔ=0
  [4] #flag:                        RET   rcvr=0xd0d885ff8 ret/top=0xd0d885ff8 bailOp=0x00 argc=0 spΔ=0
  [5] #max:                         RET   rcvr=0x321 ret/top=0x321 bailOp=0x00 argc=0 spΔ=0
  [6] #delimiter                    RET   rcvr=0x300233e08 ret/top=0x17b bailOp=0x00 argc=0 spΔ=0
  [7] #delimiter                    RET   rcvr=0x300233e08 ret/top=0x17b bailOp=0x00 argc=0 spΔ=0
  [8] #max:                         RET   rcvr=0x1 ret/top=0xc9 bailOp=0x00 argc=0 spΔ=0
  [9] #max:                         RET   rcvr=0x1 ret/top=0xc9 bailOp=0x00 argc=0 spΔ=0
  [10] #arrayType                    RET   rcvr=0x3000178d0 ret/top=0x3000164b0 bailOp=0x00 argc=0 spΔ=0
  [11] #size                         RET   rcvr=0xd0d888ef0 ret/top=0x19 bailOp=0x00 argc=0 spΔ=0
  [12] #arrayType                    RET   rcvr=0x3000178d0 ret/top=0x3000164b0 bailOp=0x00 argc=0 spΔ=0
  [13] #max:                         RET   rcvr=0x31 ret/top=0x31 bailOp=0x00 argc=0 spΔ=0
  [14] #size                         RET   rcvr=0xd0d888ef0 ret/top=0x21 bailOp=0x00 argc=0 spΔ=0
  [15] #size                         RET   rcvr=0xd0d888ef0 ret/top=0x31 bailOp=0x00 argc=0 spΔ=0
  [16] #size                         RET   rcvr=0xd0d888ef0 ret/top=0x31 bailOp=0x00 argc=0 spΔ=0
  [17] #size                         RET   rcvr=0xd0d888ef0 ret/top=0x31 bailOp=0x00 argc=0 spΔ=0
  [18] #arrayType                    RET   rcvr=0x3000178d0 ret/top=0x3000164b0 bailOp=0x00 argc=0 spΔ=0
  [19] #max:                         RET   rcvr=0x61 ret/top=0x61 bailOp=0x00 argc=0 spΔ=0
  [20] #size                         RET   rcvr=0xd0d888ef0 ret/top=0x41 bailOp=0x00 argc=0 spΔ=0
  [21] #size                         RET   rcvr=0xd0d888ef0 ret/top=0x41 bailOp=0x00 argc=0 spΔ=0
  [22] #size                         RET   rcvr=0xd0d888ef0 ret/top=0x41 bailOp=0x00 argc=0 spΔ=0
  [23] #size                         RET   rcvr=0xd0d888ef0 ret/top=0x41 bailOp=0x00 argc=0 spΔ=0
  [24] #max:                         RET   rcvr=0x21 ret/top=0x21 bailOp=0x00 argc=0 spΔ=0
  [25] #handlesEncoding:             RET   rcvr=0x300011238 ret/top=0x300000010 bailOp=0x00 argc=0 spΔ=0
  [26] #max:                         RET   rcvr=0x21 ret/top=0x21 bailOp=0x00 argc=0 spΔ=0
  [27] #max:                         RET   rcvr=0x21 ret/top=0x21 bailOp=0x00 argc=0 spΔ=0
  [28] #handlesEncoding:             RET   rcvr=0x300011198 ret/top=0x300000010 bailOp=0x00 argc=0 spΔ=0
  [29] #max:                         RET   rcvr=0x21 ret/top=0x21 bailOp=0x00 argc=0 spΔ=0
  [30] #collectionSpecies            RET   rcvr=0xd0d888ed0 ret/top=0x3000175a8 bailOp=0x00 argc=0 spΔ=0
  [31] #max:                         RET   rcvr=0x1 ret/top=0x9 bailOp=0x00 argc=0 spΔ=0
[DNU] #1: #asInteger not understood by rcvr=0xd0d885bb0 argCount=0 fd=10 in #asInteger P80
[DNU]   rcvr cls=5709 fmt=1 class=FileReference
[DNU]   FP=0xd11b0ea90 SP=0xd11b0eaa8 base=0xd11b0e950
[DNU]   receiver_=0x3037fbfb8 method_=0x30380fe78
[DNU]   FP[-2] = 0x3000182e0
[DNU]   FP[-1] = 0x30380fea8
[DNU]   FP[0] = 0xd0d885bc8
[DNU]   FP[1] = 0xd0d885bb0
[DNU]   FP[2] = 0xd0d885bb0
[DNU]   FP[3] = 0xd0d885bb0
[DNU]   FP[4] = 0xd0d885bf8
[DNU]   FP[5] = 0xd0d888ed0
[DNU]   FP[6] = 0x303bf6270
[DNU]   FP[7] = 0xd0d88d010
[DNU]   FP[8] = 0xd0d88d010
[DNU]   FP[9] = 0x300000020
[DNU]   FP[10] = 0x303bf6270
[CACHE-20] #superclass -> getter=0 setter=-1 retSelf=0 prim=264 cls=0x300022b08 method=0x3003aa468
[CACHE-21] #methodDict -> getter=-1 setter=-1 retSelf=0 prim=0 cls=0x30001ac30 method=0x3003aa4d8
[CACHE-22] #superclass -> getter=0 setter=-1 retSelf=0 prim=264 cls=0x30001ac30 method=0x3003aa468
[CACHE-23] #methodDict -> getter=-1 setter=-1 retSelf=0 prim=0 cls=0x3000194d0 method=0x3003aa4d8
[asmjit-t1] code.code_size=3696 out of [1, 3584]
[asmjit-t1] code.code_size=3692 out of [1, 3584]
[asmjit-t1] code.code_size=3920 out of [1, 3584]
[asmjit-t1] code.code_size=8720 out of [1, 8704]
[asmjit-t1] code.code_size=3700 out of [1, 3584]
[JIT] Stats: 524288 sends, 1061 compiled, 13050 failed, 3929/16384 KB code | IC: 61974/85423 (72% hit, 614 patched, 0 stale) | J2J-r: 0/0 J2J-a: 57189/81797 J2J-d: 453 J2J-s: 21660/45392 | map: 1701 tracked, 1217 hot
[JIT] Stats: 589824 sends, 1061 compiled, 13050 failed, 3929/16384 KB code | IC: 70714/94163 (75% hit, 614 patched, 0 stale) | J2J-r: 0/0 J2J-a: 65927/90536 J2J-d: 453 J2J-s: 26030/49763 | map: 1701 tracked, 1217 hot
[JIT] Stats: 655360 sends, 1067 compiled, 13577 failed, 3945/16384 KB code | IC: 79439/103420 (76% hit, 619 patched, 0 stale) | J2J-r: 0/0 J2J-a: 75181/99794 J2J-d: 456 J2J-s: 30394/54131 | map: 1707 tracked, 1222 hot
[asmjit-t1] code.code_size=5516 out of [1, 4608]
[asmjit-t1] code.code_size=4716 out of [1, 4096]
[asmjit-t1] code.code_size=3696 out of [1, 3584]
[JIT] Stats: 720896 sends, 1092 compiled, 13635 failed, 4105/16384 KB code | IC: 86064/110776 (77% hit, 645 patched, 0 stale) | J2J-r: 0/0 J2J-a: 77552/107149 J2J-d: 477 J2J-s: 30984/59692 | map: 1724 tracked, 1239 hot
[syncDisplay] displayFormReady_=false (call 2), displayForm_ isNil=0
[JIT] Stats: 786432 sends, 1238 compiled, 13879 failed, 4315/16384 KB code | IC: 96229/126537 (76% hit, 723 patched, 0 stale) | J2J-r: 0/0 J2J-a: 84181/118937 J2J-d: 1860 J2J-s: 35097/68082 | map: 1880 tracked, 1376 hot
[JIT] Stats: 851968 sends, 1242 compiled, 13880 failed, 4326/16384 KB code | IC: 103723/145956 (71% hit, 727 patched, 0 stale) | J2J-r: 0/0 J2J-a: 86115/126435 J2J-d: 1864 J2J-s: 35890/74439 | map: 1881 tracked, 1379 hot
[JIT] Stats: 917504 sends, 1242 compiled, 13880 failed, 4326/16384 KB code | IC: 110800/164819 (67% hit, 727 patched, 0 stale) | J2J-r: 0/0 J2J-a: 87299/133511 J2J-d: 1864 J2J-s: 35890/80331 | map: 1881 tracked, 1379 hot
[JIT] Stats: 983040 sends, 1242 compiled, 13880 failed, 4326/16384 KB code | IC: 117868/183663 (64% hit, 727 patched, 0 stale) | J2J-r: 0/0 J2J-a: 88479/140580 J2J-d: 1864 J2J-s: 35890/86220 | map: 1881 tracked, 1379 hot
[JIT] Stats: 1048576 sends, 1242 compiled, 13880 failed, 4326/16384 KB code | IC: 124956/202521 (61% hit, 727 patched, 0 stale) | J2J-r: 0/0 J2J-a: 89682/147668 J2J-d: 1864 J2J-s: 35890/92105 | map: 1881 tracked, 1379 hot
[JIT] Stats: 1114112 sends, 1244 compiled, 13880 failed, 4340/16384 KB code | IC: 132001/218264 (60% hit, 727 patched, 0 stale) | J2J-r: 0/0 J2J-a: 91135/154713 J2J-d: 1864 J2J-s: 36161/97968 | map: 1882 tracked, 1380 hot
[JIT] Stats: 1179648 sends, 1244 compiled, 13880 failed, 4340/16384 KB code | IC: 138553/224817 (61% hit, 728 patched, 0 stale) | J2J-r: 0/0 J2J-a: 92812/161266 J2J-d: 1865 J2J-s: 37001/103684 | map: 1882 tracked, 1380 hot
[asmjit-t1] code.code_size=4720 out of [1, 4096]
[CACHE-24] #methodDict -> getter=-1 setter=-1 retSelf=0 prim=0 cls=0x30001ac30 method=0x3003aa4d8
[CACHE-25] #superclass -> getter=0 setter=-1 retSelf=0 prim=264 cls=0x30001ac30 method=0x3003aa468
[CACHE-26] #methodDict -> getter=-1 setter=-1 retSelf=0 prim=0 cls=0x3000194d0 method=0x3003aa4d8
[CACHE-27] #methodDict -> getter=-1 setter=-1 retSelf=0 prim=0 cls=0x3000168d8 method=0x3003aa4d8
[CACHE-28] #superclass -> getter=0 setter=-1 retSelf=0 prim=264 cls=0x3000194d0 method=0x3003aa468
[CACHE-29] #methodDict -> getter=-1 setter=-1 retSelf=0 prim=0 cls=0x300019570 method=0x3003aa4d8
[CACHE-30] #superclass -> getter=0 setter=-1 retSelf=0 prim=264 cls=0x300019570 method=0x3003aa468
[CACHE-31] #methodDict -> getter=-1 setter=-1 retSelf=0 prim=0 cls=0x300017938 method=0x3003aa4d8
[CACHE-32] #superclass -> getter=0 setter=-1 retSelf=0 prim=264 cls=0x300017938 method=0x3003aa468
[CACHE-33] #methodDict -> getter=-1 setter=-1 retSelf=0 prim=0 cls=0x300016f28 method=0x3003aa4d8
[CACHE-34] #superclass -> getter=0 setter=-1 retSelf=0 prim=264 cls=0x300016f28 method=0x3003aa468
[CACHE-35] #methodDict -> getter=-1 setter=-1 retSelf=0 prim=0 cls=0x30001d310 method=0x3003aa4d8
[CACHE-36] #superclass -> getter=0 setter=-1 retSelf=0 prim=264 cls=0x30001d310 method=0x3003aa468
[CACHE-37] #methodDict -> getter=-1 setter=-1 retSelf=0 prim=0 cls=0x30001ce10 method=0x3003aa4d8
[SISTA-ACCUM-DIAG] pfbBC=2 blockLen=6 lead=4c (want 9-10, lead=fb)
[SISTA-ACCUM-DIAG] pfbBC=9 blockLen=4 lead=40 (want 9-10, lead=fb)
[XFER-12] old=0x3037f5b30 pri=80 -> new=0xd0dc30908 pri=80
[XFER-13] old=0xd0dc30908 pri=80 -> new=0x302c60998 pri=80
[XFER-14] old=0x302c60998 pri=80 -> new=0x3037f5b30 pri=80
[asmjit-t1] code.code_size=6752 out of [1, 5632]
[syncDisplay] displayFormReady_=false (call 3), displayForm_ isNil=0
[JIT] Stats: 1245184 sends, 1485 compiled, 15382 failed, 5509/16384 KB code | IC: 148548/237271 (62% hit, 1054 patched, 0 stale) | J2J-r: 0/0 J2J-a: 98921/172619 J2J-d: 2101 J2J-s: 39863/111535 | map: 2281 tracked, 1645 hot
[asmjit-t1] code.code_size=3908 out of [1, 3584]
[SISTA-ACCUM-DIAG] pfbBC=17 blockLen=13 lead=40 (want 9-10, lead=fb)
[CACHE-38] #superclass -> getter=0 setter=-1 retSelf=0 prim=264 cls=0x30001ce10 method=0x3003aa468
[CACHE-39] #superclass -> getter=0 setter=-1 retSelf=0 prim=264 cls=0x30001ceb0 method=0x3003aa468
[asmjit-t1] code.code_size=3700 out of [1, 3584]
[SISTA-COLLECT-DIAG] send1BC=5 selIdx=2 verdict=REJECT reject=non-simple block op rejOp=send
[CACHE-40] #keysDo: -> getter=-1 setter=-1 retSelf=0 prim=0 cls=0x300023cc0 method=0x3003359d0
[CACHE-41] #keys -> getter=-1 setter=-1 retSelf=0 prim=0 cls=0x300023cc0 method=0x300335a50
[asmjit-t1] code.code_size=14404 out of [1, 13312]
[SISTA-ACCUM-DIAG] pfbBC=3 blockLen=4 lead=40 (want 9-10, lead=fb)
[syncDisplay] displayFormReady_=false (call 4), displayForm_ isNil=0
[SISTA-ACCUM-DIAG] pfbBC=7 blockLen=4 lead=40 (want 9-10, lead=fb)
[SISTA-SELECT-CAND] pfbBC=10 send1BC=13 selIdx=4 litIdx=3 slot=0
[SISTA-SELECT-CAND] pfbBC=2 send1BC=5 selIdx=2 litIdx=1 slot=0
[asmjit-t1] code.code_size=25728 out of [1, 25600]
[SISTA-ACCUM-DIAG] pfbBC=88 blockLen=12 lead=40 (want 9-10, lead=fb)
[SISTA-ACCUM-DIAG] pfbBC=15 blockLen=5 lead=4c (want 9-10, lead=fb)
[SISTA-ACCUM-DIAG] pfbBC=22 blockLen=5 lead=4c (want 9-10, lead=fb)
[SISTA-INJECT-SPLICE-DIAG] send2BC=5 selIdx=1 verdict=REJECT reject=multi-block IR rejOp=return
[SISTA-COLLECT-DIAG] send1BC=4 selIdx=1 verdict=REJECT reject=non-simple block op rejOp=send
[SISTA-INJECT-SPLICE-DIAG] send2BC=6 selIdx=2 verdict=REJECT reject=non-simple block op rejOp=send
[asmjit-t1] code.code_size=5948 out of [1, 4608]
[asmjit-t1] code.code_size=3700 out of [1, 3584]
[asmjit-t1] code.code_size=3108 out of [1, 3072]
[asmjit-t1] code.code_size=3700 out of [1, 3584]
[CACHE-42] #superclass -> getter=0 setter=-1 retSelf=0 prim=264 cls=0x30001ceb0 method=0x3003aa468
[CACHE-43] #superclass -> getter=0 setter=-1 retSelf=0 prim=264 cls=0x300017938 method=0x3003aa468
[JIT] Stats: 1310720 sends, 1900 compiled, 17090 failed, 7288/16384 KB code | IC: 155982/249283 (62% hit, 1406 patched, 0 stale) | J2J-r: 0/0 J2J-a: 105355/183973 J2J-d: 2404 J2J-s: 43892/120123 | map: 2915 tracked, 2110 hot
[asmjit-t1] code.code_size=3700 out of [1, 3584]
[SISTA-INJECT-SPLICE-DIAG] send2BC=36 selIdx=4 verdict=REJECT reject=non-simple block op rejOp=send
[SISTA-INJECT-SPLICE-DIAG] send2BC=52 selIdx=4 verdict=REJECT reject=non-simple block op rejOp=send
[SISTA-IVINJECT-DIAG] toBC=31 verdict=REJECT reject=non-simple block op rejOp=send
[SISTA-IVINJECT-DIAG] toBC=47 verdict=REJECT reject=non-simple block op rejOp=send
[SISTA-INJECT-SPLICE-DIAG] send2BC=51 selIdx=6 verdict=REJECT reject=non-simple block op rejOp=send
[SISTA-IVINJECT-DIAG] toBC=46 verdict=REJECT reject=non-simple block op rejOp=send
[asmjit-t1] code.code_size=5736 out of [1, 5120]
[asmjit-t1] code.code_size=5736 out of [1, 5120]
[asmjit-t1] code.code_size=3916 out of [1, 3584]
[asmjit-t1] code.code_size=4720 out of [1, 4096]
[JIT] Stats: 1376256 sends, 2134 compiled, 18227 failed, 8294/16384 KB code | IC: 161629/259909 (62% hit, 1622 patched, 0 stale) | J2J-r: 0/0 J2J-a: 111187/193936 J2J-d: 2691 J2J-s: 47440/127485 | map: 3084 tracked, 2382 hot
[asmjit-t1] code.code_size=3708 out of [1, 3584]
[asmjit-t1] code.code_size=3708 out of [1, 3584]
[SISTA-COLLECT-DIAG] send1BC=5 selIdx=2 verdict=REJECT reject=non-simple block op rejOp=send
[CACHE-44] #superclass -> getter=0 setter=-1 retSelf=0 prim=264 cls=0x300024a50 method=0x3003aa468
[CACHE-45] #superclass -> getter=0 setter=-1 retSelf=0 prim=264 cls=0x300024af0 method=0x3003aa468
[CACHE-46] #superclass -> getter=0 setter=-1 retSelf=0 prim=264 cls=0x30001ba90 method=0x3003aa468
[CACHE-47] #superclass -> getter=0 setter=-1 retSelf=0 prim=264 cls=0x300019b10 method=0x3003aa468
[SISTA-COLLECT-DIAG] send1BC=5 selIdx=2 verdict=REJECT reject=non-simple block op rejOp=send
[SISTA-SELECT-CAND] pfbBC=2 send1BC=5 selIdx=2 litIdx=1 slot=0
[CACHE-48] #keys -> getter=-1 setter=-1 retSelf=0 prim=0 cls=0x3000173c8 method=0x3003040d0
[CACHE-49] #keysDo: -> getter=-1 setter=-1 retSelf=0 prim=0 cls=0x3000173c8 method=0x300304048
[SISTA-COLLECT-DIAG] send1BC=5 selIdx=2 verdict=REJECT reject=multi-block IR rejOp=return
[CACHE-50] #methodDict -> getter=-1 setter=-1 retSelf=0 prim=0 cls=0x3002329d0 method=0x3003aa4d8
[SISTA-SELECT-CAND] pfbBC=2 send1BC=5 selIdx=2 litIdx=1 slot=0
[asmjit-t1] code.code_size=9944 out of [1, 8704]
[asmjit-t1] code.code_size=4936 out of [1, 4096]
[asmjit-t1] code.code_size=4716 out of [1, 4096]
[asmjit-t1] code.code_size=3908 out of [1, 3584]
[asmjit-t1] code.code_size=3912 out of [1, 3584]
[XFER-15] old=0x3037f5b30 pri=80 -> new=0xd0e05bde8 pri=80
[XFER-16] old=0xd0e05bde8 pri=80 -> new=0x3037f5b30 pri=80
[XFER-17] old=0x3037f5b30 pri=80 -> new=0x302c60998 pri=80
[XFER-18] old=0x302c60998 pri=80 -> new=0x3037f5b30 pri=80
[JIT] Stats: 1441792 sends, 2430 compiled, 19665 failed, 9499/16384 KB code | IC: 168813/269528 (62% hit, 2135 patched, 0 stale) | J2J-r: 0/0 J2J-a: 115632/203150 J2J-d: 3167 J2J-s: 49075/133619 | map: 3630 tracked, 2700 hot
[asmjit-t1] code.code_size=3908 out of [1, 3584]
[asmjit-t1] code.code_size=25212 out of [1, 25088]
[asmjit-t1] code.code_size=4720 out of [1, 4608]
[SISTA-COLLECT-DIAG] send1BC=5 selIdx=2 verdict=REJECT reject=multi-block IR rejOp=return
[SISTA-COLLECT-DIAG] send1BC=10 selIdx=2 verdict=REJECT reject=multi-block IR rejOp=return
[SISTA-COLLECT-DIAG] send1BC=6 selIdx=2 verdict=REJECT reject=non-simple block op rejOp=send
[SISTA-COLLECT-DIAG] send1BC=6 selIdx=2 verdict=REJECT reject=non-simple block op rejOp=send
[asmjit-t1] code.code_size=6784 out of [1, 6144]
[asmjit-t1] code.code_size=5984 out of [1, 5632]
[asmjit-t1] code.code_size=5744 out of [1, 4608]
[asmjit-t1] code.code_size=4712 out of [1, 4096]
[SISTA-COLLECT-DIAG] send1BC=8 selIdx=4 verdict=REJECT reject=recursion guard rejOp=return
[SISTA-COLLECT-DIAG] send1BC=5 selIdx=2 verdict=REJECT reject=non-simple block op rejOp=load_lit
[asmjit-t1] code.code_size=19404 out of [1, 18944]
[JIT] Stats: 1507328 sends, 2700 compiled, 21979 failed, 10562/16384 KB code | IC: 177295/280378 (63% hit, 2511 patched, 0 stale) | J2J-r: 0/0 J2J-a: 121371/213113 J2J-d: 3522 J2J-s: 50521/139011 | map: 3902 tracked, 2997 hot
[asmjit-t1] code.code_size=5152 out of [1, 4096]
[asmjit-t1] code.code_size=5152 out of [1, 4096]
[asmjit-t1] code.code_size=3704 out of [1, 3584]
[asmjit-t1] code.code_size=4720 out of [1, 4096]
[asmjit-t1] code.code_size=10512 out of [1, 10240]
[SISTA-COLLECT-DIAG] send1BC=5 selIdx=2 verdict=REJECT reject=non-simple block op rejOp=send
[asmjit-t1] code.code_size=3692 out of [1, 3584]
[XFER-19] old=0x3037f5b30 pri=80 -> new=0x302c60998 pri=80
[XFER-20] old=0x302c60998 pri=80 -> new=0x3037f5b30 pri=80
[XFER-21] old=0x3037f5b30 pri=80 -> new=0xd0e05bde8 pri=80
[XFER-22] old=0xd0e05bde8 pri=80 -> new=0x3037f5b30 pri=80
[XFER-23] old=0x3037f5b30 pri=80 -> new=0x302c60998 pri=80
[XFER-24] old=0x302c60998 pri=80 -> new=0x3037f5b30 pri=80
[JIT] Stats: 1572864 sends, 2878 compiled, 24937 failed, 11451/16384 KB code | IC: 185273/291452 (63% hit, 2761 patched, 0 stale) | J2J-r: 0/0 J2J-a: 127579/223692 J2J-d: 3782 J2J-s: 53043/145616 | map: 4124 tracked, 3208 hot
[asmjit-t1] code.code_size=6696 out of [1, 6656]
[JIT] Stats: 1638400 sends, 2913 compiled, 28002 failed, 11672/16384 KB code | IC: 193917/303315 (63% hit, 2868 patched, 0 stale) | J2J-r: 0/0 J2J-a: 134861/234765 J2J-d: 3892 J2J-s: 56099/152146 | map: 4128 tracked, 3237 hot
[asmjit-t1] code.code_size=3916 out of [1, 3584]
[JIT] AUTO-EXCLUDED exception infra #signal: (class Exception class)
[JIT] Stats: 1703936 sends, 2983 compiled, 29056 failed, 11933/16384 KB code | IC: 199519/313044 (63% hit, 3055 patched, 0 stale) | J2J-r: 0/0 J2J-a: 139800/242881 J2J-d: 4120 J2J-s: 59036/158064 | map: 4211 tracked, 3312 hot
[asmjit-t1] code.code_size=5772 out of [1, 5632]
[asmjit-t1] code.code_size=4720 out of [1, 4096]
[asmjit-t1] code.code_size=3108 out of [1, 3072]
[XFER-25] old=0x3037f5b30 pri=80 -> new=0x302c60998 pri=80
[XFER-26] old=0x302c60998 pri=80 -> new=0x3037f5b30 pri=80
[XFER-27] old=0x3037f5b30 pri=80 -> new=0xd0e05bde8 pri=80
[XFER-28] old=0xd0e05bde8 pri=80 -> new=0x3037f5b30 pri=80
[XFER-29] old=0x3037f5b30 pri=80 -> new=0x302c60998 pri=80
[XFER-30] old=0x302c60998 pri=80 -> new=0x3037f5b30 pri=80
[JIT] Stats: 1769472 sends, 3053 compiled, 30863 failed, 12201/16384 KB code | IC: 207500/324332 (63% hit, 3127 patched, 0 stale) | J2J-r: 0/0 J2J-a: 145302/253274 J2J-d: 4296 J2J-s: 61737/165196 | map: 4216 tracked, 3381 hot
[JIT] Stats: 1835008 sends, 3067 compiled, 34348 failed, 12269/16384 KB code | IC: 216171/335266 (64% hit, 3339 patched, 0 stale) | J2J-r: 0/0 J2J-a: 151729/263745 J2J-d: 4465 J2J-s: 63973/171237 | map: 1646 tracked, 819 hot
[SISTA-SELECT-CAND] pfbBC=1 send1BC=4 selIdx=1 litIdx=0 slot=0
[SISTA-SELECT-EMIT] bc=1 slot=0 vid=1
[JIT] Stats: 1900544 sends, 3074 compiled, 35990 failed, 12296/16384 KB code | IC: 224641/346491 (64% hit, 3782 patched, 0 stale) | J2J-r: 0/0 J2J-a: 158133/274386 J2J-d: 4822 J2J-s: 66894/178008 | map: 2371 tracked, 1301 hot
[XFER-31] old=0x3037f5b30 pri=80 -> new=0x302c60998 pri=80
[XFER-32] old=0x302c60998 pri=80 -> new=0x3037f5b30 pri=80
[XFER-33] old=0x3037f5b30 pri=80 -> new=0x303d1c460 pri=80
[XFER-34] old=0x303d1c460 pri=80 -> new=0x3037f5b30 pri=80
[XFER-35] old=0x3037f5b30 pri=80 -> new=0x303d1c460 pri=80
[XFER-36] old=0x303d1c460 pri=80 -> new=0x3037f5b30 pri=80
[XFER-37] old=0x3037f5b30 pri=80 -> new=0x303d1c460 pri=80
[XFER-38] old=0x303d1c460 pri=80 -> new=0x3037f5b30 pri=80
[XFER-39] old=0x3037f5b30 pri=80 -> new=0x303d1c460 pri=80
[JIT] Stats: 1966080 sends, 3150 compiled, 38025 failed, 12643/16384 KB code | IC: 235425/359903 (65% hit, 4008 patched, 0 stale) | J2J-r: 0/0 J2J-a: 164029/287040 J2J-d: 5047 J2J-s: 70181/187861 | map: 2615 tracked, 1526 hot
[XFER-40] old=0x303d1c460 pri=80 -> new=0x3037f5b30 pri=80
[XFER-41] old=0x3037f5b30 pri=80 -> new=0x303d1c460 pri=80
[XFER-42] old=0x303d1c460 pri=80 -> new=0x3037f5b30 pri=80
[XFER-43] old=0x3037f5b30 pri=80 -> new=0x303d1c460 pri=80
[XFER-44] old=0x303d1c460 pri=80 -> new=0x3037f5b30 pri=80
[JIT] Stats: 2031616 sends, 3166 compiled, 40384 failed, 12709/16384 KB code | IC: 248977/376120 (66% hit, 4036 patched, 0 stale) | J2J-r: 0/0 J2J-a: 170115/301252 J2J-d: 5107 J2J-s: 73651/199401 | map: 2617 tracked, 1541 hot
[XFER-45] old=0x3037f5b30 pri=80 -> new=0x303d1c460 pri=80
[XFER-46] old=0x303d1c460 pri=80 -> new=0x3037f5b30 pri=80
[JIT] Stats: 2097152 sends, 3181 compiled, 43905 failed, 12747/16384 KB code | IC: 258937/387887 (66% hit, 4070 patched, 0 stale) | J2J-r: 0/0 J2J-a: 176494/312319 J2J-d: 5151 J2J-s: 75891/206117 | map: 2669 tracked, 1566 hot
[XFER-47] old=0x3037f5b30 pri=80 -> new=0xd0d70de40 pri=80
[XFER-48] old=0xd0d70de40 pri=80 -> new=0x3037f5b30 pri=80
[JIT] Stats: 2162688 sends, 3189 compiled, 45208 failed, 12796/16384 KB code | IC: 264289/393949 (67% hit, 4148 patched, 0 stale) | J2J-r: 0/0 J2J-a: 180731/318195 J2J-d: 5214 J2J-s: 77648/209388 | map: 2789 tracked, 1740 hot
[XFER-49] old=0x3037f5b30 pri=80 -> new=0x302c60998 pri=80
[JIT] Stats: 2228224 sends, 3189 compiled, 45208 failed, 12796/16384 KB code | IC: 264290/393952 (67% hit, 4149 patched, 0 stale) | J2J-r: 0/0 J2J-a: 180732/318197 J2J-d: 5215 J2J-s: 77648/209389 | map: 2792 tracked, 1742 hot
[JIT] Stats: 2293760 sends, 3189 compiled, 45208 failed, 12796/16384 KB code | IC: 264290/393952 (67% hit, 4149 patched, 0 stale) | J2J-r: 0/0 J2J-a: 180732/318197 J2J-d: 5215 J2J-s: 77648/209389 | map: 2792 tracked, 1742 hot
[JIT] Stats: 2359296 sends, 3189 compiled, 45208 failed, 12796/16384 KB code | IC: 264290/393952 (67% hit, 4149 patched, 0 stale) | J2J-r: 0/0 J2J-a: 180732/318197 J2J-d: 5215 J2J-s: 77648/209389 | map: 2792 tracked, 1742 hot
[JIT] Stats: 2424832 sends, 3189 compiled, 45208 failed, 12796/16384 KB code | IC: 264290/393952 (67% hit, 4149 patched, 0 stale) | J2J-r: 0/0 J2J-a: 180732/318197 J2J-d: 5215 J2J-s: 77648/209389 | map: 2792 tracked, 1742 hot
[JIT] Stats: 2490368 sends, 3189 compiled, 45208 failed, 12796/16384 KB code | IC: 264290/393952 (67% hit, 4149 patched, 0 stale) | J2J-r: 0/0 J2J-a: 180732/318197 J2J-d: 5215 J2J-s: 77648/209389 | map: 2792 tracked, 1742 hot
[SISTA-SELECT-CAND] pfbBC=10 send1BC=13 selIdx=4 litIdx=3 slot=0
[SISTA-INJECT-SPLICE-DIAG] send2BC=5 selIdx=1 verdict=REJECT reject=recursion guard rejOp=return
[SISTA-INJECT-SPLICE-DIAG] send2BC=5 selIdx=1 verdict=REJECT reject=recursion guard rejOp=return
[SISTA-INJECT-SPLICE-DIAG] send2BC=6 selIdx=2 verdict=REJECT reject=non-simple block op rejOp=send
[asmjit-t1] code.code_size=24324 out of [1, 24064]
[MUSTBOOL] #1 fd=26 value_class=IceLibgitRepository value=0x30229a2e0 in=#ifTrue: rcv_class=IceSystemEventListener class method=0x3021ec128 numLits=8 ipOff=19
[MUSTBOOL] method header=0x8000000008600041 slotCount=13 method_class=CompiledBlock method_format=28 method_classIdx=3117
[MUSTBOOL]   slot[0]=0x8000000008600041
[MUSTBOOL]   slot[1]=0x3021f3ec8 class=3117 format=31
[MUSTBOOL]   slot[2]=0x3021a9198 class=3139 format=1
[MUSTBOOL]   slot[3]=0x300060c18 class=3085 format=23 bytes="announcer"
[MUSTBOOL]   slot[4]=0x3021a9600 class=3139 format=1
[MUSTBOOL]   slot[5]=0x30011a4d0 class=3085 format=20 bytes="for:"
[MUSTBOOL]   slot[6]=0x30005f910 class=3085 format=23 bytes="announce:"
[MUSTBOOL]   slot[7]=0x300050708 class=3085 format=17 bytes="ifTrue:"
[MUSTBOOL]   slot[8]=0x3021e17d8 class=3101 format=26
[MUSTBOOL]   slot[9]=0x410200fd4ed201e7 (raw bytecode bytes)
[MUSTBOOL]   slot[10]=0xfbd87b0200f94240 (raw bytecode bytes)
[MUSTBOOL]   slot[11]=0x9440138211c60200 (raw bytecode bytes)
[MUSTBOOL]   slot[12]=0x5e4fb095 (raw bytecode bytes)
[MUSTBOOL] bytecodes near ipOff=19: 00 02 7b d8 fb 00 02 c6 11 82 13 40 94
[MUSTBOOL] full bytecodes (21):
    0: e7 01 d2 4e fd 00 02 41 40 42 f9 00 02 7b d8 fb 00 02 c6 11 82
[MUSTBOOL] receiver slotCount=12 class=IceSystemEventListener class
[MUSTBOOL]   recv.slot[0]=0x300017970 (Object class)
[MUSTBOOL]   recv.slot[1]=0x302cfa050 (MethodDictionary)
[MUSTBOOL]   recv.slot[2]=0x1 (SmI(0))
[MUSTBOOL]   recv.slot[3]=0x3021b8430 (FixedLayout)
[MUSTBOOL]   recv.slot[4]=0x3021b8448 (Array)
[MUSTBOOL]   recv.slot[5]=0x300000000 (nil)
[MUSTBOOL]   recv.slot[6]=0x3021b0120 (ByteSymbol)
[MUSTBOOL]   recv.slot[7]=0x300000000 (nil)
[MUSTBOOL] stack: sp=0xd11b0ec98 fp=0xd11b0ec70 depth=26
[MUSTBOOL]   sp[-3]=0xd0d74b360 (Array)
[MUSTBOOL]   sp[-2]=0xd0d74bc78 (Array)
[MUSTBOOL]   sp[-1]=0x30229a2e0 (IceLibgitRepository)
[MUSTBOOL]   sp[0]=0xd0d74bc88 (FullBlockClosure)
[MUSTBOOL]   sp[1]=0x9 (SmallInteger)
[MUSTBOOL]   recent[16] WeakAnnouncementSubscription>>deliver:
[MUSTBOOL]   recent[17] FullBlockClosure>>on:fork:
[MUSTBOOL]   recent[18] FullBlockClosure>>on:do:
[MUSTBOOL]   recent[19] WeakAnnouncementSubscription>>cull:cull:
[MUSTBOOL]   recent[20] WeakMessageSend>>cull:cull:
[MUSTBOOL]   recent[21] WeakMessageSend>>cull:
[MUSTBOOL]   recent[22] WeakMessageSend>>value:
[MUSTBOOL]   recent[23] IceSystemEventListener class>>handleMethodChange:
[MUSTBOOL]   recent[24] IceSystemEventListener class>>handlePackagesChange:
[MUSTBOOL]   recent[25] OrderedCollection>>do:
[JIT] Stats: 2555904 sends, 3304 compiled, 45710 failed, 13435/16384 KB code | IC: 266206/397391 (66% hit, 4707 patched, 0 stale) | J2J-r: 0/0 J2J-a: 182242/320985 J2J-d: 5668 J2J-s: 78202/211142 | map: 3334 tracked, 2174 hot
[DRAIN-1] initial=11 processed=11 wka=3 wkaarr-drop=2 kept=6 dec=0 pending=11->11
[DNU-STACK] Full call stack for #suspend (DNU #2):
[DNU-STACK]   [0] SUnitRunner class>>runSingleTest:selector:timeout:priority:on:
[DNU-STACK]   [1] FullBlockClosure>>on:do:
[DNU-STACK]   [2] Process>>unwindTo:
[DNU-STACK]   [current] #suspend fd=2
[SISTA-RING] tag=suspend seq=51659 count=32:
  [0] #max:                         RET   rcvr=0x191 ret/top=0x191 bailOp=0x00 argc=0 spΔ=0
  [1] #max:                         RET   rcvr=0x191 ret/top=0x191 bailOp=0x00 argc=0 spΔ=0
  [2] #arrayType                    RET   rcvr=0x3000262e8 ret/top=0x3000164b0 bailOp=0x00 argc=0 spΔ=0
  [3] #size                         RET   rcvr=0xd0d010140 ret/top=0x1 bailOp=0x00 argc=0 spΔ=0
  [4] #size                         RET   rcvr=0xd0d010140 ret/top=0x79 bailOp=0x00 argc=0 spΔ=0
  [5] #arrayType                    RET   rcvr=0x3000178d0 ret/top=0x3000164b0 bailOp=0x00 argc=0 spΔ=0
  [6] #size                         RET   rcvr=0xd0d010710 ret/top=0x79 bailOp=0x00 argc=0 spΔ=0
  [7] #sender                       RET   rcvr=0xd0d011cd8 ret/top=0xd0d000528 bailOp=0x00 argc=0 spΔ=0
  [8] #negative                     RET   rcvr=0x9 ret/top=0x300000010 bailOp=0x00 argc=0 spΔ=0
  [9] #negative                     RET   rcvr=0x9 ret/top=0x300000010 bailOp=0x00 argc=0 spΔ=0
  [10] #>=                           SEND  rcvr=0xd0d012ef0 ret/top=0xd0d012ef0 bailOp=0x64 argc=0 spΔ=2
  [11] #>                            SEND  rcvr=0x3038583d8 ret/top=0x3038583d8 bailOp=0x62 argc=0 spΔ=2
  [12] #receiver                     RET   rcvr=0xd0d013e20 ret/top=0xd0d0138d0 bailOp=0x00 argc=0 spΔ=0
  [13] #arrayType                    RET   rcvr=0x3000178d0 ret/top=0x3000164b0 bailOp=0x00 argc=0 spΔ=0
  [14] #size                         RET   rcvr=0xd0d016460 ret/top=0x19 bailOp=0x00 argc=0 spΔ=0
  [15] #size                         RET   rcvr=0xd0d016460 ret/top=0x19 bailOp=0x00 argc=0 spΔ=0
  [16] #size                         RET   rcvr=0xd0d016460 ret/top=0x19 bailOp=0x00 argc=0 spΔ=0
  [17] #size                         RET   rcvr=0xd0d016460 ret/top=0x19 bailOp=0x00 argc=0 spΔ=0
  [18] #isDefaultFor:                RET   rcvr=0x30098d6c0 ret/top=0x300000010 bailOp=0x00 argc=0 spΔ=0
  [19] #flag:                        RET   rcvr=0x30098d760 ret/top=0x30098d760 bailOp=0x00 argc=0 spΔ=0
  [20] #max:                         RET   rcvr=0x1 ret/top=0x61 bailOp=0x00 argc=0 spΔ=0
  [21] #method                       RET   rcvr=0xd0d018428 ret/top=0x3003d06f0 bailOp=0x00 argc=0 spΔ=0
  [22] #handleNewProcess:            RET   rcvr=0x303875a68 ret/top=0x303875a68 bailOp=0x00 argc=0 spΔ=0
  [23] #max:                         RET   rcvr=0x9 ret/top=0x9 bailOp=0x00 argc=0 spΔ=0
  [24] #handleNewProcess:            RET   rcvr=0x303875a68 ret/top=0x303875a68 bailOp=0x00 argc=0 spΔ=0
  [25] #max:                         RET   rcvr=0x9 ret/top=0x9 bailOp=0x00 argc=0 spΔ=0
  [26] #resources                    RET   rcvr=0x301472fe0 ret/top=0x300261cf8 bailOp=0x00 argc=0 spΔ=0
  [27] #transformClass               RET   rcvr=0xd0d030e60 ret/top=0x3012c7608 bailOp=0x00 argc=0 spΔ=0
  [28] #isIdentity                   SEND  rcvr=0xd0d032c80 ret/top=0x9 bailOp=0x66 argc=0 spΔ=2
  [29] #arrayType                    RET   rcvr=0x3000178d0 ret/top=0x3000164b0 bailOp=0x00 argc=0 spΔ=0
  [30] #instanceVariablesToKeep      RET   rcvr=0xd0d030e60 ret/top=0x3005a68b8 bailOp=0x00 argc=0 spΔ=0
  [31] #instanceVariablesToKeep      RET   rcvr=0xd0d030e60 ret/top=0x3005a68b8 bailOp=0x00 argc=0 spΔ=0
[DNU] #2: #suspend not understood by rcvr=0x300000000 argCount=0 fd=2 in #suspend P80
[DNU]   rcvr cls=3075 fmt=0 class=nil
[DNU] 1MB-aligned check: rcvr=0x300000000 classAtIdx(3075).isNil=0 trap_env=0
[DNU]   FP=0xd11b0e9e8 SP=0xd11b0ea00 base=0xd11b0e950
[DNU]   receiver_=0x3037fbbc8 method_=0x30380bee8
[DNU]   FP[-2] = 0x3000182e0
[DNU]   FP[-1] = 0x30380bf10
[DNU]   FP[0] = 0xd0d035bb8
[DNU]   FP[1] = 0x300000000
[DNU]   FP[2] = 0x300000000
[DNU]   FP[3] = 0x80001
[DNU]   FP[4] = 0xd0d016250
[DNU]   FP[5] = 0x303857ff0
[DNU]   FP[6] = 0x3006e6650
[DNU]   FP[7] = 0xd0d030e60
[DNU]   FP[8] = 0x30056a248
[DNU]   FP[9] = 0xd0d031f08
[DNU]   FP[10] = 0xd0d030e60
[DNU-STACK] Full call stack for #suspend (DNU #3):
[DNU-STACK]   [0] SUnitRunner class>>runSingleTest:selector:timeout:priority:on:
[DNU-STACK]   [1] FullBlockClosure>>on:do:
[DNU-STACK]   [2] Process>>unwindTo:
[DNU-STACK]   [current] #suspend fd=2
[SISTA-RING] tag=suspend seq=51687 count=32:
  [0] #isIdentity                   SEND  rcvr=0xd0d032c80 ret/top=0x9 bailOp=0x66 argc=0 spΔ=2
  [1] #arrayType                    RET   rcvr=0x3000178d0 ret/top=0x3000164b0 bailOp=0x00 argc=0 spΔ=0
  [2] #instanceVariablesToKeep      RET   rcvr=0xd0d030e60 ret/top=0x3005a68b8 bailOp=0x00 argc=0 spΔ=0
  [3] #instanceVariablesToKeep      RET   rcvr=0xd0d030e60 ret/top=0x3005a68b8 bailOp=0x00 argc=0 spΔ=0
  [4] #negative                     RET   rcvr=0x81 ret/top=0x300000010 bailOp=0x00 argc=0 spΔ=0
  [5] #>=                           SEND  rcvr=0xd0d0381d8 ret/top=0xd0d0381d8 bailOp=0x64 argc=0 spΔ=2
  [6] #>                            SEND  rcvr=0x3038583d8 ret/top=0x3038583d8 bailOp=0x62 argc=0 spΔ=2
  [7] #handleNewProcess:            RET   rcvr=0x303875a68 ret/top=0x303875a68 bailOp=0x00 argc=0 spΔ=0
  [8] #max:                         RET   rcvr=0x9 ret/top=0x9 bailOp=0x00 argc=0 spΔ=0
  [9] #handleNewProcess:            RET   rcvr=0x303875a68 ret/top=0x303875a68 bailOp=0x00 argc=0 spΔ=0
  [10] #max:                         RET   rcvr=0x9 ret/top=0x9 bailOp=0x00 argc=0 spΔ=0
  [11] #resources                    RET   rcvr=0x301472fe0 ret/top=0x300261cf8 bailOp=0x00 argc=0 spΔ=0
  [12] #transformClass               RET   rcvr=0xd0d045250 ret/top=0x3012c7608 bailOp=0x00 argc=0 spΔ=0
  [13] #abs                          SEND  rcvr=0x82e0000000000005 ret/top=0x5 bailOp=0x64 argc=0 spΔ=2
  [14] #negated                      SEND  rcvr=0x814000000000000d ret/top=0x814000000000000d bailOp=0x68 argc=0 spΔ=2
  [15] #negated                      SEND  rcvr=0x8080000000000005 ret/top=0x8080000000000005 bailOp=0x68 argc=0 spΔ=2
  [16] #negated                      SEND  rcvr=0x7f00000000000005 ret/top=0x7f00000000000005 bailOp=0x68 argc=0 spΔ=2
  [17] #negated                      SEND  rcvr=0x8220000000000005 ret/top=0x8220000000000005 bailOp=0x68 argc=0 spΔ=2
  [18] #defaultComparisonPrecision   RET   rcvr=0x30001b028 ret/top=0x6500000000000005 bailOp=0x00 argc=0 spΔ=0
  [19] #defaultComparisonPrecision   RET   rcvr=0x30001b028 ret/top=0x6500000000000005 bailOp=0x00 argc=0 spΔ=0
  [20] #abs                          SEND  rcvr=0x4b0000000000000d ret/top=0x5 bailOp=0x64 argc=0 spΔ=2
  [21] #defaultComparisonPrecision   RET   rcvr=0x30001b028 ret/top=0x6500000000000005 bailOp=0x00 argc=0 spΔ=0
  [22] #abs                          SEND  rcvr=0x4c00000000000005 ret/top=0x5 bailOp=0x64 argc=0 spΔ=2
  [23] #abs                          SEND  rcvr=0x4b0000000000000d ret/top=0x5 bailOp=0x64 argc=0 spΔ=2
  [24] #defaultComparisonPrecision   RET   rcvr=0x30001b028 ret/top=0x6500000000000005 bailOp=0x00 argc=0 spΔ=0
  [25] #abs                          SEND  rcvr=0x4b0000000000000d ret/top=0x5 bailOp=0x64 argc=0 spΔ=2
  [26] #defaultComparisonPrecision   RET   rcvr=0x30001b028 ret/top=0x6500000000000005 bailOp=0x00 argc=0 spΔ=0
  [27] #abs                          SEND  rcvr=0x4c8000000000000d ret/top=0x5 bailOp=0x64 argc=0 spΔ=2
  [28] #defaultComparisonPrecision   RET   rcvr=0x30001b028 ret/top=0x6500000000000005 bailOp=0x00 argc=0 spΔ=0
  [29] #abs                          SEND  rcvr=0x4b0000000000000d ret/top=0x5 bailOp=0x64 argc=0 spΔ=2
  [30] #arrayType                    RET   rcvr=0x3000178d0 ret/top=0x3000164b0 bailOp=0x00 argc=0 spΔ=0
  [31] #instanceVariablesToKeep      RET   rcvr=0xd0d045250 ret/top=0x3005a68b8 bailOp=0x00 argc=0 spΔ=0
[DNU] #3: #suspend not understood by rcvr=0x300000000 argCount=0 fd=2 in #suspend P80
[DNU]   rcvr cls=3075 fmt=0 class=nil
[DNU] 1MB-aligned check: rcvr=0x300000000 classAtIdx(3075).isNil=0 trap_env=0
[DNU]   FP=0xd11b0e9e8 SP=0xd11b0ea00 base=0xd11b0e950
[DNU]   receiver_=0x3037fbbc8 method_=0x30380bee8
[DNU]   FP[-2] = 0x3000182e0
[DNU]   FP[-1] = 0x30380bf10
[DNU]   FP[0] = 0xd0d04a950
[DNU]   FP[1] = 0x300000000
[DNU]   FP[2] = 0x300000000
[DNU]   FP[3] = 0x80001
[DNU]   FP[4] = 0xd0d03b3e8
[DNU]   FP[5] = 0x303857ff0
[DNU]   FP[6] = 0x3014b7fb0
[DNU]   FP[7] = 0xd0d045250
[DNU]   FP[8] = 0x30056a248
[DNU]   FP[9] = 0xd0d0462f8
[DNU]   FP[10] = 0xd0d045250
[DNU-STACK] Full call stack for #suspend (DNU #4):
[DNU-STACK]   [0] SUnitRunner class>>runSingleTest:selector:timeout:priority:on:
[DNU-STACK]   [1] FullBlockClosure>>on:do:
[DNU-STACK]   [2] Process>>unwindTo:
[DNU-STACK]   [current] #suspend fd=2
[SISTA-RING] tag=suspend seq=51702 count=32:
  [0] #negated                      SEND  rcvr=0x8080000000000005 ret/top=0x8080000000000005 bailOp=0x68 argc=0 spΔ=2
  [1] #negated                      SEND  rcvr=0x7f00000000000005 ret/top=0x7f00000000000005 bailOp=0x68 argc=0 spΔ=2
  [2] #negated                      SEND  rcvr=0x8220000000000005 ret/top=0x8220000000000005 bailOp=0x68 argc=0 spΔ=2
  [3] #defaultComparisonPrecision   RET   rcvr=0x30001b028 ret/top=0x6500000000000005 bailOp=0x00 argc=0 spΔ=0
  [4] #defaultComparisonPrecision   RET   rcvr=0x30001b028 ret/top=0x6500000000000005 bailOp=0x00 argc=0 spΔ=0
  [5] #abs                          SEND  rcvr=0x4b0000000000000d ret/top=0x5 bailOp=0x64 argc=0 spΔ=2
  [6] #defaultComparisonPrecision   RET   rcvr=0x30001b028 ret/top=0x6500000000000005 bailOp=0x00 argc=0 spΔ=0
  [7] #abs                          SEND  rcvr=0x4c00000000000005 ret/top=0x5 bailOp=0x64 argc=0 spΔ=2
  [8] #abs                          SEND  rcvr=0x4b0000000000000d ret/top=0x5 bailOp=0x64 argc=0 spΔ=2
  [9] #defaultComparisonPrecision   RET   rcvr=0x30001b028 ret/top=0x6500000000000005 bailOp=0x00 argc=0 spΔ=0
  [10] #abs                          SEND  rcvr=0x4b0000000000000d ret/top=0x5 bailOp=0x64 argc=0 spΔ=2
  [11] #defaultComparisonPrecision   RET   rcvr=0x30001b028 ret/top=0x6500000000000005 bailOp=0x00 argc=0 spΔ=0
  [12] #abs                          SEND  rcvr=0x4c8000000000000d ret/top=0x5 bailOp=0x64 argc=0 spΔ=2
  [13] #defaultComparisonPrecision   RET   rcvr=0x30001b028 ret/top=0x6500000000000005 bailOp=0x00 argc=0 spΔ=0
  [14] #abs                          SEND  rcvr=0x4b0000000000000d ret/top=0x5 bailOp=0x64 argc=0 spΔ=2
  [15] #arrayType                    RET   rcvr=0x3000178d0 ret/top=0x3000164b0 bailOp=0x00 argc=0 spΔ=0
  [16] #instanceVariablesToKeep      RET   rcvr=0xd0d045250 ret/top=0x3005a68b8 bailOp=0x00 argc=0 spΔ=0
  [17] #>=                           SEND  rcvr=0xd0d04cf70 ret/top=0xd0d04cf70 bailOp=0x64 argc=0 spΔ=2
  [18] #>                            SEND  rcvr=0x3038583d8 ret/top=0x3038583d8 bailOp=0x62 argc=0 spΔ=2
  [19] #handleNewProcess:            RET   rcvr=0x303875a68 ret/top=0x303875a68 bailOp=0x00 argc=0 spΔ=0
  [20] #max:                         RET   rcvr=0x11 ret/top=0x11 bailOp=0x00 argc=0 spΔ=0
  [21] #handleNewProcess:            RET   rcvr=0x303875a68 ret/top=0x303875a68 bailOp=0x00 argc=0 spΔ=0
  [22] #max:                         RET   rcvr=0x11 ret/top=0x11 bailOp=0x00 argc=0 spΔ=0
  [23] #resources                    RET   rcvr=0x301472fe0 ret/top=0x300261cf8 bailOp=0x00 argc=0 spΔ=0
  [24] #defaultComparisonPrecision   RET   rcvr=0x30001b028 ret/top=0x6500000000000005 bailOp=0x00 argc=0 spΔ=0
  [25] #defaultComparisonPrecision   RET   rcvr=0x30001b028 ret/top=0x6500000000000005 bailOp=0x00 argc=0 spΔ=0
  [26] #abs                          SEND  rcvr=0x4e00000000000005 ret/top=0x5 bailOp=0x64 argc=0 spΔ=2
  [27] #defaultComparisonPrecision   RET   rcvr=0x30001b028 ret/top=0x6500000000000005 bailOp=0x00 argc=0 spΔ=0
  [28] #defaultComparisonPrecision   RET   rcvr=0x30001b028 ret/top=0x6500000000000005 bailOp=0x00 argc=0 spΔ=0
  [29] #defaultComparisonPrecision   RET   rcvr=0x30001b028 ret/top=0x6500000000000005 bailOp=0x00 argc=0 spΔ=0
  [30] #arrayType                    RET   rcvr=0x3000178d0 ret/top=0x3000164b0 bailOp=0x00 argc=0 spΔ=0
  [31] #instanceVariablesToKeep      RET   rcvr=0xd0d059f58 ret/top=0x3005a68b8 bailOp=0x00 argc=0 spΔ=0
[DNU] #4: #suspend not understood by rcvr=0x300000000 argCount=0 fd=2 in #suspend P80
[DNU]   rcvr cls=3075 fmt=0 class=nil
[DNU] 1MB-aligned check: rcvr=0x300000000 classAtIdx(3075).isNil=0 trap_env=0
[DNU-STACK] Full call stack for #suspend (DNU #5):
[DNU-STACK]   [0] SUnitRunner class>>runSingleTest:selector:timeout:priority:on:
[DNU-STACK]   [1] FullBlockClosure>>on:do:
[DNU-STACK]   [2] Process>>unwindTo:
[DNU-STACK]   [current] #suspend fd=2
[SISTA-RING] tag=suspend seq=51712 count=32:
  [0] #abs                          SEND  rcvr=0x4b0000000000000d ret/top=0x5 bailOp=0x64 argc=0 spΔ=2
  [1] #defaultComparisonPrecision   RET   rcvr=0x30001b028 ret/top=0x6500000000000005 bailOp=0x00 argc=0 spΔ=0
  [2] #abs                          SEND  rcvr=0x4c8000000000000d ret/top=0x5 bailOp=0x64 argc=0 spΔ=2
  [3] #defaultComparisonPrecision   RET   rcvr=0x30001b028 ret/top=0x6500000000000005 bailOp=0x00 argc=0 spΔ=0
  [4] #abs                          SEND  rcvr=0x4b0000000000000d ret/top=0x5 bailOp=0x64 argc=0 spΔ=2
  [5] #arrayType                    RET   rcvr=0x3000178d0 ret/top=0x3000164b0 bailOp=0x00 argc=0 spΔ=0
  [6] #instanceVariablesToKeep      RET   rcvr=0xd0d045250 ret/top=0x3005a68b8 bailOp=0x00 argc=0 spΔ=0
  [7] #>=                           SEND  rcvr=0xd0d04cf70 ret/top=0xd0d04cf70 bailOp=0x64 argc=0 spΔ=2
  [8] #>                            SEND  rcvr=0x3038583d8 ret/top=0x3038583d8 bailOp=0x62 argc=0 spΔ=2
  [9] #handleNewProcess:            RET   rcvr=0x303875a68 ret/top=0x303875a68 bailOp=0x00 argc=0 spΔ=0
  [10] #max:                         RET   rcvr=0x11 ret/top=0x11 bailOp=0x00 argc=0 spΔ=0
  [11] #handleNewProcess:            RET   rcvr=0x303875a68 ret/top=0x303875a68 bailOp=0x00 argc=0 spΔ=0
  [12] #max:                         RET   rcvr=0x11 ret/top=0x11 bailOp=0x00 argc=0 spΔ=0
  [13] #resources                    RET   rcvr=0x301472fe0 ret/top=0x300261cf8 bailOp=0x00 argc=0 spΔ=0
  [14] #defaultComparisonPrecision   RET   rcvr=0x30001b028 ret/top=0x6500000000000005 bailOp=0x00 argc=0 spΔ=0
  [15] #defaultComparisonPrecision   RET   rcvr=0x30001b028 ret/top=0x6500000000000005 bailOp=0x00 argc=0 spΔ=0
  [16] #abs                          SEND  rcvr=0x4e00000000000005 ret/top=0x5 bailOp=0x64 argc=0 spΔ=2
  [17] #defaultComparisonPrecision   RET   rcvr=0x30001b028 ret/top=0x6500000000000005 bailOp=0x00 argc=0 spΔ=0
  [18] #defaultComparisonPrecision   RET   rcvr=0x30001b028 ret/top=0x6500000000000005 bailOp=0x00 argc=0 spΔ=0
  [19] #defaultComparisonPrecision   RET   rcvr=0x30001b028 ret/top=0x6500000000000005 bailOp=0x00 argc=0 spΔ=0
  [20] #arrayType                    RET   rcvr=0x3000178d0 ret/top=0x3000164b0 bailOp=0x00 argc=0 spΔ=0
  [21] #instanceVariablesToKeep      RET   rcvr=0xd0d059f58 ret/top=0x3005a68b8 bailOp=0x00 argc=0 spΔ=0
  [22] #>=                           SEND  rcvr=0xd0d0619a0 ret/top=0xd0d0619a0 bailOp=0x64 argc=0 spΔ=2
  [23] #>                            SEND  rcvr=0x3038583d8 ret/top=0x3038583d8 bailOp=0x62 argc=0 spΔ=2
  [24] #handleNewProcess:            RET   rcvr=0x303875a68 ret/top=0x303875a68 bailOp=0x00 argc=0 spΔ=0
  [25] #max:                         RET   rcvr=0x11 ret/top=0x11 bailOp=0x00 argc=0 spΔ=0
  [26] #handleNewProcess:            RET   rcvr=0x303875a68 ret/top=0x303875a68 bailOp=0x00 argc=0 spΔ=0
  [27] #max:                         RET   rcvr=0x11 ret/top=0x11 bailOp=0x00 argc=0 spΔ=0
  [28] #resources                    RET   rcvr=0x301472fe0 ret/top=0x300261cf8 bailOp=0x00 argc=0 spΔ=0
  [29] #isIdentity                   SEND  rcvr=0xd0d0707a8 ret/top=0x9 bailOp=0x66 argc=0 spΔ=2
  [30] #arrayType                    RET   rcvr=0x3000178d0 ret/top=0x3000164b0 bailOp=0x00 argc=0 spΔ=0
  [31] #instanceVariablesToKeep      RET   rcvr=0xd0d06e988 ret/top=0x3005a68b8 bailOp=0x00 argc=0 spΔ=0
[DNU] #5: #suspend not understood by rcvr=0x300000000 argCount=0 fd=2 in #suspend P80
[DNU]   rcvr cls=3075 fmt=0 class=nil
[DNU] 1MB-aligned check: rcvr=0x300000000 classAtIdx(3075).isNil=0 trap_env=0
[DNU-STACK] Full call stack for #suspend (DNU #6):
[DNU-STACK]   [0] SUnitRunner class>>runSingleTest:selector:timeout:priority:on:
[DNU-STACK]   [1] FullBlockClosure>>on:do:
[DNU-STACK]   [2] Process>>unwindTo:
[DNU-STACK]   [current] #suspend fd=2
[SISTA-RING] tag=suspend seq=51726 count=32:
  [0] #defaultComparisonPrecision   RET   rcvr=0x30001b028 ret/top=0x6500000000000005 bailOp=0x00 argc=0 spΔ=0
  [1] #defaultComparisonPrecision   RET   rcvr=0x30001b028 ret/top=0x6500000000000005 bailOp=0x00 argc=0 spΔ=0
  [2] #abs                          SEND  rcvr=0x4e00000000000005 ret/top=0x5 bailOp=0x64 argc=0 spΔ=2
  [3] #defaultComparisonPrecision   RET   rcvr=0x30001b028 ret/top=0x6500000000000005 bailOp=0x00 argc=0 spΔ=0
  [4] #defaultComparisonPrecision   RET   rcvr=0x30001b028 ret/top=0x6500000000000005 bailOp=0x00 argc=0 spΔ=0
  [5] #defaultComparisonPrecision   RET   rcvr=0x30001b028 ret/top=0x6500000000000005 bailOp=0x00 argc=0 spΔ=0
  [6] #arrayType                    RET   rcvr=0x3000178d0 ret/top=0x3000164b0 bailOp=0x00 argc=0 spΔ=0
  [7] #instanceVariablesToKeep      RET   rcvr=0xd0d059f58 ret/top=0x3005a68b8 bailOp=0x00 argc=0 spΔ=0
  [8] #>=                           SEND  rcvr=0xd0d0619a0 ret/top=0xd0d0619a0 bailOp=0x64 argc=0 spΔ=2
  [9] #>                            SEND  rcvr=0x3038583d8 ret/top=0x3038583d8 bailOp=0x62 argc=0 spΔ=2
  [10] #handleNewProcess:            RET   rcvr=0x303875a68 ret/top=0x303875a68 bailOp=0x00 argc=0 spΔ=0
  [11] #max:                         RET   rcvr=0x11 ret/top=0x11 bailOp=0x00 argc=0 spΔ=0
  [12] #handleNewProcess:            RET   rcvr=0x303875a68 ret/top=0x303875a68 bailOp=0x00 argc=0 spΔ=0
  [13] #max:                         RET   rcvr=0x11 ret/top=0x11 bailOp=0x00 argc=0 spΔ=0
  [14] #resources                    RET   rcvr=0x301472fe0 ret/top=0x300261cf8 bailOp=0x00 argc=0 spΔ=0
  [15] #isIdentity                   SEND  rcvr=0xd0d0707a8 ret/top=0x9 bailOp=0x66 argc=0 spΔ=2
  [16] #arrayType                    RET   rcvr=0x3000178d0 ret/top=0x3000164b0 bailOp=0x00 argc=0 spΔ=0
  [17] #instanceVariablesToKeep      RET   rcvr=0xd0d06e988 ret/top=0x3005a68b8 bailOp=0x00 argc=0 spΔ=0
  [18] #>=                           SEND  rcvr=0xd0d075d00 ret/top=0xd0d075d00 bailOp=0x64 argc=0 spΔ=2
  [19] #>                            SEND  rcvr=0x3038583d8 ret/top=0x3038583d8 bailOp=0x62 argc=0 spΔ=2
  [20] #handleNewProcess:            RET   rcvr=0x303875a68 ret/top=0x303875a68 bailOp=0x00 argc=0 spΔ=0
  [21] #max:                         RET   rcvr=0x11 ret/top=0x11 bailOp=0x00 argc=0 spΔ=0
  [22] #handleNewProcess:            RET   rcvr=0x303875a68 ret/top=0x303875a68 bailOp=0x00 argc=0 spΔ=0
  [23] #max:                         RET   rcvr=0x29 ret/top=0x29 bailOp=0x00 argc=0 spΔ=0
  [24] #resources                    RET   rcvr=0x301472fe0 ret/top=0x300261cf8 bailOp=0x00 argc=0 spΔ=0
  [25] #defaultComparisonPrecision   RET   rcvr=0x30001b028 ret/top=0x6500000000000005 bailOp=0x00 argc=0 spΔ=0
  [26] #defaultComparisonPrecision   RET   rcvr=0x30001b028 ret/top=0x6500000000000005 bailOp=0x00 argc=0 spΔ=0
  [27] #defaultComparisonPrecision   RET   rcvr=0x30001b028 ret/top=0x6500000000000005 bailOp=0x00 argc=0 spΔ=0
  [28] #defaultComparisonPrecision   RET   rcvr=0x30001b028 ret/top=0x6500000000000005 bailOp=0x00 argc=0 spΔ=0
  [29] #defaultComparisonPrecision   RET   rcvr=0x30001b028 ret/top=0x6500000000000005 bailOp=0x00 argc=0 spΔ=0
  [30] #arrayType                    RET   rcvr=0x3000178d0 ret/top=0x3000164b0 bailOp=0x00 argc=0 spΔ=0
  [31] #instanceVariablesToKeep      RET   rcvr=0xd0d082e08 ret/top=0x3005a68b8 bailOp=0x00 argc=0 spΔ=0
[DNU] #6: #suspend not understood by rcvr=0x300000000 argCount=0 fd=2 in #suspend P80
[DNU]   rcvr cls=3075 fmt=0 class=nil
[DNU] 1MB-aligned check: rcvr=0x300000000 classAtIdx(3075).isNil=0 trap_env=0
[DNU-STACK] Full call stack for #suspend (DNU #7):
[DNU-STACK]   [0] SUnitRunner class>>runSingleTest:selector:timeout:priority:on:
[DNU-STACK]   [1] FullBlockClosure>>on:do:
[DNU-STACK]   [2] Process>>unwindTo:
[DNU-STACK]   [current] #suspend fd=2
[SISTA-RING] tag=suspend seq=51745 count=32:
  [0] #>                            SEND  rcvr=0x3038583d8 ret/top=0x3038583d8 bailOp=0x62 argc=0 spΔ=2
  [1] #handleNewProcess:            RET   rcvr=0x303875a68 ret/top=0x303875a68 bailOp=0x00 argc=0 spΔ=0
  [2] #max:                         RET   rcvr=0x11 ret/top=0x11 bailOp=0x00 argc=0 spΔ=0
  [3] #handleNewProcess:            RET   rcvr=0x303875a68 ret/top=0x303875a68 bailOp=0x00 argc=0 spΔ=0
  [4] #max:                         RET   rcvr=0x29 ret/top=0x29 bailOp=0x00 argc=0 spΔ=0
  [5] #resources                    RET   rcvr=0x301472fe0 ret/top=0x300261cf8 bailOp=0x00 argc=0 spΔ=0
  [6] #defaultComparisonPrecision   RET   rcvr=0x30001b028 ret/top=0x6500000000000005 bailOp=0x00 argc=0 spΔ=0
  [7] #defaultComparisonPrecision   RET   rcvr=0x30001b028 ret/top=0x6500000000000005 bailOp=0x00 argc=0 spΔ=0
  [8] #defaultComparisonPrecision   RET   rcvr=0x30001b028 ret/top=0x6500000000000005 bailOp=0x00 argc=0 spΔ=0
  [9] #defaultComparisonPrecision   RET   rcvr=0x30001b028 ret/top=0x6500000000000005 bailOp=0x00 argc=0 spΔ=0
  [10] #defaultComparisonPrecision   RET   rcvr=0x30001b028 ret/top=0x6500000000000005 bailOp=0x00 argc=0 spΔ=0
  [11] #arrayType                    RET   rcvr=0x3000178d0 ret/top=0x3000164b0 bailOp=0x00 argc=0 spΔ=0
  [12] #instanceVariablesToKeep      RET   rcvr=0xd0d082e08 ret/top=0x3005a68b8 bailOp=0x00 argc=0 spΔ=0
  [13] #>=                           SEND  rcvr=0xd0d08b550 ret/top=0xd0d08b550 bailOp=0x64 argc=0 spΔ=2
  [14] #>                            SEND  rcvr=0x3038583d8 ret/top=0x3038583d8 bailOp=0x62 argc=0 spΔ=2
  [15] #handleNewProcess:            RET   rcvr=0x303875a68 ret/top=0x303875a68 bailOp=0x00 argc=0 spΔ=0
  [16] #max:                         RET   rcvr=0x29 ret/top=0x29 bailOp=0x00 argc=0 spΔ=0
  [17] #handleNewProcess:            RET   rcvr=0x303875a68 ret/top=0x303875a68 bailOp=0x00 argc=0 spΔ=0
  [18] #max:                         RET   rcvr=0x29 ret/top=0x29 bailOp=0x00 argc=0 spΔ=0
  [19] #resources                    RET   rcvr=0x301472fe0 ret/top=0x300261cf8 bailOp=0x00 argc=0 spΔ=0
  [20] #defaultComparisonPrecision   RET   rcvr=0x30001b028 ret/top=0x6500000000000005 bailOp=0x00 argc=0 spΔ=0
  [21] #defaultComparisonPrecision   RET   rcvr=0x30001b028 ret/top=0x6500000000000005 bailOp=0x00 argc=0 spΔ=0
  [22] #defaultComparisonPrecision   RET   rcvr=0x30001b028 ret/top=0x6500000000000005 bailOp=0x00 argc=0 spΔ=0
  [23] #defaultComparisonPrecision   RET   rcvr=0x30001b028 ret/top=0x6500000000000005 bailOp=0x00 argc=0 spΔ=0
  [24] #defaultComparisonPrecision   RET   rcvr=0x30001b028 ret/top=0x6500000000000005 bailOp=0x00 argc=0 spΔ=0
  [25] #defaultComparisonPrecision   RET   rcvr=0x30001b028 ret/top=0x6500000000000005 bailOp=0x00 argc=0 spΔ=0
  [26] #defaultComparisonPrecision   RET   rcvr=0x30001b028 ret/top=0x6500000000000005 bailOp=0x00 argc=0 spΔ=0
  [27] #defaultComparisonPrecision   RET   rcvr=0x30001b028 ret/top=0x6500000000000005 bailOp=0x00 argc=0 spΔ=0
  [28] #defaultComparisonPrecision   RET   rcvr=0x30001b028 ret/top=0x6500000000000005 bailOp=0x00 argc=0 spΔ=0
  [29] #defaultComparisonPrecision   RET   rcvr=0x30001b028 ret/top=0x6500000000000005 bailOp=0x00 argc=0 spΔ=0
  [30] #arrayType                    RET   rcvr=0x3000178d0 ret/top=0x3000164b0 bailOp=0x00 argc=0 spΔ=0
  [31] #instanceVariablesToKeep      RET   rcvr=0xd0d098538 ret/top=0x3005a68b8 bailOp=0x00 argc=0 spΔ=0
[DNU] #7: #suspend not understood by rcvr=0x300000000 argCount=0 fd=2 in #suspend P80
[DNU]   rcvr cls=3075 fmt=0 class=nil
[DNU] 1MB-aligned check: rcvr=0x300000000 classAtIdx(3075).isNil=0 trap_env=0
[PREEMPT] P40→P60 (active=0xd0d0a57c0 → 0xd0d0a9770)
[DNU-STACK] Full call stack for #suspend (DNU #8):
[DNU-STACK]   [0] SUnitRunner class>>runSingleTest:selector:timeout:priority:on:
[DNU-STACK]   [1] FullBlockClosure>>on:do:
[DNU-STACK]   [2] Process>>unwindTo:
[DNU-STACK]   [current] #suspend fd=2
[SISTA-RING] tag=suspend seq=51767 count=32:
  [0] #defaultComparisonPrecision   RET   rcvr=0x30001b028 ret/top=0x6500000000000005 bailOp=0x00 argc=0 spΔ=0
  [1] #defaultComparisonPrecision   RET   rcvr=0x30001b028 ret/top=0x6500000000000005 bailOp=0x00 argc=0 spΔ=0
  [2] #defaultComparisonPrecision   RET   rcvr=0x30001b028 ret/top=0x6500000000000005 bailOp=0x00 argc=0 spΔ=0
  [3] #defaultComparisonPrecision   RET   rcvr=0x30001b028 ret/top=0x6500000000000005 bailOp=0x00 argc=0 spΔ=0
  [4] #defaultComparisonPrecision   RET   rcvr=0x30001b028 ret/top=0x6500000000000005 bailOp=0x00 argc=0 spΔ=0
  [5] #defaultComparisonPrecision   RET   rcvr=0x30001b028 ret/top=0x6500000000000005 bailOp=0x00 argc=0 spΔ=0
  [6] #defaultComparisonPrecision   RET   rcvr=0x30001b028 ret/top=0x6500000000000005 bailOp=0x00 argc=0 spΔ=0
  [7] #defaultComparisonPrecision   RET   rcvr=0x30001b028 ret/top=0x6500000000000005 bailOp=0x00 argc=0 spΔ=0
  [8] #arrayType                    RET   rcvr=0x3000178d0 ret/top=0x3000164b0 bailOp=0x00 argc=0 spΔ=0
  [9] #instanceVariablesToKeep      RET   rcvr=0xd0d098538 ret/top=0x3005a68b8 bailOp=0x00 argc=0 spΔ=0
  [10] #>=                           SEND  rcvr=0xd0d0a17a0 ret/top=0xd0d0a17a0 bailOp=0x64 argc=0 spΔ=2
  [11] #>                            SEND  rcvr=0x3038583d8 ret/top=0x3038583d8 bailOp=0x62 argc=0 spΔ=2
  [12] #handleNewProcess:            RET   rcvr=0x303875a68 ret/top=0x303875a68 bailOp=0x00 argc=0 spΔ=0
  [13] #max:                         RET   rcvr=0x29 ret/top=0x29 bailOp=0x00 argc=0 spΔ=0
  [14] #handleNewProcess:            RET   rcvr=0x303875a68 ret/top=0x303875a68 bailOp=0x00 argc=0 spΔ=0
  [15] #max:                         RET   rcvr=0x29 ret/top=0x29 bailOp=0x00 argc=0 spΔ=0
  [16] #resources                    RET   rcvr=0x301472fe0 ret/top=0x300261cf8 bailOp=0x00 argc=0 spΔ=0
  [17] #pi                           RET   rcvr=0x30001b028 ret/top=0x80921fb54442d185 bailOp=0x00 argc=0 spΔ=0
  [18] #defaultComparisonPrecision   RET   rcvr=0x30001b028 ret/top=0x6500000000000005 bailOp=0x00 argc=0 spΔ=0
  [19] #defaultComparisonPrecision   RET   rcvr=0x30001b028 ret/top=0x6500000000000005 bailOp=0x00 argc=0 spΔ=0
  [20] #defaultComparisonPrecision   RET   rcvr=0x30001b028 ret/top=0x6500000000000005 bailOp=0x00 argc=0 spΔ=0
  [21] #defaultComparisonPrecision   RET   rcvr=0x30001b028 ret/top=0x6500000000000005 bailOp=0x00 argc=0 spΔ=0
  [22] #defaultComparisonPrecision   RET   rcvr=0x30001b028 ret/top=0x6500000000000005 bailOp=0x00 argc=0 spΔ=0
  [23] #halfPi                       RET   rcvr=0x30001b028 ret/top=0x7f921fb54442d185 bailOp=0x00 argc=0 spΔ=0
  [24] #negated                      SEND  rcvr=0x7f921fb54442d185 ret/top=0x7f921fb54442d185 bailOp=0x68 argc=0 spΔ=2
  [25] #defaultComparisonPrecision   RET   rcvr=0x30001b028 ret/top=0x6500000000000005 bailOp=0x00 argc=0 spΔ=0
  [26] #defaultComparisonPrecision   RET   rcvr=0x30001b028 ret/top=0x6500000000000005 bailOp=0x00 argc=0 spΔ=0
  [27] #defaultComparisonPrecision   RET   rcvr=0x30001b028 ret/top=0x6500000000000005 bailOp=0x00 argc=0 spΔ=0
  [28] #defaultComparisonPrecision   RET   rcvr=0x30001b028 ret/top=0x6500000000000005 bailOp=0x00 argc=0 spΔ=0
  [29] #defaultComparisonPrecision   RET   rcvr=0x30001b028 ret/top=0x6500000000000005 bailOp=0x00 argc=0 spΔ=0
  [30] #arrayType                    RET   rcvr=0x3000178d0 ret/top=0x3000164b0 bailOp=0x00 argc=0 spΔ=0
  [31] #instanceVariablesToKeep      RET   rcvr=0xd0d0ae788 ret/top=0x3005a68b8 bailOp=0x00 argc=0 spΔ=0
[DNU] #8: #suspend not understood by rcvr=0x300000000 argCount=0 fd=2 in #suspend P80
[DNU]   rcvr cls=3075 fmt=0 class=nil
[DNU] 1MB-aligned check: rcvr=0x300000000 classAtIdx(3075).isNil=0 trap_env=0
[DNU-STACK] Full call stack for #suspend (DNU #9):
[DNU-STACK]   [0] SUnitRunner class>>runSingleTest:selector:timeout:priority:on:
[DNU-STACK]   [1] FullBlockClosure>>on:do:
[DNU-STACK]   [2] Process>>unwindTo:
[DNU-STACK]   [current] #suspend fd=2
[SISTA-RING] tag=suspend seq=51782 count=32:
  [0] #max:                         RET   rcvr=0x29 ret/top=0x29 bailOp=0x00 argc=0 spΔ=0
  [1] #resources                    RET   rcvr=0x301472fe0 ret/top=0x300261cf8 bailOp=0x00 argc=0 spΔ=0
  [2] #pi                           RET   rcvr=0x30001b028 ret/top=0x80921fb54442d185 bailOp=0x00 argc=0 spΔ=0
  [3] #defaultComparisonPrecision   RET   rcvr=0x30001b028 ret/top=0x6500000000000005 bailOp=0x00 argc=0 spΔ=0
  [4] #defaultComparisonPrecision   RET   rcvr=0x30001b028 ret/top=0x6500000000000005 bailOp=0x00 argc=0 spΔ=0
  [5] #defaultComparisonPrecision   RET   rcvr=0x30001b028 ret/top=0x6500000000000005 bailOp=0x00 argc=0 spΔ=0
  [6] #defaultComparisonPrecision   RET   rcvr=0x30001b028 ret/top=0x6500000000000005 bailOp=0x00 argc=0 spΔ=0
  [7] #defaultComparisonPrecision   RET   rcvr=0x30001b028 ret/top=0x6500000000000005 bailOp=0x00 argc=0 spΔ=0
  [8] #halfPi                       RET   rcvr=0x30001b028 ret/top=0x7f921fb54442d185 bailOp=0x00 argc=0 spΔ=0
  [9] #negated                      SEND  rcvr=0x7f921fb54442d185 ret/top=0x7f921fb54442d185 bailOp=0x68 argc=0 spΔ=2
  [10] #defaultComparisonPrecision   RET   rcvr=0x30001b028 ret/top=0x6500000000000005 bailOp=0x00 argc=0 spΔ=0
  [11] #defaultComparisonPrecision   RET   rcvr=0x30001b028 ret/top=0x6500000000000005 bailOp=0x00 argc=0 spΔ=0
  [12] #defaultComparisonPrecision   RET   rcvr=0x30001b028 ret/top=0x6500000000000005 bailOp=0x00 argc=0 spΔ=0
  [13] #defaultComparisonPrecision   RET   rcvr=0x30001b028 ret/top=0x6500000000000005 bailOp=0x00 argc=0 spΔ=0
  [14] #defaultComparisonPrecision   RET   rcvr=0x30001b028 ret/top=0x6500000000000005 bailOp=0x00 argc=0 spΔ=0
  [15] #arrayType                    RET   rcvr=0x3000178d0 ret/top=0x3000164b0 bailOp=0x00 argc=0 spΔ=0
  [16] #instanceVariablesToKeep      RET   rcvr=0xd0d0ae788 ret/top=0x3005a68b8 bailOp=0x00 argc=0 spΔ=0
  [17] #>=                           SEND  rcvr=0xd0d0b7b90 ret/top=0xd0d0b7b90 bailOp=0x64 argc=0 spΔ=2
  [18] #>                            SEND  rcvr=0x3038583d8 ret/top=0x3038583d8 bailOp=0x62 argc=0 spΔ=2
  [19] #handleNewProcess:            RET   rcvr=0x303875a68 ret/top=0x303875a68 bailOp=0x00 argc=0 spΔ=0
  [20] #max:                         RET   rcvr=0x29 ret/top=0x29 bailOp=0x00 argc=0 spΔ=0
  [21] #handleNewProcess:            RET   rcvr=0x303875a68 ret/top=0x303875a68 bailOp=0x00 argc=0 spΔ=0
  [22] #max:                         RET   rcvr=0x29 ret/top=0x29 bailOp=0x00 argc=0 spΔ=0
  [23] #resources                    RET   rcvr=0x301472fe0 ret/top=0x300261cf8 bailOp=0x00 argc=0 spΔ=0
  [24] #defaultComparisonPrecision   RET   rcvr=0x30001b028 ret/top=0x6500000000000005 bailOp=0x00 argc=0 spΔ=0
  [25] #defaultComparisonPrecision   RET   rcvr=0x30001b028 ret/top=0x6500000000000005 bailOp=0x00 argc=0 spΔ=0
  [26] #defaultComparisonPrecision   RET   rcvr=0x30001b028 ret/top=0x6500000000000005 bailOp=0x00 argc=0 spΔ=0
  [27] #defaultComparisonPrecision   RET   rcvr=0x30001b028 ret/top=0x6500000000000005 bailOp=0x00 argc=0 spΔ=0
  [28] #defaultComparisonPrecision   RET   rcvr=0x30001b028 ret/top=0x6500000000000005 bailOp=0x00 argc=0 spΔ=0
  [29] #arrayType                    RET   rcvr=0x3000178d0 ret/top=0x3000164b0 bailOp=0x00 argc=0 spΔ=0
  [30] #instanceVariablesToKeep      RET   rcvr=0xd0d0c4b78 ret/top=0x3005a68b8 bailOp=0x00 argc=0 spΔ=0
  [31] #instanceVariablesToKeep      RET   rcvr=0xd0d0c4b78 ret/top=0x3005a68b8 bailOp=0x00 argc=0 spΔ=0
[DNU] #9: #suspend not understood by rcvr=0x300000000 argCount=0 fd=2 in #suspend P80
[DNU]   rcvr cls=3075 fmt=0 class=nil
[DNU] 1MB-aligned check: rcvr=0x300000000 classAtIdx(3075).isNil=0 trap_env=0
[DNU-STACK] Full call stack for #suspend (DNU #10):
[DNU-STACK]   [0] SUnitRunner class>>runSingleTest:selector:timeout:priority:on:
[DNU-STACK]   [1] FullBlockClosure>>on:do:
[DNU-STACK]   [2] Process>>unwindTo:
[DNU-STACK]   [current] #suspend fd=2
[SISTA-RING] tag=suspend seq=51794 count=32:
  [0] #defaultComparisonPrecision   RET   rcvr=0x30001b028 ret/top=0x6500000000000005 bailOp=0x00 argc=0 spΔ=0
  [1] #defaultComparisonPrecision   RET   rcvr=0x30001b028 ret/top=0x6500000000000005 bailOp=0x00 argc=0 spΔ=0
  [2] #defaultComparisonPrecision   RET   rcvr=0x30001b028 ret/top=0x6500000000000005 bailOp=0x00 argc=0 spΔ=0
  [3] #arrayType                    RET   rcvr=0x3000178d0 ret/top=0x3000164b0 bailOp=0x00 argc=0 spΔ=0
  [4] #instanceVariablesToKeep      RET   rcvr=0xd0d0ae788 ret/top=0x3005a68b8 bailOp=0x00 argc=0 spΔ=0
  [5] #>=                           SEND  rcvr=0xd0d0b7b90 ret/top=0xd0d0b7b90 bailOp=0x64 argc=0 spΔ=2
  [6] #>                            SEND  rcvr=0x3038583d8 ret/top=0x3038583d8 bailOp=0x62 argc=0 spΔ=2
  [7] #handleNewProcess:            RET   rcvr=0x303875a68 ret/top=0x303875a68 bailOp=0x00 argc=0 spΔ=0
  [8] #max:                         RET   rcvr=0x29 ret/top=0x29 bailOp=0x00 argc=0 spΔ=0
  [9] #handleNewProcess:            RET   rcvr=0x303875a68 ret/top=0x303875a68 bailOp=0x00 argc=0 spΔ=0
  [10] #max:                         RET   rcvr=0x29 ret/top=0x29 bailOp=0x00 argc=0 spΔ=0
  [11] #resources                    RET   rcvr=0x301472fe0 ret/top=0x300261cf8 bailOp=0x00 argc=0 spΔ=0
  [12] #defaultComparisonPrecision   RET   rcvr=0x30001b028 ret/top=0x6500000000000005 bailOp=0x00 argc=0 spΔ=0
  [13] #defaultComparisonPrecision   RET   rcvr=0x30001b028 ret/top=0x6500000000000005 bailOp=0x00 argc=0 spΔ=0
  [14] #defaultComparisonPrecision   RET   rcvr=0x30001b028 ret/top=0x6500000000000005 bailOp=0x00 argc=0 spΔ=0
  [15] #defaultComparisonPrecision   RET   rcvr=0x30001b028 ret/top=0x6500000000000005 bailOp=0x00 argc=0 spΔ=0
  [16] #defaultComparisonPrecision   RET   rcvr=0x30001b028 ret/top=0x6500000000000005 bailOp=0x00 argc=0 spΔ=0
  [17] #arrayType                    RET   rcvr=0x3000178d0 ret/top=0x3000164b0 bailOp=0x00 argc=0 spΔ=0
  [18] #instanceVariablesToKeep      RET   rcvr=0xd0d0c4b78 ret/top=0x3005a68b8 bailOp=0x00 argc=0 spΔ=0
  [19] #instanceVariablesToKeep      RET   rcvr=0xd0d0c4b78 ret/top=0x3005a68b8 bailOp=0x00 argc=0 spΔ=0
  [20] #handleNewProcess:            RET   rcvr=0x303875a68 ret/top=0x303875a68 bailOp=0x00 argc=0 spΔ=0
  [21] #max:                         RET   rcvr=0x29 ret/top=0x29 bailOp=0x00 argc=0 spΔ=0
  [22] #handleNewProcess:            RET   rcvr=0x303875a68 ret/top=0x303875a68 bailOp=0x00 argc=0 spΔ=0
  [23] #max:                         RET   rcvr=0x29 ret/top=0x29 bailOp=0x00 argc=0 spΔ=0
  [24] #resources                    RET   rcvr=0x301472fe0 ret/top=0x300261cf8 bailOp=0x00 argc=0 spΔ=0
  [25] #defaultComparisonPrecision   RET   rcvr=0x30001b028 ret/top=0x6500000000000005 bailOp=0x00 argc=0 spΔ=0
  [26] #defaultComparisonPrecision   RET   rcvr=0x30001b028 ret/top=0x6500000000000005 bailOp=0x00 argc=0 spΔ=0
  [27] #defaultComparisonPrecision   RET   rcvr=0x30001b028 ret/top=0x6500000000000005 bailOp=0x00 argc=0 spΔ=0
  [28] #defaultComparisonPrecision   RET   rcvr=0x30001b028 ret/top=0x6500000000000005 bailOp=0x00 argc=0 spΔ=0
  [29] #defaultComparisonPrecision   RET   rcvr=0x30001b028 ret/top=0x6500000000000005 bailOp=0x00 argc=0 spΔ=0
  [30] #arrayType                    RET   rcvr=0x3000178d0 ret/top=0x3000164b0 bailOp=0x00 argc=0 spΔ=0
  [31] #instanceVariablesToKeep      RET   rcvr=0xd0d0da978 ret/top=0x3005a68b8 bailOp=0x00 argc=0 spΔ=0
[DNU] #10: #suspend not understood by rcvr=0x300000000 argCount=0 fd=2 in #suspend P80
[DNU]   rcvr cls=3075 fmt=0 class=nil
[DNU] 1MB-aligned check: rcvr=0x300000000 classAtIdx(3075).isNil=0 trap_env=0
[DNU] #11: #suspend not understood by rcvr=0x300000000 argCount=0 fd=2 in #suspend P80
[DNU]   rcvr cls=3075 fmt=0 class=nil
[DNU] 1MB-aligned check: rcvr=0x300000000 classAtIdx(3075).isNil=0 trap_env=0
[PREEMPT] P40→P60 (active=0xd0d0fbf60 → 0xd0d0fff10)
[asmjit-t1] code.code_size=7564 out of [1, 5632]
[asmjit-t1] code.code_size=7564 out of [1, 5632]
[asmjit-t1] code.code_size=19432 out of [1, 13312]
[asmjit-t1] code.code_size=12088 out of [1, 10752]
[asmjit-t1] code.code_size=13344 out of [1, 11264]
[asmjit-t1] code.code_size=3916 out of [1, 3584]
[asmjit-t1] code.code_size=3916 out of [1, 3584]
[DNU] #12: #suspend not understood by rcvr=0x300000000 argCount=0 fd=2 in #suspend P80
[DNU]   rcvr cls=3075 fmt=0 class=nil
[DNU] 1MB-aligned check: rcvr=0x300000000 classAtIdx(3075).isNil=0 trap_env=0
[DNU] #13: #suspend not understood by rcvr=0x300000000 argCount=0 fd=2 in #suspend P80
[DNU]   rcvr cls=3075 fmt=0 class=nil
[DNU] 1MB-aligned check: rcvr=0x300000000 classAtIdx(3075).isNil=0 trap_env=0
[DNU] #14: #suspend not understood by rcvr=0x300000000 argCount=0 fd=2 in #suspend P80
[DNU]   rcvr cls=3075 fmt=0 class=nil
[DNU] 1MB-aligned check: rcvr=0x300000000 classAtIdx(3075).isNil=0 trap_env=0
[PREEMPT] P40→P60 (active=0xd0d13c388 → 0xd0d140338)
[DNU] #15: #suspend not understood by rcvr=0x300000000 argCount=0 fd=2 in #suspend P80
[DNU]   rcvr cls=3075 fmt=0 class=nil
[DNU] 1MB-aligned check: rcvr=0x300000000 classAtIdx(3075).isNil=0 trap_env=0
[DNU] #16: #suspend not understood by rcvr=0x300000000 argCount=0 fd=2 in #suspend P80
[DNU]   rcvr cls=3075 fmt=0 class=nil
[DNU] 1MB-aligned check: rcvr=0x300000000 classAtIdx(3075).isNil=0 trap_env=0
[PREEMPT] P40→P60 (active=0xd0d181b90 → 0xd0d185ca8)
[asmjit-t1] code.code_size=7912 out of [1, 7680]
[JIT] Stats: 2621440 sends, 3487 compiled, 46962 failed, 14286/16384 KB code | IC: 274998/408479 (67% hit, 5149 patched, 0 stale) | J2J-r: 0/0 J2J-a: 186927/331237 J2J-d: 5998 J2J-s: 80887/219233 | map: 2084 tracked, 1190 hot
[PREEMPT] P40→P60 (active=0xd0d181b90 → 0xd0d185ca8)
[asmjit-t1] code.code_size=3916 out of [1, 3584]
[SISTA-INJECT-SPLICE-DIAG] send2BC=5 selIdx=1 verdict=REJECT reject=multi-block IR rejOp=return
[SISTA-INJECT-SPLICE-DIAG] send2BC=6 selIdx=2 verdict=REJECT reject=non-simple block op rejOp=send
[asmjit-t1] code.code_size=3912 out of [1, 3584]
[asmjit-t1] code.code_size=8824 out of [1, 7168]
[JIT] Stats: 2686976 sends, 3667 compiled, 48268 failed, 14962/16384 KB code | IC: 281546/419290 (67% hit, 6032 patched, 0 stale) | J2J-r: 0/0 J2J-a: 192488/341402 J2J-d: 6750 J2J-s: 83607/226092 | map: 3263 tracked, 2048 hot
[SISTA-SELECT-CAND] pfbBC=1 send1BC=4 selIdx=1 litIdx=0 slot=0
[SISTA-SELECT-EMIT] bc=1 slot=0 vid=1
[JIT] Stats: 2752512 sends, 3717 compiled, 49774 failed, 15161/16384 KB code | IC: 290823/433463 (67% hit, 6235 patched, 0 stale) | J2J-r: 0/0 J2J-a: 198968/354196 J2J-d: 6911 J2J-s: 86680/235348 | map: 3412 tracked, 2179 hot
[asmjit-t1] code.code_size=4716 out of [1, 4096]
[JIT] Stats: 2818048 sends, 3745 compiled, 51132 failed, 15318/16384 KB code | IC: 300571/448120 (67% hit, 6403 patched, 0 stale) | J2J-r: 0/0 J2J-a: 206227/367228 J2J-d: 7056 J2J-s: 90591/244857 | map: 3562 tracked, 2335 hot
[SISTA-SELECT-CAND] pfbBC=10 send1BC=13 selIdx=4 litIdx=3 slot=0
[SISTA-SELECT-CAND] pfbBC=2 send1BC=5 selIdx=2 litIdx=1 slot=0
[asmjit-t1] code.code_size=7856 out of [1, 7680]
[asmjit-t1] code.code_size=16100 out of [1, 13824]
[asmjit-t1] code.code_size=3908 out of [1, 3584]
[JIT] Stats: 2883584 sends, 3821 compiled, 52626 failed, 15699/16384 KB code | IC: 307166/459413 (66% hit, 6772 patched, 0 stale) | J2J-r: 0/0 J2J-a: 211624/377342 J2J-d: 7380 J2J-s: 92957/251582 | map: 3786 tracked, 2755 hot
[JIT] Stats: 2949120 sends, 3832 compiled, 53750 failed, 15748/16384 KB code | IC: 314259/471466 (66% hit, 6888 patched, 0 stale) | J2J-r: 0/0 J2J-a: 218290/388149 J2J-d: 7527 J2J-s: 95901/258362 | map: 3841 tracked, 2922 hot
[asmjit-t1] code.code_size=3908 out of [1, 3584]
[asmjit-t1] code.code_size=4708 out of [1, 4096]
[asmjit-t1] code.code_size=5776 out of [1, 5632]
[asmjit-t1] code.code_size=8868 out of [1, 8192]
[asmjit-t1] code.code_size=3912 out of [1, 3584]
[asmjit-t1] code.code_size=11524 out of [1, 10752]
[asmjit-t1] code.code_size=16836 out of [1, 12288]
[asmjit-t1] code.code_size=5736 out of [1, 5120]
[JIT] Stats: 3014656 sends, 3976 compiled, 54319 failed, 16324/16384 KB code | IC: 320626/481361 (66% hit, 7713 patched, 0 stale) | J2J-r: 0/0 J2J-a: 223509/397567 J2J-d: 8132 J2J-s: 98881/265066 | map: 3891 tracked, 3004 hot
[asmjit-t1] code.code_size=4716 out of [1, 4096]
[asmjit-t1] code.code_size=5776 out of [1, 5632]
[JIT] Stats: 3080192 sends, 3991 compiled, 55428 failed, 16383/16384 KB code | IC: 326859/491937 (66% hit, 9217 patched, 0 stale) | J2J-r: 0/0 J2J-a: 228882/407369 J2J-d: 9266 J2J-s: 101756/271905 | map: 3965 tracked, 3071 hot
[asmjit-t1] code.code_size=3912 out of [1, 3584]
[JIT] Stats: 3145728 sends, 3991 compiled, 56755 failed, 16383/16384 KB code | IC: 333027/502470 (66% hit, 10685 patched, 0 stale) | J2J-r: 0/0 J2J-a: 233902/416952 J2J-d: 10328 J2J-s: 104393/278652 | map: 4031 tracked, 3106 hot
[DNU] #17: #suspend not understood by rcvr=0x300000000 argCount=0 fd=2 in #suspend P80
[DNU]   rcvr cls=3075 fmt=0 class=nil
[DNU] 1MB-aligned check: rcvr=0x300000000 classAtIdx(3075).isNil=0 trap_env=0
[DNU] #18: #suspend not understood by rcvr=0x300000000 argCount=0 fd=2 in #suspend P80
[DNU]   rcvr cls=3075 fmt=0 class=nil
[DNU] 1MB-aligned check: rcvr=0x300000000 classAtIdx(3075).isNil=0 trap_env=0
[JIT] Stats: 3211264 sends, 3991 compiled, 58603 failed, 16383/16384 KB code | IC: 339770/513245 (66% hit, 11671 patched, 0 stale) | J2J-r: 0/0 J2J-a: 238726/426743 J2J-d: 11261 J2J-s: 106949/285797 | map: 4048 tracked, 3127 hot
[asmjit-t1] code.code_size=3908 out of [1, 3584]
[asmjit-t1] code.code_size=38820 out of [1, 35840]
[DNU] #19: #suspend not understood by rcvr=0x300000000 argCount=0 fd=2 in #suspend P80
[DNU]   rcvr cls=3075 fmt=0 class=nil
[DNU] 1MB-aligned check: rcvr=0x300000000 classAtIdx(3075).isNil=0 trap_env=0
[JIT] Stats: 3276800 sends, 3991 compiled, 60537 failed, 16383/16384 KB code | IC: 346243/523819 (66% hit, 12952 patched, 0 stale) | J2J-r: 0/0 J2J-a: 243863/436546 J2J-d: 12381 J2J-s: 109578/292682 | map: 4068 tracked, 3141 hot
[JIT] Stats: 3342336 sends, 3991 compiled, 61926 failed, 16383/16384 KB code | IC: 352703/534173 (66% hit, 14081 patched, 0 stale) | J2J-r: 0/0 J2J-a: 249137/446219 J2J-d: 13221 J2J-s: 112544/299580 | map: 4071 tracked, 3142 hot
[DNU] #20: #suspend not understood by rcvr=0x300000000 argCount=0 fd=2 in #suspend P80
[DNU]   rcvr cls=3075 fmt=0 class=nil
[DNU] 1MB-aligned check: rcvr=0x300000000 classAtIdx(3075).isNil=0 trap_env=0
[DNU] #21: #suspend not understood by rcvr=0x300000000 argCount=0 fd=2 in #suspend P80
[DNU]   rcvr cls=3075 fmt=0 class=nil
[DNU] 1MB-aligned check: rcvr=0x300000000 classAtIdx(3075).isNil=0 trap_env=0
[DNU] #22: #suspend not understood by rcvr=0x300000000 argCount=0 fd=2 in #suspend P80
[DNU]   rcvr cls=3075 fmt=0 class=nil
[DNU] 1MB-aligned check: rcvr=0x300000000 classAtIdx(3075).isNil=0 trap_env=0
[DNU] #23: #suspend not understood by rcvr=0x300000000 argCount=0 fd=2 in #suspend P80
[DNU]   rcvr cls=3075 fmt=0 class=nil
[DNU] 1MB-aligned check: rcvr=0x300000000 classAtIdx(3075).isNil=0 trap_env=0
[asmjit-t1] code.code_size=39636 out of [1, 35840]
[DNU] #24: #suspend not understood by rcvr=0x300000000 argCount=0 fd=2 in #suspend P80
[DNU]   rcvr cls=3075 fmt=0 class=nil
[DNU] 1MB-aligned check: rcvr=0x300000000 classAtIdx(3075).isNil=0 trap_env=0
[DNU] #25: #suspend not understood by rcvr=0x300000000 argCount=0 fd=2 in #suspend P80
[DNU]   rcvr cls=3075 fmt=0 class=nil
[DNU] 1MB-aligned check: rcvr=0x300000000 classAtIdx(3075).isNil=0 trap_env=0
[DNU] #26: #suspend not understood by rcvr=0x300000000 argCount=0 fd=2 in #suspend P80
[DNU]   rcvr cls=3075 fmt=0 class=nil
[DNU] 1MB-aligned check: rcvr=0x300000000 classAtIdx(3075).isNil=0 trap_env=0
[DNU] #27: #suspend not understood by rcvr=0x300000000 argCount=0 fd=2 in #suspend P80
[DNU]   rcvr cls=3075 fmt=0 class=nil
[DNU] 1MB-aligned check: rcvr=0x300000000 classAtIdx(3075).isNil=0 trap_env=0
[DNU] #28: #suspend not understood by rcvr=0x300000000 argCount=0 fd=2 in #suspend P80
[DNU]   rcvr cls=3075 fmt=0 class=nil
[DNU] 1MB-aligned check: rcvr=0x300000000 classAtIdx(3075).isNil=0 trap_env=0
[DNU] #29: #suspend not understood by rcvr=0x300000000 argCount=0 fd=2 in #suspend P80
[DNU]   rcvr cls=3075 fmt=0 class=nil
[DNU] 1MB-aligned check: rcvr=0x300000000 classAtIdx(3075).isNil=0 trap_env=0
[DNU] #30: #suspend not understood by rcvr=0x300000000 argCount=0 fd=2 in #suspend P80
[DNU]   rcvr cls=3075 fmt=0 class=nil
[DNU] 1MB-aligned check: rcvr=0x300000000 classAtIdx(3075).isNil=0 trap_env=0
[asmjit-t1] code.code_size=60628 out of [1, 51712]
[asmjit-t1] code.code_size=13344 out of [1, 11264]
[DNU] #31: #suspend not understood by rcvr=0x300000000 argCount=0 fd=2 in #suspend P80
[DNU]   rcvr cls=3075 fmt=0 class=nil
[DNU] 1MB-aligned check: rcvr=0x300000000 classAtIdx(3075).isNil=0 trap_env=0
[DNU] #32: #suspend not understood by rcvr=0x300000000 argCount=0 fd=2 in #suspend P80
[DNU]   rcvr cls=3075 fmt=0 class=nil
[DNU] 1MB-aligned check: rcvr=0x300000000 classAtIdx(3075).isNil=0 trap_env=0
[DNU] #33: #suspend not understood by rcvr=0x300000000 argCount=0 fd=2 in #suspend P80
[DNU]   rcvr cls=3075 fmt=0 class=nil
[DNU] 1MB-aligned check: rcvr=0x300000000 classAtIdx(3075).isNil=0 trap_env=0
[DNU] #34: #suspend not understood by rcvr=0x300000000 argCount=0 fd=2 in #suspend P80
[DNU]   rcvr cls=3075 fmt=0 class=nil
[DNU] 1MB-aligned check: rcvr=0x300000000 classAtIdx(3075).isNil=0 trap_env=0
[JIT] Stats: 3407872 sends, 3991 compiled, 63952 failed, 16383/16384 KB code | IC: 360787/544408 (66% hit, 14454 patched, 0 stale) | J2J-r: 0/0 J2J-a: 253715/455481 J2J-d: 13474 J2J-s: 115601/307118 | map: 4083 tracked, 3172 hot
[asmjit-t1] code.code_size=3108 out of [1, 3072]
[JIT] Stats: 3473408 sends, 3991 compiled, 65594 failed, 16383/16384 KB code | IC: 367301/554807 (66% hit, 15437 patched, 0 stale) | J2J-r: 0/0 J2J-a: 258540/465006 J2J-d: 14290 J2J-s: 118260/314066 | map: 4109 tracked, 3223 hot
[JIT] Stats: 3538944 sends, 3991 compiled, 67795 failed, 16383/16384 KB code | IC: 373437/565311 (66% hit, 16789 patched, 0 stale) | J2J-r: 0/0 J2J-a: 263746/474495 J2J-d: 15297 J2J-s: 120889/320557 | map: 4159 tracked, 3233 hot
[JIT] Stats: 3604480 sends, 3991 compiled, 69616 failed, 16383/16384 KB code | IC: 380016/575673 (66% hit, 17830 patched, 0 stale) | J2J-r: 0/0 J2J-a: 268874/484164 J2J-d: 16061 J2J-s: 123728/327452 | map: 4171 tracked, 3236 hot
[SISTA-INJECT-SPLICE-DIAG] send2BC=5 selIdx=1 verdict=REJECT reject=multi-block IR rejOp=return
[SISTA-INJECT-SPLICE-DIAG] send2BC=6 selIdx=2 verdict=REJECT reject=non-simple block op rejOp=send
[asmjit-t1] code.code_size=3916 out of [1, 3584]
[asmjit-t1] code.code_size=3916 out of [1, 3584]
[asmjit-t1] code.code_size=3916 out of [1, 3584]
[JIT] Stats: 3670016 sends, 3991 compiled, 71394 failed, 16383/16384 KB code | IC: 386226/586200 (65% hit, 19370 patched, 0 stale) | J2J-r: 0/0 J2J-a: 274133/493882 J2J-d: 17181 J2J-s: 126597/334294 | map: 2670 tracked, 1798 hot
[DNU] #35: #suspend not understood by rcvr=0x300000000 argCount=0 fd=2 in #suspend P80
[DNU]   rcvr cls=3075 fmt=0 class=nil
[DNU] 1MB-aligned check: rcvr=0x300000000 classAtIdx(3075).isNil=0 trap_env=0
[asmjit-t1] code.code_size=3696 out of [1, 3584]
[asmjit-t1] code.code_size=3696 out of [1, 3584]
[DNU] #36: #suspend not understood by rcvr=0x300000000 argCount=0 fd=2 in #suspend P80
[DNU]   rcvr cls=3075 fmt=0 class=nil
[DNU] 1MB-aligned check: rcvr=0x300000000 classAtIdx(3075).isNil=0 trap_env=0
[DNU] #37: #suspend not understood by rcvr=0x300000000 argCount=0 fd=2 in #suspend P80
[DNU]   rcvr cls=3075 fmt=0 class=nil
[DNU] 1MB-aligned check: rcvr=0x300000000 classAtIdx(3075).isNil=0 trap_env=0
[DNU] #38: #suspend not understood by rcvr=0x300000000 argCount=0 fd=2 in #suspend P80
[DNU]   rcvr cls=3075 fmt=0 class=nil
[DNU] 1MB-aligned check: rcvr=0x300000000 classAtIdx(3075).isNil=0 trap_env=0
[JIT] Stats: 3735552 sends, 3991 compiled, 73209 failed, 16383/16384 KB code | IC: 393270/596783 (65% hit, 20319 patched, 0 stale) | J2J-r: 0/0 J2J-a: 279355/503736 J2J-d: 17875 J2J-s: 129745/341601 | map: 2883 tracked, 2040 hot
[asmjit-t1] code.code_size=23108 out of [1, 23040]
[MUSTBOOL] #2 fd=2 value_class=Dictionary value=0xd0d34db48 in=#emitReturn:resultTempVar:context:inCallout: rcv_class=FFIExternalObjectType method=0x300978d78 numLits=21 ipOff=58
[MUSTBOOL] method header=0x80000000208000a9 slotCount=33 method_class=CompiledMethod method_format=28 method_classIdx=3101
[MUSTBOOL]   slot[0]=0x80000000208000a9
[MUSTBOOL]   slot[1]=0x300989928 class=3085 format=23 bytes="tmpResult"
[MUSTBOOL]   slot[2]=0x3000844b8 class=3085 format=16 bytes="addTemp:"
[MUSTBOOL]   slot[3]=0x3000844c8 class=3085 format=22 bytes="storeTemp:"
[MUSTBOOL]   slot[4]=0x3000844e0 class=3085 format=18 bytes="popTop"
[MUSTBOOL]   slot[5]=0x300961428 class=3085 format=21 bytes="objectClass"
[MUSTBOOL]   slot[6]=0x300050088 class=3085 format=17 bytes="binding"
[MUSTBOOL]   slot[7]=0x300054aa8 class=3085 format=20 bytes="pushLiteralVariable:"
[MUSTBOOL]   slot[8]=0x300050800 class=3085 format=16 bytes="basicNew"
[MUSTBOOL]   slot[9]=0x300084520 class=3085 format=19 bytes="send:"
[MUSTBOOL]   slot[10]=0x300084508 class=3085 format=23 bytes="pushTemp:"
[MUSTBOOL]   slot[11]=0x300961498 class=3085 format=20 bytes="instanceVariableName"
[MUSTBOOL]   slot[12]=0x300989940 class=3117 format=28
[MUSTBOOL]   slot[13]=0x300066a80 class=3085 format=23 bytes="instVarIndexFor:ifAbsent:"
[MUSTBOOL]   slot[14]=0x3000844f0 class=3085 format=20 bytes="pushLiteral:"
[MUSTBOOL]   slot[15]=0x3000548b8 class=3085 format=18 bytes="instVarAt:put:"
[MUSTBOOL] bytecodes near ipOff=58: 98 d8 83 d8 43 8f ef 0b 40 53 20 99 d8
[MUSTBOOL] full bytecodes (83):
    0: 40 53 20 91 d8 53 41 92 d8 53 83 d8 53 4c 84 85 96 d8 53 27 98 d8 53 20 92 d8 53 83 d8 53 20 99
   32: d8 53 4c 84 4c 8a f9 0b 00 ac 9d d8 53 41 99 d8 53 2e 98 d8 83 d8 43 8f ef 0b 40 53 20 99 d8 53
   64: 30 98 d8 83 b0 4f d8 40 53 20 99 d8 ea 88 5c 00 01 15 f5
[MUSTBOOL] receiver slotCount=3 class=FFIExternalObjectType
[MUSTBOOL]   recv.slot[0]=0x9 (SmI(1))
[MUSTBOOL]   recv.slot[1]=0x300000000 (nil)
[MUSTBOOL]   recv.slot[2]=0x3012c83f0 (?)
[MUSTBOOL] stack: sp=0xd11b0e9c8 fp=0xd11b0e998 depth=2
[MUSTBOOL]   sp[-3]=0xd0d346df0 (Context)
[MUSTBOOL]   sp[-2]=0xd0d34db08 (FFICallout)
[MUSTBOOL]   sp[-1]=0xd0d34db48 (Dictionary)
[MUSTBOOL]   sp[0]=0xd0d368b70 (OCIRBuilder)
[MUSTBOOL]   sp[1]=0xd0d3e26e0 (OCIRPop)
[MUSTBOOL]   recent[0] TFCalloutMethodBuilder>>generateFFICallout:spec:ffiLibrary:
[MUSTBOOL]   recent[1] FFITypeDeclaration>>emitReturn:resultTempVar:context:inCallout:
[asmjit-t1] code.code_size=3912 out of [1, 3584]
[asmjit-t1] code.code_size=10524 out of [1, 10240]
[SISTA-SELECT-CAND] pfbBC=1 send1BC=4 selIdx=1 litIdx=0 slot=0
[SISTA-SELECT-EMIT] bc=1 slot=0 vid=1
[JIT] Stats: 3801088 sends, 3991 compiled, 75391 failed, 16383/16384 KB code | IC: 401244/608816 (65% hit, 20937 patched, 0 stale) | J2J-r: 0/0 J2J-a: 284858/514649 J2J-d: 18406 J2J-s: 132609/349312 | map: 3436 tracked, 2405 hot
[asmjit-t1] code.code_size=12492 out of [1, 12288]
[JIT] Stats: 3866624 sends, 3991 compiled, 76353 failed, 16383/16384 KB code | IC: 403845/616311 (65% hit, 20947 patched, 0 stale) | J2J-r: 0/0 J2J-a: 287408/519702 J2J-d: 18407 J2J-s: 132663/351866 | map: 3448 tracked, 2408 hot
[JIT] Stats: 3932160 sends, 3991 compiled, 77769 failed, 16383/16384 KB code | IC: 406437/623805 (65% hit, 20947 patched, 0 stale) | J2J-r: 0/0 J2J-a: 289955/524745 J2J-d: 18407 J2J-s: 132711/354410 | map: 3448 tracked, 2408 hot
[JIT] Stats: 3997696 sends, 3991 compiled, 79212 failed, 16383/16384 KB code | IC: 409043/631289 (64% hit, 20949 patched, 0 stale) | J2J-r: 0/0 J2J-a: 292505/529791 J2J-d: 18407 J2J-s: 132765/356960 | map: 3448 tracked, 2408 hot
[JIT] Stats: 4063232 sends, 3991 compiled, 80654 failed, 16383/16384 KB code | IC: 411647/638769 (64% hit, 20949 patched, 0 stale) | J2J-r: 0/0 J2J-a: 295041/534833 J2J-d: 18407 J2J-s: 132807/359508 | map: 3448 tracked, 2408 hot
[JIT] Stats: 4128768 sends, 3991 compiled, 82081 failed, 16383/16384 KB code | IC: 414241/646239 (64% hit, 20949 patched, 0 stale) | J2J-r: 0/0 J2J-a: 297585/539866 J2J-d: 18407 J2J-s: 132860/362050 | map: 3448 tracked, 2408 hot
[JIT] Stats: 4194304 sends, 3991 compiled, 83529 failed, 16383/16384 KB code | IC: 416857/653754 (63% hit, 20949 patched, 0 stale) | J2J-r: 0/0 J2J-a: 300142/544932 J2J-d: 18407 J2J-s: 132911/364610 | map: 3448 tracked, 2408 hot
[JIT] Stats: 4259840 sends, 3991 compiled, 84984 failed, 16383/16384 KB code | IC: 419477/661270 (63% hit, 20949 patched, 0 stale) | J2J-r: 0/0 J2J-a: 302700/550000 J2J-d: 18407 J2J-s: 132963/367172 | map: 3448 tracked, 2408 hot
[JIT] Stats: 4325376 sends, 3991 compiled, 86406 failed, 16383/16384 KB code | IC: 422071/668755 (63% hit, 20949 patched, 0 stale) | J2J-r: 0/0 J2J-a: 305222/555041 J2J-d: 18407 J2J-s: 132988/369716 | map: 3448 tracked, 2408 hot
[JIT] Stats: 4390912 sends, 3991 compiled, 87709 failed, 16383/16384 KB code | IC: 425339/676311 (62% hit, 20950 patched, 0 stale) | J2J-r: 0/0 J2J-a: 307614/560454 J2J-d: 18407 J2J-s: 133016/372765 | map: 3450 tracked, 2410 hot
[JIT] Stats: 4456448 sends, 3991 compiled, 88587 failed, 16383/16384 KB code | IC: 433033/684005 (63% hit, 20950 patched, 0 stale) | J2J-r: 0/0 J2J-a: 308534/568149 J2J-d: 18407 J2J-s: 133046/379570 | map: 3450 tracked, 2410 hot
[JIT] Stats: 4521984 sends, 3991 compiled, 89621 failed, 16383/16384 KB code | IC: 440674/691646 (63% hit, 20950 patched, 0 stale) | J2J-r: 0/0 J2J-a: 309298/575790 J2J-d: 18407 J2J-s: 133079/386480 | map: 3450 tracked, 2410 hot
[JIT] Stats: 4587520 sends, 3991 compiled, 90852 failed, 16383/16384 KB code | IC: 448391/699363 (64% hit, 20950 patched, 0 stale) | J2J-r: 0/0 J2J-a: 310244/583507 J2J-d: 18407 J2J-s: 133115/393287 | map: 3450 tracked, 2410 hot
[JIT] Stats: 4653056 sends, 3991 compiled, 91493 failed, 16383/16384 KB code | IC: 455876/706848 (64% hit, 20950 patched, 0 stale) | J2J-r: 0/0 J2J-a: 310650/590992 J2J-d: 18407 J2J-s: 133140/400391 | map: 3450 tracked, 2410 hot
[JIT] Stats: 4718592 sends, 3991 compiled, 92717 failed, 16383/16384 KB code | IC: 463592/714564 (64% hit, 20950 patched, 0 stale) | J2J-r: 0/0 J2J-a: 311584/598708 J2J-d: 18407 J2J-s: 133177/407210 | map: 3450 tracked, 2410 hot
[JIT] Stats: 4784128 sends, 3991 compiled, 93735 failed, 16383/16384 KB code | IC: 471225/722197 (65% hit, 20950 patched, 0 stale) | J2J-r: 0/0 J2J-a: 312342/606341 J2J-d: 18407 J2J-s: 133208/414116 | map: 3450 tracked, 2410 hot
[JIT] Stats: 4849664 sends, 3991 compiled, 95025 failed, 16383/16384 KB code | IC: 478965/729937 (65% hit, 20950 patched, 0 stale) | J2J-r: 0/0 J2J-a: 313339/614081 J2J-d: 18407 J2J-s: 133246/420897 | map: 3450 tracked, 2410 hot
[JIT] Stats: 4915200 sends, 3991 compiled, 95403 failed, 16383/16384 KB code | IC: 486349/737321 (65% hit, 20950 patched, 0 stale) | J2J-r: 0/0 J2J-a: 313511/621464 J2J-d: 18407 J2J-s: 133265/428127 | map: 3450 tracked, 2410 hot
[JIT] Stats: 4980736 sends, 3991 compiled, 96198 failed, 16383/16384 KB code | IC: 493895/744867 (66% hit, 20950 patched, 0 stale) | J2J-r: 0/0 J2J-a: 314053/629011 J2J-d: 18407 J2J-s: 133294/435161 | map: 3450 tracked, 2410 hot
[JIT] Stats: 5046272 sends, 3991 compiled, 97459 failed, 16383/16384 KB code | IC: 501620/752592 (66% hit, 20950 patched, 0 stale) | J2J-r: 0/0 J2J-a: 315030/636736 J2J-d: 18407 J2J-s: 133330/441945 | map: 3450 tracked, 2410 hot
[JIT] Stats: 5111808 sends, 3991 compiled, 98487 failed, 16383/16384 KB code | IC: 509256/760228 (66% hit, 20950 patched, 0 stale) | J2J-r: 0/0 J2J-a: 315791/644372 J2J-d: 18407 J2J-s: 133362/448852 | map: 3450 tracked, 2410 hot
[JIT] Stats: 5177344 sends, 3991 compiled, 99521 failed, 16383/16384 KB code | IC: 516895/767867 (67% hit, 20950 patched, 0 stale) | J2J-r: 0/0 J2J-a: 316557/652011 J2J-d: 18407 J2J-s: 133395/455758 | map: 3450 tracked, 2410 hot
[JIT] Stats: 5242880 sends, 3991 compiled, 100339 failed, 16383/16384 KB code | IC: 524450/775422 (67% hit, 20950 patched, 0 stale) | J2J-r: 0/0 J2J-a: 317133/659566 J2J-d: 18407 J2J-s: 133422/462764 | map: 3450 tracked, 2410 hot
[JIT] Stats: 5308416 sends, 3991 compiled, 101563 failed, 16383/16384 KB code | IC: 532163/783135 (67% hit, 20950 patched, 0 stale) | J2J-r: 0/0 J2J-a: 318072/667279 J2J-d: 18407 J2J-s: 133458/469574 | map: 3450 tracked, 2410 hot
[JIT] Stats: 5373952 sends, 3991 compiled, 102598 failed, 16383/16384 KB code | IC: 539802/790774 (68% hit, 20950 patched, 0 stale) | J2J-r: 0/0 J2J-a: 318836/674918 J2J-d: 18407 J2J-s: 133491/476482 | map: 3450 tracked, 2410 hot
[JIT] Stats: 5439488 sends, 3991 compiled, 103626 failed, 16383/16384 KB code | IC: 547441/798413 (68% hit, 20950 patched, 0 stale) | J2J-r: 0/0 J2J-a: 319598/682556 J2J-d: 18407 J2J-s: 133523/483390 | map: 3450 tracked, 2410 hot
[JIT] Stats: 5505024 sends, 3991 compiled, 103893 failed, 16383/16384 KB code | IC: 554778/805750 (68% hit, 20950 patched, 0 stale) | J2J-r: 0/0 J2J-a: 319657/689894 J2J-d: 18407 J2J-s: 133542/490688 | map: 3450 tracked, 2410 hot
[JIT] Stats: 5570560 sends, 3991 compiled, 104143 failed, 16383/16384 KB code | IC: 562110/813082 (69% hit, 20950 patched, 0 stale) | J2J-r: 0/0 J2J-a: 319709/697226 J2J-d: 18407 J2J-s: 133559/497985 | map: 3450 tracked, 2410 hot
[JIT] Stats: 5636096 sends, 3991 compiled, 104637 failed, 16383/16384 KB code | IC: 569533/820507 (69% hit, 20950 patched, 0 stale) | J2J-r: 0/0 J2J-a: 320305/704650 J2J-d: 18407 J2J-s: 133902/505156 | map: 3451 tracked, 2412 hot
[JIT] Stats: 5701632 sends, 3991 compiled, 104855 failed, 16383/16384 KB code | IC: 576720/827695 (69% hit, 20950 patched, 0 stale) | J2J-r: 0/0 J2J-a: 323899/711838 J2J-d: 18407 J2J-s: 137455/512303 | map: 3451 tracked, 2412 hot
[JIT] Stats: 5767168 sends, 3991 compiled, 105076 failed, 16383/16384 KB code | IC: 583950/834933 (69% hit, 20950 patched, 0 stale) | J2J-r: 0/0 J2J-a: 327518/719071 J2J-d: 18407 J2J-s: 141030/519492 | map: 3451 tracked, 2412 hot
[JIT] Stats: 5832704 sends, 3991 compiled, 105408 failed, 16383/16384 KB code | IC: 590545/842733 (70% hit, 20979 patched, 0 stale) | J2J-r: 0/0 J2J-a: 331435/726280 J2J-d: 18420 J2J-s: 144299/526053 | map: 1910 tracked, 1056 hot
[JIT] Stats: 5898240 sends, 3991 compiled, 112102 failed, 16383/16384 KB code | IC: 590741/855854 (69% hit, 20979 patched, 0 stale) | J2J-r: 0/0 J2J-a: 338007/732939 J2J-d: 18420 J2J-s: 144350/526191 | map: 1910 tracked, 1056 hot
[JIT] Stats: 5963776 sends, 3991 compiled, 115882 failed, 16383/16384 KB code | IC: 595771/868048 (68% hit, 20983 patched, 0 stale) | J2J-r: 0/0 J2J-a: 346544/741553 J2J-d: 18423 J2J-s: 149256/531174 | map: 1920 tracked, 1057 hot
[JIT] Stats: 6029312 sends, 3991 compiled, 116066 failed, 16383/16384 KB code | IC: 608888/881165 (69% hit, 20983 patched, 0 stale) | J2J-r: 0/0 J2J-a: 359592/754670 J2J-d: 18423 J2J-s: 162258/544245 | map: 1920 tracked, 1057 hot
[JIT] Stats: 6094848 sends, 3991 compiled, 131122 failed, 16383/16384 KB code | IC: 623535/897764 (69% hit, 21012 patched, 0 stale) | J2J-r: 0/0 J2J-a: 373931/771058 J2J-d: 18438 J2J-s: 169953/553858 | map: 1950 tracked, 1092 hot
[JIT] Stats: 6160384 sends, 3991 compiled, 151814 failed, 16383/16384 KB code | IC: 638609/915027 (69% hit, 21017 patched, 0 stale) | J2J-r: 0/0 J2J-a: 388492/788136 J2J-d: 18444 J2J-s: 176427/562732 | map: 1951 tracked, 1092 hot
[JIT] Stats: 6225920 sends, 3991 compiled, 172703 failed, 16383/16384 KB code | IC: 652848/932421 (70% hit, 21017 patched, 0 stale) | J2J-r: 0/0 J2J-a: 403269/805342 J2J-d: 18444 J2J-s: 182638/571248 | map: 1951 tracked, 1092 hot
[JIT] Stats: 6291456 sends, 3991 compiled, 196723 failed, 16383/16384 KB code | IC: 666869/951788 (70% hit, 21018 patched, 0 stale) | J2J-r: 0/0 J2J-a: 420202/824498 J2J-d: 18444 J2J-s: 188625/579342 | map: 1953 tracked, 1093 hot
[JIT] Stats: 6356992 sends, 3991 compiled, 218866 failed, 16383/16384 KB code | IC: 681937/969535 (70% hit, 21020 patched, 0 stale) | J2J-r: 0/0 J2J-a: 435278/842086 J2J-d: 18448 J2J-s: 195083/588214 | map: 1953 tracked, 1093 hot
[JIT] Stats: 6422528 sends, 3991 compiled, 241502 failed, 16383/16384 KB code | IC: 697707/987083 (70% hit, 21021 patched, 0 stale) | J2J-r: 0/0 J2J-a: 450239/859406 J2J-d: 18448 J2J-s: 201618/596969 | map: 1953 tracked, 1093 hot
[JIT] Stats: 6488064 sends, 3991 compiled, 264517 failed, 16383/16384 KB code | IC: 713632/1005301 (70% hit, 21021 patched, 0 stale) | J2J-r: 0/0 J2J-a: 465850/877430 J2J-d: 18448 J2J-s: 208665/606303 | map: 1953 tracked, 1093 hot
[JIT] Stats: 6553600 sends, 3991 compiled, 285263 failed, 16383/16384 KB code | IC: 728621/1022233 (71% hit, 21022 patched, 0 stale) | J2J-r: 0/0 J2J-a: 479681/893985 J2J-d: 18449 J2J-s: 214972/615101 | map: 1953 tracked, 1093 hot
[JIT] Stats: 6619136 sends, 3991 compiled, 306335 failed, 16383/16384 KB code | IC: 743846/1039433 (71% hit, 21022 patched, 0 stale) | J2J-r: 0/0 J2J-a: 493808/910780 J2J-d: 18449 J2J-s: 221505/624046 | map: 1953 tracked, 1093 hot
[JIT] Stats: 6684672 sends, 3991 compiled, 326609 failed, 16383/16384 KB code | IC: 758683/1056112 (71% hit, 21022 patched, 0 stale) | J2J-r: 0/0 J2J-a: 507385/927116 J2J-d: 18449 J2J-s: 227800/632888 | map: 1953 tracked, 1093 hot
[JIT] Stats: 6750208 sends, 3991 compiled, 346966 failed, 16383/16384 KB code | IC: 773660/1072818 (72% hit, 21022 patched, 0 stale) | J2J-r: 0/0 J2J-a: 520928/943423 J2J-d: 18449 J2J-s: 234095/641681 | map: 1953 tracked, 1093 hot
[JIT] Stats: 6815744 sends, 3991 compiled, 367059 failed, 16383/16384 KB code | IC: 787917/1089420 (72% hit, 21022 patched, 0 stale) | J2J-r: 0/0 J2J-a: 534366/959634 J2J-d: 18449 J2J-s: 239956/650099 | map: 1953 tracked, 1093 hot
[JIT] Stats: 6881280 sends, 3991 compiled, 390428 failed, 16383/16384 KB code | IC: 803592/1107337 (72% hit, 21022 patched, 0 stale) | J2J-r: 0/0 J2J-a: 549931/977475 J2J-d: 18449 J2J-s: 246447/658811 | map: 1953 tracked, 1093 hot
[JIT] Stats: 6946816 sends, 3991 compiled, 413744 failed, 16383/16384 KB code | IC: 819499/1125383 (72% hit, 21022 patched, 0 stale) | J2J-r: 0/0 J2J-a: 565464/995345 J2J-d: 18449 J2J-s: 253134/667716 | map: 1953 tracked, 1093 hot
[JIT] Stats: 7012352 sends, 3991 compiled, 436968 failed, 16383/16384 KB code | IC: 835103/1143235 (73% hit, 21023 patched, 0 stale) | J2J-r: 0/0 J2J-a: 580866/1013024 J2J-d: 18449 J2J-s: 259418/676171 | map: 1954 tracked, 1093 hot
[JIT] Stats: 7077888 sends, 3991 compiled, 459422 failed, 16383/16384 KB code | IC: 850584/1161116 (73% hit, 21023 patched, 0 stale) | J2J-r: 0/0 J2J-a: 596094/1030694 J2J-d: 18449 J2J-s: 266203/685264 | map: 1954 tracked, 1095 hot
[JIT] Stats: 7143424 sends, 3991 compiled, 483968 failed, 16383/16384 KB code | IC: 867232/1179288 (73% hit, 21023 patched, 0 stale) | J2J-r: 0/0 J2J-a: 612102/1048760 J2J-d: 18449 J2J-s: 272904/693959 | map: 1954 tracked, 1095 hot
[JIT] Stats: 7208960 sends, 3991 compiled, 507200 failed, 16383/16384 KB code | IC: 882982/1197563 (73% hit, 21023 patched, 0 stale) | J2J-r: 0/0 J2J-a: 627949/1066891 J2J-d: 18449 J2J-s: 279813/703052 | map: 1954 tracked, 1095 hot
[JIT] Stats: 7274496 sends, 3991 compiled, 527921 failed, 16383/16384 KB code | IC: 897848/1214586 (73% hit, 21023 patched, 0 stale) | J2J-r: 0/0 J2J-a: 642030/1083679 J2J-d: 18449 J2J-s: 286274/712061 | map: 1954 tracked, 1095 hot
[JIT] Stats: 7340032 sends, 3991 compiled, 550611 failed, 16383/16384 KB code | IC: 913117/1232324 (74% hit, 21024 patched, 0 stale) | J2J-r: 0/0 J2J-a: 657309/1101257 J2J-d: 18450 J2J-s: 292689/720677 | map: 1954 tracked, 1095 hot
[JIT] Stats: 7405568 sends, 3991 compiled, 573301 failed, 16383/16384 KB code | IC: 928452/1250212 (74% hit, 21025 patched, 0 stale) | J2J-r: 0/0 J2J-a: 672498/1118885 J2J-d: 18453 J2J-s: 299125/729372 | map: 1954 tracked, 1096 hot

=== Injecting Right-Click (World Menu) ===
[TEST] Injected mouse DOWN at (50,300) button=2 subtype=1 queueAddr=0x100f1fd98 isEmpty=0
[TEST] Injected mouse UP at (50,300) subtype=2
[JIT] Stats: 7471104 sends, 3991 compiled, 596515 failed, 16383/16384 KB code | IC: 944246/1268515 (74% hit, 21025 patched, 0 stale) | J2J-r: 0/0 J2J-a: 688089/1136913 J2J-d: 18456 J2J-s: 306001/738529 | map: 1955 tracked, 1101 hot
[JIT] Stats: 7536640 sends, 3991 compiled, 619215 failed, 16383/16384 KB code | IC: 959703/1286170 (74% hit, 21025 patched, 0 stale) | J2J-r: 0/0 J2J-a: 703161/1154346 J2J-d: 18456 J2J-s: 312496/747223 | map: 1955 tracked, 1101 hot
[JIT] Stats: 7602176 sends, 3991 compiled, 641247 failed, 16383/16384 KB code | IC: 974337/1303597 (74% hit, 21027 patched, 0 stale) | J2J-r: 0/0 J2J-a: 718023/1171652 J2J-d: 18457 J2J-s: 318601/755694 | map: 1955 tracked, 1101 hot
[JIT] Stats: 7667712 sends, 3991 compiled, 666671 failed, 16383/16384 KB code | IC: 990615/1322838 (74% hit, 21027 patched, 0 stale) | J2J-r: 0/0 J2J-a: 735167/1190838 J2J-d: 18457 J2J-s: 325532/764635 | map: 1955 tracked, 1101 hot
[JIT] Stats: 7733248 sends, 3991 compiled, 691284 failed, 16383/16384 KB code | IC: 1006353/1341431 (75% hit, 21028 patched, 0 stale) | J2J-r: 0/0 J2J-a: 751542/1209269 J2J-d: 18458 J2J-s: 331788/772831 | map: 1955 tracked, 1101 hot
[JIT] Stats: 7798784 sends, 3991 compiled, 713396 failed, 16383/16384 KB code | IC: 1021758/1359065 (75% hit, 21028 patched, 0 stale) | J2J-r: 0/0 J2J-a: 766503/1226711 J2J-d: 18458 J2J-s: 338468/781853 | map: 1955 tracked, 1101 hot
[JIT] Stats: 7864320 sends, 3991 compiled, 733679 failed, 16383/16384 KB code | IC: 1036042/1375939 (75% hit, 21028 patched, 0 stale) | J2J-r: 0/0 J2J-a: 780316/1243269 J2J-d: 18458 J2J-s: 344529/790443 | map: 1955 tracked, 1101 hot
[JIT] Stats: 7929856 sends, 3991 compiled, 753091 failed, 16383/16384 KB code | IC: 1050183/1392316 (75% hit, 21028 patched, 0 stale) | J2J-r: 0/0 J2J-a: 793525/1259340 J2J-d: 18458 J2J-s: 350563/799127 | map: 1955 tracked, 1101 hot
[JIT] Stats: 7995392 sends, 3991 compiled, 774455 failed, 16383/16384 KB code | IC: 1065321/1409612 (75% hit, 21028 patched, 0 stale) | J2J-r: 0/0 J2J-a: 807798/1276292 J2J-d: 18458 J2J-s: 356857/807834 | map: 1955 tracked, 1101 hot
[JIT] Stats: 8060928 sends, 3991 compiled, 796019 failed, 16383/16384 KB code | IC: 1080377/1426950 (75% hit, 21028 patched, 0 stale) | J2J-r: 0/0 J2J-a: 822398/1293393 J2J-d: 18458 J2J-s: 363353/816685 | map: 1955 tracked, 1101 hot
[JIT] Stats: 8126464 sends, 3991 compiled, 822036 failed, 16383/16384 KB code | IC: 1094819/1445882 (75% hit, 21028 patched, 0 stale) | J2J-r: 0/0 J2J-a: 839445/1312229 J2J-d: 18458 J2J-s: 367809/822874 | map: 1955 tracked, 1101 hot
[JIT] Stats: 8192000 sends, 3991 compiled, 843079 failed, 16383/16384 KB code | IC: 1108940/1462548 (75% hit, 21028 patched, 0 stale) | J2J-r: 0/0 J2J-a: 853261/1328632 J2J-d: 18461 J2J-s: 373289/830747 | map: 1955 tracked, 1101 hot
[JIT] Stats: 8257536 sends, 3991 compiled, 864728 failed, 16383/16384 KB code | IC: 1123673/1479587 (75% hit, 21028 patched, 0 stale) | J2J-r: 0/0 J2J-a: 867462/1345358 J2J-d: 18462 J2J-s: 379205/839020 | map: 1955 tracked, 1101 hot
[JIT] Stats: 8323072 sends, 3991 compiled, 886979 failed, 16383/16384 KB code | IC: 1139078/1497222 (76% hit, 21028 patched, 0 stale) | J2J-r: 0/0 J2J-a: 882457/1362864 J2J-d: 18462 J2J-s: 385846/848085 | map: 1955 tracked, 1101 hot
[JIT] Stats: 8388608 sends, 3991 compiled, 905463 failed, 16383/16384 KB code | IC: 1150436/1514586 (75% hit, 21073 patched, 0 stale) | J2J-r: 0/0 J2J-a: 897277/1380219 J2J-d: 18485 J2J-s: 392510/857114 | map: 1927 tracked, 1084 hot
[JIT] Stats: 8454144 sends, 3991 compiled, 922267 failed, 16383/16384 KB code | IC: 1160491/1529959 (75% hit, 21074 patched, 0 stale) | J2J-r: 0/0 J2J-a: 910024/1395585 J2J-d: 18486 J2J-s: 398139/865149 | map: 1927 tracked, 1084 hot
[JIT] Stats: 8519680 sends, 3991 compiled, 940786 failed, 16383/16384 KB code | IC: 1171552/1547619 (75% hit, 21075 patched, 0 stale) | J2J-r: 0/0 J2J-a: 925273/1413243 J2J-d: 18486 J2J-s: 404930/874251 | map: 1927 tracked, 1084 hot
[JIT] Stats: 8585216 sends, 3991 compiled, 959671 failed, 16383/16384 KB code | IC: 1182719/1565114 (75% hit, 21078 patched, 0 stale) | J2J-r: 0/0 J2J-a: 940395/1430737 J2J-d: 18487 J2J-s: 411324/882893 | map: 1929 tracked, 1084 hot
[JIT] Stats: 8650752 sends, 3991 compiled, 978686 failed, 16383/16384 KB code | IC: 1193258/1582729 (75% hit, 21079 patched, 0 stale) | J2J-r: 0/0 J2J-a: 955773/1448349 J2J-d: 18487 J2J-s: 417621/891269 | map: 1929 tracked, 1084 hot
[JIT] Stats: 8716288 sends, 3991 compiled, 996055 failed, 16383/16384 KB code | IC: 1203489/1599608 (75% hit, 21081 patched, 0 stale) | J2J-r: 0/0 J2J-a: 970366/1465229 J2J-d: 18488 J2J-s: 424052/899872 | map: 1929 tracked, 1084 hot
[JIT] Stats: 8781824 sends, 3991 compiled, 1012942 failed, 16383/16384 KB code | IC: 1214153/1616973 (75% hit, 21081 patched, 0 stale) | J2J-r: 0/0 J2J-a: 985285/1482593 J2J-d: 18488 J2J-s: 431216/909426 | map: 1929 tracked, 1084 hot
[JIT] Stats: 8847360 sends, 3991 compiled, 1031016 failed, 16383/16384 KB code | IC: 1224477/1633886 (74% hit, 21083 patched, 0 stale) | J2J-r: 0/0 J2J-a: 999885/1499504 J2J-d: 18488 J2J-s: 437197/917563 | map: 1929 tracked, 1084 hot
[JIT] Stats: 8912896 sends, 3991 compiled, 1051641 failed, 16383/16384 KB code | IC: 1235459/1652244 (74% hit, 21086 patched, 0 stale) | J2J-r: 0/0 J2J-a: 1016169/1517862 J2J-d: 18490 J2J-s: 442955/925297 | map: 1929 tracked, 1084 hot
[JIT] Stats: 8978432 sends, 3991 compiled, 1068543 failed, 16383/16384 KB code | IC: 1245578/1668804 (74% hit, 21086 patched, 0 stale) | J2J-r: 0/0 J2J-a: 1030206/1534419 J2J-d: 18490 J2J-s: 449018/933759 | map: 1929 tracked, 1084 hot
[JIT] Stats: 9043968 sends, 3991 compiled, 1087862 failed, 16383/16384 KB code | IC: 1256469/1687279 (74% hit, 21086 patched, 0 stale) | J2J-r: 0/0 J2J-a: 1046612/1552893 J2J-d: 18490 J2J-s: 455840/942589 | map: 1929 tracked, 1084 hot
[JIT] Stats: 9109504 sends, 3991 compiled, 1103500 failed, 16383/16384 KB code | IC: 1266187/1702866 (74% hit, 21086 patched, 0 stale) | J2J-r: 0/0 J2J-a: 1059492/1568477 J2J-d: 18490 J2J-s: 461847/951109 | map: 1929 tracked, 1084 hot
[JIT] Stats: 9175040 sends, 3991 compiled, 1119871 failed, 16383/16384 KB code | IC: 1276382/1719196 (74% hit, 21086 patched, 0 stale) | J2J-r: 0/0 J2J-a: 1073266/1584806 J2J-d: 18490 J2J-s: 468121/959838 | map: 1929 tracked, 1084 hot
[JIT] Stats: 9240576 sends, 3991 compiled, 1139673 failed, 16383/16384 KB code | IC: 1287846/1737907 (74% hit, 21086 patched, 0 stale) | J2J-r: 0/0 J2J-a: 1089756/1603517 J2J-d: 18490 J2J-s: 475359/969219 | map: 1929 tracked, 1084 hot
[JIT] Stats: 9306112 sends, 3991 compiled, 1157279 failed, 16383/16384 KB code | IC: 1298358/1755496 (73% hit, 21086 patched, 0 stale) | J2J-r: 0/0 J2J-a: 1105062/1621105 J2J-d: 18490 J2J-s: 482300/978352 | map: 1930 tracked, 1086 hot
[JIT] Stats: 9371648 sends, 3991 compiled, 1175538 failed, 16383/16384 KB code | IC: 1309439/1773100 (73% hit, 21086 patched, 0 stale) | J2J-r: 0/0 J2J-a: 1120256/1638708 J2J-d: 18490 J2J-s: 489121/987491 | map: 1930 tracked, 1086 hot
[JIT] Stats: 9437184 sends, 3991 compiled, 1195032 failed, 16383/16384 KB code | IC: 1321228/1791265 (73% hit, 21086 patched, 0 stale) | J2J-r: 0/0 J2J-a: 1136041/1656872 J2J-d: 18490 J2J-s: 496297/996914 | map: 1930 tracked, 1086 hot
[JIT] Stats: 9502720 sends, 3991 compiled, 1214210 failed, 16383/16384 KB code | IC: 1332766/1809358 (73% hit, 21086 patched, 0 stale) | J2J-r: 0/0 J2J-a: 1151795/1674966 J2J-d: 18490 J2J-s: 503382/1006215 | map: 1930 tracked, 1086 hot
[JIT] Stats: 9568256 sends, 3991 compiled, 1233837 failed, 16383/16384 KB code | IC: 1344530/1827747 (73% hit, 21086 patched, 0 stale) | J2J-r: 0/0 J2J-a: 1167902/1693352 J2J-d: 18490 J2J-s: 510752/1015705 | map: 1930 tracked, 1086 hot
[JIT] Stats: 9633792 sends, 3991 compiled, 1252876 failed, 16383/16384 KB code | IC: 1355772/1845752 (73% hit, 21086 patched, 0 stale) | J2J-r: 0/0 J2J-a: 1183577/1711358 J2J-d: 18490 J2J-s: 517832/1024940 | map: 1930 tracked, 1086 hot
[JIT] Stats: 9699328 sends, 3991 compiled, 1269964 failed, 16383/16384 KB code | IC: 1366373/1862882 (73% hit, 21086 patched, 0 stale) | J2J-r: 0/0 J2J-a: 1198278/1728488 J2J-d: 18490 J2J-s: 524846/1034252 | map: 1930 tracked, 1086 hot
[JIT] Stats: 9764864 sends, 3991 compiled, 1287396 failed, 16383/16384 KB code | IC: 1377172/1880434 (73% hit, 21086 patched, 0 stale) | J2J-r: 0/0 J2J-a: 1213463/1746037 J2J-d: 18490 J2J-s: 532130/1043810 | map: 1930 tracked, 1086 hot
[JIT] Stats: 9830400 sends, 3991 compiled, 1305100 failed, 16383/16384 KB code | IC: 1387619/1897377 (73% hit, 21086 patched, 0 stale) | J2J-r: 0/0 J2J-a: 1228032/1762979 J2J-d: 18490 J2J-s: 538200/1052138 | map: 1930 tracked, 1086 hot
[JIT] Stats: 9895936 sends, 3991 compiled, 1323574 failed, 16383/16384 KB code | IC: 1398419/1914871 (73% hit, 21086 patched, 0 stale) | J2J-r: 0/0 J2J-a: 1243196/1780471 J2J-d: 18490 J2J-s: 544644/1060790 | map: 1930 tracked, 1086 hot
[JIT] Stats: 9961472 sends, 3991 compiled, 1341801 failed, 16383/16384 KB code | IC: 1409240/1932584 (72% hit, 21086 patched, 0 stale) | J2J-r: 0/0 J2J-a: 1258569/1798185 J2J-d: 18490 J2J-s: 551516/1069898 | map: 1930 tracked, 1086 hot
[JIT] Stats: 10027008 sends, 3991 compiled, 1359145 failed, 16383/16384 KB code | IC: 1419647/1949310 (72% hit, 21086 patched, 0 stale) | J2J-r: 0/0 J2J-a: 1272860/1814910 J2J-d: 18490 J2J-s: 557901/1078579 | map: 1930 tracked, 1086 hot
[JIT] Stats: 10092544 sends, 3991 compiled, 1376837 failed, 16383/16384 KB code | IC: 1430362/1966685 (72% hit, 21086 patched, 0 stale) | J2J-r: 0/0 J2J-a: 1287748/1832285 J2J-d: 18490 J2J-s: 564652/1087700 | map: 1930 tracked, 1086 hot
[JIT] Stats: 10158080 sends, 3991 compiled, 1393624 failed, 16383/16384 KB code | IC: 1440896/1982472 (72% hit, 21086 patched, 0 stale) | J2J-r: 0/0 J2J-a: 1300740/1848069 J2J-d: 18490 J2J-s: 570585/1096112 | map: 1930 tracked, 1086 hot
[JIT] Stats: 10223616 sends, 3991 compiled, 1411417 failed, 16383/16384 KB code | IC: 1451693/1999104 (72% hit, 21086 patched, 0 stale) | J2J-r: 0/0 J2J-a: 1314788/1864699 J2J-d: 18490 J2J-s: 576825/1104673 | map: 1930 tracked, 1086 hot
[JIT] Stats: 10289152 sends, 3991 compiled, 1431178 failed, 16383/16384 KB code | IC: 1462809/2017918 (72% hit, 21086 patched, 0 stale) | J2J-r: 0/0 J2J-a: 1331639/1883511 J2J-d: 18490 J2J-s: 584269/1113931 | map: 1930 tracked, 1086 hot
[JIT] Stats: 10354688 sends, 3991 compiled, 1450498 failed, 16383/16384 KB code | IC: 1474061/2036658 (72% hit, 21086 patched, 0 stale) | J2J-r: 0/0 J2J-a: 1348365/1902251 J2J-d: 18490 J2J-s: 591997/1123581 | map: 1930 tracked, 1086 hot
[JIT] Stats: 10420224 sends, 3991 compiled, 1468729 failed, 16383/16384 KB code | IC: 1484792/2054511 (72% hit, 21086 patched, 0 stale) | J2J-r: 0/0 J2J-a: 1364047/1920103 J2J-d: 18490 J2J-s: 598931/1132619 | map: 1930 tracked, 1086 hot
[JIT] Stats: 10485760 sends, 3991 compiled, 1486826 failed, 16383/16384 KB code | IC: 1494165/2071542 (72% hit, 21086 patched, 0 stale) | J2J-r: 0/0 J2J-a: 1378760/1937135 J2J-d: 18490 J2J-s: 604826/1140680 | map: 1930 tracked, 1086 hot
[JIT] Stats: 10551296 sends, 3991 compiled, 1505425 failed, 16383/16384 KB code | IC: 1504553/2088961 (72% hit, 21086 patched, 0 stale) | J2J-r: 0/0 J2J-a: 1393912/1954553 J2J-d: 18490 J2J-s: 611077/1149054 | map: 1930 tracked, 1086 hot
[JIT] Stats: 10616832 sends, 3991 compiled, 1525218 failed, 16383/16384 KB code | IC: 1516330/2107254 (71% hit, 21086 patched, 0 stale) | J2J-r: 0/0 J2J-a: 1409900/1972845 J2J-d: 18490 J2J-s: 618108/1158315 | map: 1930 tracked, 1086 hot
[JIT] Stats: 10682368 sends, 3991 compiled, 1543693 failed, 16383/16384 KB code | IC: 1527540/2125057 (71% hit, 21086 patched, 0 stale) | J2J-r: 0/0 J2J-a: 1425359/1990645 J2J-d: 18490 J2J-s: 625333/1167761 | map: 1930 tracked, 1086 hot
[JIT] Stats: 10747904 sends, 3991 compiled, 1563222 failed, 16383/16384 KB code | IC: 1539060/2143472 (71% hit, 21086 patched, 0 stale) | J2J-r: 0/0 J2J-a: 1441482/2009060 J2J-d: 18494 J2J-s: 632506/1177117 | map: 1930 tracked, 1086 hot
[JIT] Stats: 10813440 sends, 3991 compiled, 1580437 failed, 16383/16384 KB code | IC: 1549518/2160643 (71% hit, 21087 patched, 0 stale) | J2J-r: 0/0 J2J-a: 1456159/2026230 J2J-d: 18495 J2J-s: 639069/1186103 | map: 1930 tracked, 1086 hot
[JIT] Stats: 10878976 sends, 3991 compiled, 1597150 failed, 16383/16384 KB code | IC: 1560048/2177038 (71% hit, 21087 patched, 0 stale) | J2J-r: 0/0 J2J-a: 1469848/2042625 J2J-d: 18495 J2J-s: 645401/1194940 | map: 1930 tracked, 1086 hot
[JIT] Stats: 10944512 sends, 3991 compiled, 1616931 failed, 16383/16384 KB code | IC: 1573649/2193295 (71% hit, 21133 patched, 0 stale) | J2J-r: 0/0 J2J-a: 1483341/2058878 J2J-d: 18518 J2J-s: 651614/1203707 | map: 1928 tracked, 1084 hot
[JIT] Stats: 11010048 sends, 3991 compiled, 1638615 failed, 16383/16384 KB code | IC: 1588658/2210213 (71% hit, 21134 patched, 0 stale) | J2J-r: 0/0 J2J-a: 1497644/2075796 J2J-d: 18519 J2J-s: 658262/1212779 | map: 1928 tracked, 1084 hot
[JIT] Stats: 11075584 sends, 3991 compiled, 1661903 failed, 16383/16384 KB code | IC: 1604902/2227906 (72% hit, 21134 patched, 0 stale) | J2J-r: 0/0 J2J-a: 1512964/2093489 J2J-d: 18519 J2J-s: 665591/1222348 | map: 1928 tracked, 1084 hot
[JIT] Stats: 11141120 sends, 3991 compiled, 1682977 failed, 16383/16384 KB code | IC: 1619932/2244228 (72% hit, 21136 patched, 0 stale) | J2J-r: 0/0 J2J-a: 1526648/2109810 J2J-d: 18520 J2J-s: 671989/1231205 | map: 1928 tracked, 1084 hot
[DIAG] P40 CompiledBlock>>? ip=41 fd=12
[DIAG]   [-1] CompiledBlock>>hasLiteral:
[DIAG]   [-2] CompiledMethod>>hasLiteral:
[DIAG]   [-3] CompiledMethod>>accessesRef:
[DIAG]   [-4] UndeclaredVariable>>isAccessedIn:
[DIAG]   [-5] SpStyleVariableSTONReader class>>isAccessedIn:
[DIAG]   [-6] Array>>ifTrue:
[DIAG]   [-7] Array>>do:
[DIAG]   [-8] Array>>anySatisfy:
[DIAG]   [-9] SpStyleVariableSTONReader class>>hasMethodAccessingVariable:
[DIAG]   [-10] UndeclaredVariable>>hasMethodAccessingVariable:
[DIAG]   [-11] OrderedCollection>>ifTrue:
[DIAG]   [-12] OrderedCollection>>do:
[DIAG-TIMER] usecArmed=1 msArmed=0 timerWasArmed=1 timerSem=set lastSignal=0s ago nextUsec=0xe0f471e307825 nextMs=0
[DIAG-TIMER] wakeup delta=519757 usec (0.520 sec)
[DIAG-QUEUE] P80 proc=0x3037f5770 susp=SUnitRunner class>>ifFalse:
[DIAG-QUEUE] P60 proc=0x3039bfb18 susp=SUnitRunner class>>ifFalse:
[DIAG-QUEUE] P10 proc=0x303857538 susp=ProcessorScheduler class>>idleProcess
[PROGRESS] 10s: ~298820022 steps
[JIT] Stats: 11206656 sends, 3991 compiled, 1702985 failed, 16383/16384 KB code | IC: 1634174/2260030 (72% hit, 21136 patched, 0 stale) | J2J-r: 0/0 J2J-a: 1539605/2125608 J2J-d: 18520 J2J-s: 678223/1240062 | map: 1928 tracked, 1084 hot
[JIT] Stats: 11272192 sends, 3991 compiled, 1724939 failed, 16383/16384 KB code | IC: 1649379/2276900 (72% hit, 21136 patched, 0 stale) | J2J-r: 0/0 J2J-a: 1553913/2142475 J2J-d: 18520 J2J-s: 684737/1248971 | map: 1928 tracked, 1084 hot
[JIT] Stats: 11337728 sends, 3991 compiled, 1748769 failed, 16383/16384 KB code | IC: 1665945/2294502 (72% hit, 21136 patched, 0 stale) | J2J-r: 0/0 J2J-a: 1569212/2160076 J2J-d: 18520 J2J-s: 691827/1258197 | map: 1928 tracked, 1084 hot
[JIT] Stats: 11403264 sends, 3991 compiled, 1769941 failed, 16383/16384 KB code | IC: 1680780/2310847 (72% hit, 21136 patched, 0 stale) | J2J-r: 0/0 J2J-a: 1582903/2176420 J2J-d: 18520 J2J-s: 698101/1266925 | map: 1928 tracked, 1084 hot
[JIT] Stats: 11468800 sends, 3991 compiled, 1791715 failed, 16383/16384 KB code | IC: 1695935/2327755 (72% hit, 21137 patched, 0 stale) | J2J-r: 0/0 J2J-a: 1597192/2193327 J2J-d: 18520 J2J-s: 704723/1275974 | map: 1928 tracked, 1084 hot
[JIT] Stats: 11534336 sends, 3991 compiled, 1813037 failed, 16383/16384 KB code | IC: 1710757/2344442 (72% hit, 21137 patched, 0 stale) | J2J-r: 0/0 J2J-a: 1611224/2210014 J2J-d: 18520 J2J-s: 711213/1284933 | map: 1928 tracked, 1084 hot
[JIT] Stats: 11599872 sends, 3991 compiled, 1834502 failed, 16383/16384 KB code | IC: 1725760/2361007 (73% hit, 21138 patched, 0 stale) | J2J-r: 0/0 J2J-a: 1625262/2226575 J2J-d: 18520 J2J-s: 717620/1293721 | map: 1930 tracked, 1084 hot
[JIT] Stats: 11665408 sends, 3991 compiled, 1858388 failed, 16383/16384 KB code | IC: 1741752/2378743 (73% hit, 21140 patched, 0 stale) | J2J-r: 0/0 J2J-a: 1640601/2244312 J2J-d: 18521 J2J-s: 723954/1302354 | map: 1930 tracked, 1084 hot
[JIT] Stats: 11730944 sends, 3991 compiled, 1880489 failed, 16383/16384 KB code | IC: 1757073/2395795 (73% hit, 21140 patched, 0 stale) | J2J-r: 0/0 J2J-a: 1655078/2261362 J2J-d: 18521 J2J-s: 730578/1311367 | map: 1930 tracked, 1084 hot
[JIT] Stats: 11796480 sends, 3991 compiled, 1903974 failed, 16383/16384 KB code | IC: 1773355/2414223 (73% hit, 21140 patched, 0 stale) | J2J-r: 0/0 J2J-a: 1671134/2279790 J2J-d: 18521 J2J-s: 738180/1321276 | map: 1930 tracked, 1084 hot
[JIT] Stats: 11862016 sends, 3991 compiled, 1925740 failed, 16383/16384 KB code | IC: 1788683/2431199 (73% hit, 21140 patched, 0 stale) | J2J-r: 0/0 J2J-a: 1685500/2296766 J2J-d: 18521 J2J-s: 744933/1330514 | map: 1930 tracked, 1084 hot
[JIT] Stats: 11927552 sends, 3991 compiled, 1947375 failed, 16383/16384 KB code | IC: 1803762/2448358 (73% hit, 21140 patched, 0 stale) | J2J-r: 0/0 J2J-a: 1699951/2313923 J2J-d: 18521 J2J-s: 751746/1339918 | map: 1930 tracked, 1084 hot
[JIT] Stats: 11993088 sends, 3991 compiled, 1969402 failed, 16383/16384 KB code | IC: 1819435/2466112 (73% hit, 21140 patched, 0 stale) | J2J-r: 0/0 J2J-a: 1715074/2331677 J2J-d: 18521 J2J-s: 759165/1349876 | map: 1930 tracked, 1084 hot
[JIT] Stats: 12058624 sends, 3991 compiled, 1990612 failed, 16383/16384 KB code | IC: 1834420/2482924 (73% hit, 21140 patched, 0 stale) | J2J-r: 0/0 J2J-a: 1729280/2348488 J2J-d: 18521 J2J-s: 765913/1359107 | map: 1930 tracked, 1084 hot
[JIT] Stats: 12124160 sends, 3991 compiled, 2013587 failed, 16383/16384 KB code | IC: 1850097/2500138 (73% hit, 21140 patched, 0 stale) | J2J-r: 0/0 J2J-a: 1744149/2365702 J2J-d: 18521 J2J-s: 772344/1367794 | map: 1930 tracked, 1084 hot
[JIT] Stats: 12189696 sends, 3991 compiled, 2039591 failed, 16383/16384 KB code | IC: 1867440/2519168 (74% hit, 21140 patched, 0 stale) | J2J-r: 0/0 J2J-a: 1761166/2384732 J2J-d: 18521 J2J-s: 779883/1377244 | map: 1930 tracked, 1084 hot
[JIT] Stats: 12255232 sends, 3991 compiled, 2061715 failed, 16383/16384 KB code | IC: 1883152/2536085 (74% hit, 21140 patched, 0 stale) | J2J-r: 0/0 J2J-a: 1775687/2401649 J2J-d: 18521 J2J-s: 786602/1386274 | map: 1930 tracked, 1084 hot
[JIT] Stats: 12320768 sends, 3991 compiled, 2085265 failed, 16383/16384 KB code | IC: 1899123/2553621 (74% hit, 21140 patched, 0 stale) | J2J-r: 0/0 J2J-a: 1790782/2419185 J2J-d: 18521 J2J-s: 793237/1395205 | map: 1930 tracked, 1084 hot
[JIT] Stats: 12386304 sends, 3991 compiled, 2108574 failed, 16383/16384 KB code | IC: 1914555/2571277 (74% hit, 21140 patched, 0 stale) | J2J-r: 0/0 J2J-a: 1806107/2436841 J2J-d: 18521 J2J-s: 799768/1403943 | map: 1930 tracked, 1084 hot
[JIT] Stats: 12451840 sends, 3991 compiled, 2132737 failed, 16383/16384 KB code | IC: 1930304/2589795 (74% hit, 21140 patched, 0 stale) | J2J-r: 0/0 J2J-a: 1822452/2455359 J2J-d: 18521 J2J-s: 806839/1413077 | map: 1930 tracked, 1086 hot
[JIT] Stats: 12517376 sends, 3991 compiled, 2156636 failed, 16383/16384 KB code | IC: 1946165/2607750 (74% hit, 21140 patched, 0 stale) | J2J-r: 0/0 J2J-a: 1838185/2473313 J2J-d: 18521 J2J-s: 813582/1421917 | map: 1930 tracked, 1086 hot
[JIT] Stats: 12582912 sends, 3991 compiled, 2178082 failed, 16383/16384 KB code | IC: 1961217/2624499 (74% hit, 21267 patched, 0 stale) | J2J-r: 0/0 J2J-a: 1852283/2490023 J2J-d: 18613 J2J-s: 819965/1430752 | map: 2110 tracked, 1229 hot
[JIT] Stats: 12648448 sends, 3991 compiled, 2199872 failed, 16383/16384 KB code | IC: 1976375/2641193 (74% hit, 21268 patched, 0 stale) | J2J-r: 0/0 J2J-a: 1866422/2506717 J2J-d: 18634 J2J-s: 826405/1439638 | map: 2110 tracked, 1229 hot
[JIT] Stats: 12713984 sends, 3991 compiled, 2222413 failed, 16383/16384 KB code | IC: 1991191/2658350 (74% hit, 21268 patched, 0 stale) | J2J-r: 0/0 J2J-a: 1881237/2523871 J2J-d: 18642 J2J-s: 832600/1448052 | map: 2110 tracked, 1229 hot
[JIT] Stats: 12779520 sends, 3991 compiled, 2246385 failed, 16383/16384 KB code | IC: 2005388/2676961 (74% hit, 21268 patched, 0 stale) | J2J-r: 0/0 J2J-a: 1897573/2542482 J2J-d: 18642 J2J-s: 838599/1456210 | map: 2110 tracked, 1229 hot
[JIT] Stats: 12845056 sends, 3991 compiled, 2268995 failed, 16383/16384 KB code | IC: 2020770/2694321 (75% hit, 21269 patched, 0 stale) | J2J-r: 0/0 J2J-a: 1912387/2559840 J2J-d: 18646 J2J-s: 845125/1465167 | map: 2110 tracked, 1229 hot
[JIT] Stats: 12910592 sends, 3991 compiled, 2291685 failed, 16383/16384 KB code | IC: 2036583/2711314 (75% hit, 21269 patched, 0 stale) | J2J-r: 0/0 J2J-a: 1927002/2576832 J2J-d: 18646 J2J-s: 851762/1474037 | map: 2110 tracked, 1229 hot
[JIT] Stats: 12976128 sends, 3991 compiled, 2314606 failed, 16383/16384 KB code | IC: 2052353/2728805 (75% hit, 21269 patched, 0 stale) | J2J-r: 0/0 J2J-a: 1942072/2594321 J2J-d: 18646 J2J-s: 858646/1483205 | map: 2110 tracked, 1229 hot
[JIT] Stats: 13041664 sends, 3991 compiled, 2334947 failed, 16383/16384 KB code | IC: 2067131/2744602 (75% hit, 21270 patched, 0 stale) | J2J-r: 0/0 J2J-a: 1955074/2610117 J2J-d: 18647 J2J-s: 865052/1492149 | map: 2110 tracked, 1229 hot
[JIT] Stats: 13107200 sends, 3991 compiled, 2355496 failed, 16383/16384 KB code | IC: 2081938/2760508 (75% hit, 21270 patched, 0 stale) | J2J-r: 0/0 J2J-a: 1968256/2626024 J2J-d: 18647 J2J-s: 871550/1501107 | map: 2110 tracked, 1229 hot
[JIT] Stats: 13172736 sends, 3991 compiled, 2375842 failed, 16383/16384 KB code | IC: 2096704/2776305 (75% hit, 21270 patched, 0 stale) | J2J-r: 0/0 J2J-a: 1981286/2641818 J2J-d: 18647 J2J-s: 877919/1510000 | map: 2110 tracked, 1229 hot
[JIT] Stats: 13238272 sends, 3991 compiled, 2395965 failed, 16383/16384 KB code | IC: 2111382/2792030 (75% hit, 21270 patched, 0 stale) | J2J-r: 0/0 J2J-a: 1994208/2657543 J2J-d: 18647 J2J-s: 884282/1518920 | map: 2110 tracked, 1229 hot
[JIT] Stats: 13303808 sends, 3991 compiled, 2416251 failed, 16383/16384 KB code | IC: 2125523/2807844 (75% hit, 21314 patched, 0 stale) | J2J-r: 0/0 J2J-a: 2007214/2673353 J2J-d: 18670 J2J-s: 890186/1527433 | map: 1929 tracked, 1087 hot
[JIT] Stats: 13369344 sends, 3991 compiled, 2441214 failed, 16383/16384 KB code | IC: 2142166/2825949 (75% hit, 21314 patched, 0 stale) | J2J-r: 0/0 J2J-a: 2023243/2691459 J2J-d: 18670 J2J-s: 896753/1536025 | map: 1929 tracked, 1087 hot
[JIT] Stats: 13434880 sends, 3991 compiled, 2463087 failed, 16383/16384 KB code | IC: 2157343/2842843 (75% hit, 21316 patched, 0 stale) | J2J-r: 0/0 J2J-a: 2037570/2708351 J2J-d: 18670 J2J-s: 903321/1544993 | map: 1929 tracked, 1087 hot
[JIT] Stats: 13500416 sends, 3991 compiled, 2487313 failed, 16383/16384 KB code | IC: 2173636/2860452 (75% hit, 21316 patched, 0 stale) | J2J-r: 0/0 J2J-a: 2052984/2725960 J2J-d: 18670 J2J-s: 909706/1553480 | map: 1929 tracked, 1087 hot
[JIT] Stats: 13565952 sends, 3991 compiled, 2510160 failed, 16383/16384 KB code | IC: 2189606/2877808 (76% hit, 21318 patched, 0 stale) | J2J-r: 0/0 J2J-a: 2067938/2743316 J2J-d: 18670 J2J-s: 916629/1562693 | map: 1929 tracked, 1087 hot
[JIT] Stats: 13631488 sends, 3991 compiled, 2535526 failed, 16383/16384 KB code | IC: 2206771/2895870 (76% hit, 21318 patched, 0 stale) | J2J-r: 0/0 J2J-a: 2083998/2761377 J2J-d: 18670 J2J-s: 923369/1571365 | map: 1929 tracked, 1087 hot
[JIT] Stats: 13697024 sends, 3991 compiled, 2558471 failed, 16383/16384 KB code | IC: 2222495/2913568 (76% hit, 21320 patched, 0 stale) | J2J-r: 0/0 J2J-a: 2099293/2779072 J2J-d: 18671 J2J-s: 930251/1580529 | map: 1929 tracked, 1087 hot
[JIT] Stats: 13762560 sends, 3991 compiled, 2579658 failed, 16383/16384 KB code | IC: 2237376/2930242 (76% hit, 21320 patched, 0 stale) | J2J-r: 0/0 J2J-a: 2113360/2795745 J2J-d: 18671 J2J-s: 936854/1589593 | map: 1929 tracked, 1087 hot
[JIT] Stats: 13828096 sends, 3991 compiled, 2602290 failed, 16383/16384 KB code | IC: 2252880/2947159 (76% hit, 21321 patched, 0 stale) | J2J-r: 0/0 J2J-a: 2127891/2812661 J2J-d: 18672 J2J-s: 943027/1598032 | map: 1929 tracked, 1087 hot
[JIT] Stats: 13893632 sends, 3991 compiled, 2625327 failed, 16383/16384 KB code | IC: 2268418/2964406 (76% hit, 21324 patched, 0 stale) | J2J-r: 0/0 J2J-a: 2142681/2829908 J2J-d: 18673 J2J-s: 949513/1606789 | map: 1929 tracked, 1087 hot
[JIT] Stats: 13959168 sends, 3991 compiled, 2649118 failed, 16383/16384 KB code | IC: 2284440/2982056 (76% hit, 21325 patched, 0 stale) | J2J-r: 0/0 J2J-a: 2157920/2847555 J2J-d: 18673 J2J-s: 956297/1615811 | map: 1931 tracked, 1087 hot
[JIT] Stats: 14024704 sends, 3991 compiled, 2671088 failed, 16383/16384 KB code | IC: 2299764/2998704 (76% hit, 21326 patched, 0 stale) | J2J-r: 0/0 J2J-a: 2172096/2864204 J2J-d: 18674 J2J-s: 962807/1624641 | map: 1931 tracked, 1087 hot
[JIT] Stats: 14090240 sends, 3991 compiled, 2693920 failed, 16383/16384 KB code | IC: 2314871/3016352 (76% hit, 21327 patched, 0 stale) | J2J-r: 0/0 J2J-a: 2187340/2881852 J2J-d: 18674 J2J-s: 969226/1633410 | map: 1931 tracked, 1087 hot
[JIT] Stats: 14155776 sends, 3991 compiled, 2720199 failed, 16383/16384 KB code | IC: 2331870/3035503 (76% hit, 21327 patched, 0 stale) | J2J-r: 0/0 J2J-a: 2204482/2901002 J2J-d: 18674 J2J-s: 976166/1642303 | map: 1931 tracked, 1087 hot
[JIT] Stats: 14221312 sends, 3991 compiled, 2745420 failed, 16383/16384 KB code | IC: 2348489/3053374 (76% hit, 21328 patched, 0 stale) | J2J-r: 0/0 J2J-a: 2220248/2918872 J2J-d: 18675 J2J-s: 982339/1650464 | map: 1931 tracked, 1087 hot
[JIT] Stats: 14286848 sends, 3991 compiled, 2767588 failed, 16383/16384 KB code | IC: 2363911/3070458 (76% hit, 21328 patched, 0 stale) | J2J-r: 0/0 J2J-a: 2234801/2935955 J2J-d: 18675 J2J-s: 988990/1659488 | map: 1931 tracked, 1087 hot
[JIT] Stats: 14352384 sends, 3991 compiled, 2787482 failed, 16383/16384 KB code | IC: 2377905/3086489 (77% hit, 21328 patched, 0 stale) | J2J-r: 0/0 J2J-a: 2248037/2951985 J2J-d: 18675 J2J-s: 995167/1668236 | map: 1931 tracked, 1087 hot
[JIT] Stats: 14417920 sends, 3991 compiled, 2806717 failed, 16383/16384 KB code | IC: 2391934/3101772 (77% hit, 21328 patched, 0 stale) | J2J-r: 0/0 J2J-a: 2260432/2967268 J2J-d: 18675 J2J-s: 1001065/1676784 | map: 1931 tracked, 1087 hot
[JIT] Stats: 14483456 sends, 3991 compiled, 2828225 failed, 16383/16384 KB code | IC: 2406963/3118428 (77% hit, 21328 patched, 0 stale) | J2J-r: 0/0 J2J-a: 2274416/2983923 J2J-d: 18675 J2J-s: 1007555/1685688 | map: 1931 tracked, 1087 hot
[JIT] Stats: 14548992 sends, 3991 compiled, 2853106 failed, 16383/16384 KB code | IC: 2423271/3135782 (77% hit, 21328 patched, 0 stale) | J2J-r: 0/0 J2J-a: 2289600/3001275 J2J-d: 18675 J2J-s: 1013125/1693308 | map: 1931 tracked, 1087 hot
[JIT] Stats: 14614528 sends, 3991 compiled, 2878858 failed, 16383/16384 KB code | IC: 2439664/3153496 (77% hit, 21328 patched, 0 stale) | J2J-r: 0/0 J2J-a: 2305143/3018988 J2J-d: 18675 J2J-s: 1018331/1700580 | map: 1931 tracked, 1087 hot
[JIT] Stats: 14680064 sends, 3991 compiled, 2900298 failed, 16383/16384 KB code | IC: 2454057/3169333 (77% hit, 21328 patched, 0 stale) | J2J-r: 0/0 J2J-a: 2318368/3034824 J2J-d: 18675 J2J-s: 1023735/1708398 | map: 1931 tracked, 1087 hot
[JIT] Stats: 14745600 sends, 3991 compiled, 2922912 failed, 16383/16384 KB code | IC: 2469467/3186180 (77% hit, 21329 patched, 0 stale) | J2J-r: 0/0 J2J-a: 2332800/3051666 J2J-d: 18677 J2J-s: 1030141/1717080 | map: 1931 tracked, 1089 hot
[JIT] Stats: 14811136 sends, 3991 compiled, 2945360 failed, 16383/16384 KB code | IC: 2484916/3203542 (77% hit, 21329 patched, 0 stale) | J2J-r: 0/0 J2J-a: 2347574/3069028 J2J-d: 18677 J2J-s: 1036675/1726094 | map: 1931 tracked, 1089 hot
[JIT] Stats: 14876672 sends, 3991 compiled, 2967102 failed, 16383/16384 KB code | IC: 2499916/3220357 (77% hit, 21329 patched, 0 stale) | J2J-r: 0/0 J2J-a: 2361786/3085842 J2J-d: 18677 J2J-s: 1043123/1734956 | map: 1931 tracked, 1089 hot
[JIT] Stats: 14942208 sends, 3991 compiled, 2988152 failed, 16383/16384 KB code | IC: 2514133/3235932 (77% hit, 21329 patched, 0 stale) | J2J-r: 0/0 J2J-a: 2374816/3101417 J2J-d: 18677 J2J-s: 1048898/1743082 | map: 1931 tracked, 1089 hot
[JIT] Stats: 15007744 sends, 3991 compiled, 3011701 failed, 16383/16384 KB code | IC: 2529903/3253818 (77% hit, 21329 patched, 0 stale) | J2J-r: 0/0 J2J-a: 2390290/3119301 J2J-d: 18677 J2J-s: 1055681/1752177 | map: 1931 tracked, 1089 hot
[JIT] Stats: 15073280 sends, 3991 compiled, 3035151 failed, 16383/16384 KB code | IC: 2545638/3271273 (77% hit, 21330 patched, 0 stale) | J2J-r: 0/0 J2J-a: 2405415/3136757 J2J-d: 18678 J2J-s: 1062103/1760804 | map: 1931 tracked, 1089 hot
[JIT] Stats: 15138816 sends, 3991 compiled, 3059465 failed, 16383/16384 KB code | IC: 2561550/3288745 (77% hit, 21330 patched, 0 stale) | J2J-r: 0/0 J2J-a: 2420591/3154228 J2J-d: 18678 J2J-s: 1068326/1769143 | map: 1931 tracked, 1089 hot
[JIT] Stats: 15204352 sends, 3991 compiled, 3082558 failed, 16383/16384 KB code | IC: 2577643/3306101 (77% hit, 21330 patched, 0 stale) | J2J-r: 0/0 J2J-a: 2435662/3171583 J2J-d: 18678 J2J-s: 1075110/1778145 | map: 1931 tracked, 1089 hot
[JIT] Stats: 15269888 sends, 3991 compiled, 3103655 failed, 16383/16384 KB code | IC: 2592761/3322615 (78% hit, 21330 patched, 0 stale) | J2J-r: 0/0 J2J-a: 2449670/3188097 J2J-d: 18678 J2J-s: 1081789/1787238 | map: 1931 tracked, 1089 hot
[JIT] Stats: 15335424 sends, 3991 compiled, 3127811 failed, 16383/16384 KB code | IC: 2608865/3339915 (78% hit, 21330 patched, 0 stale) | J2J-r: 0/0 J2J-a: 2464738/3205397 J2J-d: 18678 J2J-s: 1087901/1795426 | map: 1931 tracked, 1089 hot
[JIT] Stats: 15400960 sends, 3991 compiled, 3155108 failed, 16383/16384 KB code | IC: 2626171/3358656 (78% hit, 21330 patched, 0 stale) | J2J-r: 0/0 J2J-a: 2481520/3224137 J2J-d: 18683 J2J-s: 1093874/1803271 | map: 1931 tracked, 1089 hot
[JIT] Stats: 15466496 sends, 3991 compiled, 3177224 failed, 16383/16384 KB code | IC: 2641467/3375222 (78% hit, 21330 patched, 0 stale) | J2J-r: 0/0 J2J-a: 2495557/3240704 J2J-d: 18683 J2J-s: 1099855/1811672 | map: 1931 tracked, 1089 hot
[JIT] Stats: 15532032 sends, 3991 compiled, 3202343 failed, 16383/16384 KB code | IC: 2658463/3393489 (78% hit, 21330 patched, 0 stale) | J2J-r: 0/0 J2J-a: 2511656/3258969 J2J-d: 18683 J2J-s: 1106681/1820580 | map: 1931 tracked, 1089 hot
[JIT] Stats: 15597568 sends, 3991 compiled, 3220729 failed, 16383/16384 KB code | IC: 2671785/3408015 (78% hit, 21330 patched, 0 stale) | J2J-r: 0/0 J2J-a: 2523357/3273494 J2J-d: 18683 J2J-s: 1112220/1828759 | map: 1931 tracked, 1089 hot
[JIT] Stats: 15663104 sends, 3991 compiled, 3243254 failed, 16383/16384 KB code | IC: 2687338/3425479 (78% hit, 21330 patched, 0 stale) | J2J-r: 0/0 J2J-a: 2538284/3290958 J2J-d: 18683 J2J-s: 1118966/1837961 | map: 1931 tracked, 1089 hot
[JIT] Stats: 15728640 sends, 3991 compiled, 3268844 failed, 16383/16384 KB code | IC: 2704495/3444192 (78% hit, 21330 patched, 0 stale) | J2J-r: 0/0 J2J-a: 2554911/3309671 J2J-d: 18683 J2J-s: 1126301/1847287 | map: 1931 tracked, 1089 hot
[JIT] Stats: 15794176 sends, 3991 compiled, 3291279 failed, 16383/16384 KB code | IC: 2720378/3461070 (78% hit, 21330 patched, 0 stale) | J2J-r: 0/0 J2J-a: 2569398/3326548 J2J-d: 18683 J2J-s: 1132789/1856067 | map: 1931 tracked, 1090 hot
[JIT] Stats: 15859712 sends, 3991 compiled, 3314654 failed, 16383/16384 KB code | IC: 2736120/3479413 (78% hit, 21374 patched, 0 stale) | J2J-r: 0/0 J2J-a: 2585352/3344888 J2J-d: 18705 J2J-s: 1140076/1865664 | map: 1929 tracked, 1088 hot
[JIT] Stats: 15925248 sends, 3991 compiled, 3337696 failed, 16383/16384 KB code | IC: 2751623/3497374 (78% hit, 21377 patched, 0 stale) | J2J-r: 0/0 J2J-a: 2600923/3362847 J2J-d: 18707 J2J-s: 1147129/1874973 | map: 1929 tracked, 1088 hot
[JIT] Stats: 15990784 sends, 3991 compiled, 3361608 failed, 16383/16384 KB code | IC: 2767838/3515353 (78% hit, 21377 patched, 0 stale) | J2J-r: 0/0 J2J-a: 2616580/3380826 J2J-d: 18707 J2J-s: 1154105/1884118 | map: 1929 tracked, 1088 hot
[JIT] Stats: 16056320 sends, 3991 compiled, 3386161 failed, 16383/16384 KB code | IC: 2784309/3533961 (78% hit, 21377 patched, 0 stale) | J2J-r: 0/0 J2J-a: 2632931/3399435 J2J-d: 18707 J2J-s: 1161634/1893737 | map: 1929 tracked, 1088 hot
[JIT] Stats: 16121856 sends, 3991 compiled, 3409258 failed, 16383/16384 KB code | IC: 2800132/3551432 (78% hit, 21378 patched, 0 stale) | J2J-r: 0/0 J2J-a: 2647957/3416905 J2J-d: 18708 J2J-s: 1168483/1902861 | map: 1929 tracked, 1088 hot
[JIT] Stats: 16187392 sends, 3991 compiled, 3432440 failed, 16383/16384 KB code | IC: 2816577/3568995 (78% hit, 21379 patched, 0 stale) | J2J-r: 0/0 J2J-a: 2663214/3434469 J2J-d: 18708 J2J-s: 1175736/1912327 | map: 1931 tracked, 1088 hot
[JIT] Stats: 16252928 sends, 3991 compiled, 3454056 failed, 16383/16384 KB code | IC: 2832073/3585921 (78% hit, 21379 patched, 0 stale) | J2J-r: 0/0 J2J-a: 2677615/3451394 J2J-d: 18708 J2J-s: 1182675/1921687 | map: 1931 tracked, 1088 hot
[JIT] Stats: 16318464 sends, 3991 compiled, 3478202 failed, 16383/16384 KB code | IC: 2848350/3603505 (79% hit, 21379 patched, 0 stale) | J2J-r: 0/0 J2J-a: 2692954/3468978 J2J-d: 18708 J2J-s: 1189013/1930167 | map: 1931 tracked, 1088 hot
[JIT] Stats: 16384000 sends, 3991 compiled, 3501893 failed, 16383/16384 KB code | IC: 2864225/3621097 (79% hit, 21379 patched, 0 stale) | J2J-r: 0/0 J2J-a: 2708219/3486569 J2J-d: 18708 J2J-s: 1195458/1938815 | map: 1931 tracked, 1088 hot
[JIT] Stats: 16449536 sends, 3991 compiled, 3524837 failed, 16383/16384 KB code | IC: 2880058/3638390 (79% hit, 21381 patched, 0 stale) | J2J-r: 0/0 J2J-a: 2723130/3503862 J2J-d: 18708 J2J-s: 1202215/1947833 | map: 1931 tracked, 1088 hot
[JIT] Stats: 16515072 sends, 3991 compiled, 3547027 failed, 16383/16384 KB code | IC: 2895559/3655267 (79% hit, 21381 patched, 0 stale) | J2J-r: 0/0 J2J-a: 2737509/3520737 J2J-d: 18708 J2J-s: 1208717/1956704 | map: 1931 tracked, 1088 hot
[JIT] Stats: 16580608 sends, 3991 compiled, 3570002 failed, 16383/16384 KB code | IC: 2911374/3672556 (79% hit, 21382 patched, 0 stale) | J2J-r: 0/0 J2J-a: 2752377/3538025 J2J-d: 18708 J2J-s: 1215305/1965584 | map: 1931 tracked, 1088 hot
[JIT] Stats: 16646144 sends, 3991 compiled, 3590498 failed, 16383/16384 KB code | IC: 2925594/3688121 (79% hit, 21382 patched, 0 stale) | J2J-r: 0/0 J2J-a: 2765063/3553585 J2J-d: 18708 J2J-s: 1221061/1973839 | map: 1931 tracked, 1088 hot
[JIT] Stats: 16711680 sends, 3991 compiled, 3612503 failed, 16383/16384 KB code | IC: 2940745/3704787 (79% hit, 21382 patched, 0 stale) | J2J-r: 0/0 J2J-a: 2779107/3570250 J2J-d: 18708 J2J-s: 1227398/1982542 | map: 1931 tracked, 1088 hot
[JIT] Stats: 16777216 sends, 3991 compiled, 3640927 failed, 16383/16384 KB code | IC: 2959680/3724635 (79% hit, 21382 patched, 0 stale) | J2J-r: 0/0 J2J-a: 2797291/3590097 J2J-d: 18708 J2J-s: 1235418/1992137 | map: 1931 tracked, 1088 hot
[JIT] Stats: 16842752 sends, 3991 compiled, 3664692 failed, 16383/16384 KB code | IC: 2976130/3742614 (79% hit, 21382 patched, 0 stale) | J2J-r: 0/0 J2J-a: 2813064/3608075 J2J-d: 18708 J2J-s: 1242785/2001605 | map: 1931 tracked, 1088 hot
[JIT] Stats: 16908288 sends, 3991 compiled, 3688408 failed, 16383/16384 KB code | IC: 2992495/3760241 (79% hit, 21382 patched, 0 stale) | J2J-r: 0/0 J2J-a: 2828451/3625700 J2J-d: 18708 J2J-s: 1249577/2010570 | map: 1931 tracked, 1090 hot
[JIT] Stats: 16973824 sends, 3991 compiled, 3711802 failed, 16383/16384 KB code | IC: 3007029/3776952 (79% hit, 21382 patched, 0 stale) | J2J-r: 0/0 J2J-a: 2842768/3642411 J2J-d: 18708 J2J-s: 1255270/2018472 | map: 1931 tracked, 1090 hot
[JIT] Stats: 17039360 sends, 3991 compiled, 3736509 failed, 16383/16384 KB code | IC: 3022700/3795279 (79% hit, 21384 patched, 0 stale) | J2J-r: 0/0 J2J-a: 2858961/3660735 J2J-d: 18709 J2J-s: 1261820/2027050 | map: 1931 tracked, 1090 hot
[JIT] Stats: 17104896 sends, 3991 compiled, 3759923 failed, 16383/16384 KB code | IC: 3038527/3813377 (79% hit, 21386 patched, 0 stale) | J2J-r: 0/0 J2J-a: 2874702/3678834 J2J-d: 18710 J2J-s: 1268835/2036352 | map: 1931 tracked, 1090 hot
[JIT] Stats: 17170432 sends, 3991 compiled, 3782994 failed, 16383/16384 KB code | IC: 3054507/3831000 (79% hit, 21386 patched, 0 stale) | J2J-r: 0/0 J2J-a: 2889958/3696455 J2J-d: 18710 J2J-s: 1276060/2045794 | map: 1931 tracked, 1090 hot
[JIT] Stats: 17235968 sends, 3991 compiled, 3807026 failed, 16383/16384 KB code | IC: 3070445/3849315 (79% hit, 21388 patched, 0 stale) | J2J-r: 0/0 J2J-a: 2905954/3714771 J2J-d: 18715 J2J-s: 1283020/2054984 | map: 1931 tracked, 1090 hot
[JIT] Stats: 17301504 sends, 3991 compiled, 3828850 failed, 16383/16384 KB code | IC: 3085862/3866289 (79% hit, 21388 patched, 0 stale) | J2J-r: 0/0 J2J-a: 2920336/3731745 J2J-d: 18715 J2J-s: 1289531/2063998 | map: 1931 tracked, 1090 hot
[JIT] Stats: 17367040 sends, 3991 compiled, 3850422 failed, 16383/16384 KB code | IC: 3100949/3882934 (79% hit, 21388 patched, 0 stale) | J2J-r: 0/0 J2J-a: 2934336/3748389 J2J-d: 18715 J2J-s: 1295992/2072886 | map: 1931 tracked, 1090 hot
[JIT] Stats: 17432576 sends, 3991 compiled, 3870891 failed, 16383/16384 KB code | IC: 3115344/3899038 (79% hit, 21388 patched, 0 stale) | J2J-r: 0/0 J2J-a: 2947634/3764492 J2J-d: 18715 J2J-s: 1302101/2081581 | map: 1931 tracked, 1090 hot
[JIT] Stats: 17498112 sends, 3991 compiled, 3892908 failed, 16383/16384 KB code | IC: 3130632/3916198 (79% hit, 21388 patched, 0 stale) | J2J-r: 0/0 J2J-a: 2962239/3781651 J2J-d: 18715 J2J-s: 1308937/2090801 | map: 1931 tracked, 1090 hot
[JIT] Stats: 17563648 sends, 3991 compiled, 3915597 failed, 16383/16384 KB code | IC: 3146635/3933520 (79% hit, 21388 patched, 0 stale) | J2J-r: 0/0 J2J-a: 2977077/3798969 J2J-d: 18715 J2J-s: 1316077/2100267 | map: 1931 tracked, 1090 hot
[JIT] Stats: 17629184 sends, 3991 compiled, 3935893 failed, 16383/16384 KB code | IC: 3161046/3949224 (80% hit, 21388 patched, 0 stale) | J2J-r: 0/0 J2J-a: 2990037/3814668 J2J-d: 18715 J2J-s: 1322210/2108930 | map: 1931 tracked, 1090 hot
[JIT] Stats: 17694720 sends, 3991 compiled, 3957372 failed, 16383/16384 KB code | IC: 3176117/3966043 (80% hit, 21388 patched, 0 stale) | J2J-r: 0/0 J2J-a: 3004163/3831487 J2J-d: 18715 J2J-s: 1328729/2117978 | map: 1931 tracked, 1090 hot
[JIT] Stats: 17760256 sends, 3991 compiled, 3979691 failed, 16383/16384 KB code | IC: 3191760/3983114 (80% hit, 21388 patched, 0 stale) | J2J-r: 0/0 J2J-a: 3018735/3848557 J2J-d: 18715 J2J-s: 1335557/2127134 | map: 1931 tracked, 1090 hot
[JIT] Stats: 17825792 sends, 3991 compiled, 4002634 failed, 16383/16384 KB code | IC: 3207720/4000248 (80% hit, 21388 patched, 0 stale) | J2J-r: 0/0 J2J-a: 3033444/3865690 J2J-d: 18715 J2J-s: 1342331/2136151 | map: 1931 tracked, 1090 hot
[JIT] Stats: 17891328 sends, 3991 compiled, 4023919 failed, 16383/16384 KB code | IC: 3222548/4016698 (80% hit, 21388 patched, 0 stale) | J2J-r: 0/0 J2J-a: 3047226/3882139 J2J-d: 18715 J2J-s: 1348615/2144897 | map: 1931 tracked, 1090 hot
[JIT] Stats: 17956864 sends, 3991 compiled, 4045610 failed, 16383/16384 KB code | IC: 3237671/4033592 (80% hit, 21388 patched, 0 stale) | J2J-r: 0/0 J2J-a: 3061500/3899033 J2J-d: 18715 J2J-s: 1355262/2153991 | map: 1931 tracked, 1090 hot
[JIT] Stats: 18022400 sends, 3991 compiled, 4066503 failed, 16383/16384 KB code | IC: 3252307/4049998 (80% hit, 21388 patched, 0 stale) | J2J-r: 0/0 J2J-a: 3075188/3915437 J2J-d: 18715 J2J-s: 1361584/2162840 | map: 1931 tracked, 1090 hot
[JIT] Stats: 18087936 sends, 3991 compiled, 4088873 failed, 16383/16384 KB code | IC: 3267799/4067217 (80% hit, 21388 patched, 0 stale) | J2J-r: 0/0 J2J-a: 3089937/3932657 J2J-d: 18715 J2J-s: 1368313/2171926 | map: 1931 tracked, 1090 hot
[JIT] Stats: 18153472 sends, 3991 compiled, 4112082 failed, 16383/16384 KB code | IC: 3283310/4084368 (80% hit, 21388 patched, 0 stale) | J2J-r: 0/0 J2J-a: 3104642/3949806 J2J-d: 18715 J2J-s: 1374359/2180261 | map: 1931 tracked, 1090 hot
[JIT] Stats: 18219008 sends, 3991 compiled, 4134433 failed, 16383/16384 KB code | IC: 3298263/4101489 (80% hit, 21435 patched, 0 stale) | J2J-r: 0/0 J2J-a: 3119310/3966925 J2J-d: 18739 J2J-s: 1380967/2189179 | map: 1929 tracked, 1088 hot
[JIT] Stats: 18284544 sends, 3991 compiled, 4157892 failed, 16383/16384 KB code | IC: 3313923/4120100 (80% hit, 21435 patched, 0 stale) | J2J-r: 0/0 J2J-a: 3135428/3985536 J2J-d: 18739 J2J-s: 1388739/2199376 | map: 1929 tracked, 1088 hot
[JIT] Stats: 18350080 sends, 3991 compiled, 4179604 failed, 16383/16384 KB code | IC: 3328038/4136868 (80% hit, 21437 patched, 0 stale) | J2J-r: 0/0 J2J-a: 3149576/4002302 J2J-d: 18739 J2J-s: 1395237/2208362 | map: 1931 tracked, 1088 hot
[JIT] Stats: 18415616 sends, 3991 compiled, 4201224 failed, 16383/16384 KB code | IC: 3342614/4154221 (80% hit, 21437 patched, 0 stale) | J2J-r: 0/0 J2J-a: 3164184/4019651 J2J-d: 18739 J2J-s: 1402273/2218033 | map: 1931 tracked, 1088 hot
[JIT] Stats: 18481152 sends, 3991 compiled, 4222927 failed, 16383/16384 KB code | IC: 3357230/4171724 (80% hit, 21437 patched, 0 stale) | J2J-r: 0/0 J2J-a: 3179026/4037153 J2J-d: 18739 J2J-s: 1409517/2227835 | map: 1931 tracked, 1088 hot
[JIT] Stats: 18546688 sends, 3991 compiled, 4244573 failed, 16383/16384 KB code | IC: 3371199/4188722 (80% hit, 21437 patched, 0 stale) | J2J-r: 0/0 J2J-a: 3193454/4054152 J2J-d: 18739 J2J-s: 1416248/2237015 | map: 1931 tracked, 1088 hot
[JIT] Stats: 18612224 sends, 3991 compiled, 4267770 failed, 16383/16384 KB code | IC: 3386017/4205998 (80% hit, 21437 patched, 0 stale) | J2J-r: 0/0 J2J-a: 3208405/4071428 J2J-d: 18739 J2J-s: 1422749/2245756 | map: 1931 tracked, 1088 hot
[JIT] Stats: 18677760 sends, 3991 compiled, 4293566 failed, 16383/16384 KB code | IC: 3402595/4224970 (80% hit, 21437 patched, 0 stale) | J2J-r: 0/0 J2J-a: 3225341/4090399 J2J-d: 18739 J2J-s: 1430306/2255251 | map: 1931 tracked, 1088 hot
[DIAG] P40 ByteSymbol>>? ip=27 fd=6
[DIAG]   [-1] CompiledMethod>>hasLiteral:
[DIAG]   [-2] CompiledMethod>>accessesRef:
[DIAG]   [-3] UndeclaredVariable>>isAccessedIn:
[DIAG]   [-4] UITheme class>>isAccessedIn:
[DIAG]   [-5] Array>>ifTrue:
[DIAG]   [-6] Array>>do:
[DIAG-TIMER] usecArmed=1 msArmed=0 timerWasArmed=1 timerSem=set lastSignal=0s ago nextUsec=0xe0f471ec910d9 nextMs=0
[DIAG-TIMER] wakeup delta=518471 usec (0.518 sec)
[DIAG-QUEUE] P80 proc=0x3037f5770 susp=SUnitRunner class>>ifFalse:
[DIAG-QUEUE] P60 proc=0x3039bfb18 susp=SUnitRunner class>>ifFalse:
[DIAG-QUEUE] P10 proc=0x303857538 susp=ProcessorScheduler class>>idleProcess
[JIT] Stats: 18743296 sends, 3991 compiled, 4315179 failed, 16383/16384 KB code | IC: 3416567/4241482 (80% hit, 21437 patched, 0 stale) | J2J-r: 0/0 J2J-a: 3239379/4106911 J2J-d: 18739 J2J-s: 1436761/2264076 | map: 1931 tracked, 1088 hot
[PROGRESS] 20s: ~536537236 steps
[JIT] Stats: 18808832 sends, 3991 compiled, 4338859 failed, 16383/16384 KB code | IC: 3431935/4259299 (80% hit, 21437 patched, 0 stale) | J2J-r: 0/0 J2J-a: 3254771/4124726 J2J-d: 18739 J2J-s: 1443581/2273196 | map: 1931 tracked, 1088 hot
[JIT] Stats: 18874368 sends, 3991 compiled, 4362873 failed, 16383/16384 KB code | IC: 3446766/4277272 (80% hit, 21437 patched, 0 stale) | J2J-r: 0/0 J2J-a: 3270464/4142697 J2J-d: 18739 J2J-s: 1450172/2281946 | map: 1931 tracked, 1088 hot
[JIT] Stats: 18939904 sends, 3991 compiled, 4386658 failed, 16383/16384 KB code | IC: 3461587/4295530 (80% hit, 21437 patched, 0 stale) | J2J-r: 0/0 J2J-a: 3286500/4160955 J2J-d: 18739 J2J-s: 1457150/2291036 | map: 1931 tracked, 1088 hot
[DNU] #39: #isTempVectorTemp not understood by rcvr=0x300000000 argCount=0 fd=25 in #visitLocalVariableNode: P40
[DNU]   rcvr cls=3075 fmt=0 class=nil
[DNU] 1MB-aligned check: rcvr=0x300000000 classAtIdx(3075).isNil=0 trap_env=0
[JIT] Stats: 19005440 sends, 3991 compiled, 4408980 failed, 16383/16384 KB code | IC: 3475844/4312921 (80% hit, 21641 patched, 0 stale) | J2J-r: 0/0 J2J-a: 3301420/4178293 J2J-d: 18885 J2J-s: 1463475/2299647 | map: 2329 tracked, 1297 hot
[SISTA-SELECT-CAND] pfbBC=10 send1BC=13 selIdx=4 litIdx=3 slot=0
[SISTA-INJECT-SPLICE-DIAG] send2BC=5 selIdx=1 verdict=REJECT reject=multi-block IR rejOp=return
[SISTA-INJECT-SPLICE-DIAG] send2BC=6 selIdx=2 verdict=REJECT reject=non-simple block op rejOp=send
[SISTA-SELECT-CAND] pfbBC=1 send1BC=4 selIdx=1 litIdx=0 slot=0
[SISTA-SELECT-EMIT] bc=1 slot=0 vid=1
[asmjit-t1] code.code_size=3704 out of [1, 3584]
[JIT] Stats: 19070976 sends, 3991 compiled, 4410671 failed, 16383/16384 KB code | IC: 3483756/4325879 (80% hit, 22357 patched, 0 stale) | J2J-r: 0/0 J2J-a: 3307893/4189866 J2J-d: 19470 J2J-s: 1466780/2307697 | map: 3362 tracked, 2044 hot
[SISTA-SELECT-CAND] pfbBC=2 send1BC=5 selIdx=2 litIdx=1 slot=0
[JIT] Stats: 19136512 sends, 3991 compiled, 4413215 failed, 16383/16384 KB code | IC: 3491350/4338448 (80% hit, 22527 patched, 0 stale) | J2J-r: 0/0 J2J-a: 3314803/4201605 J2J-d: 19630 J2J-s: 1469049/2314570 | map: 3513 tracked, 2457 hot
[JIT] Stats: 19202048 sends, 3991 compiled, 4417695 failed, 16383/16384 KB code | IC: 3504493/4351630 (80% hit, 22544 patched, 0 stale) | J2J-r: 0/0 J2J-a: 3323570/4214788 J2J-d: 19639 J2J-s: 1469069/2319005 | map: 3522 tracked, 2462 hot
[JIT] Stats: 19267584 sends, 3991 compiled, 4421442 failed, 16383/16384 KB code | IC: 3515941/4365886 (80% hit, 22886 patched, 0 stale) | J2J-r: 0/0 J2J-a: 3333711/4227558 J2J-d: 19875 J2J-s: 1472594/2325087 | map: 3596 tracked, 2531 hot
[asmjit-t1] code.code_size=3700 out of [1, 3584]
[JIT] Stats: 19333120 sends, 3991 compiled, 4425645 failed, 16383/16384 KB code | IC: 3527624/4379019 (80% hit, 23012 patched, 0 stale) | J2J-r: 0/0 J2J-a: 3342694/4240684 J2J-d: 19962 J2J-s: 1473176/2329805 | map: 3612 tracked, 2571 hot
[JIT] Stats: 19398656 sends, 3991 compiled, 4430076 failed, 16383/16384 KB code | IC: 3540707/4393646 (80% hit, 23128 patched, 0 stale) | J2J-r: 0/0 J2J-a: 3352797/4254592 J2J-d: 20045 J2J-s: 1474722/2335136 | map: 3612 tracked, 2589 hot
[JIT] Stats: 19464192 sends, 3991 compiled, 4433412 failed, 16383/16384 KB code | IC: 3550790/4407184 (80% hit, 23469 patched, 0 stale) | J2J-r: 0/0 J2J-a: 3362362/4267159 J2J-d: 20277 J2J-s: 1477493/2340853 | map: 3619 tracked, 2623 hot
[JIT] Stats: 19529728 sends, 3991 compiled, 4438198 failed, 16383/16384 KB code | IC: 3564837/4421232 (80% hit, 23470 patched, 0 stale) | J2J-r: 0/0 J2J-a: 3371705/4281207 J2J-d: 20278 J2J-s: 1477511/2345576 | map: 3619 tracked, 2623 hot
[JIT] Stats: 19595264 sends, 3991 compiled, 4441813 failed, 16383/16384 KB code | IC: 3575210/4436497 (80% hit, 23906 patched, 0 stale) | J2J-r: 0/0 J2J-a: 3382819/4294735 J2J-d: 20579 J2J-s: 1481850/2352251 | map: 3619 tracked, 2630 hot
[JIT] Stats: 19660800 sends, 3991 compiled, 4446053 failed, 16383/16384 KB code | IC: 3588128/4449679 (80% hit, 23922 patched, 0 stale) | J2J-r: 0/0 J2J-a: 3391587/4307916 J2J-d: 20587 J2J-s: 1481868/2356681 | map: 3619 tracked, 2630 hot
[JIT] Stats: 19726336 sends, 3991 compiled, 4450095 failed, 16383/16384 KB code | IC: 3599966/4464118 (80% hit, 24159 patched, 0 stale) | J2J-r: 0/0 J2J-a: 3401892/4320933 J2J-d: 20753 J2J-s: 1485231/2362696 | map: 3619 tracked, 2630 hot
[JIT] Stats: 19791872 sends, 3991 compiled, 4453869 failed, 16383/16384 KB code | IC: 3611067/4477093 (80% hit, 24390 patched, 0 stale) | J2J-r: 0/0 J2J-a: 3410853/4333864 J2J-d: 20911 J2J-s: 1486079/2367497 | map: 3619 tracked, 2633 hot
[JIT] Stats: 19857408 sends, 3991 compiled, 4458394 failed, 16383/16384 KB code | IC: 3624330/4491821 (80% hit, 24480 patched, 0 stale) | J2J-r: 0/0 J2J-a: 3421063/4347906 J2J-d: 20975 J2J-s: 1487533/2372775 | map: 3619 tracked, 2633 hot
[JIT] Stats: 19922944 sends, 3991 compiled, 4462193 failed, 16383/16384 KB code | IC: 3634593/4505145 (80% hit, 24844 patched, 0 stale) | J2J-r: 0/0 J2J-a: 3430630/4360245 J2J-d: 21220 J2J-s: 1490547/2378491 | map: 3619 tracked, 2633 hot
[JIT] Stats: 19988480 sends, 3991 compiled, 4466986 failed, 16383/16384 KB code | IC: 3648642/4519194 (80% hit, 24844 patched, 0 stale) | J2J-r: 0/0 J2J-a: 3439974/4374294 J2J-d: 21220 J2J-s: 1490565/2383214 | map: 3619 tracked, 2633 hot
[JIT] Stats: 20054016 sends, 3991 compiled, 4470904 failed, 16383/16384 KB code | IC: 3658587/4532820 (80% hit, 25292 patched, 0 stale) | J2J-r: 0/0 J2J-a: 3450024/4386654 J2J-d: 21534 J2J-s: 1494515/2389399 | map: 3619 tracked, 2633 hot
[JIT] Stats: 20119552 sends, 3991 compiled, 4475045 failed, 16383/16384 KB code | IC: 3671383/4546002 (80% hit, 25309 patched, 0 stale) | J2J-r: 0/0 J2J-a: 3458787/4399836 J2J-d: 21543 J2J-s: 1494536/2393838 | map: 3619 tracked, 2633 hot
[JIT] Stats: 20185088 sends, 3991 compiled, 4479098 failed, 16383/16384 KB code | IC: 3683445/4561005 (80% hit, 25543 patched, 0 stale) | J2J-r: 0/0 J2J-a: 3469485/4413328 J2J-d: 21706 J2J-s: 1497877/2399915 | map: 3619 tracked, 2633 hot
[JIT] Stats: 20250624 sends, 3991 compiled, 4483478 failed, 16383/16384 KB code | IC: 3694953/4574154 (80% hit, 25764 patched, 0 stale) | J2J-r: 0/0 J2J-a: 3478617/4426298 J2J-d: 21853 J2J-s: 1498997/2404854 | map: 3619 tracked, 2633 hot
[JIT] Stats: 20316160 sends, 3991 compiled, 4488016 failed, 16383/16384 KB code | IC: 3708076/4588202 (80% hit, 25851 patched, 0 stale) | J2J-r: 0/0 J2J-a: 3488325/4439930 J2J-d: 21915 J2J-s: 1500082/2409856 | map: 3619 tracked, 2633 hot
[JIT] Stats: 20381696 sends, 3991 compiled, 4491551 failed, 16383/16384 KB code | IC: 3717865/4601634 (80% hit, 26231 patched, 0 stale) | J2J-r: 0/0 J2J-a: 3497920/4452378 J2J-d: 22177 J2J-s: 1503019/2415580 | map: 3619 tracked, 2633 hot
[JIT] Stats: 20447232 sends, 3991 compiled, 4496336 failed, 16383/16384 KB code | IC: 3731912/4615681 (80% hit, 26231 patched, 0 stale) | J2J-r: 0/0 J2J-a: 3507265/4466425 J2J-d: 22177 J2J-s: 1503036/2420299 | map: 3619 tracked, 2633 hot
[JIT] Stats: 20512768 sends, 3991 compiled, 4500766 failed, 16383/16384 KB code | IC: 3742529/4630025 (80% hit, 26671 patched, 0 stale) | J2J-r: 0/0 J2J-a: 3517786/4479319 J2J-d: 22480 J2J-s: 1507107/2426665 | map: 3619 tracked, 2633 hot
[JIT] Stats: 20578304 sends, 3991 compiled, 4504805 failed, 16383/16384 KB code | IC: 3755240/4643204 (80% hit, 26688 patched, 0 stale) | J2J-r: 0/0 J2J-a: 3526551/4492497 J2J-d: 22489 J2J-s: 1507125/2431095 | map: 3619 tracked, 2633 hot
[JIT] Stats: 20643840 sends, 3991 compiled, 4508908 failed, 16383/16384 KB code | IC: 3767253/4658030 (80% hit, 26922 patched, 0 stale) | J2J-r: 0/0 J2J-a: 3537100/4505933 J2J-d: 22652 J2J-s: 1510257/2437055 | map: 3619 tracked, 2633 hot
[JIT] Stats: 20709376 sends, 3991 compiled, 4512949 failed, 16383/16384 KB code | IC: 3778645/4671664 (80% hit, 27146 patched, 0 stale) | J2J-r: 0/0 J2J-a: 3546404/4519292 J2J-d: 22803 J2J-s: 1511282/2442118 | map: 3619 tracked, 2633 hot
[JIT] Stats: 20774912 sends, 3991 compiled, 4517477 failed, 16383/16384 KB code | IC: 3791701/4685465 (80% hit, 27233 patched, 0 stale) | J2J-r: 0/0 J2J-a: 3555927/4532771 J2J-d: 22866 J2J-s: 1512229/2447014 | map: 3619 tracked, 2633 hot
[JIT] Stats: 20840448 sends, 3991 compiled, 4521404 failed, 16383/16384 KB code | IC: 3801939/4698757 (80% hit, 27599 patched, 0 stale) | J2J-r: 0/0 J2J-a: 3565293/4545159 J2J-d: 23113 J2J-s: 1514957/2452693 | map: 3619 tracked, 2633 hot
[JIT] Stats: 20905984 sends, 3991 compiled, 4526198 failed, 16383/16384 KB code | IC: 3815988/4712807 (80% hit, 27600 patched, 0 stale) | J2J-r: 0/0 J2J-a: 3574637/4559209 J2J-d: 23114 J2J-s: 1514975/2457417 | map: 3619 tracked, 2633 hot
[DNU] #40: #close not understood by rcvr=0x300000000 argCount=0 fd=2 in #tearDown P40
[DNU]   rcvr cls=3075 fmt=0 class=nil
[DNU] 1MB-aligned check: rcvr=0x300000000 classAtIdx(3075).isNil=0 trap_env=0
[JIT] Stats: 20971520 sends, 3991 compiled, 4529468 failed, 16383/16384 KB code | IC: 3827034/4728095 (80% hit, 28073 patched, 0 stale) | J2J-r: 0/0 J2J-a: 3584710/4572444 J2J-d: 23450 J2J-s: 1519934/2465452 | map: 3647 tracked, 2662 hot
[JIT] Stats: 21037056 sends, 3991 compiled, 4533558 failed, 16383/16384 KB code | IC: 3838606/4741483 (80% hit, 28142 patched, 0 stale) | J2J-r: 0/0 J2J-a: 3593817/4585830 J2J-d: 23495 J2J-s: 1520388/2470182 | map: 3647 tracked, 2662 hot
[JIT] Stats: 21102592 sends, 3991 compiled, 4537957 failed, 16383/16384 KB code | IC: 3851551/4756072 (80% hit, 28262 patched, 0 stale) | J2J-r: 0/0 J2J-a: 3603891/4599657 J2J-d: 23579 J2J-s: 1522029/2475550 | map: 3647 tracked, 2662 hot
[JIT] Stats: 21168128 sends, 3991 compiled, 4542935 failed, 16383/16384 KB code | IC: 3862800/4768783 (81% hit, 28590 patched, 0 stale) | J2J-r: 0/0 J2J-a: 3613014/4611671 J2J-d: 23801 J2J-s: 1524591/2480951 | map: 3647 tracked, 2662 hot
[JIT] Stats: 21233664 sends, 3991 compiled, 4547726 failed, 16383/16384 KB code | IC: 3876848/4782831 (81% hit, 28590 patched, 0 stale) | J2J-r: 0/0 J2J-a: 3622358/4625719 J2J-d: 23801 J2J-s: 1524609/2485673 | map: 3647 tracked, 2662 hot
[JIT] Stats: 21299200 sends, 3991 compiled, 4551489 failed, 16383/16384 KB code | IC: 3886539/4796432 (81% hit, 29039 patched, 0 stale) | J2J-r: 0/0 J2J-a: 3632370/4638065 J2J-d: 24115 J2J-s: 1528518/2491842 | map: 3647 tracked, 2662 hot
[JIT] Stats: 21364736 sends, 3991 compiled, 4555854 failed, 16383/16384 KB code | IC: 3899555/4809617 (81% hit, 29055 patched, 0 stale) | J2J-r: 0/0 J2J-a: 3641136/4651250 J2J-d: 24123 J2J-s: 1528540/2496282 | map: 3647 tracked, 2662 hot
[JIT] Stats: 21430272 sends, 3991 compiled, 4559936 failed, 16383/16384 KB code | IC: 3911539/4824871 (81% hit, 29371 patched, 0 stale) | J2J-r: 0/0 J2J-a: 3651998/4664790 J2J-d: 24336 J2J-s: 1532270/2502622 | map: 3647 tracked, 2662 hot
[JIT] Stats: 21495808 sends, 3991 compiled, 4564319 failed, 16383/16384 KB code | IC: 3923138/4837886 (81% hit, 29505 patched, 0 stale) | J2J-r: 0/0 J2J-a: 3660939/4677785 J2J-d: 24429 J2J-s: 1532938/2507335 | map: 3647 tracked, 2662 hot
[JIT] Stats: 21561344 sends, 3991 compiled, 4568803 failed, 16383/16384 KB code | IC: 3936201/4852334 (81% hit, 29631 patched, 0 stale) | J2J-r: 0/0 J2J-a: 3670961/4691610 J2J-d: 24519 J2J-s: 1534375/2512558 | map: 3647 tracked, 2662 hot
[JIT] Stats: 21626880 sends, 3991 compiled, 4572467 failed, 16383/16384 KB code | IC: 3946220/4865696 (81% hit, 29976 patched, 0 stale) | J2J-r: 0/0 J2J-a: 3680524/4704018 J2J-d: 24755 J2J-s: 1537294/2518263 | map: 3647 tracked, 2662 hot
[JIT] Stats: 21692416 sends, 3991 compiled, 4577261 failed, 16383/16384 KB code | IC: 3960270/4879746 (81% hit, 29976 patched, 0 stale) | J2J-r: 0/0 J2J-a: 3689868/4718068 J2J-d: 24755 J2J-s: 1537312/2522987 | map: 3647 tracked, 2662 hot
[JIT] Stats: 21757952 sends, 3991 compiled, 4581588 failed, 16383/16384 KB code | IC: 3970642/4893957 (81% hit, 30412 patched, 0 stale) | J2J-r: 0/0 J2J-a: 3700338/4730914 J2J-d: 25057 J2J-s: 1541256/2529233 | map: 3647 tracked, 2662 hot
[JIT] Stats: 21823488 sends, 3991 compiled, 4585769 failed, 16383/16384 KB code | IC: 3983497/4907137 (81% hit, 30429 patched, 0 stale) | J2J-r: 0/0 J2J-a: 3709104/4744094 J2J-d: 25066 J2J-s: 1541274/2533664 | map: 3647 tracked, 2662 hot
[JIT] Stats: 21889024 sends, 3991 compiled, 4589925 failed, 16383/16384 KB code | IC: 3995298/4921435 (81% hit, 30664 patched, 0 stale) | J2J-r: 0/0 J2J-a: 3719296/4757054 J2J-d: 25230 J2J-s: 1544485/2539585 | map: 3647 tracked, 2662 hot
[JIT] Stats: 21954560 sends, 3991 compiled, 4593874 failed, 16383/16384 KB code | IC: 4006370/4934400 (81% hit, 30891 patched, 0 stale) | J2J-r: 0/0 J2J-a: 3728281/4769908 J2J-d: 25384 J2J-s: 1545477/2544429 | map: 3647 tracked, 2662 hot
[JIT] Stats: 22020096 sends, 3991 compiled, 4598420 failed, 16383/16384 KB code | IC: 4019439/4948429 (81% hit, 30976 patched, 0 stale) | J2J-r: 0/0 J2J-a: 3738007/4783504 J2J-d: 25446 J2J-s: 1546624/2549439 | map: 3647 tracked, 2662 hot
[JIT] Stats: 22085632 sends, 3991 compiled, 4602362 failed, 16383/16384 KB code | IC: 4029439/4961067 (81% hit, 31343 patched, 0 stale) | J2J-r: 0/0 J2J-a: 3747030/4795331 J2J-d: 25696 J2J-s: 1549441/2554990 | map: 3647 tracked, 2662 hot
[JIT] Stats: 22151168 sends, 3991 compiled, 4607155 failed, 16383/16384 KB code | IC: 4043488/4975116 (81% hit, 31343 patched, 0 stale) | J2J-r: 0/0 J2J-a: 3756374/4809380 J2J-d: 25696 J2J-s: 1549459/2559713 | map: 3647 tracked, 2662 hot
[JIT] Stats: 22216704 sends, 3991 compiled, 4611273 failed, 16383/16384 KB code | IC: 4053888/4989923 (81% hit, 31787 patched, 0 stale) | J2J-r: 0/0 J2J-a: 3767365/4822529 J2J-d: 26003 J2J-s: 1553934/2566272 | map: 3647 tracked, 2662 hot
[JIT] Stats: 22282240 sends, 3991 compiled, 4615376 failed, 16383/16384 KB code | IC: 4066639/5003103 (81% hit, 31804 patched, 0 stale) | J2J-r: 0/0 J2J-a: 3776126/4835709 J2J-d: 26012 J2J-s: 1553956/2570712 | map: 3647 tracked, 2662 hot
[JIT] Stats: 22347776 sends, 3991 compiled, 4619523 failed, 16383/16384 KB code | IC: 4078201/5016608 (81% hit, 32041 patched, 0 stale) | J2J-r: 0/0 J2J-a: 3785753/4848212 J2J-d: 26179 J2J-s: 1556716/2576289 | map: 3647 tracked, 2662 hot
[JIT] Stats: 22413312 sends, 3991 compiled, 4623923 failed, 16383/16384 KB code | IC: 4089720/5029783 (81% hit, 32261 patched, 0 stale) | J2J-r: 0/0 J2J-a: 3794943/4861163 J2J-d: 26326 J2J-s: 1557959/2581274 | map: 3647 tracked, 2662 hot
[JIT] Stats: 22478848 sends, 3991 compiled, 4628485 failed, 16383/16384 KB code | IC: 4102827/5043707 (81% hit, 32341 patched, 0 stale) | J2J-r: 0/0 J2J-a: 3804545/4874722 J2J-d: 26383 J2J-s: 1558949/2586214 | map: 3647 tracked, 2662 hot
[JIT] Stats: 22544384 sends, 3991 compiled, 4632048 failed, 16383/16384 KB code | IC: 4112585/5056554 (81% hit, 32721 patched, 0 stale) | J2J-r: 0/0 J2J-a: 3813783/4886654 J2J-d: 26644 J2J-s: 1561974/2591864 | map: 3647 tracked, 2662 hot
[JIT] Stats: 22609920 sends, 3991 compiled, 4636840 failed, 16383/16384 KB code | IC: 4126633/5070602 (81% hit, 32721 patched, 0 stale) | J2J-r: 0/0 J2J-a: 3823127/4900702 J2J-d: 26644 J2J-s: 1561992/2596586 | map: 3647 tracked, 2662 hot
[JIT] Stats: 22675456 sends, 3991 compiled, 4641304 failed, 16383/16384 KB code | IC: 4137336/5085001 (81% hit, 33153 patched, 0 stale) | J2J-r: 0/0 J2J-a: 3833650/4913734 J2J-d: 26943 J2J-s: 1565803/2602832 | map: 3647 tracked, 2662 hot
[JIT] Stats: 22740992 sends, 3991 compiled, 4645386 failed, 16383/16384 KB code | IC: 4150078/5098184 (81% hit, 33170 patched, 0 stale) | J2J-r: 0/0 J2J-a: 3842415/4926916 J2J-d: 26952 J2J-s: 1565822/2607267 | map: 3647 tracked, 2662 hot
[JIT] Stats: 22806528 sends, 3991 compiled, 4649591 failed, 16383/16384 KB code | IC: 4162109/5113102 (81% hit, 33401 patched, 0 stale) | J2J-r: 0/0 J2J-a: 3852992/4940369 J2J-d: 27114 J2J-s: 1569033/2613295 | map: 3647 tracked, 2662 hot
[JIT] Stats: 22872064 sends, 3991 compiled, 4653260 failed, 16383/16384 KB code | IC: 4173309/5126597 (81% hit, 33657 patched, 0 stale) | J2J-r: 0/0 J2J-a: 3862090/4953525 J2J-d: 27292 J2J-s: 1570908/2619211 | map: 3647 tracked, 2662 hot
[JIT] Stats: 22937600 sends, 3991 compiled, 4657828 failed, 16383/16384 KB code | IC: 4186611/5140209 (81% hit, 33730 patched, 0 stale) | J2J-r: 0/0 J2J-a: 3871190/4967024 J2J-d: 27344 J2J-s: 1571200/2623895 | map: 3647 tracked, 2662 hot
[JIT] Stats: 23003136 sends, 3991 compiled, 4661947 failed, 16383/16384 KB code | IC: 4196873/5154861 (81% hit, 34111 patched, 0 stale) | J2J-r: 0/0 J2J-a: 3881862/4980130 J2J-d: 27601 J2J-s: 1575179/2630237 | map: 3647 tracked, 2662 hot
[JIT] Stats: 23068672 sends, 3991 compiled, 4666741 failed, 16383/16384 KB code | IC: 4210917/5168906 (81% hit, 34112 patched, 0 stale) | J2J-r: 0/0 J2J-a: 3891203/4994175 J2J-d: 27602 J2J-s: 1575197/2634959 | map: 3647 tracked, 2662 hot
[JIT] Stats: 23134208 sends, 3991 compiled, 4671515 failed, 16383/16384 KB code | IC: 4221930/5183879 (81% hit, 34559 patched, 0 stale) | J2J-r: 0/0 J2J-a: 3902219/5007468 J2J-d: 27912 J2J-s: 1579585/2641549 | map: 3647 tracked, 2662 hot
[JIT] Stats: 23199744 sends, 3991 compiled, 4675008 failed, 16383/16384 KB code | IC: 4234082/5197004 (81% hit, 34578 patched, 0 stale) | J2J-r: 0/0 J2J-a: 3910978/5020593 J2J-d: 27922 J2J-s: 1579649/2645978 | map: 3647 tracked, 2662 hot
[JIT] Stats: 23265280 sends, 3991 compiled, 4679322 failed, 16383/16384 KB code | IC: 4246314/5211099 (81% hit, 34788 patched, 0 stale) | J2J-r: 0/0 J2J-a: 3920886/5033910 J2J-d: 28075 J2J-s: 1581752/2651435 | map: 3647 tracked, 2662 hot
[JIT] Stats: 23330816 sends, 3991 compiled, 4683612 failed, 16383/16384 KB code | IC: 4257302/5224352 (81% hit, 35037 patched, 0 stale) | J2J-r: 0/0 J2J-a: 3930187/5046586 J2J-d: 28240 J2J-s: 1583625/2656663 | map: 3647 tracked, 2662 hot
[JIT] Stats: 23396352 sends, 3991 compiled, 4688197 failed, 16383/16384 KB code | IC: 4270725/5237863 (81% hit, 35092 patched, 0 stale) | J2J-r: 0/0 J2J-a: 3939173/5060080 J2J-d: 28280 J2J-s: 1583687/2661230 | map: 3647 tracked, 2662 hot
[JIT] Stats: 23461888 sends, 3991 compiled, 4692823 failed, 16383/16384 KB code | IC: 4281144/5251665 (81% hit, 35501 patched, 0 stale) | J2J-r: 0/0 J2J-a: 3949407/5072461 J2J-d: 28562 J2J-s: 1587827/2667443 | map: 3647 tracked, 2662 hot
[JIT] Stats: 23527424 sends, 3991 compiled, 4697608 failed, 16383/16384 KB code | IC: 4295188/5265713 (81% hit, 35505 patched, 0 stale) | J2J-r: 0/0 J2J-a: 3958752/5086508 J2J-d: 28564 J2J-s: 1587843/2672161 | map: 3647 tracked, 2662 hot
[JIT] Stats: 23592960 sends, 3991 compiled, 4702904 failed, 16383/16384 KB code | IC: 4306744/5280857 (81% hit, 35940 patched, 0 stale) | J2J-r: 0/0 J2J-a: 3969824/5099986 J2J-d: 28864 J2J-s: 1592110/2678758 | map: 3647 tracked, 2662 hot
[JIT] Stats: 23658496 sends, 3991 compiled, 4706275 failed, 16383/16384 KB code | IC: 4318733/5293752 (81% hit, 35959 patched, 0 stale) | J2J-r: 0/0 J2J-a: 3978554/5112881 J2J-d: 28874 J2J-s: 1592368/2683180 | map: 3647 tracked, 2662 hot
[JIT] Stats: 23724032 sends, 3991 compiled, 4710637 failed, 16383/16384 KB code | IC: 4331039/5307677 (81% hit, 36176 patched, 0 stale) | J2J-r: 0/0 J2J-a: 3988185/5126108 J2J-d: 29030 J2J-s: 1594248/2688596 | map: 3647 tracked, 2662 hot
[JIT] Stats: 23789568 sends, 3991 compiled, 4714547 failed, 16383/16384 KB code | IC: 4341450/5320480 (81% hit, 36436 patched, 0 stale) | J2J-r: 0/0 J2J-a: 3997379/5138376 J2J-d: 29203 J2J-s: 1596352/2693756 | map: 3647 tracked, 2662 hot
[JIT] Stats: 23855104 sends, 3991 compiled, 4719243 failed, 16383/16384 KB code | IC: 4355207/5334241 (81% hit, 36440 patched, 0 stale) | J2J-r: 0/0 J2J-a: 4006533/5152137 J2J-d: 29206 J2J-s: 1596371/2698382 | map: 3647 tracked, 2662 hot
[JIT] Stats: 23920640 sends, 3991 compiled, 4723178 failed, 16383/16384 KB code | IC: 4364997/5348525 (81% hit, 36889 patched, 0 stale) | J2J-r: 0/0 J2J-a: 4017183/5164745 J2J-d: 29512 J2J-s: 1600873/2704764 | map: 3647 tracked, 2662 hot
[JIT] Stats: 23986176 sends, 3991 compiled, 4727976 failed, 16383/16384 KB code | IC: 4379042/5362574 (81% hit, 36893 patched, 0 stale) | J2J-r: 0/0 J2J-a: 4026526/5178794 J2J-d: 29514 J2J-s: 1600891/2709488 | map: 3647 tracked, 2662 hot
[JIT] Stats: 24051712 sends, 3991 compiled, 4732987 failed, 16383/16384 KB code | IC: 4390049/5376530 (81% hit, 37339 patched, 0 stale) | J2J-r: 0/0 J2J-a: 4036676/5191515 J2J-d: 29825 J2J-s: 1604571/2715664 | map: 3647 tracked, 2662 hot
[JIT] Stats: 24117248 sends, 3991 compiled, 4736285 failed, 16383/16384 KB code | IC: 4402014/5389712 (81% hit, 37356 patched, 0 stale) | J2J-r: 0/0 J2J-a: 4045442/5204697 J2J-d: 29834 J2J-s: 1604589/2720097 | map: 3647 tracked, 2662 hot
[JIT] Stats: 24182784 sends, 3991 compiled, 4740661 failed, 16383/16384 KB code | IC: 4414694/5404550 (81% hit, 37534 patched, 0 stale) | J2J-r: 0/0 J2J-a: 4055768/5218571 J2J-d: 29961 J2J-s: 1606718/2725728 | map: 3647 tracked, 2662 hot
[JIT] Stats: 24248320 sends, 3991 compiled, 4744925 failed, 16383/16384 KB code | IC: 4425780/5417966 (81% hit, 37803 patched, 0 stale) | J2J-r: 0/0 J2J-a: 4065405/5231219 J2J-d: 30138 J2J-s: 1609175/2731165 | map: 3647 tracked, 2662 hot
[JIT] Stats: 24313856 sends, 3991 compiled, 4749665 failed, 16383/16384 KB code | IC: 4439651/5431842 (81% hit, 37808 patched, 0 stale) | J2J-r: 0/0 J2J-a: 4074635/5245095 J2J-d: 30142 J2J-s: 1609195/2735831 | map: 3647 tracked, 2662 hot
[JIT] Stats: 24379392 sends, 3991 compiled, 4753224 failed, 16383/16384 KB code | IC: 4449514/5446101 (81% hit, 38285 patched, 0 stale) | J2J-r: 0/0 J2J-a: 4084755/5258010 J2J-d: 30478 J2J-s: 1613488/2742844 | map: 3647 tracked, 2662 hot
[JIT] Stats: 24444928 sends, 3991 compiled, 4757677 failed, 16383/16384 KB code | IC: 4462632/5459282 (81% hit, 38301 patched, 0 stale) | J2J-r: 0/0 J2J-a: 4093523/5271191 J2J-d: 30486 J2J-s: 1613507/2747275 | map: 3647 tracked, 2662 hot
[JIT] Stats: 24510464 sends, 3991 compiled, 4761840 failed, 16383/16384 KB code | IC: 4474109/5473559 (81% hit, 38668 patched, 0 stale) | J2J-r: 0/0 J2J-a: 4103719/5284018 J2J-d: 30735 J2J-s: 1617006/2753330 | map: 3647 tracked, 2662 hot
[JIT] Stats: 24576000 sends, 3991 compiled, 4766328 failed, 16383/16384 KB code | IC: 4485959/5486826 (81% hit, 38758 patched, 0 stale) | J2J-r: 0/0 J2J-a: 4112796/5297282 J2J-d: 30798 J2J-s: 1617557/2758065 | map: 3647 tracked, 2662 hot
[JIT] Stats: 24641536 sends, 3991 compiled, 4770817 failed, 16383/16384 KB code | IC: 4498955/5501474 (81% hit, 38880 patched, 0 stale) | J2J-r: 0/0 J2J-a: 4122937/5311173 J2J-d: 30883 J2J-s: 1619184/2763419 | map: 3647 tracked, 2662 hot
[JIT] Stats: 24707072 sends, 3991 compiled, 4774627 failed, 16383/16384 KB code | IC: 4509158/5515086 (81% hit, 39222 patched, 0 stale) | J2J-r: 0/0 J2J-a: 4132607/5323828 J2J-d: 31119 J2J-s: 1621944/2769113 | map: 3647 tracked, 2662 hot
[JIT] Stats: 24772608 sends, 3991 compiled, 4779425 failed, 16383/16384 KB code | IC: 4523206/5529134 (81% hit, 39222 patched, 0 stale) | J2J-r: 0/0 J2J-a: 4141950/5337876 J2J-d: 31119 J2J-s: 1621962/2773836 | map: 3647 tracked, 2662 hot
[JIT] Stats: 24838144 sends, 3991 compiled, 4783756 failed, 16383/16384 KB code | IC: 4533768/5544177 (81% hit, 39660 patched, 0 stale) | J2J-r: 0/0 J2J-a: 4152993/5351214 J2J-d: 31420 J2J-s: 1626352/2780445 | map: 3647 tracked, 2662 hot
[JIT] Stats: 24903680 sends, 3991 compiled, 4788111 failed, 16383/16384 KB code | IC: 4546779/5557362 (81% hit, 39676 patched, 0 stale) | J2J-r: 0/0 J2J-a: 4161760/5364399 J2J-d: 31428 J2J-s: 1626372/2784882 | map: 3647 tracked, 2662 hot
[JIT] Stats: 24969216 sends, 3991 compiled, 4792382 failed, 16383/16384 KB code | IC: 4558705/5572411 (81% hit, 40001 patched, 0 stale) | J2J-r: 0/0 J2J-a: 4172442/5377795 J2J-d: 31648 J2J-s: 1630039/2791192 | map: 3647 tracked, 2662 hot
[JIT] Stats: 25034752 sends, 3991 compiled, 4796448 failed, 16383/16384 KB code | IC: 4569971/5585461 (81% hit, 40146 patched, 0 stale) | J2J-r: 0/0 J2J-a: 4181455/5390807 J2J-d: 31752 J2J-s: 1630792/2795938 | map: 3647 tracked, 2662 hot
[JIT] Stats: 25100288 sends, 3991 compiled, 4800992 failed, 16383/16384 KB code | IC: 4583083/5600125 (81% hit, 40265 patched, 0 stale) | J2J-r: 0/0 J2J-a: 4191599/5404756 J2J-d: 31836 J2J-s: 1632324/2801257 | map: 3647 tracked, 2662 hot
[JIT] Stats: 25165824 sends, 3991 compiled, 4805167 failed, 16383/16384 KB code | IC: 4593490/5613627 (81% hit, 40599 patched, 0 stale) | J2J-r: 0/0 J2J-a: 4201033/5417374 J2J-d: 32062 J2J-s: 1634848/2806905 | map: 3647 tracked, 2662 hot
[JIT] Stats: 25231360 sends, 3991 compiled, 4809970 failed, 16383/16384 KB code | IC: 4607541/5627678 (81% hit, 40599 patched, 0 stale) | J2J-r: 0/0 J2J-a: 4210377/5431425 J2J-d: 32062 J2J-s: 1634866/2811630 | map: 3647 tracked, 2662 hot
[JIT] Stats: 25296896 sends, 3991 compiled, 4813951 failed, 16383/16384 KB code | IC: 4617427/5641167 (81% hit, 41050 patched, 0 stale) | J2J-r: 0/0 J2J-a: 4220432/5443688 J2J-d: 32375 J2J-s: 1638862/2817758 | map: 3647 tracked, 2662 hot
[JIT] Stats: 25362432 sends, 3991 compiled, 4818253 failed, 16383/16384 KB code | IC: 4630398/5654351 (81% hit, 41066 patched, 0 stale) | J2J-r: 0/0 J2J-a: 4229201/5456872 J2J-d: 32383 J2J-s: 1638880/2822190 | map: 3647 tracked, 2662 hot
[JIT] Stats: 25427968 sends, 3991 compiled, 4822519 failed, 16383/16384 KB code | IC: 4641941/5668122 (81% hit, 41367 patched, 0 stale) | J2J-r: 0/0 J2J-a: 4239053/5469428 J2J-d: 32594 J2J-s: 1642090/2828042 | map: 3647 tracked, 2662 hot
[JIT] Stats: 25493504 sends, 3991 compiled, 4826891 failed, 16383/16384 KB code | IC: 4653709/5681437 (81% hit, 41522 patched, 0 stale) | J2J-r: 0/0 J2J-a: 4248052/5482714 J2J-d: 32695 J2J-s: 1642550/2832773 | map: 3647 tracked, 2662 hot
[JIT] Stats: 25559040 sends, 3991 compiled, 4831407 failed, 16383/16384 KB code | IC: 4666576/5695443 (81% hit, 41649 patched, 0 stale) | J2J-r: 0/0 J2J-a: 4257753/5496214 J2J-d: 32787 J2J-s: 1643885/2837887 | map: 3647 tracked, 2662 hot
[JIT] Stats: 25624576 sends, 3991 compiled, 4834920 failed, 16383/16384 KB code | IC: 4676452/5708543 (81% hit, 42015 patched, 0 stale) | J2J-r: 0/0 J2J-a: 4266798/5508483 J2J-d: 33039 J2J-s: 1646848/2844018 | map: 3647 tracked, 2662 hot
[JIT] Stats: 25690112 sends, 3991 compiled, 4839700 failed, 16383/16384 KB code | IC: 4690500/5722591 (81% hit, 42015 patched, 0 stale) | J2J-r: 0/0 J2J-a: 4276145/5522531 J2J-d: 33039 J2J-s: 1646863/2848734 | map: 3647 tracked, 2662 hot
[JIT] Stats: 25755648 sends, 3991 compiled, 4844418 failed, 16383/16384 KB code | IC: 4701174/5736792 (81% hit, 42449 patched, 0 stale) | J2J-r: 0/0 J2J-a: 4286655/5535266 J2J-d: 33337 J2J-s: 1651086/2855105 | map: 3647 tracked, 2662 hot
[JIT] Stats: 25821184 sends, 3991 compiled, 4848404 failed, 16383/16384 KB code | IC: 4713814/5749973 (81% hit, 42466 patched, 0 stale) | J2J-r: 0/0 J2J-a: 4295418/5548446 J2J-d: 33346 J2J-s: 1651106/2859541 | map: 3647 tracked, 2662 hot
[JIT] Stats: 25886720 sends, 3991 compiled, 4852653 failed, 16383/16384 KB code | IC: 4725284/5763380 (81% hit, 42700 patched, 0 stale) | J2J-r: 0/0 J2J-a: 4304926/5560953 J2J-d: 33513 J2J-s: 1653660/2865036 | map: 3647 tracked, 2662 hot
[JIT] Stats: 25952256 sends, 3991 compiled, 4856742 failed, 16383/16384 KB code | IC: 4736477/5776791 (81% hit, 42931 patched, 0 stale) | J2J-r: 0/0 J2J-a: 4314258/5574013 J2J-d: 33668 J2J-s: 1655087/2870174 | map: 3647 tracked, 2662 hot
[JIT] Stats: 26017792 sends, 3991 compiled, 4861332 failed, 16383/16384 KB code | IC: 4749775/5791042 (82% hit, 43004 patched, 0 stale) | J2J-r: 0/0 J2J-a: 4323996/5587828 J2J-d: 33720 J2J-s: 1656027/2875184 | map: 3647 tracked, 2662 hot
[JIT] Stats: 26083328 sends, 3991 compiled, 4865416 failed, 16383/16384 KB code | IC: 4760028/5804929 (81% hit, 43382 patched, 0 stale) | J2J-r: 0/0 J2J-a: 4333986/5600480 J2J-d: 33975 J2J-s: 1659418/2881167 | map: 3647 tracked, 2662 hot
[JIT] Stats: 26148864 sends, 3991 compiled, 4870213 failed, 16383/16384 KB code | IC: 4774074/5818976 (82% hit, 43383 patched, 0 stale) | J2J-r: 0/0 J2J-a: 4343328/5614527 J2J-d: 33976 J2J-s: 1659436/2885890 | map: 3647 tracked, 2662 hot
[JIT] Stats: 26214400 sends, 3991 compiled, 4874581 failed, 16383/16384 KB code | IC: 4784611/5833409 (82% hit, 43838 patched, 0 stale) | J2J-r: 0/0 J2J-a: 4353958/5627526 J2J-d: 34293 J2J-s: 1663465/2892216 | map: 3647 tracked, 2662 hot
[JIT] Stats: 26279936 sends, 3991 compiled, 4878492 failed, 16383/16384 KB code | IC: 4797176/5846590 (82% hit, 43855 patched, 0 stale) | J2J-r: 0/0 J2J-a: 4362721/5640706 J2J-d: 34302 J2J-s: 1663485/2896652 | map: 3647 tracked, 2662 hot
[JIT] Stats: 26345472 sends, 3991 compiled, 4882743 failed, 16383/16384 KB code | IC: 4808914/5860532 (82% hit, 44087 patched, 0 stale) | J2J-r: 0/0 J2J-a: 4372566/5653611 J2J-d: 34465 J2J-s: 1666075/2902243 | map: 3647 tracked, 2662 hot
[JIT] Stats: 26411008 sends, 3991 compiled, 4887192 failed, 16383/16384 KB code | IC: 4820711/5874382 (82% hit, 44307 patched, 0 stale) | J2J-r: 0/0 J2J-a: 4382062/5667039 J2J-d: 34610 J2J-s: 1667387/2907468 | map: 3647 tracked, 2662 hot
[JIT] Stats: 26476544 sends, 3991 compiled, 4891763 failed, 16383/16384 KB code | IC: 4833790/5887988 (82% hit, 44393 patched, 0 stale) | J2J-r: 0/0 J2J-a: 4391365/5680430 J2J-d: 34672 J2J-s: 1668096/2912258 | map: 3647 tracked, 2662 hot
[JIT] Stats: 26542080 sends, 3991 compiled, 4896340 failed, 16383/16384 KB code | IC: 4844508/5901366 (82% hit, 44797 patched, 0 stale) | J2J-r: 0/0 J2J-a: 4400836/5692684 J2J-d: 34955 J2J-s: 1671709/2918585 | map: 3647 tracked, 2662 hot
[JIT] Stats: 26607616 sends, 3991 compiled, 4901138 failed, 16383/16384 KB code | IC: 4858553/5915413 (82% hit, 44799 patched, 0 stale) | J2J-r: 0/0 J2J-a: 4410178/5706731 J2J-d: 34956 J2J-s: 1671727/2923308 | map: 3647 tracked, 2662 hot
[JIT] Stats: 26673152 sends, 3991 compiled, 4906185 failed, 16383/16384 KB code | IC: 4869787/5930272 (82% hit, 45234 patched, 0 stale) | J2J-r: 0/0 J2J-a: 4421151/5719923 J2J-d: 35256 J2J-s: 1676141/2929864 | map: 3647 tracked, 2662 hot
[JIT] Stats: 26738688 sends, 3991 compiled, 4909836 failed, 16383/16384 KB code | IC: 4882081/5943453 (82% hit, 45251 patched, 0 stale) | J2J-r: 0/0 J2J-a: 4429913/5733104 J2J-d: 35265 J2J-s: 1676163/2934304 | map: 3647 tracked, 2662 hot
[JIT] Stats: 26804224 sends, 3991 compiled, 4914247 failed, 16383/16384 KB code | IC: 4894595/5958504 (82% hit, 45460 patched, 0 stale) | J2J-r: 0/0 J2J-a: 4440523/5747012 J2J-d: 35415 J2J-s: 1678773/2940154 | map: 3647 tracked, 2662 hot
[JIT] Stats: 26869760 sends, 3991 compiled, 4918180 failed, 16383/16384 KB code | IC: 4905500/5971947 (82% hit, 45710 patched, 0 stale) | J2J-r: 0/0 J2J-a: 4449783/5759924 J2J-d: 35580 J2J-s: 1680320/2945335 | map: 3647 tracked, 2662 hot
[JIT] Stats: 26935296 sends, 3991 compiled, 4922772 failed, 16383/16384 KB code | IC: 4918723/5985388 (82% hit, 45793 patched, 0 stale) | J2J-r: 0/0 J2J-a: 4458765/5773303 J2J-d: 35641 J2J-s: 1680569/2949974 | map: 3647 tracked, 2662 hot
[JIT] Stats: 27000832 sends, 3991 compiled, 4926813 failed, 16383/16384 KB code | IC: 4928724/5998602 (82% hit, 46158 patched, 0 stale) | J2J-r: 0/0 J2J-a: 4468589/5785331 J2J-d: 35888 J2J-s: 1684342/2955883 | map: 3647 tracked, 2662 hot
[JIT] Stats: 27066368 sends, 3991 compiled, 4931609 failed, 16383/16384 KB code | IC: 4942769/6012649 (82% hit, 46160 patched, 0 stale) | J2J-r: 0/0 J2J-a: 4477931/5799378 J2J-d: 35889 J2J-s: 1684360/2960606 | map: 3647 tracked, 2662 hot
[JIT] Stats: 27131904 sends, 3991 compiled, 4936306 failed, 16383/16384 KB code | IC: 4953826/6027348 (82% hit, 46633 patched, 0 stale) | J2J-r: 0/0 J2J-a: 4488535/5812467 J2J-d: 36221 J2J-s: 1688786/2967441 | map: 3647 tracked, 2662 hot
[JIT] Stats: 27197440 sends, 3991 compiled, 4939760 failed, 16383/16384 KB code | IC: 4965911/6040495 (82% hit, 46651 patched, 0 stale) | J2J-r: 0/0 J2J-a: 4497292/5825614 J2J-d: 36231 J2J-s: 1688838/2971882 | map: 3647 tracked, 2662 hot
[JIT] Stats: 27262976 sends, 3991 compiled, 4944167 failed, 16383/16384 KB code | IC: 4978421/6055178 (82% hit, 46857 patched, 0 stale) | J2J-r: 0/0 J2J-a: 4507479/5839324 J2J-d: 36379 J2J-s: 1691041/2977550 | map: 3647 tracked, 2662 hot
[JIT] Stats: 27328512 sends, 3991 compiled, 4948372 failed, 16383/16384 KB code | IC: 4989621/6068630 (82% hit, 47094 patched, 0 stale) | J2J-r: 0/0 J2J-a: 4517070/5852042 J2J-d: 36532 J2J-s: 1693260/2982876 | map: 3647 tracked, 2662 hot
[JIT] Stats: 27394048 sends, 3991 compiled, 4952976 failed, 16383/16384 KB code | IC: 5003090/6082134 (82% hit, 47127 patched, 0 stale) | J2J-r: 0/0 J2J-a: 4526043/5865544 J2J-d: 36557 J2J-s: 1693287/2987429 | map: 3647 tracked, 2662 hot
[SISTA-SELECT-CAND] pfbBC=10 send1BC=13 selIdx=4 litIdx=3 slot=0
[JIT] Stats: 27459584 sends, 3991 compiled, 4956445 failed, 16383/16384 KB code | IC: 5012317/6096795 (82% hit, 48311 patched, 0 stale) | J2J-r: 0/0 J2J-a: 4535815/5878139 J2J-d: 37427 J2J-s: 1698368/2995124 | map: 2726 tracked, 1595 hot
[SISTA-INJECT-SPLICE-DIAG] send2BC=5 selIdx=1 verdict=REJECT reject=multi-block IR rejOp=return
[SISTA-SELECT-EMIT] bc=1 slot=0 vid=1
[DNU] #41: #isTempVectorTemp not understood by rcvr=0x300000000 argCount=0 fd=20 in #visitLocalVariableNode: P40
[DNU]   rcvr cls=3075 fmt=0 class=nil
[DNU] 1MB-aligned check: rcvr=0x300000000 classAtIdx(3075).isNil=0 trap_env=0
[asmjit-t1] code.code_size=4728 out of [1, 4096]
[DNU] #42: #suspend not understood by rcvr=0x300000000 argCount=0 fd=2 in #suspend P80
[DNU]   rcvr cls=3075 fmt=0 class=nil
[DNU] 1MB-aligned check: rcvr=0x300000000 classAtIdx(3075).isNil=0 trap_env=0
[JIT] Stats: 27525120 sends, 3991 compiled, 4959564 failed, 16383/16384 KB code | IC: 5019454/6108149 (82% hit, 49101 patched, 0 stale) | J2J-r: 0/0 J2J-a: 4541054/5888477 J2J-d: 38096 J2J-s: 1700777/3002198 | map: 3898 tracked, 2553 hot
[MUSTBOOL] #3 fd=2 value_class=Dictionary value=0xd0d17e730 in=#emitReturn:resultTempVar:context:inCallout: rcv_class=FFIExternalObjectType method=0x300978d78 numLits=21 ipOff=58
[MUSTBOOL]   recent[0] TFCalloutMethodBuilder>>generateFFICallout:spec:ffiLibrary:
[MUSTBOOL]   recent[1] FFITypeDeclaration>>emitReturn:resultTempVar:context:inCallout:
[JIT] Stats: 27590656 sends, 3991 compiled, 4964788 failed, 16383/16384 KB code | IC: 5031375/6122771 (82% hit, 49188 patched, 0 stale) | J2J-r: 0/0 J2J-a: 4549366/5901659 J2J-d: 38146 J2J-s: 1704038/3010132 | map: 4014 tracked, 2709 hot
[JIT] Stats: 27656192 sends, 3991 compiled, 4969563 failed, 16383/16384 KB code | IC: 5045280/6136691 (82% hit, 49203 patched, 0 stale) | J2J-r: 0/0 J2J-a: 4558620/5915579 J2J-d: 38154 J2J-s: 1704060/3014820 | map: 4014 tracked, 2710 hot
[JIT] Stats: 27721728 sends, 3991 compiled, 4974689 failed, 16383/16384 KB code | IC: 5056688/6151109 (82% hit, 49583 patched, 0 stale) | J2J-r: 0/0 J2J-a: 4568979/5928549 J2J-d: 38412 J2J-s: 1707793/3021090 | map: 4058 tracked, 2762 hot
[JIT] Stats: 27787264 sends, 3991 compiled, 4978273 failed, 16383/16384 KB code | IC: 5068567/6164081 (82% hit, 49652 patched, 0 stale) | J2J-r: 0/0 J2J-a: 4577845/5941519 J2J-d: 38460 J2J-s: 1708218/3025616 | map: 4059 tracked, 2788 hot
[JIT] Stats: 27852800 sends, 3991 compiled, 4982737 failed, 16383/16384 KB code | IC: 5081353/6178800 (82% hit, 49809 patched, 0 stale) | J2J-r: 0/0 J2J-a: 4588057/5955362 J2J-d: 38568 J2J-s: 1710133/3031125 | map: 4059 tracked, 2804 hot
[JIT] Stats: 27918336 sends, 3991 compiled, 4986648 failed, 16383/16384 KB code | IC: 5091705/6192147 (82% hit, 50117 patched, 0 stale) | J2J-r: 0/0 J2J-a: 4597563/5967916 J2J-d: 38781 J2J-s: 1712634/3036635 | map: 4059 tracked, 2817 hot
[JIT] Stats: 27983872 sends, 3991 compiled, 4991433 failed, 16383/16384 KB code | IC: 5105754/6206196 (82% hit, 50117 patched, 0 stale) | J2J-r: 0/0 J2J-a: 4606910/5981966 J2J-d: 38781 J2J-s: 1712650/3041354 | map: 4059 tracked, 2817 hot
[JIT] Stats: 28049408 sends, 3991 compiled, 4995564 failed, 16383/16384 KB code | IC: 5115989/6220978 (82% hit, 50551 patched, 0 stale) | J2J-r: 0/0 J2J-a: 4617801/5995055 J2J-d: 39079 J2J-s: 1717060/3047885 | map: 4059 tracked, 2818 hot
[JIT] Stats: 28114944 sends, 3991 compiled, 5000129 failed, 16383/16384 KB code | IC: 5129305/6234309 (82% hit, 50566 patched, 0 stale) | J2J-r: 0/0 J2J-a: 4626665/6008386 J2J-d: 39087 J2J-s: 1717080/3052372 | map: 4059 tracked, 2818 hot
[JIT] Stats: 28180480 sends, 3991 compiled, 5004413 failed, 16383/16384 KB code | IC: 5140903/6249276 (82% hit, 50951 patched, 0 stale) | J2J-r: 0/0 J2J-a: 4637312/6021672 J2J-d: 39352 J2J-s: 1720836/3058693 | map: 4059 tracked, 2818 hot
[JIT] Stats: 28246016 sends, 3991 compiled, 5008477 failed, 16383/16384 KB code | IC: 5152480/6262429 (82% hit, 51035 patched, 0 stale) | J2J-r: 0/0 J2J-a: 4646446/6034823 J2J-d: 39410 J2J-s: 1721534/3063405 | map: 4059 tracked, 2818 hot
[JIT] Stats: 28311552 sends, 3991 compiled, 5012945 failed, 16383/16384 KB code | IC: 5165430/6277138 (82% hit, 51161 patched, 0 stale) | J2J-r: 0/0 J2J-a: 4656652/6048736 J2J-d: 39498 J2J-s: 1723234/3068787 | map: 4059 tracked, 2818 hot
[JIT] Stats: 28377088 sends, 3991 compiled, 5017177 failed, 16383/16384 KB code | IC: 5175965/6290395 (82% hit, 51490 patched, 0 stale) | J2J-r: 0/0 J2J-a: 4666161/6061138 J2J-d: 39721 J2J-s: 1725989/3074382 | map: 4059 tracked, 2818 hot
[JIT] Stats: 28442624 sends, 3991 compiled, 5021963 failed, 16383/16384 KB code | IC: 5190015/6304445 (82% hit, 51490 patched, 0 stale) | J2J-r: 0/0 J2J-a: 4675508/6075187 J2J-d: 39721 J2J-s: 1726005/3079100 | map: 4059 tracked, 2818 hot
[JIT] Stats: 28508160 sends, 3991 compiled, 5025925 failed, 16383/16384 KB code | IC: 5199645/6317942 (82% hit, 51943 patched, 0 stale) | J2J-r: 0/0 J2J-a: 4685501/6087460 J2J-d: 40036 J2J-s: 1729946/3085246 | map: 4059 tracked, 2818 hot
[JIT] Stats: 28573696 sends, 3991 compiled, 5030325 failed, 16383/16384 KB code | IC: 5212700/6331128 (82% hit, 51959 patched, 0 stale) | J2J-r: 0/0 J2J-a: 4694269/6100646 J2J-d: 40044 J2J-s: 1729966/3089683 | map: 4059 tracked, 2818 hot
[JIT] Stats: 28639232 sends, 3991 compiled, 5034594 failed, 16383/16384 KB code | IC: 5224615/6346286 (82% hit, 52287 patched, 0 stale) | J2J-r: 0/0 J2J-a: 4705097/6114103 J2J-d: 40268 J2J-s: 1733712/3095990 | map: 4059 tracked, 2818 hot
[JIT] Stats: 28704768 sends, 3991 compiled, 5039036 failed, 16383/16384 KB code | IC: 5236257/6359265 (82% hit, 52418 patched, 0 stale) | J2J-r: 0/0 J2J-a: 4714101/6127075 J2J-d: 40359 J2J-s: 1734475/3100713 | map: 4059 tracked, 2818 hot
[JIT] Stats: 28770304 sends, 3991 compiled, 5043566 failed, 16383/16384 KB code | IC: 5249150/6373312 (82% hit, 52540 patched, 0 stale) | J2J-r: 0/0 J2J-a: 4723822/6140602 J2J-d: 40448 J2J-s: 1735825/3105849 | map: 4059 tracked, 2818 hot
[JIT] Stats: 28835840 sends, 3991 compiled, 5047318 failed, 16383/16384 KB code | IC: 5258939/6385964 (82% hit, 52880 patched, 0 stale) | J2J-r: 0/0 J2J-a: 4732859/6152527 J2J-d: 40680 J2J-s: 1738434/3111291 | map: 4059 tracked, 2818 hot
[JIT] Stats: 28901376 sends, 3991 compiled, 5052118 failed, 16383/16384 KB code | IC: 5272989/6400014 (82% hit, 52880 patched, 0 stale) | J2J-r: 0/0 J2J-a: 4742203/6166577 J2J-d: 40680 J2J-s: 1738452/3116015 | map: 4059 tracked, 2818 hot
[JIT] Stats: 28966912 sends, 3991 compiled, 5056534 failed, 16383/16384 KB code | IC: 5283430/6414631 (82% hit, 53322 patched, 0 stale) | J2J-r: 0/0 J2J-a: 4752845/6179750 J2J-d: 40984 J2J-s: 1742357/3122375 | map: 4059 tracked, 2818 hot
[JIT] Stats: 29032448 sends, 3991 compiled, 5060823 failed, 16383/16384 KB code | IC: 5296381/6427815 (82% hit, 53338 patched, 0 stale) | J2J-r: 0/0 J2J-a: 4761612/6192933 J2J-d: 40992 J2J-s: 1742376/3126809 | map: 4059 tracked, 2818 hot
[JIT] Stats: 29097984 sends, 3991 compiled, 5065110 failed, 16383/16384 KB code | IC: 5308108/6442016 (82% hit, 53598 patched, 0 stale) | J2J-r: 0/0 J2J-a: 4771795/6205797 J2J-d: 41175 J2J-s: 1745698/3132752 | map: 4059 tracked, 2818 hot
[JIT] Stats: 29163520 sends, 3991 compiled, 5069054 failed, 16383/16384 KB code | IC: 5319354/6454871 (82% hit, 53798 patched, 0 stale) | J2J-r: 0/0 J2J-a: 4780730/6218615 J2J-d: 41308 J2J-s: 1746562/3137484 | map: 4059 tracked, 2818 hot
[JIT] Stats: 29229056 sends, 3991 compiled, 5073617 failed, 16383/16384 KB code | IC: 5332295/6468880 (82% hit, 53925 patched, 0 stale) | J2J-r: 0/0 J2J-a: 4790451/6232157 J2J-d: 41401 J2J-s: 1747832/3142559 | map: 4059 tracked, 2818 hot
[JIT] Stats: 29294592 sends, 3991 compiled, 5077761 failed, 16383/16384 KB code | IC: 5342640/6481930 (82% hit, 54256 patched, 0 stale) | J2J-r: 0/0 J2J-a: 4799596/6244456 J2J-d: 41622 J2J-s: 1750231/3148050 | map: 4059 tracked, 2818 hot
[JIT] Stats: 29360128 sends, 3991 compiled, 5082561 failed, 16383/16384 KB code | IC: 5356688/6495979 (82% hit, 54257 patched, 0 stale) | J2J-r: 0/0 J2J-a: 4808940/6258505 J2J-d: 41623 J2J-s: 1750249/3152773 | map: 4059 tracked, 2818 hot
[DNU] #43: #close not understood by rcvr=0x300000000 argCount=0 fd=2 in #tearDown P40
[DNU]   rcvr cls=3075 fmt=0 class=nil
[DNU] 1MB-aligned check: rcvr=0x300000000 classAtIdx(3075).isNil=0 trap_env=0
[JIT] Stats: 29425664 sends, 3991 compiled, 5086521 failed, 16383/16384 KB code | IC: 5367240/6510580 (82% hit, 54741 patched, 0 stale) | J2J-r: 0/0 J2J-a: 4818631/6271320 J2J-d: 41965 J2J-s: 1755123/3160685 | map: 4068 tracked, 2826 hot
[JIT] Stats: 29491200 sends, 3991 compiled, 5090189 failed, 16383/16384 KB code | IC: 5379070/6523958 (82% hit, 54803 patched, 0 stale) | J2J-r: 0/0 J2J-a: 4827636/6284696 J2J-d: 42007 J2J-s: 1755352/3165282 | map: 4068 tracked, 2826 hot
[JIT] Stats: 29556736 sends, 3991 compiled, 5094672 failed, 16383/16384 KB code | IC: 5391896/6538716 (82% hit, 54961 patched, 0 stale) | J2J-r: 0/0 J2J-a: 4837882/6298583 J2J-d: 42116 J2J-s: 1757258/3170793 | map: 4068 tracked, 2826 hot
[JIT] Stats: 29622272 sends, 3991 compiled, 5098906 failed, 16383/16384 KB code | IC: 5402585/6551985 (82% hit, 55255 patched, 0 stale) | J2J-r: 0/0 J2J-a: 4847357/6311039 J2J-d: 42314 J2J-s: 1759799/3176276 | map: 4069 tracked, 2827 hot
[JIT] Stats: 29687808 sends, 3991 compiled, 5103704 failed, 16383/16384 KB code | IC: 5416634/6566034 (82% hit, 55255 patched, 0 stale) | J2J-r: 0/0 J2J-a: 4856702/6325088 J2J-d: 42314 J2J-s: 1759817/3180998 | map: 4069 tracked, 2827 hot
[JIT] Stats: 29753344 sends, 3991 compiled, 5107540 failed, 16383/16384 KB code | IC: 5426338/6580434 (82% hit, 55716 patched, 0 stale) | J2J-r: 0/0 J2J-a: 4867248/6338069 J2J-d: 42636 J2J-s: 1763773/3187316 | map: 4069 tracked, 2827 hot
[JIT] Stats: 29818880 sends, 3991 compiled, 5112061 failed, 16383/16384 KB code | IC: 5439561/6593672 (82% hit, 55731 patched, 0 stale) | J2J-r: 0/0 J2J-a: 4876052/6351307 J2J-d: 42644 J2J-s: 1763791/3191768 | map: 4069 tracked, 2827 hot
[JIT] Stats: 29884416 sends, 3991 compiled, 5116387 failed, 16383/16384 KB code | IC: 5450973/6607849 (82% hit, 56106 patched, 0 stale) | J2J-r: 0/0 J2J-a: 4886148/6364066 J2J-d: 42899 J2J-s: 1767267/3197832 | map: 4069 tracked, 2827 hot
[JIT] Stats: 29949952 sends, 3991 compiled, 5120830 failed, 16383/16384 KB code | IC: 5462861/6621082 (82% hit, 56190 patched, 0 stale) | J2J-r: 0/0 J2J-a: 4895279/6377297 J2J-d: 42957 J2J-s: 1767893/3202555 | map: 4069 tracked, 2827 hot
[JIT] Stats: 30015488 sends, 3991 compiled, 5125334 failed, 16383/16384 KB code | IC: 5475821/6635730 (82% hit, 56313 patched, 0 stale) | J2J-r: 0/0 J2J-a: 4905416/6391165 J2J-d: 43042 J2J-s: 1769572/3207940 | map: 4069 tracked, 2827 hot
[JIT] Stats: 30081024 sends, 3991 compiled, 5129254 failed, 16383/16384 KB code | IC: 5486123/6649501 (82% hit, 56655 patched, 0 stale) | J2J-r: 0/0 J2J-a: 4915162/6403966 J2J-d: 43277 J2J-s: 1772297/3213670 | map: 4069 tracked, 2827 hot
[JIT] Stats: 30146560 sends, 3991 compiled, 5134047 failed, 16383/16384 KB code | IC: 5500171/6663550 (82% hit, 56656 patched, 0 stale) | J2J-r: 0/0 J2J-a: 4924507/6418015 J2J-d: 43278 J2J-s: 1772314/3218391 | map: 4069 tracked, 2827 hot
[JIT] Stats: 30212096 sends, 3991 compiled, 5138432 failed, 16383/16384 KB code | IC: 5510475/6677826 (82% hit, 57094 patched, 0 stale) | J2J-r: 0/0 J2J-a: 4935069/6430811 J2J-d: 43581 J2J-s: 1776552/3224785 | map: 4069 tracked, 2827 hot
[JIT] Stats: 30277632 sends, 3991 compiled, 5142825 failed, 16383/16384 KB code | IC: 5523513/6691012 (82% hit, 57110 patched, 0 stale) | J2J-r: 0/0 J2J-a: 4943835/6443997 J2J-d: 43589 J2J-s: 1776574/3229226 | map: 4069 tracked, 2827 hot
[JIT] Stats: 30343168 sends, 3991 compiled, 5147143 failed, 16383/16384 KB code | IC: 5535425/6706109 (82% hit, 57433 patched, 0 stale) | J2J-r: 0/0 J2J-a: 4954631/6457445 J2J-d: 43808 J2J-s: 1780269/3235506 | map: 4069 tracked, 2827 hot
[JIT] Stats: 30408704 sends, 3991 compiled, 5151216 failed, 16383/16384 KB code | IC: 5546680/6719065 (82% hit, 57576 patched, 0 stale) | J2J-r: 0/0 J2J-a: 4963630/6470371 J2J-d: 43910 J2J-s: 1781089/3240247 | map: 4069 tracked, 2827 hot
[JIT] Stats: 30474240 sends, 3991 compiled, 5155766 failed, 16383/16384 KB code | IC: 5559591/6733097 (82% hit, 57702 patched, 0 stale) | J2J-r: 0/0 J2J-a: 4973359/6483911 J2J-d: 44001 J2J-s: 1782394/3245345 | map: 4069 tracked, 2827 hot
[JIT] Stats: 30539776 sends, 3991 compiled, 5159960 failed, 16383/16384 KB code | IC: 5569759/6745785 (82% hit, 58034 patched, 0 stale) | J2J-r: 0/0 J2J-a: 4982450/6495854 J2J-d: 44226 J2J-s: 1785084/3250827 | map: 4069 tracked, 2827 hot
[JIT] Stats: 30605312 sends, 3991 compiled, 5164752 failed, 16383/16384 KB code | IC: 5583807/6759833 (82% hit, 58034 patched, 0 stale) | J2J-r: 0/0 J2J-a: 4991795/6509902 J2J-d: 44226 J2J-s: 1785101/3255547 | map: 4069 tracked, 2827 hot
[JIT] Stats: 30670848 sends, 3991 compiled, 5168890 failed, 16383/16384 KB code | IC: 5594085/6774719 (82% hit, 58484 patched, 0 stale) | J2J-r: 0/0 J2J-a: 5002836/6523099 J2J-d: 44539 J2J-s: 1789592/3262122 | map: 4069 tracked, 2827 hot
[JIT] Stats: 30736384 sends, 3991 compiled, 5173113 failed, 16383/16384 KB code | IC: 5606971/6787898 (82% hit, 58501 patched, 0 stale) | J2J-r: 0/0 J2J-a: 5011600/6536277 J2J-d: 44548 J2J-s: 1789611/3266554 | map: 4069 tracked, 2827 hot
[JIT] Stats: 30801920 sends, 3991 compiled, 5177409 failed, 16383/16384 KB code | IC: 5618836/6802467 (82% hit, 58737 patched, 0 stale) | J2J-r: 0/0 J2J-a: 5022050/6549445 J2J-d: 44714 J2J-s: 1792919/3272522 | map: 4069 tracked, 2827 hot
[JIT] Stats: 30867456 sends, 3991 compiled, 5181854 failed, 16383/16384 KB code | IC: 5630414/6815835 (82% hit, 58957 patched, 0 stale) | J2J-r: 0/0 J2J-a: 5031169/6562691 J2J-d: 44862 J2J-s: 1793712/3277423 | map: 4069 tracked, 2827 hot
[JIT] Stats: 30932992 sends, 3991 compiled, 5186449 failed, 16383/16384 KB code | IC: 5643406/6829672 (82% hit, 59044 patched, 0 stale) | J2J-r: 0/0 J2J-a: 5040800/6576153 J2J-d: 44924 J2J-s: 1794841/3282376 | map: 4069 tracked, 2827 hot
[JIT] Stats: 30998528 sends, 3991 compiled, 5190200 failed, 16383/16384 KB code | IC: 5653399/6842894 (82% hit, 59424 patched, 0 stale) | J2J-r: 0/0 J2J-a: 5050278/6588396 J2J-d: 45183 J2J-s: 1797863/3288093 | map: 4069 tracked, 2827 hot
[JIT] Stats: 31064064 sends, 3991 compiled, 5194998 failed, 16383/16384 KB code | IC: 5667447/6856942 (82% hit, 59424 patched, 0 stale) | J2J-r: 0/0 J2J-a: 5059621/6602444 J2J-d: 45183 J2J-s: 1797881/3292816 | map: 4069 tracked, 2827 hot
[JIT] Stats: 31129600 sends, 3991 compiled, 5199570 failed, 16383/16384 KB code | IC: 5678090/6871193 (82% hit, 59859 patched, 0 stale) | J2J-r: 0/0 J2J-a: 5070119/6615272 J2J-d: 45482 J2J-s: 1801979/3299167 | map: 4069 tracked, 2827 hot
[JIT] Stats: 31195136 sends, 3991 compiled, 5203775 failed, 16383/16384 KB code | IC: 5690936/6884374 (82% hit, 59876 patched, 0 stale) | J2J-r: 0/0 J2J-a: 5078880/6628453 J2J-d: 45491 J2J-s: 1802001/3303608 | map: 4069 tracked, 2827 hot
[JIT] Stats: 31260672 sends, 3991 compiled, 5208096 failed, 16383/16384 KB code | IC: 5702987/6899423 (82% hit, 60110 patched, 0 stale) | J2J-r: 0/0 J2J-a: 5089599/6641937 J2J-d: 45654 J2J-s: 1805430/3309744 | map: 4069 tracked, 2827 hot
[JIT] Stats: 31326208 sends, 3991 compiled, 5211812 failed, 16383/16384 KB code | IC: 5714162/6912782 (82% hit, 60367 patched, 0 stale) | J2J-r: 0/0 J2J-a: 5098572/6655060 J2J-d: 45832 J2J-s: 1807109/3315556 | map: 4069 tracked, 2827 hot
[JIT] Stats: 31391744 sends, 3991 compiled, 5216426 failed, 16383/16384 KB code | IC: 5727462/6926548 (82% hit, 60440 patched, 0 stale) | J2J-r: 0/0 J2J-a: 5107821/6668634 J2J-d: 45884 J2J-s: 1807561/3320326 | map: 4069 tracked, 2827 hot
[JIT] Stats: 31457280 sends, 3991 compiled, 5220585 failed, 16383/16384 KB code | IC: 5737716/6940916 (82% hit, 60821 patched, 0 stale) | J2J-r: 0/0 J2J-a: 5118372/6681495 J2J-d: 46143 J2J-s: 1811587/3326591 | map: 4069 tracked, 2827 hot
[JIT] Stats: 31522816 sends, 3991 compiled, 5225385 failed, 16383/16384 KB code | IC: 5751764/6954966 (82% hit, 60823 patched, 0 stale) | J2J-r: 0/0 J2J-a: 5127715/6695544 J2J-d: 46144 J2J-s: 1811605/3331315 | map: 4069 tracked, 2827 hot
[JIT] Stats: 31588352 sends, 3991 compiled, 5230219 failed, 16383/16384 KB code | IC: 5762713/6969932 (82% hit, 61273 patched, 0 stale) | J2J-r: 0/0 J2J-a: 5138775/6708801 J2J-d: 46457 J2J-s: 1816085/3337920 | map: 4069 tracked, 2827 hot
[JIT] Stats: 31653888 sends, 3991 compiled, 5233794 failed, 16383/16384 KB code | IC: 5774938/6983113 (82% hit, 61290 patched, 0 stale) | J2J-r: 0/0 J2J-a: 5147538/6721981 J2J-d: 46466 J2J-s: 1816106/3342357 | map: 4069 tracked, 2827 hot
[JIT] Stats: 31719424 sends, 3991 compiled, 5238218 failed, 16383/16384 KB code | IC: 5787116/6997153 (82% hit, 61500 patched, 0 stale) | J2J-r: 0/0 J2J-a: 5157452/6735245 J2J-d: 46619 J2J-s: 1818267/3347813 | map: 4069 tracked, 2827 hot
[JIT] Stats: 31784960 sends, 3991 compiled, 5242553 failed, 16383/16384 KB code | IC: 5798155/7010444 (82% hit, 61744 patched, 0 stale) | J2J-r: 0/0 J2J-a: 5166744/6747963 J2J-d: 46780 J2J-s: 1820086/3353038 | map: 4069 tracked, 2827 hot
[JIT] Stats: 31850496 sends, 3991 compiled, 5247144 failed, 16383/16384 KB code | IC: 5811511/7023953 (82% hit, 61816 patched, 0 stale) | J2J-r: 0/0 J2J-a: 5175735/6761434 J2J-d: 46832 J2J-s: 1820208/3357635 | map: 4069 tracked, 2827 hot
[JIT] Stats: 31916032 sends, 3991 compiled, 5250983 failed, 16383/16384 KB code | IC: 5821243/7038366 (82% hit, 62206 patched, 0 stale) | J2J-r: 0/0 J2J-a: 5186273/6774286 J2J-d: 47100 J2J-s: 1824325/3363994 | map: 4069 tracked, 2827 hot
[JIT] Stats: 31981568 sends, 3991 compiled, 5255779 failed, 16383/16384 KB code | IC: 5835287/7052412 (82% hit, 62208 patched, 0 stale) | J2J-r: 0/0 J2J-a: 5195615/6788333 J2J-d: 47101 J2J-s: 1824343/3368717 | map: 4069 tracked, 2827 hot
[JIT] Stats: 32047104 sends, 3991 compiled, 5261140 failed, 16383/16384 KB code | IC: 5846810/7067598 (82% hit, 62639 patched, 0 stale) | J2J-r: 0/0 J2J-a: 5206704/6801794 J2J-d: 47398 J2J-s: 1828693/3375362 | map: 4069 tracked, 2827 hot
[JIT] Stats: 32112640 sends, 3991 compiled, 5264583 failed, 16383/16384 KB code | IC: 5858899/7080754 (82% hit, 62658 patched, 0 stale) | J2J-r: 0/0 J2J-a: 5215464/6814950 J2J-d: 47408 J2J-s: 1828734/3379798 | map: 4069 tracked, 2827 hot
[JIT] Stats: 32178176 sends, 3991 compiled, 5269072 failed, 16383/16384 KB code | IC: 5871423/7095469 (82% hit, 62865 patched, 0 stale) | J2J-r: 0/0 J2J-a: 5225668/6828680 J2J-d: 47556 J2J-s: 1830963/3385494 | map: 4069 tracked, 2827 hot
[JIT] Stats: 32243712 sends, 3991 compiled, 5273019 failed, 16383/16384 KB code | IC: 5882119/7109009 (82% hit, 63119 patched, 0 stale) | J2J-r: 0/0 J2J-a: 5235265/6841493 J2J-d: 47725 J2J-s: 1833129/3390858 | map: 4069 tracked, 2827 hot
[JIT] Stats: 32309248 sends, 3991 compiled, 5277657 failed, 16383/16384 KB code | IC: 5895679/7122573 (82% hit, 63123 patched, 0 stale) | J2J-r: 0/0 J2J-a: 5244286/6855057 J2J-d: 47728 J2J-s: 1833149/3395421 | map: 4069 tracked, 2827 hot
[JIT] Stats: 32374784 sends, 3991 compiled, 5281791 failed, 16383/16384 KB code | IC: 5905564/7136792 (82% hit, 63578 patched, 0 stale) | J2J-r: 0/0 J2J-a: 5254871/6867690 J2J-d: 48042 J2J-s: 1837524/3401768 | map: 4069 tracked, 2827 hot
[JIT] Stats: 32440320 sends, 3991 compiled, 5286577 failed, 16383/16384 KB code | IC: 5919609/7150840 (82% hit, 63581 patched, 0 stale) | J2J-r: 0/0 J2J-a: 5264216/6881738 J2J-d: 48043 J2J-s: 1837540/3406487 | map: 4069 tracked, 2827 hot
[JIT] Stats: 32505856 sends, 3991 compiled, 5291506 failed, 16383/16384 KB code | IC: 5930694/7165344 (82% hit, 64028 patched, 0 stale) | J2J-r: 0/0 J2J-a: 5274851/6894778 J2J-d: 48356 J2J-s: 1841533/3412812 | map: 4069 tracked, 2827 hot
[JIT] Stats: 32571392 sends, 3991 compiled, 5294871 failed, 16383/16384 KB code | IC: 5942680/7178402 (82% hit, 64047 patched, 0 stale) | J2J-r: 0/0 J2J-a: 5283597/6907836 J2J-d: 48366 J2J-s: 1841657/3417247 | map: 4069 tracked, 2827 hot
[JIT] Stats: 32636928 sends, 3991 compiled, 5299347 failed, 16383/16384 KB code | IC: 5955271/7193080 (82% hit, 64241 patched, 0 stale) | J2J-r: 0/0 J2J-a: 5293757/6921572 J2J-d: 48505 J2J-s: 1843763/3422877 | map: 4069 tracked, 2827 hot
[JIT] Stats: 32702464 sends, 3991 compiled, 5303623 failed, 16383/16384 KB code | IC: 5966443/7206691 (82% hit, 64494 patched, 0 stale) | J2J-r: 0/0 J2J-a: 5303459/6934398 J2J-d: 48669 J2J-s: 1846092/3428304 | map: 4069 tracked, 2827 hot
[JIT] Stats: 32768000 sends, 3991 compiled, 5308288 failed, 16383/16384 KB code | IC: 5980149/7220401 (82% hit, 64498 patched, 0 stale) | J2J-r: 0/0 J2J-a: 5312582/6948109 J2J-d: 48672 J2J-s: 1846109/3432909 | map: 4069 tracked, 2827 hot
[JIT] Stats: 32833536 sends, 3991 compiled, 5312015 failed, 16383/16384 KB code | IC: 5990581/7236198 (82% hit, 64969 patched, 0 stale) | J2J-r: 0/0 J2J-a: 5323769/6962124 J2J-d: 49001 J2J-s: 1850858/3440411 | map: 4069 tracked, 2827 hot
[JIT] Stats: 32899072 sends, 3991 compiled, 5316503 failed, 16383/16384 KB code | IC: 6003740/7249382 (82% hit, 64985 patched, 0 stale) | J2J-r: 0/0 J2J-a: 5332539/6975308 J2J-d: 49009 J2J-s: 1850876/3444842 | map: 4069 tracked, 2827 hot
[JIT] Stats: 32964608 sends, 3991 compiled, 5320837 failed, 16383/16384 KB code | IC: 6015159/7263555 (82% hit, 65354 patched, 0 stale) | J2J-r: 0/0 J2J-a: 5342654/6988064 J2J-d: 49258 J2J-s: 1854345/3450878 | map: 4069 tracked, 2828 hot
[JIT] Stats: 33030144 sends, 3991 compiled, 5325246 failed, 16383/16384 KB code | IC: 6026997/7276699 (82% hit, 65442 patched, 0 stale) | J2J-r: 0/0 J2J-a: 5351713/7001207 J2J-d: 49320 J2J-s: 1854965/3455579 | map: 4069 tracked, 2828 hot
[JIT] Stats: 33095680 sends, 3991 compiled, 5329796 failed, 16383/16384 KB code | IC: 6039995/7291399 (82% hit, 65565 patched, 0 stale) | J2J-r: 0/0 J2J-a: 5361896/7015129 J2J-d: 49405 J2J-s: 1856637/3460966 | map: 4069 tracked, 2828 hot
[JIT] Stats: 33161216 sends, 3991 compiled, 5333602 failed, 16383/16384 KB code | IC: 6050157/7304852 (82% hit, 65903 patched, 0 stale) | J2J-r: 0/0 J2J-a: 5371472/7027657 J2J-d: 49636 J2J-s: 1859372/3466601 | map: 4069 tracked, 2828 hot
[JIT] Stats: 33226752 sends, 3991 compiled, 5338400 failed, 16383/16384 KB code | IC: 6064205/7318900 (82% hit, 65903 patched, 0 stale) | J2J-r: 0/0 J2J-a: 5380816/7041706 J2J-d: 49636 J2J-s: 1859390/3471324 | map: 4069 tracked, 2828 hot
[JIT] Stats: 33292288 sends, 3991 compiled, 5342793 failed, 16383/16384 KB code | IC: 6074713/7333821 (82% hit, 66339 patched, 0 stale) | J2J-r: 0/0 J2J-a: 5391842/7054940 J2J-d: 49937 J2J-s: 1863825/3477893 | map: 4069 tracked, 2828 hot
[JIT] Stats: 33357824 sends, 3991 compiled, 5347155 failed, 16383/16384 KB code | IC: 6087744/7347005 (82% hit, 66355 patched, 0 stale) | J2J-r: 0/0 J2J-a: 5400612/7068125 J2J-d: 49945 J2J-s: 1863843/3482325 | map: 4069 tracked, 2828 hot
[JIT] Stats: 33423360 sends, 3991 compiled, 5351499 failed, 16383/16384 KB code | IC: 6099232/7360887 (82% hit, 66682 patched, 0 stale) | J2J-r: 0/0 J2J-a: 5410519/7080721 J2J-d: 50170 J2J-s: 1867146/3488248 | map: 4069 tracked, 2828 hot
[JIT] Stats: 33488896 sends, 3991 compiled, 5355502 failed, 16383/16384 KB code | IC: 6110480/7373920 (82% hit, 66823 patched, 0 stale) | J2J-r: 0/0 J2J-a: 5419487/7093746 J2J-d: 50271 J2J-s: 1867799/3492952 | map: 4069 tracked, 2828 hot
[JIT] Stats: 33554432 sends, 3991 compiled, 5360068 failed, 16383/16384 KB code | IC: 6123601/7388670 (82% hit, 66946 patched, 0 stale) | J2J-r: 0/0 J2J-a: 5429718/7107755 J2J-d: 50356 J2J-s: 1869381/3498293 | map: 4069 tracked, 2828 hot
[JIT] Stats: 33619968 sends, 3991 compiled, 5364252 failed, 16383/16384 KB code | IC: 6134028/7402040 (82% hit, 67277 patched, 0 stale) | J2J-r: 0/0 J2J-a: 5439253/7120169 J2J-d: 50581 J2J-s: 1872230/3503962 | map: 4069 tracked, 2828 hot
[JIT] Stats: 33685504 sends, 3991 compiled, 5369050 failed, 16383/16384 KB code | IC: 6148076/7416088 (82% hit, 67277 patched, 0 stale) | J2J-r: 0/0 J2J-a: 5448597/7134217 J2J-d: 50581 J2J-s: 1872248/3508684 | map: 4069 tracked, 2828 hot
[JIT] Stats: 33751040 sends, 3991 compiled, 5373116 failed, 16383/16384 KB code | IC: 6158261/7430701 (82% hit, 67728 patched, 0 stale) | J2J-r: 0/0 J2J-a: 5459306/7147348 J2J-d: 50894 J2J-s: 1876266/3515052 | map: 4069 tracked, 2828 hot
[JIT] Stats: 33816576 sends, 3991 compiled, 5377439 failed, 16383/16384 KB code | IC: 6171236/7443886 (82% hit, 67744 patched, 0 stale) | J2J-r: 0/0 J2J-a: 5468073/7160533 J2J-d: 50902 J2J-s: 1876287/3519490 | map: 4069 tracked, 2828 hot
[JIT] Stats: 33882112 sends, 3991 compiled, 5381816 failed, 16383/16384 KB code | IC: 6182923/7458026 (82% hit, 68038 patched, 0 stale) | J2J-r: 0/0 J2J-a: 5478175/7173343 J2J-d: 51107 J2J-s: 1879619/3525468 | map: 4069 tracked, 2828 hot
[JIT] Stats: 33947648 sends, 3991 compiled, 5386214 failed, 16383/16384 KB code | IC: 6194627/7470966 (82% hit, 68196 patched, 0 stale) | J2J-r: 0/0 J2J-a: 5487177/7186253 J2J-d: 51210 J2J-s: 1880457/3530198 | map: 4069 tracked, 2828 hot
[JIT] Stats: 34013184 sends, 3991 compiled, 5390765 failed, 16383/16384 KB code | IC: 6207764/7485671 (82% hit, 68318 patched, 0 stale) | J2J-r: 0/0 J2J-a: 5497369/7200246 J2J-d: 51298 J2J-s: 1881986/3535510 | map: 4069 tracked, 2828 hot
[JIT] Stats: 34078720 sends, 3991 compiled, 5394307 failed, 16383/16384 KB code | IC: 6217734/7499124 (82% hit, 68686 patched, 0 stale) | J2J-r: 0/0 J2J-a: 5506834/7212698 J2J-d: 51552 J2J-s: 1885324/3541779 | map: 4069 tracked, 2828 hot
[JIT] Stats: 34144256 sends, 3991 compiled, 5399104 failed, 16383/16384 KB code | IC: 6231780/7513171 (82% hit, 68687 patched, 0 stale) | J2J-r: 0/0 J2J-a: 5516176/7226744 J2J-d: 51553 J2J-s: 1885342/3546501 | map: 4069 tracked, 2828 hot
[JIT] Stats: 34209792 sends, 3991 compiled, 5403974 failed, 16383/16384 KB code | IC: 6242521/7527511 (82% hit, 69127 patched, 0 stale) | J2J-r: 0/0 J2J-a: 5526711/7239685 J2J-d: 51857 J2J-s: 1889326/3552817 | map: 4069 tracked, 2828 hot
[JIT] Stats: 34275328 sends, 3991 compiled, 5407889 failed, 16383/16384 KB code | IC: 6255092/7540691 (82% hit, 69144 patched, 0 stale) | J2J-r: 0/0 J2J-a: 5535475/7252865 J2J-d: 51866 J2J-s: 1889346/3557252 | map: 4069 tracked, 2828 hot
[JIT] Stats: 34340864 sends, 3991 compiled, 5412253 failed, 16383/16384 KB code | IC: 6266860/7554667 (82% hit, 69375 patched, 0 stale) | J2J-r: 0/0 J2J-a: 5545333/7265793 J2J-d: 52028 J2J-s: 1891959/3562876 | map: 4069 tracked, 2828 hot
[JIT] Stats: 34406400 sends, 3991 compiled, 5416363 failed, 16383/16384 KB code | IC: 6278061/7568125 (82% hit, 69606 patched, 0 stale) | J2J-r: 0/0 J2J-a: 5554738/7278833 J2J-d: 52183 J2J-s: 1893546/3568081 | map: 4069 tracked, 2828 hot
[JIT] Stats: 34471936 sends, 3991 compiled, 5420964 failed, 16383/16384 KB code | IC: 6291359/7582245 (82% hit, 69679 patched, 0 stale) | J2J-r: 0/0 J2J-a: 5564345/7292583 J2J-d: 52235 J2J-s: 1894355/3573026 | map: 4069 tracked, 2828 hot
[JIT] Stats: 34537472 sends, 3991 compiled, 5425147 failed, 16383/16384 KB code | IC: 6301647/7596301 (82% hit, 70065 patched, 0 stale) | J2J-r: 0/0 J2J-a: 5574579/7305305 J2J-d: 52497 J2J-s: 1898031/3579118 | map: 4069 tracked, 2828 hot
[JIT] Stats: 34603008 sends, 3991 compiled, 5429938 failed, 16383/16384 KB code | IC: 6315692/7610347 (82% hit, 70066 patched, 0 stale) | J2J-r: 0/0 J2J-a: 5583921/7319351 J2J-d: 52498 J2J-s: 1898048/3583839 | map: 4069 tracked, 2828 hot
[JIT] Stats: 34668544 sends, 3991 compiled, 5434537 failed, 16383/16384 KB code | IC: 6326587/7625623 (82% hit, 70511 patched, 0 stale) | J2J-r: 0/0 J2J-a: 5595009/7332958 J2J-d: 52806 J2J-s: 1902200/3590435 | map: 4069 tracked, 2828 hot
[JIT] Stats: 34734080 sends, 3991 compiled, 5438379 failed, 16383/16384 KB code | IC: 6339090/7638802 (82% hit, 70528 patched, 0 stale) | J2J-r: 0/0 J2J-a: 5603773/7346138 J2J-d: 52815 J2J-s: 1902219/3594869 | map: 4069 tracked, 2828 hot
[JIT] Stats: 34799616 sends, 3991 compiled, 5442685 failed, 16383/16384 KB code | IC: 6350741/7652470 (82% hit, 70767 patched, 0 stale) | J2J-r: 0/0 J2J-a: 5613417/7358905 J2J-d: 52985 J2J-s: 1904603/3600317 | map: 4069 tracked, 2828 hot
[JIT] Stats: 34865152 sends, 3991 compiled, 5447106 failed, 16383/16384 KB code | IC: 6362486/7666059 (82% hit, 70987 patched, 0 stale) | J2J-r: 0/0 J2J-a: 5622940/7372003 J2J-d: 53131 J2J-s: 1906312/3605582 | map: 4069 tracked, 2828 hot
[JIT] Stats: 34930688 sends, 3991 compiled, 5451721 failed, 16383/16384 KB code | IC: 6375784/7680128 (83% hit, 71060 patched, 0 stale) | J2J-r: 0/0 J2J-a: 5632494/7385728 J2J-d: 53183 J2J-s: 1907072/3610506 | map: 4069 tracked, 2828 hot
[JIT] Stats: 34996224 sends, 3991 compiled, 5455249 failed, 16383/16384 KB code | IC: 6385667/7694460 (82% hit, 71472 patched, 0 stale) | J2J-r: 0/0 J2J-a: 5642721/7398600 J2J-d: 53467 J2J-s: 1911124/3617136 | map: 4069 tracked, 2828 hot
[JIT] Stats: 35061760 sends, 3991 compiled, 5460050 failed, 16383/16384 KB code | IC: 6399714/7708510 (83% hit, 71475 patched, 0 stale) | J2J-r: 0/0 J2J-a: 5652064/7412650 J2J-d: 53469 J2J-s: 1911142/3621861 | map: 4069 tracked, 2828 hot
[JIT] Stats: 35127296 sends, 3991 compiled, 5465278 failed, 16383/16384 KB code | IC: 6411090/7723589 (83% hit, 71911 patched, 0 stale) | J2J-r: 0/0 J2J-a: 5663063/7426041 J2J-d: 53767 J2J-s: 1915400/3628435 | map: 4069 tracked, 2828 hot
[JIT] Stats: 35192832 sends, 3991 compiled, 5468820 failed, 16383/16384 KB code | IC: 6423291/7736772 (83% hit, 71928 patched, 0 stale) | J2J-r: 0/0 J2J-a: 5671828/7439224 J2J-d: 53776 J2J-s: 1915419/3632871 | map: 4069 tracked, 2828 hot
[JIT] Stats: 35258368 sends, 3991 compiled, 5473326 failed, 16383/16384 KB code | IC: 6435800/7751634 (83% hit, 72138 patched, 0 stale) | J2J-r: 0/0 J2J-a: 5682237/7453034 J2J-d: 53927 J2J-s: 1917840/3638635 | map: 4069 tracked, 2828 hot
[JIT] Stats: 35323904 sends, 3991 compiled, 5477271 failed, 16383/16384 KB code | IC: 6446638/7764834 (83% hit, 72389 patched, 0 stale) | J2J-r: 0/0 J2J-a: 5691652/7465608 J2J-d: 54092 J2J-s: 1919954/3643890 | map: 4069 tracked, 2828 hot
[JIT] Stats: 35389440 sends, 3991 compiled, 5481875 failed, 16383/16384 KB code | IC: 6460003/7778378 (83% hit, 72468 patched, 0 stale) | J2J-r: 0/0 J2J-a: 5700664/7479102 J2J-d: 54150 J2J-s: 1920093/3648506 | map: 4069 tracked, 2828 hot
[JIT] Stats: 35454976 sends, 3991 compiled, 5487313 failed, 16383/16384 KB code | IC: 6471188/7791917 (83% hit, 72840 patched, 0 stale) | J2J-r: 0/0 J2J-a: 5710531/7491470 J2J-d: 54403 J2J-s: 1923632/3654472 | map: 4069 tracked, 2828 hot
[JIT] Stats: 35520512 sends, 3991 compiled, 5492101 failed, 16383/16384 KB code | IC: 6485231/7805962 (83% hit, 72842 patched, 0 stale) | J2J-r: 0/0 J2J-a: 5719874/7505515 J2J-d: 54404 J2J-s: 1923649/3659191 | map: 4069 tracked, 2828 hot
[JIT] Stats: 35586048 sends, 3991 compiled, 5496985 failed, 16383/16384 KB code | IC: 6496146/7820088 (83% hit, 73314 patched, 0 stale) | J2J-r: 0/0 J2J-a: 5729977/7518295 J2J-d: 54735 J2J-s: 1927631/3665775 | map: 4069 tracked, 2828 hot
[JIT] Stats: 35651584 sends, 3991 compiled, 5500340 failed, 16383/16384 KB code | IC: 6508155/7833271 (83% hit, 73331 patched, 0 stale) | J2J-r: 0/0 J2J-a: 5738740/7531477 J2J-d: 54744 J2J-s: 1927651/3670213 | map: 4069 tracked, 2828 hot
[JIT] Stats: 35717120 sends, 3991 compiled, 5504837 failed, 16383/16384 KB code | IC: 6520506/7847271 (83% hit, 73534 patched, 0 stale) | J2J-r: 0/0 J2J-a: 5748414/7544753 J2J-d: 54891 J2J-s: 1929550/3675659 | map: 4069 tracked, 2828 hot
[JIT] Stats: 35782656 sends, 3991 compiled, 5509099 failed, 16383/16384 KB code | IC: 6531465/7860238 (83% hit, 73779 patched, 0 stale) | J2J-r: 0/0 J2J-a: 5757629/7557172 J2J-d: 55051 J2J-s: 1931528/3680821 | map: 4069 tracked, 2828 hot
[JIT] Stats: 35848192 sends, 3991 compiled, 5513757 failed, 16383/16384 KB code | IC: 6545109/7873886 (83% hit, 73783 patched, 0 stale) | J2J-r: 0/0 J2J-a: 5766708/7570820 J2J-d: 55054 J2J-s: 1931547/3685409 | map: 4069 tracked, 2828 hot
[DNU] #44: #suspend not understood by rcvr=0x300000000 argCount=0 fd=2 in #suspend P80
[DNU]   rcvr cls=3075 fmt=0 class=nil
[DNU] 1MB-aligned check: rcvr=0x300000000 classAtIdx(3075).isNil=0 trap_env=0
[JIT] Stats: 35913728 sends, 3991 compiled, 5517386 failed, 16383/16384 KB code | IC: 6554628/7888440 (83% hit, 74542 patched, 0 stale) | J2J-r: 0/0 J2J-a: 5776202/7583216 J2J-d: 55635 J2J-s: 1936678/3693257 | map: 4069 tracked, 2956 hot
[MUSTBOOL] #4 fd=2 value_class=Dictionary value=0xd0e2b0548 in=#emitReturn:resultTempVar:context:inCallout: rcv_class=FFIExternalObjectType method=0x300978d78 numLits=21 ipOff=58
[MUSTBOOL]   recent[0] TFCalloutMethodBuilder>>generateFFICallout:spec:ffiLibrary:
[MUSTBOOL]   recent[1] FFITypeDeclaration>>emitReturn:resultTempVar:context:inCallout:
[JIT] Stats: 35979264 sends, 3991 compiled, 5520073 failed, 16383/16384 KB code | IC: 6564495/7903306 (83% hit, 74670 patched, 0 stale) | J2J-r: 0/0 J2J-a: 5784634/7596680 J2J-d: 55717 J2J-s: 1939448/3700902 | map: 4069 tracked, 2997 hot
[JIT] Stats: 36044800 sends, 3991 compiled, 5524871 failed, 16383/16384 KB code | IC: 6578540/7917353 (83% hit, 74672 patched, 0 stale) | J2J-r: 0/0 J2J-a: 5793976/7610727 J2J-d: 55718 J2J-s: 1939466/3705625 | map: 4069 tracked, 2997 hot
[JIT] Stats: 36110336 sends, 3991 compiled, 5529784 failed, 16383/16384 KB code | IC: 6589687/7932076 (83% hit, 75104 patched, 0 stale) | J2J-r: 0/0 J2J-a: 5804735/7623742 J2J-d: 56016 J2J-s: 1943767/3712106 | map: 4069 tracked, 2997 hot
[JIT] Stats: 36175872 sends, 3991 compiled, 5533326 failed, 16383/16384 KB code | IC: 6601861/7945227 (83% hit, 75124 patched, 0 stale) | J2J-r: 0/0 J2J-a: 5813492/7636893 J2J-d: 56026 J2J-s: 1943813/3716545 | map: 4069 tracked, 2997 hot
[JIT] Stats: 36241408 sends, 3991 compiled, 5537840 failed, 16383/16384 KB code | IC: 6614385/7960078 (83% hit, 75337 patched, 0 stale) | J2J-r: 0/0 J2J-a: 5823877/7650708 J2J-d: 56180 J2J-s: 1946202/3722306 | map: 4069 tracked, 2997 hot
[JIT] Stats: 36306944 sends, 3991 compiled, 5541797 failed, 16383/16384 KB code | IC: 6625058/7973546 (83% hit, 75592 patched, 0 stale) | J2J-r: 0/0 J2J-a: 5833282/7663522 J2J-d: 56348 J2J-s: 1948113/3727608 | map: 4069 tracked, 2997 hot
[JIT] Stats: 36372480 sends, 3991 compiled, 5546392 failed, 16383/16384 KB code | IC: 6638514/7987078 (83% hit, 75638 patched, 0 stale) | J2J-r: 0/0 J2J-a: 5842284/7677037 J2J-d: 56380 J2J-s: 1948170/3732175 | map: 4069 tracked, 2997 hot
[JIT] Stats: 36438016 sends, 3991 compiled, 5550632 failed, 16383/16384 KB code | IC: 6648414/8001260 (83% hit, 76046 patched, 0 stale) | J2J-r: 0/0 J2J-a: 5852598/7689769 J2J-d: 56658 J2J-s: 1952088/3738437 | map: 4069 tracked, 2997 hot
[JIT] Stats: 36503552 sends, 3991 compiled, 5555417 failed, 16383/16384 KB code | IC: 6662459/8015306 (83% hit, 76047 patched, 0 stale) | J2J-r: 0/0 J2J-a: 5861941/7703814 J2J-d: 56659 J2J-s: 1952104/3743155 | map: 4069 tracked, 2997 hot
[JIT] Stats: 36569088 sends, 3991 compiled, 5560539 failed, 16383/16384 KB code | IC: 6673185/8029078 (83% hit, 76499 patched, 0 stale) | J2J-r: 0/0 J2J-a: 5872027/7716358 J2J-d: 56976 J2J-s: 1955875/3749312 | map: 4069 tracked, 2997 hot
[JIT] Stats: 36634624 sends, 3991 compiled, 5563887 failed, 16383/16384 KB code | IC: 6685160/8042040 (83% hit, 76518 patched, 0 stale) | J2J-r: 0/0 J2J-a: 5880765/7729320 J2J-d: 56986 J2J-s: 1956077/3753737 | map: 4069 tracked, 2997 hot
[JIT] Stats: 36700160 sends, 3991 compiled, 5568365 failed, 16383/16384 KB code | IC: 6697652/8056418 (83% hit, 76711 patched, 0 stale) | J2J-r: 0/0 J2J-a: 5890786/7742882 J2J-d: 57124 J2J-s: 1958073/3759226 | map: 4069 tracked, 2997 hot
[JIT] Stats: 36765696 sends, 3991 compiled, 5572706 failed, 16383/16384 KB code | IC: 6708540/8069843 (83% hit, 76979 patched, 0 stale) | J2J-r: 0/0 J2J-a: 5900191/7755664 J2J-d: 57300 J2J-s: 1960047/3764548 | map: 4069 tracked, 2997 hot
[JIT] Stats: 36831232 sends, 3991 compiled, 5577442 failed, 16383/16384 KB code | IC: 6722400/8083707 (83% hit, 76983 patched, 0 stale) | J2J-r: 0/0 J2J-a: 5909413/7769528 J2J-d: 57303 J2J-s: 1960067/3769210 | map: 4069 tracked, 2997 hot
[JIT] Stats: 36896768 sends, 3991 compiled, 5581108 failed, 16383/16384 KB code | IC: 6731419/8097170 (83% hit, 77440 patched, 0 stale) | J2J-r: 0/0 J2J-a: 5919322/7781561 J2J-d: 57620 J2J-s: 1964133/3775324 | map: 4069 tracked, 2997 hot
[JIT] Stats: 36962304 sends, 3991 compiled, 5585902 failed, 16383/16384 KB code | IC: 6745461/8111216 (83% hit, 77444 patched, 0 stale) | J2J-r: 0/0 J2J-a: 5928665/7795607 J2J-d: 57622 J2J-s: 1964151/3780045 | map: 4069 tracked, 2997 hot
[JIT] Stats: 37027840 sends, 3991 compiled, 5591502 failed, 16383/16384 KB code | IC: 6757216/8126571 (83% hit, 77852 patched, 0 stale) | J2J-r: 0/0 J2J-a: 5939758/7809256 J2J-d: 57903 J2J-s: 1968291/3786665 | map: 4069 tracked, 2997 hot
[JIT] Stats: 37093376 sends, 3991 compiled, 5594737 failed, 16383/16384 KB code | IC: 6769036/8139454 (83% hit, 77902 patched, 0 stale) | J2J-r: 0/0 J2J-a: 5948478/7822139 J2J-d: 57935 J2J-s: 1968561/3791096 | map: 4069 tracked, 2997 hot
[JIT] Stats: 37158912 sends, 3991 compiled, 5599259 failed, 16383/16384 KB code | IC: 6781665/8153895 (83% hit, 78084 patched, 0 stale) | J2J-r: 0/0 J2J-a: 5958516/7835788 J2J-d: 58063 J2J-s: 1970455/3796558 | map: 4069 tracked, 2997 hot
[JIT] Stats: 37224448 sends, 3991 compiled, 5603104 failed, 16383/16384 KB code | IC: 6792034/8167072 (83% hit, 78372 patched, 0 stale) | J2J-r: 0/0 J2J-a: 5967964/7848204 J2J-d: 58256 J2J-s: 1972917/3801955 | map: 4069 tracked, 2997 hot
[JIT] Stats: 37289984 sends, 3991 compiled, 5607906 failed, 16383/16384 KB code | IC: 6806085/8181123 (83% hit, 78372 patched, 0 stale) | J2J-r: 0/0 J2J-a: 5977310/7862256 J2J-d: 58256 J2J-s: 1972935/3806679 | map: 4069 tracked, 2997 hot
[JIT] Stats: 37355520 sends, 3991 compiled, 5612018 failed, 16383/16384 KB code | IC: 6815967/8195829 (83% hit, 78810 patched, 0 stale) | J2J-r: 0/0 J2J-a: 5988044/7875281 J2J-d: 58560 J2J-s: 1977110/3813070 | map: 4069 tracked, 2997 hot
[JIT] Stats: 37421056 sends, 3991 compiled, 5616716 failed, 16383/16384 KB code | IC: 6829700/8209577 (83% hit, 78825 patched, 0 stale) | J2J-r: 0/0 J2J-a: 5997187/7889029 J2J-d: 58568 J2J-s: 1977129/3817694 | map: 4069 tracked, 2997 hot
[JIT] Stats: 37486592 sends, 3991 compiled, 5621675 failed, 16383/16384 KB code | IC: 6840822/8223373 (83% hit, 79221 patched, 0 stale) | J2J-r: 0/0 J2J-a: 6007166/7901604 J2J-d: 58842 J2J-s: 1980652/3823739 | map: 4069 tracked, 2997 hot
[JIT] Stats: 37552128 sends, 3991 compiled, 5625156 failed, 16383/16384 KB code | IC: 6852571/8236240 (83% hit, 79290 patched, 0 stale) | J2J-r: 0/0 J2J-a: 6016031/7914468 J2J-d: 58890 J2J-s: 1981176/3828259 | map: 4069 tracked, 2997 hot
[JIT] Stats: 37617664 sends, 3991 compiled, 5629679 failed, 16383/16384 KB code | IC: 6865088/8250153 (83% hit, 79455 patched, 0 stale) | J2J-r: 0/0 J2J-a: 6025661/7927763 J2J-d: 59007 J2J-s: 1982815/3833525 | map: 4069 tracked, 2997 hot
[JIT] Stats: 37683200 sends, 3991 compiled, 5633946 failed, 16383/16384 KB code | IC: 6875799/8262919 (83% hit, 79740 patched, 0 stale) | J2J-r: 0/0 J2J-a: 6034893/7939909 J2J-d: 59199 J2J-s: 1985232/3838819 | map: 4069 tracked, 2997 hot
[JIT] Stats: 37748736 sends, 3991 compiled, 5638748 failed, 16383/16384 KB code | IC: 6889850/8276970 (83% hit, 79740 patched, 0 stale) | J2J-r: 0/0 J2J-a: 6044238/7953960 J2J-d: 59199 J2J-s: 1985250/3843543 | map: 4069 tracked, 2997 hot
[DNU] #45: #close not understood by rcvr=0x300000000 argCount=0 fd=2 in #tearDown P40
[DNU]   rcvr cls=3075 fmt=0 class=nil
[DNU] 1MB-aligned check: rcvr=0x300000000 classAtIdx(3075).isNil=0 trap_env=0
[JIT] Stats: 37814272 sends, 3991 compiled, 5642983 failed, 16383/16384 KB code | IC: 6900044/8291495 (83% hit, 80264 patched, 0 stale) | J2J-r: 0/0 J2J-a: 6054143/7966690 J2J-d: 59570 J2J-s: 1990563/3851595 | map: 4069 tracked, 3000 hot
[JIT] Stats: 37879808 sends, 3991 compiled, 5646465 failed, 16383/16384 KB code | IC: 6912160/8304539 (83% hit, 80281 patched, 0 stale) | J2J-r: 0/0 J2J-a: 6062891/7979735 J2J-d: 59579 J2J-s: 1990697/3856025 | map: 4069 tracked, 3000 hot
[JIT] Stats: 37945344 sends, 3991 compiled, 5650963 failed, 16383/16384 KB code | IC: 6924356/8318365 (83% hit, 80495 patched, 0 stale) | J2J-r: 0/0 J2J-a: 6072513/7992852 J2J-d: 59734 J2J-s: 1992689/3861453 | map: 4069 tracked, 3000 hot
[JIT] Stats: 38010880 sends, 3991 compiled, 5655311 failed, 16383/16384 KB code | IC: 6935241/8331294 (83% hit, 80737 patched, 0 stale) | J2J-r: 0/0 J2J-a: 6081681/8005253 J2J-d: 59892 J2J-s: 1994644/3866622 | map: 4069 tracked, 3000 hot
[JIT] Stats: 38076416 sends, 3991 compiled, 5659935 failed, 16383/16384 KB code | IC: 6948759/8344816 (83% hit, 80741 patched, 0 stale) | J2J-r: 0/0 J2J-a: 6090674/8018775 J2J-d: 59895 J2J-s: 1994664/3871171 | map: 4069 tracked, 3000 hot
[JIT] Stats: 38141952 sends, 3991 compiled, 5663826 failed, 16383/16384 KB code | IC: 6958490/8359803 (83% hit, 81194 patched, 0 stale) | J2J-r: 0/0 J2J-a: 6101536/8032064 J2J-d: 60207 J2J-s: 1998830/3877691 | map: 4069 tracked, 3000 hot
[JIT] Stats: 38207488 sends, 3991 compiled, 5668622 failed, 16383/16384 KB code | IC: 6972533/8373850 (83% hit, 81198 patched, 0 stale) | J2J-r: 0/0 J2J-a: 6110879/8046111 J2J-d: 60209 J2J-s: 1998848/3882413 | map: 4069 tracked, 3000 hot
[JIT] Stats: 38273024 sends, 3991 compiled, 5674175 failed, 16383/16384 KB code | IC: 6984111/8388908 (83% hit, 81637 patched, 0 stale) | J2J-r: 0/0 J2J-a: 6121817/8059546 J2J-d: 60514 J2J-s: 2002986/3888971 | map: 4069 tracked, 3000 hot
[JIT] Stats: 38338560 sends, 3991 compiled, 5677465 failed, 16383/16384 KB code | IC: 6996031/8401862 (83% hit, 81656 patched, 0 stale) | J2J-r: 0/0 J2J-a: 6130554/8072500 J2J-d: 60524 J2J-s: 2003190/3893391 | map: 4069 tracked, 3000 hot
[JIT] Stats: 38404096 sends, 3991 compiled, 5681996 failed, 16383/16384 KB code | IC: 7008633/8416376 (83% hit, 81843 patched, 0 stale) | J2J-r: 0/0 J2J-a: 6140656/8086174 J2J-d: 60657 J2J-s: 2005192/3898918 | map: 4069 tracked, 3000 hot
[JIT] Stats: 38469632 sends, 3991 compiled, 5685979 failed, 16383/16384 KB code | IC: 7019112/8429683 (83% hit, 82132 patched, 0 stale) | J2J-r: 0/0 J2J-a: 6150135/8098747 J2J-d: 60852 J2J-s: 2007541/3904332 | map: 4069 tracked, 3000 hot
[JIT] Stats: 38535168 sends, 3991 compiled, 5690767 failed, 16383/16384 KB code | IC: 7033162/8443733 (83% hit, 82132 patched, 0 stale) | J2J-r: 0/0 J2J-a: 6159482/8112797 J2J-d: 60852 J2J-s: 2007557/3909051 | map: 4069 tracked, 3000 hot
[JIT] Stats: 38600704 sends, 3991 compiled, 5694892 failed, 16383/16384 KB code | IC: 7042592/8457294 (83% hit, 82576 patched, 0 stale) | J2J-r: 0/0 J2J-a: 6169424/8124978 J2J-d: 61162 J2J-s: 2011489/3915146 | map: 4069 tracked, 3000 hot
[JIT] Stats: 38666240 sends, 3991 compiled, 5699620 failed, 16383/16384 KB code | IC: 7056428/8471145 (83% hit, 82591 patched, 0 stale) | J2J-r: 0/0 J2J-a: 6178636/8138829 J2J-d: 61170 J2J-s: 2011507/3919803 | map: 4069 tracked, 3000 hot
[JIT] Stats: 38731776 sends, 3991 compiled, 5704574 failed, 16383/16384 KB code | IC: 7067453/8485115 (83% hit, 82990 patched, 0 stale) | J2J-r: 0/0 J2J-a: 6188697/8151499 J2J-d: 61444 J2J-s: 2015081/3925913 | map: 4069 tracked, 3000 hot
[JIT] Stats: 38797312 sends, 3991 compiled, 5708122 failed, 16383/16384 KB code | IC: 7079205/8498041 (83% hit, 83059 patched, 0 stale) | J2J-r: 0/0 J2J-a: 6197600/8164423 J2J-d: 61492 J2J-s: 2015607/3930457 | map: 4069 tracked, 3000 hot
[JIT] Stats: 38862848 sends, 3991 compiled, 5712648 failed, 16383/16384 KB code | IC: 7092058/8512874 (83% hit, 83220 patched, 0 stale) | J2J-r: 0/0 J2J-a: 6207901/8178364 J2J-d: 61606 J2J-s: 2017537/3935991 | map: 4069 tracked, 3000 hot
[JIT] Stats: 38928384 sends, 3991 compiled, 5716962 failed, 16383/16384 KB code | IC: 7102733/8526074 (83% hit, 83516 patched, 0 stale) | J2J-r: 0/0 J2J-a: 6217404/8190789 J2J-d: 61806 J2J-s: 2020121/3941458 | map: 4069 tracked, 3000 hot
[JIT] Stats: 38993920 sends, 3991 compiled, 5721756 failed, 16383/16384 KB code | IC: 7116783/8540124 (83% hit, 83516 patched, 0 stale) | J2J-r: 0/0 J2J-a: 6226750/8204839 J2J-d: 61806 J2J-s: 2020138/3946179 | map: 4069 tracked, 3000 hot
[JIT] Stats: 39059456 sends, 3991 compiled, 5725639 failed, 16383/16384 KB code | IC: 7126268/8554020 (83% hit, 83969 patched, 0 stale) | J2J-r: 0/0 J2J-a: 6236960/8217333 J2J-d: 62122 J2J-s: 2024170/3952418 | map: 4069 tracked, 3000 hot
[JIT] Stats: 39124992 sends, 3991 compiled, 5730222 failed, 16383/16384 KB code | IC: 7139654/8567434 (83% hit, 83997 patched, 0 stale) | J2J-r: 0/0 J2J-a: 6245881/8230747 J2J-d: 62136 J2J-s: 2024189/3956930 | map: 2072 tracked, 1186 hot
[JIT] Stats: 39190528 sends, 3991 compiled, 5734707 failed, 16383/16384 KB code | IC: 7151117/8582375 (83% hit, 84379 patched, 0 stale) | J2J-r: 0/0 J2J-a: 6256469/8243990 J2J-d: 62398 J2J-s: 2027932/3963255 | map: 2448 tracked, 1443 hot
[JIT] Stats: 39256064 sends, 3991 compiled, 5739081 failed, 16383/16384 KB code | IC: 7163196/8595634 (83% hit, 84453 patched, 0 stale) | J2J-r: 0/0 J2J-a: 6265662/8257246 J2J-d: 62450 J2J-s: 2028583/3967966 | map: 2528 tracked, 1467 hot
[JIT] Stats: 39321600 sends, 3991 compiled, 5743614 failed, 16383/16384 KB code | IC: 7176054/8610225 (83% hit, 84588 patched, 0 stale) | J2J-r: 0/0 J2J-a: 6275771/8271046 J2J-d: 62539 J2J-s: 2030302/3973347 | map: 2530 tracked, 1517 hot
[JIT] Stats: 39387136 sends, 3991 compiled, 5747593 failed, 16383/16384 KB code | IC: 7186535/8623755 (83% hit, 84909 patched, 0 stale) | J2J-r: 0/0 J2J-a: 6285454/8283676 J2J-d: 62761 J2J-s: 2033055/3979001 | map: 2546 tracked, 1645 hot
[JIT] Stats: 39452672 sends, 3991 compiled, 5752385 failed, 16383/16384 KB code | IC: 7200584/8637804 (83% hit, 84909 patched, 0 stale) | J2J-r: 0/0 J2J-a: 6294801/8297726 J2J-d: 62761 J2J-s: 2033072/3983721 | map: 2546 tracked, 1645 hot
[JIT] Stats: 39518208 sends, 3991 compiled, 5756672 failed, 16383/16384 KB code | IC: 7211115/8653098 (83% hit, 85347 patched, 0 stale) | J2J-r: 0/0 J2J-a: 6305899/8311313 J2J-d: 63061 J2J-s: 2037229/3990291 | map: 2546 tracked, 1646 hot
[JIT] Stats: 39583744 sends, 3991 compiled, 5761224 failed, 16383/16384 KB code | IC: 7224387/8666385 (83% hit, 85362 patched, 0 stale) | J2J-r: 0/0 J2J-a: 6314733/8324600 J2J-d: 63069 J2J-s: 2037249/3994764 | map: 2546 tracked, 1646 hot
[JIT] Stats: 39649280 sends, 3991 compiled, 5765485 failed, 16383/16384 KB code | IC: 7235627/8680132 (83% hit, 85742 patched, 0 stale) | J2J-r: 0/0 J2J-a: 6324481/8337035 J2J-d: 63334 J2J-s: 2040671/4000803 | map: 2564 tracked, 1658 hot
[JIT] Stats: 39714816 sends, 3991 compiled, 5769316 failed, 16383/16384 KB code | IC: 7247150/8693373 (83% hit, 85856 patched, 0 stale) | J2J-r: 0/0 J2J-a: 6333460/8350224 J2J-d: 63416 J2J-s: 2041933/4006272 | map: 2576 tracked, 1685 hot
[JIT] Stats: 39780352 sends, 3991 compiled, 5773901 failed, 16383/16384 KB code | IC: 7260227/8707242 (83% hit, 85942 patched, 0 stale) | J2J-r: 0/0 J2J-a: 6343028/8363746 J2J-d: 63478 J2J-s: 2042914/4011200 | map: 2576 tracked, 1685 hot
[JIT] Stats: 39845888 sends, 3991 compiled, 5778165 failed, 16383/16384 KB code | IC: 7270260/8720188 (83% hit, 86308 patched, 0 stale) | J2J-r: 0/0 J2J-a: 6352301/8375788 J2J-d: 63726 J2J-s: 2045897/4016882 | map: 2576 tracked, 1685 hot
[JIT] Stats: 39911424 sends, 3991 compiled, 5782966 failed, 16383/16384 KB code | IC: 7284310/8734238 (83% hit, 86308 patched, 0 stale) | J2J-r: 0/0 J2J-a: 6361645/8389838 J2J-d: 63726 J2J-s: 2045915/4021606 | map: 2576 tracked, 1685 hot
[JIT] Stats: 39976960 sends, 3991 compiled, 5787417 failed, 16383/16384 KB code | IC: 7294765/8748999 (83% hit, 86752 patched, 0 stale) | J2J-r: 0/0 J2J-a: 6372519/8402942 J2J-d: 64034 J2J-s: 2050300/4028147 | map: 2576 tracked, 1685 hot
[JIT] Stats: 40042496 sends, 3991 compiled, 5791399 failed, 16383/16384 KB code | IC: 7307390/8762181 (83% hit, 86769 patched, 0 stale) | J2J-r: 0/0 J2J-a: 6381281/8416124 J2J-d: 64043 J2J-s: 2050322/4032588 | map: 2576 tracked, 1685 hot
[JIT] Stats: 40108032 sends, 3991 compiled, 5795799 failed, 16383/16384 KB code | IC: 7319395/8776909 (83% hit, 87005 patched, 0 stale) | J2J-r: 0/0 J2J-a: 6391722/8429558 J2J-d: 64209 J2J-s: 2053247/4038447 | map: 2576 tracked, 1685 hot
[JIT] Stats: 40173568 sends, 3991 compiled, 5800250 failed, 16383/16384 KB code | IC: 7330935/8790258 (83% hit, 87224 patched, 0 stale) | J2J-r: 0/0 J2J-a: 6401070/8442522 J2J-d: 64356 J2J-s: 2054805/4043602 | map: 2576 tracked, 1685 hot
[JIT] Stats: 40239104 sends, 3991 compiled, 5804839 failed, 16383/16384 KB code | IC: 7344173/8804282 (83% hit, 87304 patched, 0 stale) | J2J-r: 0/0 J2J-a: 6410621/8456198 J2J-d: 64414 J2J-s: 2055609/4048524 | map: 2576 tracked, 1685 hot
[JIT] Stats: 40304640 sends, 3991 compiled, 5808738 failed, 16383/16384 KB code | IC: 7354060/8818449 (83% hit, 87688 patched, 0 stale) | J2J-r: 0/0 J2J-a: 6420762/8469116 J2J-d: 64677 J2J-s: 2058916/4054542 | map: 2576 tracked, 1685 hot
[JIT] Stats: 40370176 sends, 3991 compiled, 5813520 failed, 16383/16384 KB code | IC: 7368102/8832493 (83% hit, 87690 patched, 0 stale) | J2J-r: 0/0 J2J-a: 6430105/8483160 J2J-d: 64679 J2J-s: 2058932/4059259 | map: 2576 tracked, 1685 hot
[JIT] Stats: 40435712 sends, 3991 compiled, 5818548 failed, 16383/16384 KB code | IC: 7378722/8846069 (83% hit, 88135 patched, 0 stale) | J2J-r: 0/0 J2J-a: 6440188/8495484 J2J-d: 64990 J2J-s: 2062925/4065418 | map: 2576 tracked, 1685 hot
[JIT] Stats: 40501248 sends, 3991 compiled, 5822388 failed, 16383/16384 KB code | IC: 7391199/8859251 (83% hit, 88152 patched, 0 stale) | J2J-r: 0/0 J2J-a: 6448949/8508666 J2J-d: 64999 J2J-s: 2062948/4069861 | map: 2576 tracked, 1685 hot
[JIT] Stats: 40566784 sends, 3991 compiled, 5826783 failed, 16383/16384 KB code | IC: 7403264/8873904 (83% hit, 88382 patched, 0 stale) | J2J-r: 0/0 J2J-a: 6459306/8522153 J2J-d: 65160 J2J-s: 2065621/4075605 | map: 2576 tracked, 1685 hot
[JIT] Stats: 40632320 sends, 3991 compiled, 5830864 failed, 16383/16384 KB code | IC: 7414377/8887300 (83% hit, 88621 patched, 0 stale) | J2J-r: 0/0 J2J-a: 6468744/8535042 J2J-d: 65322 J2J-s: 2067460/4080878 | map: 2576 tracked, 1685 hot
[JIT] Stats: 40697856 sends, 3991 compiled, 5835447 failed, 16383/16384 KB code | IC: 7427476/8900634 (83% hit, 88708 patched, 0 stale) | J2J-r: 0/0 J2J-a: 6477754/8548308 J2J-d: 65385 J2J-s: 2067850/4085517 | map: 2576 tracked, 1685 hot
[JIT] Stats: 40763392 sends, 3991 compiled, 5839714 failed, 16383/16384 KB code | IC: 7437473/8914132 (83% hit, 89077 patched, 0 stale) | J2J-r: 0/0 J2J-a: 6487610/8560640 J2J-d: 65638 J2J-s: 2071374/4091448 | map: 2576 tracked, 1685 hot
[JIT] Stats: 40828928 sends, 3991 compiled, 5844502 failed, 16383/16384 KB code | IC: 7451515/8928177 (83% hit, 89080 patched, 0 stale) | J2J-r: 0/0 J2J-a: 6496953/8574686 J2J-d: 65640 J2J-s: 2071391/4096168 | map: 2576 tracked, 1685 hot
[JIT] Stats: 40894464 sends, 3991 compiled, 5849290 failed, 16383/16384 KB code | IC: 7462542/8943509 (83% hit, 89525 patched, 0 stale) | J2J-r: 0/0 J2J-a: 6508057/8588318 J2J-d: 65947 J2J-s: 2075564/4102795 | map: 2576 tracked, 1685 hot
[JIT] Stats: 40960000 sends, 3991 compiled, 5853005 failed, 16383/16384 KB code | IC: 7474927/8956685 (83% hit, 89542 patched, 0 stale) | J2J-r: 0/0 J2J-a: 6516822/8601494 J2J-d: 65956 J2J-s: 2075582/4107223 | map: 2576 tracked, 1685 hot
[JIT] Stats: 41025536 sends, 3991 compiled, 5857431 failed, 16383/16384 KB code | IC: 7486657/8970060 (83% hit, 89755 patched, 0 stale) | J2J-r: 0/0 J2J-a: 6526261/8614158 J2J-d: 66110 J2J-s: 2077734/4112544 | map: 2576 tracked, 1685 hot
[JIT] Stats: 41091072 sends, 3991 compiled, 5861836 failed, 16383/16384 KB code | IC: 7498167/8983386 (83% hit, 89993 patched, 0 stale) | J2J-r: 0/0 J2J-a: 6535696/8626955 J2J-d: 66266 J2J-s: 2079639/4117792 | map: 2576 tracked, 1685 hot
[JIT] Stats: 41156608 sends, 3991 compiled, 5866426 failed, 16383/16384 KB code | IC: 7511307/8996760 (83% hit, 90078 patched, 0 stale) | J2J-r: 0/0 J2J-a: 6544711/8640261 J2J-d: 66328 J2J-s: 2079997/4122434 | map: 2576 tracked, 1685 hot
[JIT] Stats: 41222144 sends, 3991 compiled, 5871224 failed, 16383/16384 KB code | IC: 7522129/9010495 (83% hit, 90484 patched, 0 stale) | J2J-r: 0/0 J2J-a: 6554384/8652742 J2J-d: 66611 J2J-s: 2083969/4129146 | map: 2576 tracked, 1688 hot
[JIT] Stats: 41287680 sends, 3991 compiled, 5876005 failed, 16383/16384 KB code | IC: 7536175/9024543 (83% hit, 90486 patched, 0 stale) | J2J-r: 0/0 J2J-a: 6563729/8666790 J2J-d: 66613 J2J-s: 2083984/4133864 | map: 2576 tracked, 1688 hot
[JIT] Stats: 41353216 sends, 3991 compiled, 5881611 failed, 16383/16384 KB code | IC: 7547567/9039021 (83% hit, 90915 patched, 0 stale) | J2J-r: 0/0 J2J-a: 6574211/8679811 J2J-d: 66908 J2J-s: 2087922/4140264 | map: 2576 tracked, 1688 hot
[JIT] Stats: 41418752 sends, 3991 compiled, 5884897 failed, 16383/16384 KB code | IC: 7559492/9051954 (83% hit, 90934 patched, 0 stale) | J2J-r: 0/0 J2J-a: 6582948/8692744 J2J-d: 66918 J2J-s: 2088143/4144680 | map: 2576 tracked, 1688 hot
[JIT] Stats: 41484288 sends, 3991 compiled, 5889423 failed, 16383/16384 KB code | IC: 7572156/9066706 (83% hit, 91109 patched, 0 stale) | J2J-r: 0/0 J2J-a: 6593201/8706558 J2J-d: 67042 J2J-s: 2090233/4150285 | map: 2576 tracked, 1688 hot
[JIT] Stats: 41549824 sends, 3991 compiled, 5893447 failed, 16383/16384 KB code | IC: 7582682/9080085 (83% hit, 91396 patched, 0 stale) | J2J-r: 0/0 J2J-a: 6602730/8719195 J2J-d: 67234 J2J-s: 2092584/4155714 | map: 2576 tracked, 1688 hot
[JIT] Stats: 41615360 sends, 3991 compiled, 5898240 failed, 16383/16384 KB code | IC: 7596709/9094116 (83% hit, 91400 patched, 0 stale) | J2J-r: 0/0 J2J-a: 6612063/8733227 J2J-d: 67237 J2J-s: 2092604/4160433 | map: 2576 tracked, 1688 hot
[JIT] Stats: 41680896 sends, 3991 compiled, 5902340 failed, 16383/16384 KB code | IC: 7606415/9108412 (83% hit, 91833 patched, 0 stale) | J2J-r: 0/0 J2J-a: 6622677/8745823 J2J-d: 67534 J2J-s: 2097053/4166788 | map: 2576 tracked, 1688 hot
[JIT] Stats: 41746432 sends, 3991 compiled, 5907094 failed, 16383/16384 KB code | IC: 7620311/9122323 (83% hit, 91848 patched, 0 stale) | J2J-r: 0/0 J2J-a: 6631928/8759734 J2J-d: 67542 J2J-s: 2097072/4171467 | map: 2576 tracked, 1688 hot
[JIT] Stats: 41811968 sends, 3991 compiled, 5912106 failed, 16383/16384 KB code | IC: 7631675/9137457 (83% hit, 92247 patched, 0 stale) | J2J-r: 0/0 J2J-a: 6642827/8773197 J2J-d: 67816 J2J-s: 2101068/4177954 | map: 2576 tracked, 1688 hot
[JIT] Stats: 41877504 sends, 3991 compiled, 5915524 failed, 16383/16384 KB code | IC: 7643428/9150300 (83% hit, 92318 patched, 0 stale) | J2J-r: 0/0 J2J-a: 6651647/8786037 J2J-d: 67867 J2J-s: 2101557/4182460 | map: 2576 tracked, 1688 hot
[JIT] Stats: 41943040 sends, 3991 compiled, 5920036 failed, 16383/16384 KB code | IC: 7655931/9164205 (83% hit, 92487 patched, 0 stale) | J2J-r: 0/0 J2J-a: 6661268/8799318 J2J-d: 67988 J2J-s: 2103212/4187735 | map: 2576 tracked, 1688 hot
[JIT] Stats: 42008576 sends, 3991 compiled, 5924353 failed, 16383/16384 KB code | IC: 7666504/9176991 (83% hit, 92781 patched, 0 stale) | J2J-r: 0/0 J2J-a: 6670460/8811491 J2J-d: 68186 J2J-s: 2105564/4193030 | map: 2576 tracked, 1688 hot
[JIT] Stats: 42074112 sends, 3991 compiled, 5929153 failed, 16383/16384 KB code | IC: 7680554/9191041 (83% hit, 92781 patched, 0 stale) | J2J-r: 0/0 J2J-a: 6679805/8825542 J2J-d: 68186 J2J-s: 2105582/4197754 | map: 2576 tracked, 1688 hot
[JIT] Stats: 42139648 sends, 3991 compiled, 5932920 failed, 16383/16384 KB code | IC: 7689979/9204757 (83% hit, 93227 patched, 0 stale) | J2J-r: 0/0 J2J-a: 6690013/8837897 J2J-d: 68497 J2J-s: 2109613/4203860 | map: 2576 tracked, 1688 hot
[JIT] Stats: 42205184 sends, 3991 compiled, 5937592 failed, 16383/16384 KB code | IC: 7703583/9218376 (83% hit, 93242 patched, 0 stale) | J2J-r: 0/0 J2J-a: 6699066/8851515 J2J-d: 68505 J2J-s: 2109634/4208446 | map: 2576 tracked, 1688 hot
[JIT] Stats: 42270720 sends, 3991 compiled, 5942579 failed, 16383/16384 KB code | IC: 7715280/9233250 (83% hit, 93619 patched, 0 stale) | J2J-r: 0/0 J2J-a: 6709749/8864786 J2J-d: 68759 J2J-s: 2113468/4214794 | map: 2576 tracked, 1688 hot
[JIT] Stats: 42336256 sends, 3991 compiled, 5946422 failed, 16383/16384 KB code | IC: 7727207/9246260 (83% hit, 93691 patched, 0 stale) | J2J-r: 0/0 J2J-a: 6718715/8877794 J2J-d: 68809 J2J-s: 2114010/4219375 | map: 2576 tracked, 1688 hot
[JIT] Stats: 42401792 sends, 3991 compiled, 5950948 failed, 16383/16384 KB code | IC: 7739910/9260557 (83% hit, 93857 patched, 0 stale) | J2J-r: 0/0 J2J-a: 6728659/8891391 J2J-d: 68924 J2J-s: 2115737/4224720 | map: 2576 tracked, 1688 hot
[JIT] Stats: 42467328 sends, 3991 compiled, 5954679 failed, 16383/16384 KB code | IC: 7750158/9273795 (83% hit, 94186 patched, 0 stale) | J2J-r: 0/0 J2J-a: 6737972/8903816 J2J-d: 69153 J2J-s: 2118750/4230806 | map: 2576 tracked, 1688 hot
[JIT] Stats: 42532864 sends, 3991 compiled, 5959459 failed, 16383/16384 KB code | IC: 7764206/9287843 (83% hit, 94186 patched, 0 stale) | J2J-r: 0/0 J2J-a: 6747319/8917864 J2J-d: 69153 J2J-s: 2118765/4235522 | map: 2576 tracked, 1688 hot
[JIT] Stats: 42598400 sends, 3991 compiled, 5964131 failed, 16383/16384 KB code | IC: 7774424/9301454 (83% hit, 94625 patched, 0 stale) | J2J-r: 0/0 J2J-a: 6757396/8930227 J2J-d: 69456 J2J-s: 2122737/4241704 | map: 2576 tracked, 1690 hot
[JIT] Stats: 42663936 sends, 3991 compiled, 5968364 failed, 16383/16384 KB code | IC: 7787314/9314633 (83% hit, 94642 patched, 0 stale) | J2J-r: 0/0 J2J-a: 6766159/8943405 J2J-d: 69465 J2J-s: 2122757/4246138 | map: 2576 tracked, 1690 hot
[JIT] Stats: 42729472 sends, 3991 compiled, 5972764 failed, 16383/16384 KB code | IC: 7799364/9329702 (83% hit, 94876 patched, 0 stale) | J2J-r: 0/0 J2J-a: 6776941/8956888 J2J-d: 69628 J2J-s: 2126266/4252291 | map: 2576 tracked, 1690 hot
[JIT] Stats: 42795008 sends, 3991 compiled, 5976864 failed, 16383/16384 KB code | IC: 7810484/9342703 (83% hit, 95106 patched, 0 stale) | J2J-r: 0/0 J2J-a: 6785963/8969800 J2J-d: 69784 J2J-s: 2127244/4257142 | map: 2576 tracked, 1690 hot
[JIT] Stats: 42860544 sends, 3991 compiled, 5981452 failed, 16383/16384 KB code | IC: 7823546/9356755 (83% hit, 95191 patched, 0 stale) | J2J-r: 0/0 J2J-a: 6795720/8983404 J2J-d: 69846 J2J-s: 2128428/4262166 | map: 2576 tracked, 1690 hot
[JIT] Stats: 42926080 sends, 3991 compiled, 5985712 failed, 16383/16384 KB code | IC: 7833560/9369425 (83% hit, 95565 patched, 0 stale) | J2J-r: 0/0 J2J-a: 6804752/8995285 J2J-d: 70101 J2J-s: 2131208/4267724 | map: 2576 tracked, 1690 hot
[JIT] Stats: 42991616 sends, 3991 compiled, 5990495 failed, 16383/16384 KB code | IC: 7847610/9383475 (83% hit, 95565 patched, 0 stale) | J2J-r: 0/0 J2J-a: 6814099/9009335 J2J-d: 70101 J2J-s: 2131223/4272442 | map: 2576 tracked, 1690 hot
[JIT] Stats: 43057152 sends, 3991 compiled, 5994842 failed, 16383/16384 KB code | IC: 7858175/9398730 (83% hit, 96011 patched, 0 stale) | J2J-r: 0/0 J2J-a: 6825186/9022927 J2J-d: 70409 J2J-s: 2135367/4279019 | map: 2576 tracked, 1690 hot
[JIT] Stats: 43122688 sends, 3991 compiled, 5999001 failed, 16383/16384 KB code | IC: 7870996/9411911 (83% hit, 96028 patched, 0 stale) | J2J-r: 0/0 J2J-a: 6833951/9036108 J2J-d: 70418 J2J-s: 2135386/4283453 | map: 2576 tracked, 1690 hot
[JIT] Stats: 43188224 sends, 3991 compiled, 6003406 failed, 16383/16384 KB code | IC: 7882825/9426271 (83% hit, 96267 patched, 0 stale) | J2J-r: 0/0 J2J-a: 6844170/9049139 J2J-d: 70586 J2J-s: 2138550/4289369 | map: 2576 tracked, 1690 hot
[JIT] Stats: 43253760 sends, 3991 compiled, 6007433 failed, 16383/16384 KB code | IC: 7894275/9439157 (83% hit, 96488 patched, 0 stale) | J2J-r: 0/0 J2J-a: 6853051/9061870 J2J-d: 70733 J2J-s: 2139490/4294140 | map: 2576 tracked, 1690 hot
[JIT] Stats: 43319296 sends, 3991 compiled, 6012025 failed, 16383/16384 KB code | IC: 7907369/9453304 (83% hit, 96573 patched, 0 stale) | J2J-r: 0/0 J2J-a: 6862869/9075539 J2J-d: 70795 J2J-s: 2140707/4299201 | map: 2576 tracked, 1690 hot
[JIT] Stats: 43384832 sends, 3991 compiled, 6015671 failed, 16383/16384 KB code | IC: 7917109/9466606 (83% hit, 96985 patched, 0 stale) | J2J-r: 0/0 J2J-a: 6872094/9087874 J2J-d: 71081 J2J-s: 2143818/4305355 | map: 2576 tracked, 1690 hot
[JIT] Stats: 43450368 sends, 3991 compiled, 6020470 failed, 16383/16384 KB code | IC: 7931156/9480654 (83% hit, 96986 patched, 0 stale) | J2J-r: 0/0 J2J-a: 6881436/9101922 J2J-d: 71082 J2J-s: 2143836/4310079 | map: 2576 tracked, 1690 hot
[JIT] Stats: 43515904 sends, 3991 compiled, 6025721 failed, 16383/16384 KB code | IC: 7942181/9494762 (83% hit, 97419 patched, 0 stale) | J2J-r: 0/0 J2J-a: 6891899/9114590 J2J-d: 71380 J2J-s: 2148037/4316408 | map: 2576 tracked, 1690 hot
[JIT] Stats: 43581440 sends, 3991 compiled, 6030224 failed, 16383/16384 KB code | IC: 7955345/9507943 (83% hit, 97436 patched, 0 stale) | J2J-r: 0/0 J2J-a: 6900664/9127771 J2J-d: 71389 J2J-s: 2148056/4320842 | map: 2576 tracked, 1690 hot
[JIT] Stats: 43646976 sends, 3991 compiled, 6034602 failed, 16383/16384 KB code | IC: 7967305/9522506 (83% hit, 97666 patched, 0 stale) | J2J-r: 0/0 J2J-a: 6910973/9141155 J2J-d: 71550 J2J-s: 2150767/4326570 | map: 2576 tracked, 1690 hot
[JIT] Stats: 43712512 sends, 3991 compiled, 6038727 failed, 16383/16384 KB code | IC: 7978738/9536357 (83% hit, 97889 patched, 0 stale) | J2J-r: 0/0 J2J-a: 6920512/9154523 J2J-d: 71699 J2J-s: 2152241/4331856 | map: 2576 tracked, 1690 hot
[JIT] Stats: 43778048 sends, 3991 compiled, 6043329 failed, 16383/16384 KB code | IC: 7991792/9549732 (83% hit, 97974 patched, 0 stale) | J2J-r: 0/0 J2J-a: 6929613/9167785 J2J-d: 71761 J2J-s: 2152781/4336550 | map: 2576 tracked, 1690 hot
[JIT] Stats: 43843584 sends, 3991 compiled, 6048806 failed, 16383/16384 KB code | IC: 8003282/9563434 (83% hit, 98340 patched, 0 stale) | J2J-r: 0/0 J2J-a: 6939397/9180380 J2J-d: 72008 J2J-s: 2155915/4342424 | map: 2576 tracked, 1690 hot
[JIT] Stats: 43909120 sends, 3991 compiled, 6053597 failed, 16383/16384 KB code | IC: 8017326/9577480 (83% hit, 98342 patched, 0 stale) | J2J-r: 0/0 J2J-a: 6948739/9194426 J2J-d: 72010 J2J-s: 2155932/4347145 | map: 2576 tracked, 1690 hot
[JIT] Stats: 43974656 sends, 3991 compiled, 6058196 failed, 16383/16384 KB code | IC: 8027879/9591601 (83% hit, 98817 patched, 0 stale) | J2J-r: 0/0 J2J-a: 6958848/9207209 J2J-d: 72345 J2J-s: 2159908/4353720 | map: 2576 tracked, 1690 hot
[JIT] Stats: 44040192 sends, 3991 compiled, 6061889 failed, 16383/16384 KB code | IC: 8040237/9604782 (83% hit, 98834 patched, 0 stale) | J2J-r: 0/0 J2J-a: 6967613/9220390 J2J-d: 72354 J2J-s: 2159926/4358153 | map: 2576 tracked, 1690 hot
[JIT] Stats: 44105728 sends, 3991 compiled, 6066368 failed, 16383/16384 KB code | IC: 8052079/9618279 (83% hit, 99046 patched, 0 stale) | J2J-r: 0/0 J2J-a: 6977105/9233160 J2J-d: 72507 J2J-s: 2162096/4363543 | map: 2576 tracked, 1690 hot
[JIT] Stats: 44171264 sends, 3991 compiled, 6070746 failed, 16383/16384 KB code | IC: 8063514/9631557 (83% hit, 99280 patched, 0 stale) | J2J-r: 0/0 J2J-a: 6986475/9245910 J2J-d: 72659 J2J-s: 2163952/4368760 | map: 2576 tracked, 1690 hot
[JIT] Stats: 44236800 sends, 3991 compiled, 6075367 failed, 16383/16384 KB code | IC: 8076814/9645334 (83% hit, 99355 patched, 0 stale) | J2J-r: 0/0 J2J-a: 6995732/9259492 J2J-d: 72713 J2J-s: 2164412/4373538 | map: 2576 tracked, 1690 hot
[DNU] #46: #suspend not understood by rcvr=0x300000000 argCount=0 fd=2 in #suspend P80
[DNU]   rcvr cls=3075 fmt=0 class=nil
[DNU] 1MB-aligned check: rcvr=0x300000000 classAtIdx(3075).isNil=0 trap_env=0
[JIT] Stats: 44302336 sends, 3991 compiled, 6078901 failed, 16383/16384 KB code | IC: 8086216/9659569 (83% hit, 100045 patched, 0 stale) | J2J-r: 0/0 J2J-a: 7004811/9271720 J2J-d: 73242 J2J-s: 2169379/4381428 | map: 3085 tracked, 2017 hot
[MUSTBOOL] #5 fd=2 value_class=Dictionary value=0xd0da35698 in=#emitReturn:resultTempVar:context:inCallout: rcv_class=FFIExternalObjectType method=0x300978d78 numLits=21 ipOff=58
[MUSTBOOL]   recent[0] TFCalloutMethodBuilder>>generateFFICallout:spec:ffiLibrary:
[MUSTBOOL]   recent[1] FFITypeDeclaration>>emitReturn:resultTempVar:context:inCallout:
[JIT] Stats: 44367872 sends, 3991 compiled, 6081900 failed, 16383/16384 KB code | IC: 8096453/9674413 (83% hit, 100169 patched, 0 stale) | J2J-r: 0/0 J2J-a: 7013501/9285194 J2J-d: 73320 J2J-s: 2172136/4388856 | map: 3183 tracked, 2069 hot
[JIT] Stats: 44433408 sends, 3991 compiled, 6086700 failed, 16383/16384 KB code | IC: 8110499/9688461 (83% hit, 100171 patched, 0 stale) | J2J-r: 0/0 J2J-a: 7022843/9299243 J2J-d: 73322 J2J-s: 2172154/4393581 | map: 3183 tracked, 2069 hot
[JIT] Stats: 44498944 sends, 3991 compiled, 6091749 failed, 16383/16384 KB code | IC: 8121573/9703582 (83% hit, 100606 patched, 0 stale) | J2J-r: 0/0 J2J-a: 7033911/9312630 J2J-d: 73621 J2J-s: 2176535/4400207 | map: 3183 tracked, 2069 hot
[JIT] Stats: 44564480 sends, 3991 compiled, 6095606 failed, 16383/16384 KB code | IC: 8134072/9716762 (83% hit, 100623 patched, 0 stale) | J2J-r: 0/0 J2J-a: 7042672/9325811 J2J-d: 73630 J2J-s: 2176557/4404648 | map: 3183 tracked, 2069 hot
[JIT] Stats: 44630016 sends, 3991 compiled, 6099999 failed, 16383/16384 KB code | IC: 8146073/9731421 (83% hit, 100851 patched, 0 stale) | J2J-r: 0/0 J2J-a: 7052981/9339253 J2J-d: 73790 J2J-s: 2179249/4410413 | map: 3183 tracked, 2069 hot
[JIT] Stats: 44695552 sends, 3991 compiled, 6104177 failed, 16383/16384 KB code | IC: 8157303/9745158 (83% hit, 101088 patched, 0 stale) | J2J-r: 0/0 J2J-a: 7062488/9352467 J2J-d: 73950 J2J-s: 2180897/4415751 | map: 3183 tracked, 2069 hot
[JIT] Stats: 44761088 sends, 3991 compiled, 6108780 failed, 16383/16384 KB code | IC: 8170573/9759001 (83% hit, 101166 patched, 0 stale) | J2J-r: 0/0 J2J-a: 7071832/9366066 J2J-d: 74006 J2J-s: 2181461/4420563 | map: 3183 tracked, 2069 hot
[JIT] Stats: 44826624 sends, 3991 compiled, 6113074 failed, 16383/16384 KB code | IC: 8180621/9772590 (83% hit, 101538 patched, 0 stale) | J2J-r: 0/0 J2J-a: 7081734/9378439 J2J-d: 74258 J2J-s: 2185061/4426564 | map: 3183 tracked, 2069 hot
[JIT] Stats: 44892160 sends, 3991 compiled, 6117869 failed, 16383/16384 KB code | IC: 8194665/9786636 (83% hit, 101540 patched, 0 stale) | J2J-r: 0/0 J2J-a: 7091076/9392485 J2J-d: 74259 J2J-s: 2185079/4431286 | map: 3183 tracked, 2069 hot
[JIT] Stats: 44957696 sends, 3991 compiled, 6122754 failed, 16383/16384 KB code | IC: 8205543/9801662 (83% hit, 101988 patched, 0 stale) | J2J-r: 0/0 J2J-a: 7102094/9405793 J2J-d: 74570 J2J-s: 2189494/4437917 | map: 3183 tracked, 2069 hot
[JIT] Stats: 45023232 sends, 3991 compiled, 6126420 failed, 16383/16384 KB code | IC: 8217854/9814841 (83% hit, 102005 patched, 0 stale) | J2J-r: 0/0 J2J-a: 7110856/9418973 J2J-d: 74579 J2J-s: 2189516/4442356 | map: 3183 tracked, 2069 hot
[JIT] Stats: 45088768 sends, 3991 compiled, 6130951 failed, 16383/16384 KB code | IC: 8230330/9829905 (83% hit, 102214 patched, 0 stale) | J2J-r: 0/0 J2J-a: 7121451/9432861 J2J-d: 74727 J2J-s: 2192156/4448231 | map: 3183 tracked, 2069 hot
[JIT] Stats: 45154304 sends, 3991 compiled, 6135278 failed, 16383/16384 KB code | IC: 8241417/9843003 (83% hit, 102454 patched, 0 stale) | J2J-r: 0/0 J2J-a: 7130623/9445431 J2J-d: 74885 J2J-s: 2193931/4453385 | map: 3183 tracked, 2069 hot
[JIT] Stats: 45219840 sends, 3991 compiled, 6139883 failed, 16383/16384 KB code | IC: 8254689/9856504 (83% hit, 102534 patched, 0 stale) | J2J-r: 0/0 J2J-a: 7139635/9458863 J2J-d: 74943 J2J-s: 2194160/4458027 | map: 3183 tracked, 2069 hot
[JIT] Stats: 45285376 sends, 3991 compiled, 6143815 failed, 16383/16384 KB code | IC: 8264513/9871014 (83% hit, 102922 patched, 0 stale) | J2J-r: 0/0 J2J-a: 7150154/9471927 J2J-d: 75208 J2J-s: 2197934/4464278 | map: 3183 tracked, 2069 hot
[JIT] Stats: 45350912 sends, 3991 compiled, 6148608 failed, 16383/16384 KB code | IC: 8278558/9885062 (83% hit, 102925 patched, 0 stale) | J2J-r: 0/0 J2J-a: 7159497/9485975 J2J-d: 75210 J2J-s: 2197951/4469000 | map: 3183 tracked, 2069 hot
[JIT] Stats: 45416448 sends, 3991 compiled, 6153925 failed, 16383/16384 KB code | IC: 8289407/9898546 (83% hit, 103362 patched, 0 stale) | J2J-r: 0/0 J2J-a: 7169479/9498245 J2J-d: 75515 J2J-s: 2201866/4475127 | map: 3183 tracked, 2069 hot
[JIT] Stats: 45481984 sends, 3991 compiled, 6157454 failed, 16383/16384 KB code | IC: 8301594/9911704 (83% hit, 103381 patched, 0 stale) | J2J-r: 0/0 J2J-a: 7178241/9511403 J2J-d: 75525 J2J-s: 2201903/4479559 | map: 3183 tracked, 2069 hot
[JIT] Stats: 45547520 sends, 3991 compiled, 6162007 failed, 16383/16384 KB code | IC: 8314083/9926536 (83% hit, 103592 patched, 0 stale) | J2J-r: 0/0 J2J-a: 7188634/9525199 J2J-d: 75676 J2J-s: 2204300/4485302 | map: 3183 tracked, 2069 hot
[JIT] Stats: 45613056 sends, 3991 compiled, 6165968 failed, 16383/16384 KB code | IC: 8324765/9939792 (83% hit, 103847 patched, 0 stale) | J2J-r: 0/0 J2J-a: 7198038/9537803 J2J-d: 75846 J2J-s: 2206395/4490579 | map: 3183 tracked, 2069 hot
[JIT] Stats: 45678592 sends, 3991 compiled, 6170574 failed, 16383/16384 KB code | IC: 8338149/9953303 (83% hit, 103923 patched, 0 stale) | J2J-r: 0/0 J2J-a: 7207023/9551288 J2J-d: 75903 J2J-s: 2206488/4495168 | map: 3183 tracked, 2069 hot
[JIT] Stats: 45744128 sends, 3991 compiled, 6174836 failed, 16383/16384 KB code | IC: 8347871/9966555 (83% hit, 104299 patched, 0 stale) | J2J-r: 0/0 J2J-a: 7216853/9563318 J2J-d: 76158 J2J-s: 2210374/4501181 | map: 3183 tracked, 2069 hot
[JIT] Stats: 45809664 sends, 3991 compiled, 6179620 failed, 16383/16384 KB code | IC: 8361914/9980602 (83% hit, 104303 patched, 0 stale) | J2J-r: 0/0 J2J-a: 7226197/9577365 J2J-d: 76160 J2J-s: 2210390/4505900 | map: 3183 tracked, 2069 hot
[JIT] Stats: 45875200 sends, 3991 compiled, 6184637 failed, 16383/16384 KB code | IC: 8373255/9996056 (83% hit, 104746 patched, 0 stale) | J2J-r: 0/0 J2J-a: 7237416/9591047 J2J-d: 76465 J2J-s: 2214672/4512570 | map: 3183 tracked, 2069 hot
[JIT] Stats: 45940736 sends, 3991 compiled, 6188089 failed, 16383/16384 KB code | IC: 8385368/10009235 (83% hit, 104763 patched, 0 stale) | J2J-r: 0/0 J2J-a: 7246180/9604226 J2J-d: 76474 J2J-s: 2214691/4517003 | map: 3183 tracked, 2069 hot
[JIT] Stats: 46006272 sends, 3991 compiled, 6192599 failed, 16383/16384 KB code | IC: 8397649/10023323 (83% hit, 104979 patched, 0 stale) | J2J-r: 0/0 J2J-a: 7256027/9617543 J2J-d: 76630 J2J-s: 2216746/4522472 | map: 3183 tracked, 2069 hot
[JIT] Stats: 46071808 sends, 3991 compiled, 6196906 failed, 16383/16384 KB code | IC: 8408741/10036445 (83% hit, 105218 patched, 0 stale) | J2J-r: 0/0 J2J-a: 7265344/9630096 J2J-d: 76785 J2J-s: 2218724/4527666 | map: 3183 tracked, 2069 hot
[JIT] Stats: 46137344 sends, 3991 compiled, 6201515 failed, 16383/16384 KB code | IC: 8422171/10049959 (83% hit, 105270 patched, 0 stale) | J2J-r: 0/0 J2J-a: 7274331/9643593 J2J-d: 76823 J2J-s: 2218788/4532237 | map: 3183 tracked, 2069 hot
[DNU] #47: #close not understood by rcvr=0x300000000 argCount=0 fd=2 in #tearDown P40
[DNU]   rcvr cls=3075 fmt=0 class=nil
[DNU] 1MB-aligned check: rcvr=0x300000000 classAtIdx(3075).isNil=0 trap_env=0
[JIT] Stats: 46202880 sends, 3991 compiled, 6205706 failed, 16383/16384 KB code | IC: 8433127/10066404 (83% hit, 105742 patched, 0 stale) | J2J-r: 0/0 J2J-a: 7285555/9657771 J2J-d: 77153 J2J-s: 2224591/4540908 | map: 3196 tracked, 2081 hot
[JIT] Stats: 46268416 sends, 3991 compiled, 6209507 failed, 16383/16384 KB code | IC: 8445584/10079583 (83% hit, 105758 patched, 0 stale) | J2J-r: 0/0 J2J-a: 7294318/9670951 J2J-d: 77161 J2J-s: 2224611/4545344 | map: 3196 tracked, 2081 hot
[JIT] Stats: 46333952 sends, 3991 compiled, 6213924 failed, 16383/16384 KB code | IC: 8457686/10094292 (83% hit, 105984 patched, 0 stale) | J2J-r: 0/0 J2J-a: 7304713/9684480 J2J-d: 77320 J2J-s: 2227292/4551102 | map: 3196 tracked, 2081 hot
[JIT] Stats: 46399488 sends, 3991 compiled, 6218431 failed, 16383/16384 KB code | IC: 8469150/10107762 (83% hit, 106211 patched, 0 stale) | J2J-r: 0/0 J2J-a: 7314151/9697442 J2J-d: 77470 J2J-s: 2229067/4556382 | map: 3196 tracked, 2081 hot
[JIT] Stats: 46465024 sends, 3991 compiled, 6223045 failed, 16383/16384 KB code | IC: 8482295/10121142 (83% hit, 106298 patched, 0 stale) | J2J-r: 0/0 J2J-a: 7323164/9710753 J2J-d: 77532 J2J-s: 2229427/4561033 | map: 3196 tracked, 2081 hot
[JIT] Stats: 46530560 sends, 3991 compiled, 6227010 failed, 16383/16384 KB code | IC: 8492205/10135671 (83% hit, 106679 patched, 0 stale) | J2J-r: 0/0 J2J-a: 7333597/9723857 J2J-d: 77792 J2J-s: 2233053/4567262 | map: 3196 tracked, 2081 hot
[JIT] Stats: 46596096 sends, 3991 compiled, 6231795 failed, 16383/16384 KB code | IC: 8506250/10149718 (83% hit, 106681 patched, 0 stale) | J2J-r: 0/0 J2J-a: 7342941/9737903 J2J-d: 77793 J2J-s: 2233069/4571980 | map: 3196 tracked, 2081 hot
[JIT] Stats: 46661632 sends, 3991 compiled, 6237100 failed, 16383/16384 KB code | IC: 8517123/10163544 (83% hit, 107122 patched, 0 stale) | J2J-r: 0/0 J2J-a: 7353078/9750430 J2J-d: 78101 J2J-s: 2236995/4578218 | map: 3196 tracked, 2081 hot
[JIT] Stats: 46727168 sends, 3991 compiled, 6240719 failed, 16383/16384 KB code | IC: 8529399/10176725 (83% hit, 107139 patched, 0 stale) | J2J-r: 0/0 J2J-a: 7361842/9763610 J2J-d: 78110 J2J-s: 2237015/4582653 | map: 3196 tracked, 2081 hot
[JIT] Stats: 46792704 sends, 3991 compiled, 6245269 failed, 16383/16384 KB code | IC: 8541921/10191812 (83% hit, 107346 patched, 0 stale) | J2J-r: 0/0 J2J-a: 7372421/9777526 J2J-d: 78259 J2J-s: 2239615/4588531 | map: 3196 tracked, 2081 hot
[JIT] Stats: 46858240 sends, 3991 compiled, 6249279 failed, 16383/16384 KB code | IC: 8552600/10205014 (83% hit, 107603 patched, 0 stale) | J2J-r: 0/0 J2J-a: 7381618/9790188 J2J-d: 78431 J2J-s: 2241364/4593727 | map: 3196 tracked, 2081 hot
[JIT] Stats: 46923776 sends, 3991 compiled, 6253881 failed, 16383/16384 KB code | IC: 8565902/10218510 (83% hit, 107675 patched, 0 stale) | J2J-r: 0/0 J2J-a: 7390597/9803628 J2J-d: 78483 J2J-s: 2241535/4598352 | map: 3196 tracked, 2081 hot
[JIT] Stats: 46989312 sends, 3991 compiled, 6258226 failed, 16383/16384 KB code | IC: 8576200/10233339 (83% hit, 108055 patched, 0 stale) | J2J-r: 0/0 J2J-a: 7401417/9816794 J2J-d: 78739 J2J-s: 2245728/4604819 | map: 3196 tracked, 2081 hot
[JIT] Stats: 47054848 sends, 3991 compiled, 6263025 failed, 16383/16384 KB code | IC: 8590245/10247386 (83% hit, 108057 patched, 0 stale) | J2J-r: 0/0 J2J-a: 7410759/9830841 J2J-d: 78741 J2J-s: 2245746/4609542 | map: 3196 tracked, 2081 hot
[JIT] Stats: 47120384 sends, 3991 compiled, 6268087 failed, 16383/16384 KB code | IC: 8601287/10262340 (83% hit, 108503 patched, 0 stale) | J2J-r: 0/0 J2J-a: 7421700/9844124 J2J-d: 79050 J2J-s: 2250062/4616125 | map: 3196 tracked, 2081 hot
[JIT] Stats: 47185920 sends, 3991 compiled, 6271571 failed, 16383/16384 KB code | IC: 8613413/10275523 (83% hit, 108520 patched, 0 stale) | J2J-r: 0/0 J2J-a: 7430462/9857307 J2J-d: 79059 J2J-s: 2250084/4620567 | map: 3196 tracked, 2081 hot
[JIT] Stats: 47251456 sends, 3991 compiled, 6276135 failed, 16383/16384 KB code | IC: 8625959/10290356 (83% hit, 108730 patched, 0 stale) | J2J-r: 0/0 J2J-a: 7440766/9871108 J2J-d: 79210 J2J-s: 2252391/4626312 | map: 3196 tracked, 2081 hot
[JIT] Stats: 47316992 sends, 3991 compiled, 6280477 failed, 16383/16384 KB code | IC: 8637025/10303888 (83% hit, 108977 patched, 0 stale) | J2J-r: 0/0 J2J-a: 7450318/9883939 J2J-d: 79372 J2J-s: 2254468/4631648 | map: 3196 tracked, 2081 hot
[JIT] Stats: 47382528 sends, 3991 compiled, 6285097 failed, 16383/16384 KB code | IC: 8650503/10317393 (83% hit, 109003 patched, 0 stale) | J2J-r: 0/0 J2J-a: 7459292/9897442 J2J-d: 79391 J2J-s: 2254492/4636200 | map: 3196 tracked, 2081 hot
[JIT] Stats: 47448064 sends, 3991 compiled, 6289035 failed, 16383/16384 KB code | IC: 8660218/10332022 (83% hit, 109439 patched, 0 stale) | J2J-r: 0/0 J2J-a: 7470058/9910410 J2J-d: 79689 J2J-s: 2258839/4642675 | map: 3196 tracked, 2081 hot
[JIT] Stats: 47513600 sends, 3991 compiled, 6293820 failed, 16383/16384 KB code | IC: 8674262/10346068 (83% hit, 109441 patched, 0 stale) | J2J-r: 0/0 J2J-a: 7479401/9924456 J2J-d: 79691 J2J-s: 2258855/4647394 | map: 3196 tracked, 2081 hot
[JIT] Stats: 47579136 sends, 3991 compiled, 6299344 failed, 16383/16384 KB code | IC: 8685839/10361277 (83% hit, 109881 patched, 0 stale) | J2J-r: 0/0 J2J-a: 7490466/9937953 J2J-d: 79995 J2J-s: 2263118/4654012 | map: 3196 tracked, 2081 hot
[JIT] Stats: 47644672 sends, 3991 compiled, 6302683 failed, 16383/16384 KB code | IC: 8697824/10374273 (83% hit, 109900 patched, 0 stale) | J2J-r: 0/0 J2J-a: 7499210/9950949 J2J-d: 80005 J2J-s: 2263287/4658432 | map: 3196 tracked, 2081 hot
[JIT] Stats: 47710208 sends, 3991 compiled, 6307245 failed, 16383/16384 KB code | IC: 8710469/10389120 (83% hit, 110098 patched, 0 stale) | J2J-r: 0/0 J2J-a: 7509515/9964805 J2J-d: 80147 J2J-s: 2265464/4664109 | map: 3196 tracked, 2081 hot
[JIT] Stats: 47775744 sends, 3991 compiled, 6311125 failed, 16383/16384 KB code | IC: 8721210/10402513 (83% hit, 110357 patched, 0 stale) | J2J-r: 0/0 J2J-a: 7519100/9977443 J2J-d: 80318 J2J-s: 2267811/4669487 | map: 3196 tracked, 2081 hot
[JIT] Stats: 47841280 sends, 3991 compiled, 6315817 failed, 16383/16384 KB code | IC: 8734950/10416257 (83% hit, 110361 patched, 0 stale) | J2J-r: 0/0 J2J-a: 7528242/9991187 J2J-d: 80321 J2J-s: 2267830/4674108 | map: 3196 tracked, 2081 hot
[JIT] Stats: 47906816 sends, 3991 compiled, 6320002 failed, 16383/16384 KB code | IC: 8744979/10430920 (83% hit, 110799 patched, 0 stale) | J2J-r: 0/0 J2J-a: 7538954/10004192 J2J-d: 80619 J2J-s: 2271998/4680492 | map: 3196 tracked, 2081 hot
[JIT] Stats: 47972352 sends, 3991 compiled, 6324799 failed, 16383/16384 KB code | IC: 8759024/10444968 (83% hit, 110802 patched, 0 stale) | J2J-r: 0/0 J2J-a: 7548297/10018240 J2J-d: 80620 J2J-s: 2272016/4685215 | map: 3196 tracked, 2081 hot
[JIT] Stats: 48037888 sends, 3991 compiled, 6328898 failed, 16383/16384 KB code | IC: 8770389/10458838 (83% hit, 111211 patched, 0 stale) | J2J-r: 0/0 J2J-a: 7557925/10030791 J2J-d: 80905 J2J-s: 2275930/4691978 | map: 3196 tracked, 2081 hot
[JIT] Stats: 48103424 sends, 3991 compiled, 6334308 failed, 16383/16384 KB code | IC: 8783179/10472306 (83% hit, 111299 patched, 0 stale) | J2J-r: 0/0 J2J-a: 7567055/10044257 J2J-d: 80968 J2J-s: 2276348/4696729 | map: 3196 tracked, 2081 hot
[JIT] Stats: 48168960 sends, 3991 compiled, 6338860 failed, 16383/16384 KB code | IC: 8795920/10486233 (83% hit, 111427 patched, 0 stale) | J2J-r: 0/0 J2J-a: 7576679/10057650 J2J-d: 81060 J2J-s: 2277764/4701889 | map: 3196 tracked, 2081 hot
[JIT] Stats: 48234496 sends, 3991 compiled, 6343209 failed, 16383/16384 KB code | IC: 8806259/10499065 (83% hit, 111753 patched, 0 stale) | J2J-r: 0/0 J2J-a: 7585835/10069771 J2J-d: 81280 J2J-s: 2280293/4707331 | map: 3196 tracked, 2081 hot
[JIT] Stats: 48300032 sends, 3991 compiled, 6348011 failed, 16383/16384 KB code | IC: 8820309/10513115 (83% hit, 111753 patched, 0 stale) | J2J-r: 0/0 J2J-a: 7595179/10083821 J2J-d: 81280 J2J-s: 2280311/4712055 | map: 3196 tracked, 2081 hot
[JIT] Stats: 48365568 sends, 3991 compiled, 6352241 failed, 16383/16384 KB code | IC: 8830370/10527597 (83% hit, 112204 patched, 0 stale) | J2J-r: 0/0 J2J-a: 7605925/10096763 J2J-d: 81594 J2J-s: 2284657/4718523 | map: 3196 tracked, 2081 hot
[JIT] Stats: 48431104 sends, 3991 compiled, 6356554 failed, 16383/16384 KB code | IC: 8843351/10540782 (83% hit, 112220 patched, 0 stale) | J2J-r: 0/0 J2J-a: 7614694/10109948 J2J-d: 81602 J2J-s: 2284675/4722956 | map: 3196 tracked, 2081 hot
[JIT] Stats: 48496640 sends, 3991 compiled, 6360987 failed, 16383/16384 KB code | IC: 8855044/10555036 (83% hit, 112519 patched, 0 stale) | J2J-r: 0/0 J2J-a: 7624872/10122825 J2J-d: 81811 J2J-s: 2288053/4728971 | map: 3196 tracked, 2081 hot
[JIT] Stats: 48562176 sends, 3991 compiled, 6365455 failed, 16383/16384 KB code | IC: 8866629/10568173 (83% hit, 112676 patched, 0 stale) | J2J-r: 0/0 J2J-a: 7633849/10135933 J2J-d: 81917 J2J-s: 2288696/4733729 | map: 3196 tracked, 2081 hot
[JIT] Stats: 48627712 sends, 3991 compiled, 6370055 failed, 16383/16384 KB code | IC: 8879813/10582915 (83% hit, 112797 patched, 0 stale) | J2J-r: 0/0 J2J-a: 7644060/10149961 J2J-d: 82002 J2J-s: 2290214/4739048 | map: 3196 tracked, 2081 hot
[JIT] Stats: 48693248 sends, 3991 compiled, 6374948 failed, 16383/16384 KB code | IC: 8890480/10595526 (83% hit, 113144 patched, 0 stale) | J2J-r: 0/0 J2J-a: 7653092/10161832 J2J-d: 82240 J2J-s: 2292927/4744539 | map: 3196 tracked, 2081 hot
[JIT] Stats: 48758784 sends, 3991 compiled, 6379743 failed, 16383/16384 KB code | IC: 8904529/10609576 (83% hit, 113145 patched, 0 stale) | J2J-r: 0/0 J2J-a: 7662437/10175882 J2J-d: 82241 J2J-s: 2292944/4749261 | map: 3196 tracked, 2081 hot
[JIT] Stats: 48824320 sends, 3991 compiled, 6384399 failed, 16383/16384 KB code | IC: 8914934/10623805 (83% hit, 113586 patched, 0 stale) | J2J-r: 0/0 J2J-a: 7672934/10188738 J2J-d: 82548 J2J-s: 2296924/4755526 | map: 3196 tracked, 2081 hot
[JIT] Stats: 48889856 sends, 3991 compiled, 6388606 failed, 16383/16384 KB code | IC: 8927777/10636986 (83% hit, 113604 patched, 0 stale) | J2J-r: 0/0 J2J-a: 7681695/10201919 J2J-d: 82557 J2J-s: 2296947/4759968 | map: 3196 tracked, 2081 hot
[JIT] Stats: 48955392 sends, 3991 compiled, 6393013 failed, 16383/16384 KB code | IC: 8939592/10651297 (83% hit, 113841 patched, 0 stale) | J2J-r: 0/0 J2J-a: 7691886/10214903 J2J-d: 82725 J2J-s: 2300125/4765880 | map: 3196 tracked, 2081 hot
[JIT] Stats: 49020928 sends, 3991 compiled, 6397121 failed, 16383/16384 KB code | IC: 8950721/10664353 (83% hit, 114071 patched, 0 stale) | J2J-r: 0/0 J2J-a: 7700957/10227824 J2J-d: 82880 J2J-s: 2301188/4770776 | map: 3196 tracked, 2081 hot
[JIT] Stats: 49086464 sends, 3991 compiled, 6401738 failed, 16383/16384 KB code | IC: 8964020/10679000 (83% hit, 114146 patched, 0 stale) | J2J-r: 0/0 J2J-a: 7711087/10241842 J2J-d: 82934 J2J-s: 2302522/4775991 | map: 3196 tracked, 2081 hot
[JIT] Stats: 49152000 sends, 3991 compiled, 6406028 failed, 16383/16384 KB code | IC: 8974273/10692523 (83% hit, 114526 patched, 0 stale) | J2J-r: 0/0 J2J-a: 7720783/10254321 J2J-d: 83192 J2J-s: 2305607/4781791 | map: 3196 tracked, 2081 hot
[JIT] Stats: 49217536 sends, 3991 compiled, 6410830 failed, 16383/16384 KB code | IC: 8988323/10706573 (83% hit, 114526 patched, 0 stale) | J2J-r: 0/0 J2J-a: 7730127/10268371 J2J-d: 83192 J2J-s: 2305625/4786515 | map: 3196 tracked, 2081 hot
[JIT] Stats: 49283072 sends, 3991 compiled, 6415723 failed, 16383/16384 KB code | IC: 8998942/10720111 (83% hit, 114977 patched, 0 stale) | J2J-r: 0/0 J2J-a: 7740202/10280662 J2J-d: 83508 J2J-s: 2309622/4792655 | map: 3196 tracked, 2081 hot
[JIT] Stats: 49348608 sends, 3991 compiled, 6420222 failed, 16383/16384 KB code | IC: 9012107/10733293 (83% hit, 114994 patched, 0 stale) | J2J-r: 0/0 J2J-a: 7748968/10293844 J2J-d: 83517 J2J-s: 2309640/4797088 | map: 3196 tracked, 2081 hot
[JIT] Stats: 49414144 sends, 3991 compiled, 6424626 failed, 16383/16384 KB code | IC: 9023881/10747657 (83% hit, 115233 patched, 0 stale) | J2J-r: 0/0 J2J-a: 7759161/10306927 J2J-d: 83688 J2J-s: 2312691/4802970 | map: 3196 tracked, 2081 hot
[JIT] Stats: 49479680 sends, 3991 compiled, 6429062 failed, 16383/16384 KB code | IC: 9035601/10761096 (83% hit, 115450 patched, 0 stale) | J2J-r: 0/0 J2J-a: 7768418/10320123 J2J-d: 83832 J2J-s: 2313779/4807978 | map: 3196 tracked, 2081 hot
[JIT] Stats: 49545216 sends, 3991 compiled, 6433693 failed, 16383/16384 KB code | IC: 9048901/10775636 (83% hit, 115523 patched, 0 stale) | J2J-r: 0/0 J2J-a: 7778440/10334083 J2J-d: 83884 J2J-s: 2315011/4813141 | map: 3196 tracked, 2081 hot
[JIT] Stats: 49610752 sends, 3991 compiled, 6437297 failed, 16383/16384 KB code | IC: 9058615/10788998 (83% hit, 115940 patched, 0 stale) | J2J-r: 0/0 J2J-a: 7787637/10346461 J2J-d: 84173 J2J-s: 2318341/4819584 | map: 3196 tracked, 2081 hot
[JIT] Stats: 49676288 sends, 3991 compiled, 6442081 failed, 16383/16384 KB code | IC: 9072660/10803044 (83% hit, 115941 patched, 0 stale) | J2J-r: 0/0 J2J-a: 7796980/10360507 J2J-d: 84174 J2J-s: 2318357/4824303 | map: 3196 tracked, 2081 hot
[JIT] Stats: 49741824 sends, 3991 compiled, 6447275 failed, 16383/16384 KB code | IC: 9083574/10816996 (83% hit, 116386 patched, 0 stale) | J2J-r: 0/0 J2J-a: 7807333/10373093 J2J-d: 84480 J2J-s: 2322448/4830551 | map: 3196 tracked, 2081 hot
[JIT] Stats: 49807360 sends, 3991 compiled, 6450923 failed, 16383/16384 KB code | IC: 9095878/10830175 (83% hit, 116403 patched, 0 stale) | J2J-r: 0/0 J2J-a: 7816096/10386273 J2J-d: 84489 J2J-s: 2322468/4834987 | map: 3196 tracked, 2081 hot
[JIT] Stats: 49872896 sends, 3991 compiled, 6455444 failed, 16383/16384 KB code | IC: 9107930/10844019 (83% hit, 116619 patched, 0 stale) | J2J-r: 0/0 J2J-a: 7825818/10399321 J2J-d: 84645 J2J-s: 2324695/4840482 | map: 3196 tracked, 2081 hot
[JIT] Stats: 49938432 sends, 3991 compiled, 6459384 failed, 16383/16384 KB code | IC: 9118629/10857171 (83% hit, 116869 patched, 0 stale) | J2J-r: 0/0 J2J-a: 7834988/10411945 J2J-d: 84811 J2J-s: 2326419/4845643 | map: 3196 tracked, 2081 hot
[JIT] Stats: 50003968 sends, 3991 compiled, 6463986 failed, 16383/16384 KB code | IC: 9131930/10870767 (84% hit, 116944 patched, 0 stale) | J2J-r: 0/0 J2J-a: 7844068/10425438 J2J-d: 84865 J2J-s: 2326691/4850321 | map: 3196 tracked, 2081 hot
[JIT] Stats: 50069504 sends, 3991 compiled, 6468288 failed, 16383/16384 KB code | IC: 9142236/10885530 (83% hit, 117321 patched, 0 stale) | J2J-r: 0/0 J2J-a: 7854853/10438573 J2J-d: 85122 J2J-s: 2330815/4856726 | map: 3196 tracked, 2081 hot
[JIT] Stats: 50135040 sends, 3991 compiled, 6473075 failed, 16383/16384 KB code | IC: 9156281/10899578 (84% hit, 117324 patched, 0 stale) | J2J-r: 0/0 J2J-a: 7864197/10452621 J2J-d: 85124 J2J-s: 2330831/4861446 | map: 3196 tracked, 2081 hot
[JIT] Stats: 50200576 sends, 3991 compiled, 6478065 failed, 16383/16384 KB code | IC: 9167331/10914772 (83% hit, 117769 patched, 0 stale) | J2J-r: 0/0 J2J-a: 7875285/10466067 J2J-d: 85434 J2J-s: 2335212/4868110 | map: 3196 tracked, 2081 hot
[JIT] Stats: 50266112 sends, 3991 compiled, 6481603 failed, 16383/16384 KB code | IC: 9179535/10927953 (84% hit, 117786 patched, 0 stale) | J2J-r: 0/0 J2J-a: 7884050/10479247 J2J-d: 85443 J2J-s: 2335230/4872542 | map: 3196 tracked, 2081 hot
[JIT] Stats: 50331648 sends, 3991 compiled, 6486146 failed, 16383/16384 KB code | IC: 9192032/10942797 (84% hit, 117998 patched, 0 stale) | J2J-r: 0/0 J2J-a: 7894447/10493038 J2J-d: 85597 J2J-s: 2337662/4878310 | map: 3196 tracked, 2081 hot
[DIAG] P40 ByteSymbol>>ifTrue: ip=32 fd=1
[DIAG]   [-1] OCScanner>>scanComment
[DIAG-TIMER] usecArmed=1 msArmed=0 timerWasArmed=1 timerSem=set lastSignal=0s ago nextUsec=0xe0f471f61d303 nextMs=0
[DIAG-TIMER] wakeup delta=524899 usec (0.525 sec)
[DIAG-QUEUE] P80 proc=0x3037f5770 susp=SUnitRunner class>>ifFalse:
[DIAG-QUEUE] P60 proc=0xd0da217d0 susp=SUnitRunner class>>ifFalse:
[DIAG-QUEUE] P10 proc=0x303857538 susp=ProcessorScheduler class>>idleProcess
[JIT] Stats: 50397184 sends, 3991 compiled, 6490428 failed, 16383/16384 KB code | IC: 9203074/10956026 (84% hit, 118243 patched, 0 stale) | J2J-r: 0/0 J2J-a: 7903775/10505653 J2J-d: 85758 J2J-s: 2339614/4883529 | map: 3196 tracked, 2081 hot
[JIT] Stats: 50462720 sends, 3991 compiled, 6495038 failed, 16383/16384 KB code | IC: 9216432/10969555 (84% hit, 118315 patched, 0 stale) | J2J-r: 0/0 J2J-a: 7912780/10519135 J2J-d: 85810 J2J-s: 2339753/4888140 | map: 3196 tracked, 2081 hot
[JIT] Stats: 50528256 sends, 3991 compiled, 6498900 failed, 16383/16384 KB code | IC: 9226253/10983826 (83% hit, 118703 patched, 0 stale) | J2J-r: 0/0 J2J-a: 7923254/10531978 J2J-d: 86074 J2J-s: 2343642/4894328 | map: 3196 tracked, 2081 hot
[JIT] Stats: 50593792 sends, 3991 compiled, 6503692 failed, 16383/16384 KB code | IC: 9240295/10997871 (84% hit, 118706 patched, 0 stale) | J2J-r: 0/0 J2J-a: 7932597/10546023 J2J-d: 86075 J2J-s: 2343660/4899048 | map: 3196 tracked, 2081 hot
[JIT] Stats: 50659328 sends, 3991 compiled, 6509017 failed, 16383/16384 KB code | IC: 9251469/11011988 (84% hit, 119142 patched, 0 stale) | J2J-r: 0/0 J2J-a: 7942844/10558831 J2J-d: 86377 J2J-s: 2347409/4905279 | map: 3196 tracked, 2081 hot
[JIT] Stats: 50724864 sends, 3991 compiled, 6512554 failed, 16383/16384 KB code | IC: 9263669/11025167 (84% hit, 119159 patched, 0 stale) | J2J-r: 0/0 J2J-a: 7951609/10572010 J2J-d: 86386 J2J-s: 2347428/4909711 | map: 3196 tracked, 2081 hot
[JIT] Stats: 50790400 sends, 3991 compiled, 6517078 failed, 16383/16384 KB code | IC: 9275775/11038903 (84% hit, 119372 patched, 0 stale) | J2J-r: 0/0 J2J-a: 7961228/10585042 J2J-d: 86540 J2J-s: 2349484/4915121 | map: 3196 tracked, 2081 hot
[JIT] Stats: 50855936 sends, 3991 compiled, 6520779 failed, 16383/16384 KB code | IC: 9286406/11052238 (84% hit, 119655 patched, 0 stale) | J2J-r: 0/0 J2J-a: 7970377/10597749 J2J-d: 86732 J2J-s: 2351768/4920945 | map: 3196 tracked, 2081 hot
[JIT] Stats: 50921472 sends, 3991 compiled, 6525559 failed, 16383/16384 KB code | IC: 9300456/11066288 (84% hit, 119655 patched, 0 stale) | J2J-r: 0/0 J2J-a: 7979725/10611798 J2J-d: 86732 J2J-s: 2351783/4925661 | map: 3196 tracked, 2081 hot
[PROGRESS] 30s: ~1321791234 steps
[JIT] Stats: 50987008 sends, 3991 compiled, 6529740 failed, 16383/16384 KB code | IC: 9310270/11080867 (84% hit, 120088 patched, 0 stale) | J2J-r: 0/0 J2J-a: 7990415/10624636 J2J-d: 87030 J2J-s: 2356150/4932100 | map: 3196 tracked, 2081 hot
[JIT] Stats: 51052544 sends, 3991 compiled, 6534469 failed, 16383/16384 KB code | IC: 9324095/11094707 (84% hit, 120103 patched, 0 stale) | J2J-r: 0/0 J2J-a: 7999620/10638476 J2J-d: 87038 J2J-s: 2356169/4936754 | map: 3196 tracked, 2081 hot
[JIT] Stats: 51118080 sends, 3991 compiled, 6539463 failed, 16383/16384 KB code | IC: 9335266/11109194 (84% hit, 120495 patched, 0 stale) | J2J-r: 0/0 J2J-a: 8010033/10651487 J2J-d: 87306 J2J-s: 2359924/4943034 | map: 3196 tracked, 2081 hot
[JIT] Stats: 51183616 sends, 3991 compiled, 6542936 failed, 16383/16384 KB code | IC: 9347021/11122079 (84% hit, 120564 patched, 0 stale) | J2J-r: 0/0 J2J-a: 8018887/10664370 J2J-d: 87354 J2J-s: 2360421/4947557 | map: 3196 tracked, 2081 hot
[JIT] Stats: 51249152 sends, 3991 compiled, 6547445 failed, 16383/16384 KB code | IC: 9359675/11136431 (84% hit, 120729 patched, 0 stale) | J2J-r: 0/0 J2J-a: 8028882/10677993 J2J-d: 87471 J2J-s: 2362192/4952919 | map: 3196 tracked, 2081 hot
[JIT] Stats: 51314688 sends, 3991 compiled, 6551787 failed, 16383/16384 KB code | IC: 9370334/11149621 (84% hit, 121027 patched, 0 stale) | J2J-r: 0/0 J2J-a: 8038252/10690494 J2J-d: 87674 J2J-s: 2364493/4958312 | map: 3196 tracked, 2081 hot
[JIT] Stats: 51380224 sends, 3991 compiled, 6556587 failed, 16383/16384 KB code | IC: 9384384/11163671 (84% hit, 121027 patched, 0 stale) | J2J-r: 0/0 J2J-a: 8047597/10704544 J2J-d: 87674 J2J-s: 2364511/4963035 | map: 3196 tracked, 2081 hot
[JIT] Stats: 51445760 sends, 3991 compiled, 6561362 failed, 16383/16384 KB code | IC: 9394842/11177510 (84% hit, 121473 patched, 0 stale) | J2J-r: 0/0 J2J-a: 8057924/10716911 J2J-d: 87983 J2J-s: 2368803/4969290 | map: 3196 tracked, 2081 hot
[JIT] Stats: 51511296 sends, 3991 compiled, 6566000 failed, 16383/16384 KB code | IC: 9408402/11191085 (84% hit, 121488 patched, 0 stale) | J2J-r: 0/0 J2J-a: 8066952/10730486 J2J-d: 87991 J2J-s: 2368821/4973855 | map: 3196 tracked, 2081 hot
[JIT] Stats: 51576832 sends, 3991 compiled, 6571019 failed, 16383/16384 KB code | IC: 9419722/11204823 (84% hit, 121871 patched, 0 stale) | J2J-r: 0/0 J2J-a: 8076847/10743001 J2J-d: 88253 J2J-s: 2372263/4979843 | map: 3196 tracked, 2081 hot
[JIT] Stats: 51642368 sends, 3991 compiled, 6575740 failed, 16383/16384 KB code | IC: 9432519/11217756 (84% hit, 121942 patched, 0 stale) | J2J-r: 0/0 J2J-a: 8085805/10755932 J2J-d: 88303 J2J-s: 2372871/4984421 | map: 3196 tracked, 2081 hot
[JIT] Stats: 51707904 sends, 3991 compiled, 6580273 failed, 16383/16384 KB code | IC: 9445050/11231612 (84% hit, 122109 patched, 0 stale) | J2J-r: 0/0 J2J-a: 8095385/10769204 J2J-d: 88421 J2J-s: 2374440/4989646 | map: 3196 tracked, 2081 hot
[JIT] Stats: 51773440 sends, 3991 compiled, 6585236 failed, 16383/16384 KB code | IC: 9456506/11244892 (84% hit, 122437 patched, 0 stale) | J2J-r: 0/0 J2J-a: 8104532/10781754 J2J-d: 88649 J2J-s: 2376930/4995497 | map: 3196 tracked, 2081 hot
[JIT] Stats: 51838976 sends, 3991 compiled, 6590035 failed, 16383/16384 KB code | IC: 9470555/11258941 (84% hit, 122437 patched, 0 stale) | J2J-r: 0/0 J2J-a: 8113876/10795803 J2J-d: 88649 J2J-s: 2376948/5000220 | map: 3196 tracked, 2081 hot
[JIT] Stats: 51904512 sends, 3991 compiled, 6594654 failed, 16383/16384 KB code | IC: 9480933/11273373 (84% hit, 122959 patched, 0 stale) | J2J-r: 0/0 J2J-a: 8124485/10808809 J2J-d: 89004 J2J-s: 2380930/5006524 | map: 2467 tracked, 1405 hot
[JIT] Stats: 51970048 sends, 3991 compiled, 6598988 failed, 16383/16384 KB code | IC: 9493931/11286555 (84% hit, 122975 patched, 0 stale) | J2J-r: 0/0 J2J-a: 8133253/10821992 J2J-d: 89012 J2J-s: 2380949/5010957 | map: 2467 tracked, 1409 hot
[JIT] Stats: 52035584 sends, 3991 compiled, 6603424 failed, 16383/16384 KB code | IC: 9505585/11300744 (84% hit, 123292 patched, 0 stale) | J2J-r: 0/0 J2J-a: 8143442/10834842 J2J-d: 89231 J2J-s: 2384314/5016921 | map: 2529 tracked, 1490 hot
[JIT] Stats: 52101120 sends, 3991 compiled, 6607407 failed, 16383/16384 KB code | IC: 9516913/11313630 (84% hit, 123447 patched, 0 stale) | J2J-r: 0/0 J2J-a: 8152390/10847700 J2J-d: 89336 J2J-s: 2385130/5021633 | map: 2545 tracked, 1596 hot
[JIT] Stats: 52166656 sends, 3991 compiled, 6611984 failed, 16383/16384 KB code | IC: 9529807/11327642 (84% hit, 123577 patched, 0 stale) | J2J-r: 0/0 J2J-a: 8162109/10861222 J2J-d: 89430 J2J-s: 2386441/5026729 | map: 2545 tracked, 1645 hot
[JIT] Stats: 52232192 sends, 3991 compiled, 6616205 failed, 16383/16384 KB code | IC: 9540137/11340251 (84% hit, 123901 patched, 0 stale) | J2J-r: 0/0 J2J-a: 8171174/10873075 J2J-d: 89647 J2J-s: 2389166/5032182 | map: 2546 tracked, 1647 hot
[JIT] Stats: 52297728 sends, 3991 compiled, 6621007 failed, 16383/16384 KB code | IC: 9554188/11354302 (84% hit, 123901 patched, 0 stale) | J2J-r: 0/0 J2J-a: 8180519/10887126 J2J-d: 89647 J2J-s: 2389184/5036906 | map: 2546 tracked, 1647 hot
[JIT] Stats: 52363264 sends, 3991 compiled, 6625164 failed, 16383/16384 KB code | IC: 9564328/11368230 (84% hit, 124375 patched, 0 stale) | J2J-r: 0/0 J2J-a: 8190702/10899627 J2J-d: 89980 J2J-s: 2393578/5043542 | map: 2576 tracked, 1685 hot
[JIT] Stats: 52428800 sends, 3991 compiled, 6629291 failed, 16383/16384 KB code | IC: 9577102/11381414 (84% hit, 124392 patched, 0 stale) | J2J-r: 0/0 J2J-a: 8199465/10912812 J2J-d: 89989 J2J-s: 2393599/5047984 | map: 2576 tracked, 1685 hot
[JIT] Stats: 52494336 sends, 3991 compiled, 6633714 failed, 16383/16384 KB code | IC: 9588686/11394987 (84% hit, 124632 patched, 0 stale) | J2J-r: 0/0 J2J-a: 8209127/10925351 J2J-d: 90158 J2J-s: 2396409/5053612 | map: 2576 tracked, 1685 hot
[JIT] Stats: 52559872 sends, 3991 compiled, 6638150 failed, 16383/16384 KB code | IC: 9600363/11408162 (84% hit, 124844 patched, 0 stale) | J2J-r: 0/0 J2J-a: 8218325/10938316 J2J-d: 90298 J2J-s: 2397622/5058573 | map: 2576 tracked, 1685 hot
[JIT] Stats: 52625408 sends, 3991 compiled, 6642767 failed, 16383/16384 KB code | IC: 9613663/11422751 (84% hit, 124919 patched, 0 stale) | J2J-r: 0/0 J2J-a: 8228397/10952304 J2J-d: 90352 J2J-s: 2398898/5063758 | map: 2576 tracked, 1685 hot
[DNU] #48: #suspend not understood by rcvr=0x300000000 argCount=0 fd=2 in #suspend P80
[DNU]   rcvr cls=3075 fmt=0 class=nil
[DNU] 1MB-aligned check: rcvr=0x300000000 classAtIdx(3075).isNil=0 trap_env=0
[DNU] #49: #suspend not understood by rcvr=0x300000000 argCount=0 fd=2 in #suspend P80
[DNU]   rcvr cls=3075 fmt=0 class=nil
[DNU] 1MB-aligned check: rcvr=0x300000000 classAtIdx(3075).isNil=0 trap_env=0
[DNU] #50: #suspend not understood by rcvr=0x300000000 argCount=0 fd=2 in #suspend P80
[DNU]   rcvr cls=3075 fmt=0 class=nil
[DNU] 1MB-aligned check: rcvr=0x300000000 classAtIdx(3075).isNil=0 trap_env=0
[DNU] #51: #suspend not understood by rcvr=0x300000000 argCount=0 fd=2 in #suspend P80
[DNU]   rcvr cls=3075 fmt=0 class=nil
[DNU] 1MB-aligned check: rcvr=0x300000000 classAtIdx(3075).isNil=0 trap_env=0
[DNU] #52: #suspend not understood by rcvr=0x300000000 argCount=0 fd=2 in #suspend P80
[DNU]   rcvr cls=3075 fmt=0 class=nil
[DNU] 1MB-aligned check: rcvr=0x300000000 classAtIdx(3075).isNil=0 trap_env=0
[DNU] #53: #suspend not understood by rcvr=0x300000000 argCount=0 fd=2 in #suspend P80
[DNU]   rcvr cls=3075 fmt=0 class=nil
[DNU] 1MB-aligned check: rcvr=0x300000000 classAtIdx(3075).isNil=0 trap_env=0
[DNU] #54: #suspend not understood by rcvr=0x300000000 argCount=0 fd=2 in #suspend P80
[DNU]   rcvr cls=3075 fmt=0 class=nil
[DNU] 1MB-aligned check: rcvr=0x300000000 classAtIdx(3075).isNil=0 trap_env=0
[DNU] #55: #suspend not understood by rcvr=0x300000000 argCount=0 fd=2 in #suspend P80
[DNU]   rcvr cls=3075 fmt=0 class=nil
[DNU] 1MB-aligned check: rcvr=0x300000000 classAtIdx(3075).isNil=0 trap_env=0
[JIT] Stats: 52690944 sends, 3991 compiled, 6646713 failed, 16383/16384 KB code | IC: 9623715/11436397 (84% hit, 125475 patched, 0 stale) | J2J-r: 0/0 J2J-a: 8236167/10964369 J2J-d: 90743 J2J-s: 2403342/5072359 | map: 2892 tracked, 1977 hot
[DNU] #56: #suspend not understood by rcvr=0x300000000 argCount=0 fd=2 in #suspend P80
[DNU]   rcvr cls=3075 fmt=0 class=nil
[DNU] 1MB-aligned check: rcvr=0x300000000 classAtIdx(3075).isNil=0 trap_env=0
[DNU] #57: #suspend not understood by rcvr=0x300000000 argCount=0 fd=2 in #suspend P80
[DNU]   rcvr cls=3075 fmt=0 class=nil
[DNU] 1MB-aligned check: rcvr=0x300000000 classAtIdx(3075).isNil=0 trap_env=0
[DNU] #58: #suspend not understood by rcvr=0x300000000 argCount=0 fd=2 in #suspend P80
[DNU]   rcvr cls=3075 fmt=0 class=nil
[DNU] 1MB-aligned check: rcvr=0x300000000 classAtIdx(3075).isNil=0 trap_env=0
[DNU] #59: #suspend not understood by rcvr=0x300000000 argCount=0 fd=2 in #suspend P80
[DNU]   rcvr cls=3075 fmt=0 class=nil
[DNU] 1MB-aligned check: rcvr=0x300000000 classAtIdx(3075).isNil=0 trap_env=0
[DNU] #60: #suspend not understood by rcvr=0x300000000 argCount=0 fd=2 in #suspend P80
[DNU]   rcvr cls=3075 fmt=0 class=nil
[DNU] 1MB-aligned check: rcvr=0x300000000 classAtIdx(3075).isNil=0 trap_env=0
[SISTA-SELECT-EMIT] bc=1 slot=0 vid=1

=== Execution Summary ===
Active bytecode steps: 1364422391

=== JIT Stats ===
  compiled: 3666 methods
  IC: 9628153 hits / 11441758 total (84.1%), patches=125582 stale=0
  IC miss breakdown: noSelBits=1285076 cold=5171 poly=51114 noICData=472244
  activations: 11794568 hits / 11794568 total (100.0%)
  resume (J2J-r): 0 chains / 0 total (0.0%)
  J2J stencil: calls=5076394 returns=2404788 patches=90813
  materialize: count=0 totalDepth=0
  chain: actChain=33 actFall=30492 | primChain=5833825 primFall=28770
  yields=0 OSR=81874
  T2-IC: 0 hits / 0 total (0.0%)
  T2 (asmjit): compiled=0 bailed=0
  inline-prim: at=0 atPut=0 size=0 bitOp=0 floatOp=0 bcFloat=9 bcArithBail=9 remoteTemp=1554 basicNew=37075/0 basicNew0=0 sistaSelfRec=0/0 multiSlot=0 retLit=0 tempRet=0 intCmp=0 intArith=0 evenOdd=0 sistaShortcut=0 getter=0 setter=0 retSelf=0
  canSkipJ2JSave: 533/3857 real-compiled methods qualify (13.8%); ic-hits=0 fires=0
=================

=== Display Check ===
Pixel count: 2
First 100 pixels: 2 modified from gradient
Stopping heartbeat thread...

=== Display Surface Stats ===
Size: 1024x768
Update calls: 0
Pixels changed: NO
Initial checksum: 0x3fbf8040
Current checksum: 0x3fbf8040

Sample pixels:
  [0,0]: 0xff808080 (A=255 R=128 G=128 B=128)
  [10,35]: 0xff808080 (A=255 R=128 G=128 B=128)
  [100,100]: 0xff808080 (A=255 R=128 G=128 B=128)
  [512,384]: 0xff808080 (A=255 R=128 G=128 B=128)
  [1023,767]: 0xff808080 (A=255 R=128 G=128 B=128)

Unique colors: 1
  0xff808080: 786432 pixels

Framebuffer saved to /tmp/pharo-display.ppm

=== Test Complete ===
