Pharo Clean VM - Image Loader Test
===================================

=== Oop Tagging Tests ===
SmallInteger 42:  0x151 isSmallInteger=1 value=42
SmallInteger -100: 0xfffffffffffffce1 value=-100
Character 'A':    0x20b isCharacter=1 codepoint=65
nil:              0x0 isNil=1

SmallFloat tests:
  1 -> 0x7f00000000000005 -> 1 OK
  168 -> 0x8650000000000005 -> 168 OK
  80 -> 0x8540000000000005 -> 80 OK
  -42.5 -> 0x845400000000000d -> -42.5 OK
  0 -> 0x5 -> 0 OK
  1024 -> 0x8900000000000005 -> 1024 OK
  0.5 -> 0x7e00000000000005 -> 0.5 OK

Decoding known SmallFloat values from Pharo:
  0x8540000000000005 -> 80
  0x8650000000000005 -> 168
  0x8000000000000005 -> 2

Tag verification (should use low 3 bits only):
  SmallInteger tag: 1 (expected 1)
  Character tag:    3 (expected 3)

Loading image: /tmp/harness/Pharo-gfx.image
Working directory: /private/tmp/harness
Memory initialized successfully
Image loaded successfully!
=== Image Header ===
Format:            68021 (Spur 64-bit)
Header size:       128 bytes
Image size:        59070824 bytes (56 MB)
Old base address:  0x10000000000
Special objects:   0x100010f1498
Last hash:         17488378538411402268
Screen size:       0 x 0
Flags:             0x2
First segment:     59070824 bytes
Free old space:    0 bytes
Eden bytes:        22003584

=== Special Objects ===
Special objects array: 0x3010f1498
  Raw header: 0x3c00000002000033
  Slot count (bits 0-7): 51
  Hash (bits 8-29): 131072
  Format (bits 30-34): 0
  Class index (bits 35-56): 0
  Flags (bits 57-63): 30
  Computed slot count: 60

First 20 special objects:
  [0]: 0x300000000 (object, class: 3075)
  [1]: 0x300000010 (object, class: 3077)
  [2]: 0x300000020 (object, class: 3079)
  [3]: 0x30006d468 (object, class: 3139)
  [4]: 0x3009258b8 (object, class: 7589)
  [5]: 0x300366d28 (object, class: 3080)
  [6]: 0x3000162d0 (object, class: 3086)
  [7]: 0x3000164b0 (object, class: 3092)
  [8]: 0x300020ce8 (object, class: 3135)
  [9]: 0x3000167d0 (object, class: 3102)
  [10]: 0x300016870 (object, class: 3104)
  [11]: 0x300000000 (object, class: 3075)
  [12]: 0x300016cd0 (object, class: 3118)
  [13]: 0x300016690 (object, class: 3098)
  [14]: 0x300000000 (object, class: 3075)
  [15]: 0x300016af0 (object, class: 3112)
  [16]: 0x300000000 (object, class: 3075)
  [17]: 0x303819bc0 (object, class: 48)
  [18]: 0x300016b90 (object, class: 3114)
  [19]: 0x300366cc0 (object, class: 3082)

=== Memory Layout ===
Old space:  0x300000000 - 0x400000000
Allocated:  0 MB
Free:       4039 MB

First 128 bytes of old space (raw):
  [0]: 0x25c97500800c03
  [8]: 0x0
  [16]: 0x106b2800800c05
  [24]: 0x0
  [32]: 0x2b1f8100800c07
  [40]: 0x0
  [48]: 0x4000000009000013
  [56]: 0x0
  [64]: 0x0
  [72]: 0x0
  [80]: 0x0
  [88]: 0x0
  [96]: 0x0
  [104]: 0x0
  [112]: 0x0
  [120]: 0x0

First object header analysis:
  Raw: 0x25c97500800c03
  Slot count: 3
  Format: 20
  Class index: 309550

=== Object Statistics ===
Total objects:    741557
Pointer objects:  437692
Byte objects:     127420
Compiled methods: 175970
Total size:       56 MB

=== Checking iOS Classes ===
  OSWorldRenderer: found
  OSiOSDriver: NOT FOUND
  OSiOSBackendWindow: NOT FOUND
  NullWorldRenderer: found
  OSWindowDriver: found
  OSWindow: found
  WorldMorph: found
  WorldState: found
  Display: found

=== Display Surface Setup ===
Created 1024x768 test display surface

=== Interpreter Initialization ===
Event callback registered
[RESUME] ctx[0]: SnapshotOperation>>doSnapshot
[RESUME] ctx[1]: SnapshotOperation>>doSnapshot
[RESUME] ctx[2]: FullBlockClosure>>on:do:
[RESUME] ctx[3]: FullBlockClosure>>onErrorDo:
[RESUME] ctx[4]: SnapshotOperation>>executeStoringError:
[RESUME] ctx[5]: SnapshotOperation>>performSnapshot
[RESUME] ctx[6]: SessionManager>>launchSnapshot:andQuit:
[RESUME] ctx[7]: SessionManager>>signal
[RESUME] ctx[8]: FullBlockClosure>>terminateRealActive
[RESUME] inSnapshotCode=1 chainDepth=9
[RESUME] Initial context: method=#doSnapshot pc=55
[RESUME] Patching: stackp=1 stackTopSlot=6 oldVal=true(0x300000020) -> true
[RESUME] Found SnapshotOperation 0x30382e5d0 at ctx depth 0, isImageStarting=false
[RESUME] Found SnapshotOperation 0x30382e5d0 at ctx depth 1, isImageStarting=true
[RESUME] Found SnapshotOperation 0x30382e5d0 at ctx depth 4, isImageStarting=true
[RESUME] Found SnapshotOperation 0x30382e5d0 at ctx depth 5, isImageStarting=true
[RESUME] Patched isImageStarting on 1 SnapshotOperation(s)
[STARTUP] Boosting startup process 0x30381dae0 from P79 to P80
[JIT] Initialized: 16 MB code zone at 0x10c5fc000
[STARTUP] Headless mode: deferring timer semaphore signal
Interpreter initialized successfully!
Active method: 0x300339380

=== Creating Display ===
Display after ensureDisplayForm: created!

=== Direct BitBlt Test ===
Display bits: object width: 1024 height: 768 depth: 32
Bitmap format: 21 byteSize: 11
Heartbeat will start after startup completes...

=== Forced GC Test ===
Before GC: used=56MB free=4039MB
After GC: used=56MB free=4039MB
Freed: 159KB
GC reclaimed: 163776 bytes, moved: 0 objects, took: 98ms

=== Execution Test ===
Running up to 60000000000 bytecode steps...
[SISTA] compile=0 dispatch=1 hook active
[SISTA] hits=0/1 cache=1 disp=0 ret=0 send=0 unk=0
[CACHE-1] #keys -> getter=-1 setter=-1 retSelf=0 prim=0 cls=0x3000173c8 method=0x3003040d0
[CACHE-2] #keysDo: -> getter=-1 setter=-1 retSelf=0 prim=0 cls=0x3000173c8 method=0x300304048
[SISTA-SPLICE-DIAG] doBC=12 litIdx=0 icCls=0 verdict=REJECT reject=no hints provided rejOp=return
[SISTA-SPLICE-DIAG] doBC=4 litIdx=0 icCls=0 verdict=REJECT reject=no hints provided rejOp=return
[SISTA-SPLICE-DIAG] doBC=4 litIdx=0 icCls=0 verdict=REJECT reject=no hints provided rejOp=return
[SISTA-SPLICE-DIAG] doBC=5 litIdx=0 icCls=0 verdict=REJECT reject=no hints provided rejOp=return
[SISTA-ACCUM-DIAG] pfbBC=2 blockLen=11 lead=40 (want 9-10, lead=fb)
[SEM-SIGNAL-2] sem=0x3037f1d90 active-pri=80 waiter=0x302c60998 waiter-pri=80
[CACHE-3] #methodDict -> getter=-1 setter=-1 retSelf=0 prim=0 cls=0x3000168d8 method=0x3003aa4d8
[CACHE-4] #methodDict -> getter=-1 setter=-1 retSelf=0 prim=0 cls=0x300016b58 method=0x3003aa4d8
[JIT] AUTO-EXCLUDED exception infra #findContextSuchThat:
[JIT] AUTO-EXCLUDED exception infra #findContextSuchThat:
[XFER-1] old=0x3037f5b30 pri=80 -> new=0x302c60998 pri=80
[SISTA-SPLICE-DIAG] doBC=18 litIdx=1 icCls=0 verdict=REJECT reject=numCopied > 1 rejOp=return
[SISTA-SPLICE-DIAG] doBC=8 litIdx=1 icCls=0 verdict=REJECT reject=no hints provided rejOp=return
[SISTA-ACCUM-DIAG] pfbBC=5 blockLen=11 lead=40 (want 9-10, lead=fb)
[XFER-2] old=0x302c60998 pri=80 -> new=0x3037f1db0 pri=80
[SEM-SIGNAL-3] sem=0x473018e78 active-pri=80 waiter=0x3037f5b30 waiter-pri=80
[XFER-3] old=0x3037f1db0 pri=80 -> new=0x3037f5b30 pri=80
[XFER-4] old=0x3037f5b30 pri=80 -> new=0x3037f1e08 pri=80
[SEM-SIGNAL-4] sem=0x47301faf8 active-pri=80 waiter=0x3037f5b30 waiter-pri=80
[XFER-5] old=0x3037f1e08 pri=80 -> new=0x3037f5b30 pri=80
[SISTA-SPLICE-DIAG] doBC=6 litIdx=0 icCls=0 verdict=REJECT reject=numCopied > 1 rejOp=return
[asmjit-t1] code.code_size=3704 out of [1, 3584]
[asmjit-t1] code.code_size=5732 out of [1, 4608]
[asmjit-t1] code.code_size=3920 out of [1, 3584]
[asmjit-t1] code.code_size=3692 out of [1, 3584]
[asmjit-t1] code.code_size=5772 out of [1, 5632]
[SLOW-EXIT-SEND #1] method=#next ic=0xcad0cd0e0
[IC-PATCH] #at: J2J=1 key=0x32 extra=0x100e00010c6009f0
[SLOW-EXIT-SEND #2] method=#nextPut: ic=0xcab0b0460
[SLOW-EXIT-SEND #3] method=#contents ic=0xcab0b0b40
[IC-PATCH] #max: J2J=1 key=0x80000001 extra=0x100000010c5ff0f0
[SLOW-EXIT-SEND #4] method=#copyFrom:to: ic=0xcab0b0c80
[SLOW-EXIT-SEND #5] method=#new: ic=0xcab0d4a00
[SLOW-EXIT-SEND #6] method=#= ic=0xcad290280
[SLOW-EXIT-SEND #7] method=#compare:with: ic=0xcab0d5a00
[SLOW-EXIT-SEND #8] method=#install ic=0xcab0b3980
[IC-PATCH] #platformName J2J=1 key=0xc3f extra=0x100000010c6a2b70
[SLOW-EXIT-SEND #9] method=#vm ic=0xcab0b1040
[SLOW-EXIT-SEND #10] method=#getSystemAttribute: ic=0xcad290000
[IC-PATCH] #utf8 J2J=1 key=0x139c extra=0x100000010c6356f0
[IC-PATCH] #readStream J2J=1 key=0x32 extra=0x100000010c6383b0
[IC-PATCH] #new:streamContents: J2J=1 key=0xc4c extra=0x100000010c60b9f0
[IC-PATCH] #max: J2J=1 key=0x80000001 extra=0x100000010c5ff0f0
[IC-PATCH] #decodeBytes: J2J=1 key=0x1409 extra=0x100000010c637670
[IC-PATCH] #size J2J=1 key=0x34 extra=0x101000010c5fc070
[IC-PATCH] #reset J2J=1 key=0xc79 extra=0x100000010c5fe770
[IC-PATCH] #at: J2J=1 key=0x32 extra=0x100e00010c6009f0
[IC-PATCH] #findElementOrNil: J2J=1 key=0xc41 extra=0x100000010c612bf0
[SISTA-SPLICE-DIAG] doBC=5 litIdx=1 icCls=0 verdict=REJECT reject=no hints provided rejOp=return
[IC-PATCH] #== J2J=1 key=0x80000001 extra=0x100a00010c6a4a30
[CACHE-5] #superclass -> getter=0 setter=-1 retSelf=0 prim=264 cls=0x300016478 method=0x3003aa468
[CACHE-6] #superclass -> getter=0 setter=-1 retSelf=0 prim=264 cls=0x30001a1f0 method=0x3003aa468
[IC-PATCH] #reset J2J=1 key=0xc57 extra=0x100000010c621bf0
[IC-PATCH] #asContextWithSender: J2J=1 key=0x26 extra=0x100000010c66db70
[IC-PATCH] #header J2J=1 key=0xc2d extra=0x100000010c64b7f0
[IC-PATCH] #vm J2J=1 key=0xc3f extra=0x100000010c629930
[IC-PATCH] #header J2J=1 key=0xc2d extra=0x100000010c64b7f0
[IC-PATCH] #activeProcess J2J=1 key=0xc31 extra=0x100000010c657d70
[IC-PATCH] #new J2J=1 key=0xc22 extra=0x100000010c6725b0
[IC-PATCH] #lowestPriority J2J=1 key=0xc31 extra=0x100000010c6759b0
[IC-PATCH] #size J2J=1 key=0x33 extra=0x101000010c5fc070
[IC-PATCH] #isActive J2J=1 key=0xc23 extra=0x100000010c658bb0
[IC-PATCH] #== J2J=1 key=0xc8f extra=0x100a00010c6a4a30
[IC-PATCH] #findElementOrNil: J2J=1 key=0xc8f extra=0x100000010c612bf0
[IC-PATCH] #state J2J=1 key=0xc23 extra=0x100000010c659870
[IC-PATCH] #effectiveProcess J2J=1 key=0xc23 extra=0x100000010c6582b0
[IC-PATCH] #== J2J=1 key=0xc5b extra=0x100a00010c6a4a30
[IC-PATCH] #== J2J=1 key=0x24 extra=0x100a00010c6a4a30
[IC-PATCH] #activeProcess J2J=1 key=0xc31 extra=0x100000010c657d70
[INIT-RESOLVER] #1 Resolver class var set non-nil at step 445040 (value=0x4730d1b48) — defer will lift after buffer
[P63] idx=1 arrIdx=0 byte=0x32($2) str='2026-04-06 12:00:00 '(25)
[P63] idx=1 arrIdx=0 byte=0x79($y) str='y-mm-dd'(7)
[SISTA-SPLICE-DIAG] doBC=8 litIdx=1 icCls=0 verdict=REJECT reject=no hints provided rejOp=return
[SISTA-ACCUM-DIAG] pfbBC=5 blockLen=13 lead=4c (want 9-10, lead=fb)
[P63] idx=1 arrIdx=0 byte=0x79($y) str='yyy'(3)
[P63] idx=2 arrIdx=1 byte=0x2d($-) str='y-mm-dd'(7)
[P63] idx=2 arrIdx=1 byte=0x2d($-) str='y-mm-dd'(7)
[P63] idx=1 arrIdx=0 byte=0x32($2) str='2026-04-06 12:00:00 '(25)
[P63] idx=1 arrIdx=0 byte=0x32($2) str='2026-04-06 12:00:00 '(25)
[P63] idx=1 arrIdx=0 byte=0x32($2) str='2026-04-06 12:00:00 '(25)
[P63] idx=2 arrIdx=1 byte=0x30($0) str='2026-04-06 12:00:00 '(25)
[P63] idx=2 arrIdx=1 byte=0x30($0) str='2026-04-06 12:00:00 '(25)
[P63] idx=3 arrIdx=2 byte=0x32($2) str='2026-04-06 12:00:00 '(25)
[P63] idx=3 arrIdx=2 byte=0x32($2) str='2026-04-06 12:00:00 '(25)
[P63] idx=4 arrIdx=3 byte=0x36($6) str='2026-04-06 12:00:00 '(25)
[P63] idx=4 arrIdx=3 byte=0x36($6) str='2026-04-06 12:00:00 '(25)
[P63] idx=5 arrIdx=4 byte=0x2d($-) str='2026-04-06 12:00:00 '(25)
[P63] idx=5 arrIdx=4 byte=0x2d($-) str='2026-04-06 12:00:00 '(25)
[P63] idx=2 arrIdx=1 byte=0x2d($-) str='y-mm-dd'(7)
[P63] idx=5 arrIdx=4 byte=0x2d($-) str='2026-04-06 12:00:00 '(25)
[P63] idx=3 arrIdx=2 byte=0x6d($m) str='y-mm-dd'(7)
[P63] idx=4 arrIdx=3 byte=0x6d($m) str='y-mm-dd'(7)
[P63] idx=1 arrIdx=0 byte=0x30($0) str='04'(2)
[P63] idx=1 arrIdx=0 byte=0x30($0) str='04'(2)
[P63] idx=1 arrIdx=0 byte=0x30($0) str='04'(2)
[P63] idx=1 arrIdx=0 byte=0x30($0) str='04'(2)
[P63] idx=2 arrIdx=1 byte=0x34($4) str='04'(2)
[P63] idx=2 arrIdx=1 byte=0x34($4) str='04'(2)
[P63] idx=5 arrIdx=4 byte=0x2d($-) str='y-mm-dd'(7)
[P63] idx=8 arrIdx=7 byte=0x2d($-) str='2026-04-06 12:00:00 '(25)
[P63] idx=6 arrIdx=5 byte=0x64($d) str='y-mm-dd'(7)
[P63] idx=7 arrIdx=6 byte=0x64($d) str='y-mm-dd'(7)
[SISTA-SPLICE-DIAG] doBC=17 litIdx=3 icCls=0 verdict=REJECT reject=no hints provided rejOp=return
[XFER-6] old=0x3037f5b30 pri=80 -> new=0x3037f5450 pri=80
[SEM-SIGNAL-8] sem=0x4730e0370 active-pri=80 waiter=0x3037f5b30 waiter-pri=80
[XFER-7] old=0x3037f5450 pri=80 -> new=0x3037f5b30 pri=80
[asmjit-t1] code.code_size=3704 out of [1, 3584]
[asmjit-t1] code.code_size=5224 out of [1, 5120]
[asmjit-t1] code.code_size=3108 out of [1, 3072]
[SISTA-SPLICE-DIAG] doBC=13 litIdx=2 icCls=0 verdict=REJECT reject=no hints provided rejOp=return
[SISTA-SPLICE-DIAG] doBC=20 litIdx=3 icCls=0 verdict=REJECT reject=no hints provided rejOp=return
[asmjit-t1] code.code_size=3700 out of [1, 3584]
[asmjit-t1] code.code_size=4928 out of [1, 4096]
[asmjit-t1] code.code_size=7552 out of [1, 5632]
[CACHE-7] #keys -> getter=-1 setter=-1 retSelf=0 prim=0 cls=0x30001edd0 method=0x3002e2688
[SISTA-COLLECT-DIAG] send1BC=4 selIdx=1 verdict=REJECT reject=non-simple block op rejOp=send
[SISTA-SPLICE-DIAG] doBC=9 litIdx=1 icCls=0 verdict=REJECT reject=numCopied > 1 rejOp=return
[SISTA-SPLICE-DIAG] doBC=5 litIdx=0 icCls=0 verdict=REJECT reject=no hints provided rejOp=return
[SISTA-ACCUM-DIAG] pfbBC=2 blockLen=7 lead=41 (want 9-10, lead=fb)
[CACHE-8] #superclass -> getter=0 setter=-1 retSelf=0 prim=264 cls=0x30001eb18 method=0x3003aa468
[CACHE-9] #superclass -> getter=0 setter=-1 retSelf=0 prim=264 cls=0x30001b3b0 method=0x3003aa468
[JIT] AUTO-EXCLUDED exception infra #signal (class Exception class)
[JIT] AUTO-EXCLUDED exception infra #receiver (class Exception class)
[JIT] AUTO-EXCLUDED exception infra #signalerContext
[JIT] AUTO-EXCLUDED exception infra #handleSignal:
[SISTA-COLLECT-DIAG] send1BC=10 selIdx=6 verdict=REJECT reject=non-simple block op rejOp=send
[CACHE-10] #methodDict -> getter=-1 setter=-1 retSelf=0 prim=0 cls=0x3002329d0 method=0x3003aa4d8
[CACHE-11] #superclass -> getter=0 setter=-1 retSelf=0 prim=264 cls=0x3002329d0 method=0x3003aa468
[CACHE-12] #methodDict -> getter=-1 setter=-1 retSelf=0 prim=0 cls=0x300232390 method=0x3003aa4d8
[CACHE-13] #methodDict -> getter=-1 setter=-1 retSelf=0 prim=0 cls=0x3002336f0 method=0x3003aa4d8
[asmjit-t1] code.code_size=3700 out of [1, 3584]
[asmjit-t1] code.code_size=7904 out of [1, 7680]
[asmjit-t1] code.code_size=4720 out of [1, 4096]
[asmjit-t1] code.code_size=3920 out of [1, 3584]
[asmjit-t1] code.code_size=6792 out of [1, 6144]
[CACHE-14] #superclass -> getter=0 setter=-1 retSelf=0 prim=264 cls=0x3002336f0 method=0x3003aa468
[CACHE-15] #methodDict -> getter=-1 setter=-1 retSelf=0 prim=0 cls=0x3002333d0 method=0x3003aa4d8
[CACHE-16] #superclass -> getter=0 setter=-1 retSelf=0 prim=264 cls=0x3002333d0 method=0x3003aa468
[asmjit-t1] code.code_size=3704 out of [1, 3584]
[asmjit-t1] code.code_size=3696 out of [1, 3584]
[CACHE-17] #superclass -> getter=0 setter=-1 retSelf=0 prim=264 cls=0x300024cd0 method=0x3003aa468
[CACHE-18] #superclass -> getter=0 setter=-1 retSelf=0 prim=264 cls=0x30001a710 method=0x3003aa468
[asmjit-t1] code.code_size=7560 out of [1, 5632]
[asmjit-t1] code.code_size=3108 out of [1, 3072]
[asmjit-t1] code.code_size=3924 out of [1, 3584]
[SISTA-SELECT-CAND] pfbBC=1 send1BC=4 selIdx=1 litIdx=0 slot=0
[SISTA-SELECT-EMIT] bc=1 slot=0 vid=1
[asmjit-t1] code.code_size=3108 out of [1, 3072]
[asmjit-t1] code.code_size=4712 out of [1, 4096]
[asmjit-t1] code.code_size=5516 out of [1, 4608]
[SISTA-COLLECT-DIAG] send1BC=15 selIdx=4 verdict=REJECT reject=non-simple block op rejOp=send
[SISTA-SPLICE-DIAG] doBC=9 litIdx=3 icCls=0 verdict=REJECT reject=no hints provided rejOp=return
[SISTA-SPLICE-DIAG] doBC=6 litIdx=1 icCls=0 verdict=REJECT reject=no hints provided rejOp=return
[SISTA-ACCUM-DIAG] pfbBC=3 blockLen=4 lead=40 (want 9-10, lead=fb)
[asmjit-t1] code.code_size=4712 out of [1, 4096]
[asmjit-t1] code.code_size=3908 out of [1, 3584]
[SISTA-COLLECT-DIAG] send1BC=7 selIdx=2 verdict=REJECT reject=non-simple block op rejOp=send
[SISTA-SELECT-CAND] pfbBC=10 send1BC=13 selIdx=4 litIdx=3 slot=0
[SISTA-ACCUM-DIAG] pfbBC=5 blockLen=14 lead=41 (want 9-10, lead=fb)
[SISTA-ACCUM-DIAG] pfbBC=21 blockLen=29 lead=40 (want 9-10, lead=fb)
[asmjit-t1] code.code_size=24108 out of [1, 22528]
[JIT] Stats: 65536 sends, 675 compiled, 2437 failed, 2528/16384 KB code | IC: 7615/9880 (77% hit, 348 patched, 0 stale) | J2J-r: 0/0 J2J-a: 6729/9511 J2J-d: 227 J2J-s: 2255/4683 | map: 1298 tracked, 841 hot
[SISTA-INJECT-SPLICE-DIAG] send2BC=7 selIdx=5 verdict=REJECT reject=non-simple block op rejOp=send
[SISTA-ACCUM-DIAG] pfbBC=2 blockLen=8 lead=41 (want 9-10, lead=fb)
[syncDisplay] displayFormReady_=false (call 0), displayForm_ isNil=0
[JIT] Stats: 131072 sends, 805 compiled, 4348 failed, 3099/16384 KB code | IC: 14454/19844 (72% hit, 434 patched, 0 stale) | J2J-r: 0/0 J2J-a: 13374/19021 J2J-d: 300 J2J-s: 5083/10314 | map: 1443 tracked, 963 hot
[JIT] Stats: 196608 sends, 818 compiled, 5908 failed, 3138/16384 KB code | IC: 22394/32615 (68% hit, 446 patched, 0 stale) | J2J-r: 0/0 J2J-a: 21966/31015 J2J-d: 304 J2J-s: 8291/16827 | map: 1447 tracked, 970 hot
[STARTUP] Firing deferred timer semaphore signal (step 5000447)
[XFER-8] old=0x3037f5b30 pri=80 -> new=0x302c60998 pri=80
[XFER-9] old=0x302c60998 pri=80 -> new=0x3037f5b30 pri=80
[XFER-10] old=0x3037f5b30 pri=80 -> new=0x302c60998 pri=80
[XFER-11] old=0x302c60998 pri=80 -> new=0x3037f5b30 pri=80
[CACHE-19] #keysDo: -> getter=-1 setter=-1 retSelf=0 prim=0 cls=0x300023cc0 method=0x3003359d0
[asmjit-t1] code.code_size=3700 out of [1, 3584]
[asmjit-t1] code.code_size=5740 out of [1, 4608]
[JIT] Stats: 262144 sends, 856 compiled, 7583 failed, 3271/16384 KB code | IC: 30155/44905 (67% hit, 479 patched, 0 stale) | J2J-r: 0/0 J2J-a: 30047/42485 J2J-d: 334 J2J-s: 11160/22946 | map: 1542 tracked, 1019 hot
[asmjit-t1] code.code_size=3700 out of [1, 3584]
[asmjit-t1] code.code_size=8648 out of [1, 8192]
[syncDisplay] displayFormReady_=false (call 1), displayForm_ isNil=0
[asmjit-t1] code.code_size=6748 out of [1, 5120]
[asmjit-t1] code.code_size=3696 out of [1, 3584]
[asmjit-t1] code.code_size=6748 out of [1, 5120]
[asmjit-t1] code.code_size=3916 out of [1, 3584]
[asmjit-t1] code.code_size=3116 out of [1, 3072]
[JIT] Stats: 327680 sends, 916 compiled, 9298 failed, 3484/16384 KB code | IC: 37951/55297 (68% hit, 525 patched, 0 stale) | J2J-r: 0/0 J2J-a: 36396/52500 J2J-d: 376 J2J-s: 13307/28708 | map: 1604 tracked, 1079 hot
[asmjit-t1] code.code_size=3912 out of [1, 3584]
[asmjit-t1] code.code_size=4944 out of [1, 4096]
[asmjit-t1] code.code_size=4944 out of [1, 4096]
[asmjit-t1] code.code_size=4944 out of [1, 4096]
[JIT] Stats: 393216 sends, 972 compiled, 10985 failed, 3659/16384 KB code | IC: 45943/66234 (69% hit, 562 patched, 0 stale) | J2J-r: 0/0 J2J-a: 42881/62966 J2J-d: 414 J2J-s: 15574/34853 | map: 1639 tracked, 1130 hot
[asmjit-t1] code.code_size=3116 out of [1, 3072]
[asmjit-t1] code.code_size=4136 out of [1, 3584]
[JIT] Stats: 458752 sends, 1008 compiled, 12673 failed, 3761/16384 KB code | IC: 53732/76607 (70% hit, 579 patched, 0 stale) | J2J-r: 0/0 J2J-a: 49286/73028 J2J-d: 427 J2J-s: 17740/40636 | map: 1639 tracked, 1158 hot
[DNU-STACK] Full call stack for #asInteger (DNU #1):
[DNU-STACK]   [0] Array>>do:
[DNU-STACK]   [1] WorkingSession>>on:do:
[DNU-STACK]   [2] FullBlockClosure>>on:do:
[DNU-STACK]   [3] WorkingSession>>?
[DNU-STACK]   [4] WorkingSession>>startup:
[DNU-STACK]   [5] ClassSessionHandler>>startup:
[DNU-STACK]   [6] SUnitRunner class>>startUp:
[DNU-STACK]   [7] SUnitRunner class>>runAllTests
[DNU-STACK]   [8] SUnitRunner class>>nextRunNumber
[DNU-STACK]   [9] FullBlockClosure>>on:do:
[DNU-STACK]   [10] SUnitRunner class>>asInteger
[DNU-STACK]   [current] #asInteger fd=10
[SISTA-RING] tag=asInteger seq=17823 count=32:
  [0] #size                         RET   rcvr=0x303be5f68 ret/top=0x19 bailOp=0x00 argc=0 spΔ=0
  [1] #arrayType                    RET   rcvr=0x3000178d0 ret/top=0x3000164b0 bailOp=0x00 argc=0 spΔ=0
  [2] #size                         RET   rcvr=0x473885870 ret/top=0x11 bailOp=0x00 argc=0 spΔ=0
  [3] #handleClass                  RET   rcvr=0x4730dc100 ret/top=0x300233ae8 bailOp=0x00 argc=0 spΔ=0
  [4] #flag:                        RET   rcvr=0x473885d78 ret/top=0x473885d78 bailOp=0x00 argc=0 spΔ=0
  [5] #max:                         RET   rcvr=0x321 ret/top=0x321 bailOp=0x00 argc=0 spΔ=0
  [6] #delimiter                    RET   rcvr=0x300233e08 ret/top=0x17b bailOp=0x00 argc=0 spΔ=0
  [7] #delimiter                    RET   rcvr=0x300233e08 ret/top=0x17b bailOp=0x00 argc=0 spΔ=0
  [8] #max:                         RET   rcvr=0x1 ret/top=0xc9 bailOp=0x00 argc=0 spΔ=0
  [9] #max:                         RET   rcvr=0x1 ret/top=0xc9 bailOp=0x00 argc=0 spΔ=0
  [10] #arrayType                    RET   rcvr=0x3000178d0 ret/top=0x3000164b0 bailOp=0x00 argc=0 spΔ=0
  [11] #size                         RET   rcvr=0x473888c70 ret/top=0x19 bailOp=0x00 argc=0 spΔ=0
  [12] #arrayType                    RET   rcvr=0x3000178d0 ret/top=0x3000164b0 bailOp=0x00 argc=0 spΔ=0
  [13] #max:                         RET   rcvr=0x31 ret/top=0x31 bailOp=0x00 argc=0 spΔ=0
  [14] #size                         RET   rcvr=0x473888c70 ret/top=0x21 bailOp=0x00 argc=0 spΔ=0
  [15] #size                         RET   rcvr=0x473888c70 ret/top=0x31 bailOp=0x00 argc=0 spΔ=0
  [16] #size                         RET   rcvr=0x473888c70 ret/top=0x31 bailOp=0x00 argc=0 spΔ=0
  [17] #size                         RET   rcvr=0x473888c70 ret/top=0x31 bailOp=0x00 argc=0 spΔ=0
  [18] #arrayType                    RET   rcvr=0x3000178d0 ret/top=0x3000164b0 bailOp=0x00 argc=0 spΔ=0
  [19] #max:                         RET   rcvr=0x61 ret/top=0x61 bailOp=0x00 argc=0 spΔ=0
  [20] #size                         RET   rcvr=0x473888c70 ret/top=0x41 bailOp=0x00 argc=0 spΔ=0
  [21] #size                         RET   rcvr=0x473888c70 ret/top=0x41 bailOp=0x00 argc=0 spΔ=0
  [22] #size                         RET   rcvr=0x473888c70 ret/top=0x41 bailOp=0x00 argc=0 spΔ=0
  [23] #size                         RET   rcvr=0x473888c70 ret/top=0x41 bailOp=0x00 argc=0 spΔ=0
  [24] #max:                         RET   rcvr=0x21 ret/top=0x21 bailOp=0x00 argc=0 spΔ=0
  [25] #handlesEncoding:             RET   rcvr=0x300011238 ret/top=0x300000010 bailOp=0x00 argc=0 spΔ=0
  [26] #max:                         RET   rcvr=0x21 ret/top=0x21 bailOp=0x00 argc=0 spΔ=0
  [27] #max:                         RET   rcvr=0x21 ret/top=0x21 bailOp=0x00 argc=0 spΔ=0
  [28] #handlesEncoding:             RET   rcvr=0x300011198 ret/top=0x300000010 bailOp=0x00 argc=0 spΔ=0
  [29] #max:                         RET   rcvr=0x21 ret/top=0x21 bailOp=0x00 argc=0 spΔ=0
  [30] #collectionSpecies            RET   rcvr=0x473888c50 ret/top=0x3000175a8 bailOp=0x00 argc=0 spΔ=0
  [31] #max:                         RET   rcvr=0x1 ret/top=0x9 bailOp=0x00 argc=0 spΔ=0
[DNU] #1: #asInteger not understood by rcvr=0x473885930 argCount=0 fd=10 in #asInteger P80
[DNU]   rcvr cls=5709 fmt=1 class=FileReference
[DNU]   FP=0x477b0ea90 SP=0x477b0eaa8 base=0x477b0e950
[DNU]   receiver_=0x3037fbfb8 method_=0x30380fe78
[DNU]   FP[-2] = 0x3000182e0
[DNU]   FP[-1] = 0x30380fea8
[DNU]   FP[0] = 0x473885948
[DNU]   FP[1] = 0x473885930
[DNU]   FP[2] = 0x473885930
[DNU]   FP[3] = 0x473885930
[DNU]   FP[4] = 0x473885978
[DNU]   FP[5] = 0x473888c50
[DNU]   FP[6] = 0x303bf6270
[DNU]   FP[7] = 0x47388cd90
[DNU]   FP[8] = 0x47388cd90
[DNU]   FP[9] = 0x300000020
[DNU]   FP[10] = 0x303bf6270
[CACHE-20] #superclass -> getter=0 setter=-1 retSelf=0 prim=264 cls=0x300022b08 method=0x3003aa468
[CACHE-21] #methodDict -> getter=-1 setter=-1 retSelf=0 prim=0 cls=0x30001ac30 method=0x3003aa4d8
[CACHE-22] #superclass -> getter=0 setter=-1 retSelf=0 prim=264 cls=0x30001ac30 method=0x3003aa468
[CACHE-23] #methodDict -> getter=-1 setter=-1 retSelf=0 prim=0 cls=0x3000194d0 method=0x3003aa4d8
[asmjit-t1] code.code_size=3696 out of [1, 3584]
[asmjit-t1] code.code_size=3692 out of [1, 3584]
[asmjit-t1] code.code_size=3920 out of [1, 3584]
[asmjit-t1] code.code_size=8720 out of [1, 8704]
[asmjit-t1] code.code_size=3700 out of [1, 3584]
[syncDisplay] displayFormReady_=false (call 2), displayForm_ isNil=0
[JIT] Stats: 524288 sends, 1061 compiled, 13049 failed, 3929/16384 KB code | IC: 61972/85423 (72% hit, 614 patched, 0 stale) | J2J-r: 0/0 J2J-a: 57191/81797 J2J-d: 453 J2J-s: 21661/45391 | map: 1701 tracked, 1217 hot
[JIT] Stats: 589824 sends, 1061 compiled, 13049 failed, 3929/16384 KB code | IC: 70711/94162 (75% hit, 614 patched, 0 stale) | J2J-r: 0/0 J2J-a: 65929/90536 J2J-d: 453 J2J-s: 26030/49761 | map: 1701 tracked, 1217 hot
[JIT] Stats: 655360 sends, 1067 compiled, 13576 failed, 3945/16384 KB code | IC: 79437/103420 (76% hit, 619 patched, 0 stale) | J2J-r: 0/0 J2J-a: 75183/99794 J2J-d: 456 J2J-s: 30394/54129 | map: 1707 tracked, 1222 hot
[asmjit-t1] code.code_size=5516 out of [1, 4608]
[asmjit-t1] code.code_size=4716 out of [1, 4096]
[asmjit-t1] code.code_size=3696 out of [1, 3584]
[JIT] Stats: 720896 sends, 1092 compiled, 13634 failed, 4105/16384 KB code | IC: 86061/110775 (77% hit, 645 patched, 0 stale) | J2J-r: 0/0 J2J-a: 77553/107148 J2J-d: 477 J2J-s: 30984/59690 | map: 1724 tracked, 1239 hot
[JIT] Stats: 786432 sends, 1238 compiled, 13878 failed, 4315/16384 KB code | IC: 96226/126536 (76% hit, 723 patched, 0 stale) | J2J-r: 0/0 J2J-a: 84182/118936 J2J-d: 1860 J2J-s: 35097/68080 | map: 1880 tracked, 1376 hot
[JIT] Stats: 851968 sends, 1242 compiled, 13879 failed, 4326/16384 KB code | IC: 103720/145955 (71% hit, 727 patched, 0 stale) | J2J-r: 0/0 J2J-a: 86116/126434 J2J-d: 1864 J2J-s: 35890/74437 | map: 1881 tracked, 1379 hot
[JIT] Stats: 917504 sends, 1242 compiled, 13879 failed, 4326/16384 KB code | IC: 110797/164818 (67% hit, 727 patched, 0 stale) | J2J-r: 0/0 J2J-a: 87300/133511 J2J-d: 1864 J2J-s: 35890/80330 | map: 1881 tracked, 1379 hot
[JIT] Stats: 983040 sends, 1242 compiled, 13879 failed, 4326/16384 KB code | IC: 117865/183664 (64% hit, 727 patched, 0 stale) | J2J-r: 0/0 J2J-a: 88480/140579 J2J-d: 1864 J2J-s: 35890/86218 | map: 1881 tracked, 1379 hot
[JIT] Stats: 1048576 sends, 1242 compiled, 13879 failed, 4326/16384 KB code | IC: 124953/202522 (61% hit, 727 patched, 0 stale) | J2J-r: 0/0 J2J-a: 89683/147667 J2J-d: 1864 J2J-s: 35890/92103 | map: 1881 tracked, 1379 hot
[syncDisplay] displayFormReady_=false (call 3), displayForm_ isNil=0
[JIT] Stats: 1114112 sends, 1244 compiled, 13879 failed, 4340/16384 KB code | IC: 131998/218263 (60% hit, 727 patched, 0 stale) | J2J-r: 0/0 J2J-a: 91136/154712 J2J-d: 1864 J2J-s: 36161/97966 | map: 1882 tracked, 1380 hot
[JIT] Stats: 1179648 sends, 1244 compiled, 13879 failed, 4340/16384 KB code | IC: 138550/224816 (61% hit, 728 patched, 0 stale) | J2J-r: 0/0 J2J-a: 92813/161265 J2J-d: 1865 J2J-s: 37001/103682 | map: 1882 tracked, 1380 hot
[asmjit-t1] code.code_size=4720 out of [1, 4096]
[CACHE-24] #methodDict -> getter=-1 setter=-1 retSelf=0 prim=0 cls=0x30001ac30 method=0x3003aa4d8
[CACHE-25] #superclass -> getter=0 setter=-1 retSelf=0 prim=264 cls=0x30001ac30 method=0x3003aa468
[CACHE-26] #methodDict -> getter=-1 setter=-1 retSelf=0 prim=0 cls=0x3000194d0 method=0x3003aa4d8
[CACHE-27] #methodDict -> getter=-1 setter=-1 retSelf=0 prim=0 cls=0x3000168d8 method=0x3003aa4d8
[CACHE-28] #methodDict -> getter=-1 setter=-1 retSelf=0 prim=0 cls=0x30001d310 method=0x3003aa4d8
[CACHE-29] #superclass -> getter=0 setter=-1 retSelf=0 prim=264 cls=0x30001d310 method=0x3003aa468
[CACHE-30] #methodDict -> getter=-1 setter=-1 retSelf=0 prim=0 cls=0x30001ce10 method=0x3003aa4d8
[SISTA-ACCUM-DIAG] pfbBC=2 blockLen=6 lead=4c (want 9-10, lead=fb)
[SISTA-ACCUM-DIAG] pfbBC=9 blockLen=4 lead=40 (want 9-10, lead=fb)
[XFER-12] old=0x3037f5b30 pri=80 -> new=0x473c2f0e0 pri=80
[XFER-13] old=0x473c2f0e0 pri=80 -> new=0x302c60998 pri=80
[XFER-14] old=0x302c60998 pri=80 -> new=0x3037f5b30 pri=80
[asmjit-t1] code.code_size=6752 out of [1, 5632]
[asmjit-t1] code.code_size=3908 out of [1, 3584]
[JIT] Stats: 1245184 sends, 1497 compiled, 15355 failed, 5624/16384 KB code | IC: 148225/237261 (62% hit, 1055 patched, 0 stale) | J2J-r: 0/0 J2J-a: 99074/172467 J2J-d: 2104 J2J-s: 40227/111564 | map: 2279 tracked, 1643 hot
[syncDisplay] displayFormReady_=false (call 4), displayForm_ isNil=0
[asmjit-t1] code.code_size=3700 out of [1, 3584]
[SISTA-ACCUM-DIAG] pfbBC=17 blockLen=13 lead=40 (want 9-10, lead=fb)
[CACHE-31] #superclass -> getter=0 setter=-1 retSelf=0 prim=264 cls=0x30001ce10 method=0x3003aa468
[CACHE-32] #superclass -> getter=0 setter=-1 retSelf=0 prim=264 cls=0x30001ceb0 method=0x3003aa468
[CACHE-33] #superclass -> getter=0 setter=-1 retSelf=0 prim=264 cls=0x300017938 method=0x3003aa468
[CACHE-34] #superclass -> getter=0 setter=-1 retSelf=0 prim=264 cls=0x300016f28 method=0x3003aa468
[SISTA-COLLECT-DIAG] send1BC=5 selIdx=2 verdict=REJECT reject=non-simple block op rejOp=send
[CACHE-35] #keysDo: -> getter=-1 setter=-1 retSelf=0 prim=0 cls=0x300023cc0 method=0x3003359d0
[CACHE-36] #keys -> getter=-1 setter=-1 retSelf=0 prim=0 cls=0x300023cc0 method=0x300335a50
[asmjit-t1] code.code_size=14404 out of [1, 13312]
[DNU-STACK] Full call stack for #isTempVectorTemp (DNU #2):
[DNU-STACK]   [0] OpalCompiler>>parse
[DNU-STACK]   [1] OpalCompiler>>doSemanticAnalysis
[DNU-STACK]   [2] OCASTSemanticAnalyzer>>analyze:
[DNU-STACK]   [3] OCASTClosureAnalyzer>>visitNode:
[DNU-STACK]   [4] OCMethodNode>>acceptVisitor:
[DNU-STACK]   [5] OCASTClosureAnalyzer>>visitMethodNode:
[DNU-STACK]   [6] OCASTClosureAnalyzer>>visitNode:
[DNU-STACK]   [7] OCSequenceNode>>acceptVisitor:
[DNU-STACK]   [8] OCASTClosureAnalyzer>>visitSequenceNode:
[DNU-STACK]   [9] OrderedCollection>>do:
[DNU-STACK]   [10] OCASTClosureAnalyzer>>visitNode:
[DNU-STACK]   [11] OCASTClosureAnalyzer>>visitNode:
[DNU-STACK]   [12] OCMessageNode>>acceptVisitor:
[DNU-STACK]   [13] OCASTClosureAnalyzer>>visitMessageNode:
[DNU-STACK]   [14] OrderedCollection>>do:
[DNU-STACK]   [15] OCASTClosureAnalyzer>>visitNode:
[DNU-STACK]   [16] OCASTClosureAnalyzer>>visitNode:
[DNU-STACK]   [17] OCBlockNode>>acceptVisitor:
[DNU-STACK]   [18] OCASTClosureAnalyzer>>visitBlockNode:
[DNU-STACK]   [19] OCASTClosureAnalyzer>>visitNode:
[DNU-STACK]   [20] OCSequenceNode>>acceptVisitor:
[DNU-STACK]   [21] OCASTClosureAnalyzer>>visitSequenceNode:
[DNU-STACK]   [22] OrderedCollection>>do:
[DNU-STACK]   [23] OCASTClosureAnalyzer>>visitNode:
[DNU-STACK]   [24] OCASTClosureAnalyzer>>visitNode:
[DNU-STACK]   [25] OCMessageNode>>acceptVisitor:
[DNU-STACK]   [26] OCASTClosureAnalyzer>>visitMessageNode:
[DNU-STACK]   [27] OCASTClosureAnalyzer>>visitNode:
[DNU-STACK]   [28] OCBlockNode>>acceptVisitor:
[DNU-STACK]   [29] OCASTClosureAnalyzer>>visitBlockNode:
[DNU-STACK]   [current] #visitLocalVariableNode: fd=66
[SISTA-RING] tag=isTempVectorTemp seq=24556 count=32:
  [0] #visitArgumentNode:           RET   rcvr=0x473d14e70 ret/top=0x473d14e70 bailOp=0x00 argc=0 spΔ=0
  [1] #isEscapingWrite              SEND  rcvr=0x473cdba38 ret/top=0x300121ad8 bailOp=0x66 argc=0 spΔ=2
  [2] #isEscapingRead               SEND  rcvr=0x473cdba38 ret/top=0x300121ac0 bailOp=0x66 argc=0 spΔ=2
  [3] #max:                         RET   rcvr=0x21 ret/top=0x21 bailOp=0x00 argc=0 spΔ=0
  [4] #visitSelectorNode:           RET   rcvr=0x473d14e70 ret/top=0x473d14e70 bailOp=0x00 argc=0 spΔ=0
  [5] #visitLiteralNode:            RET   rcvr=0x473d14e70 ret/top=0x473d14e70 bailOp=0x00 argc=0 spΔ=0
  [6] #visitSelectorNode:           RET   rcvr=0x473d14e70 ret/top=0x473d14e70 bailOp=0x00 argc=0 spΔ=0
  [7] #visitSelectorNode:           RET   rcvr=0x473d14e70 ret/top=0x473d14e70 bailOp=0x00 argc=0 spΔ=0
  [8] #visitSelectorNode:           RET   rcvr=0x473d14e70 ret/top=0x473d14e70 bailOp=0x00 argc=0 spΔ=0
  [9] #visitLiteralNode:            RET   rcvr=0x473d14e70 ret/top=0x473d14e70 bailOp=0x00 argc=0 spΔ=0
  [10] #visitSelectorNode:           RET   rcvr=0x473d14e70 ret/top=0x473d14e70 bailOp=0x00 argc=0 spΔ=0
  [11] #visitSelectorNode:           RET   rcvr=0x473d14e70 ret/top=0x473d14e70 bailOp=0x00 argc=0 spΔ=0
  [12] #visitLiteralNode:            RET   rcvr=0x473d14e70 ret/top=0x473d14e70 bailOp=0x00 argc=0 spΔ=0
  [13] #visitSelectorNode:           RET   rcvr=0x473d14e70 ret/top=0x473d14e70 bailOp=0x00 argc=0 spΔ=0
  [14] #visitSelectorNode:           RET   rcvr=0x473d14e70 ret/top=0x473d14e70 bailOp=0x00 argc=0 spΔ=0
  [15] #visitSelectorNode:           RET   rcvr=0x473d14e70 ret/top=0x473d14e70 bailOp=0x00 argc=0 spΔ=0
  [16] #visitSelectorNode:           RET   rcvr=0x473d14e70 ret/top=0x473d14e70 bailOp=0x00 argc=0 spΔ=0
  [17] #visitSelectorNode:           RET   rcvr=0x473d14e70 ret/top=0x473d14e70 bailOp=0x00 argc=0 spΔ=0
  [18] #visitLiteralNode:            RET   rcvr=0x473d14e70 ret/top=0x473d14e70 bailOp=0x00 argc=0 spΔ=0
  [19] #visitSelectorNode:           RET   rcvr=0x473d14e70 ret/top=0x473d14e70 bailOp=0x00 argc=0 spΔ=0
  [20] #max:                         RET   rcvr=0x21 ret/top=0x21 bailOp=0x00 argc=0 spΔ=0
  [21] #max:                         RET   rcvr=0x21 ret/top=0x21 bailOp=0x00 argc=0 spΔ=0
  [22] #visitSelectorNode:           RET   rcvr=0x473d14e70 ret/top=0x473d14e70 bailOp=0x00 argc=0 spΔ=0
  [23] #visitSelectorNode:           RET   rcvr=0x473d14e70 ret/top=0x473d14e70 bailOp=0x00 argc=0 spΔ=0
  [24] #visitLiteralNode:            RET   rcvr=0x473d14e70 ret/top=0x473d14e70 bailOp=0x00 argc=0 spΔ=0
  [25] #visitSelectorNode:           RET   rcvr=0x473d14e70 ret/top=0x473d14e70 bailOp=0x00 argc=0 spΔ=0
  [26] #isEscapingWrite              SEND  rcvr=0x473cef978 ret/top=0x300121ad8 bailOp=0x66 argc=0 spΔ=2
  [27] #isEscapingWrite              SEND  rcvr=0x473cf20f0 ret/top=0x300121ad8 bailOp=0x66 argc=0 spΔ=2
  [28] #isEscapingRead               SEND  rcvr=0x473cef978 ret/top=0x300121ac0 bailOp=0x66 argc=0 spΔ=2
  [29] #isEscapingRead               SEND  rcvr=0x473cf20f0 ret/top=0x300121ac0 bailOp=0x66 argc=0 spΔ=2
  [30] #visitArgumentNode:           RET   rcvr=0x473d14e70 ret/top=0x473d14e70 bailOp=0x00 argc=0 spΔ=0
  [31] #visitArgumentNode:           RET   rcvr=0x473d14e70 ret/top=0x473d14e70 bailOp=0x00 argc=0 spΔ=0
[DNU] #2: #isTempVectorTemp not understood by rcvr=0x300000000 argCount=0 fd=66 in #visitLocalVariableNode: P80
[DNU]   rcvr cls=3075 fmt=0 class=nil
[DNU] 1MB-aligned check: rcvr=0x300000000 classAtIdx(3075).isNil=0 trap_env=0
[DNU]   FP=0x477b0ee20 SP=0x477b0ee48 base=0x477b0e950
[DNU]   receiver_=0x473d14e70 method_=0x30044ea50
[DNU]   FP[-2] = 0x473d14e70
[DNU]   FP[-1] = 0x473c79210
[DNU]   FP[0] = 0x473d14e70
[DNU]   FP[1] = 0x473c79210
[DNU]   FP[2] = 0x300000000
[DNU]   FP[3] = 0x300000000
[DNU]   FP[4] = 0x300000000
[DNU]   FP[5] = 0x473c79210
[DNU]   FP[6] = 0x300000000
[DNU]   FP[7] = 0x300000000
[DNU]   FP[8] = 0x300000000
[DNU]   FP[9] = 0x473c79210
[DNU]   FP[10] = 0x30062b968
[CACHE-37] #superclass -> getter=0 setter=-1 retSelf=0 prim=264 cls=0x300022b08 method=0x3003aa468
[CACHE-38] #methodDict -> getter=-1 setter=-1 retSelf=0 prim=0 cls=0x30001ac30 method=0x3003aa4d8
[CACHE-39] #superclass -> getter=0 setter=-1 retSelf=0 prim=264 cls=0x30001ac30 method=0x3003aa468
[JIT] Stats: 1310720 sends, 1699 compiled, 16219 failed, 6574/16384 KB code | IC: 151379/242233 (62% hit, 1258 patched, 0 stale) | J2J-r: 0/0 J2J-a: 101783/176936 J2J-d: 2249 J2J-s: 41766/114705 | map: 2536 tracked, 1882 hot
[JIT] Stats: 1376256 sends, 1699 compiled, 16219 failed, 6574/16384 KB code | IC: 151379/242233 (62% hit, 1258 patched, 0 stale) | J2J-r: 0/0 J2J-a: 101783/176936 J2J-d: 2249 J2J-s: 41766/114705 | map: 2536 tracked, 1882 hot
[JIT] Stats: 1441792 sends, 1699 compiled, 16219 failed, 6574/16384 KB code | IC: 151379/242233 (62% hit, 1258 patched, 0 stale) | J2J-r: 0/0 J2J-a: 101783/176936 J2J-d: 2249 J2J-s: 41766/114705 | map: 2536 tracked, 1882 hot
[JIT] Stats: 1507328 sends, 1699 compiled, 16219 failed, 6574/16384 KB code | IC: 151379/242233 (62% hit, 1258 patched, 0 stale) | J2J-r: 0/0 J2J-a: 101783/176936 J2J-d: 2249 J2J-s: 41766/114705 | map: 2536 tracked, 1882 hot
[JIT] Stats: 1572864 sends, 1699 compiled, 16219 failed, 6574/16384 KB code | IC: 151379/242233 (62% hit, 1258 patched, 0 stale) | J2J-r: 0/0 J2J-a: 101783/176936 J2J-d: 2249 J2J-s: 41766/114705 | map: 2536 tracked, 1882 hot
[JIT] Stats: 1638400 sends, 1699 compiled, 16219 failed, 6574/16384 KB code | IC: 151379/242233 (62% hit, 1258 patched, 0 stale) | J2J-r: 0/0 J2J-a: 101783/176936 J2J-d: 2249 J2J-s: 41766/114705 | map: 2536 tracked, 1882 hot
[CACHE-40] #superclass -> getter=0 setter=-1 retSelf=0 prim=264 cls=0x3000194d0 method=0x3003aa468
[CACHE-41] #methodDict -> getter=-1 setter=-1 retSelf=0 prim=0 cls=0x300019570 method=0x3003aa4d8
[CACHE-42] #superclass -> getter=0 setter=-1 retSelf=0 prim=264 cls=0x300019570 method=0x3003aa468
[CACHE-43] #methodDict -> getter=-1 setter=-1 retSelf=0 prim=0 cls=0x300017938 method=0x3003aa4d8
[CACHE-44] #methodDict -> getter=-1 setter=-1 retSelf=0 prim=0 cls=0x300016f28 method=0x3003aa4d8
[SISTA-ACCUM-DIAG] pfbBC=3 blockLen=4 lead=40 (want 9-10, lead=fb)
[SISTA-ACCUM-DIAG] pfbBC=7 blockLen=4 lead=40 (want 9-10, lead=fb)
[SISTA-SELECT-CAND] pfbBC=10 send1BC=13 selIdx=4 litIdx=3 slot=0
[SISTA-ACCUM-DIAG] pfbBC=88 blockLen=12 lead=40 (want 9-10, lead=fb)
[asmjit-t1] code.code_size=6784 out of [1, 6144]
[asmjit-t1] code.code_size=5984 out of [1, 5632]
[asmjit-t1] code.code_size=6696 out of [1, 6656]
[asmjit-t1] code.code_size=19404 out of [1, 18944]
[SISTA-ACCUM-DIAG] pfbBC=15 blockLen=5 lead=4c (want 9-10, lead=fb)
[SISTA-ACCUM-DIAG] pfbBC=22 blockLen=5 lead=4c (want 9-10, lead=fb)
[SISTA-INJECT-SPLICE-DIAG] send2BC=5 selIdx=1 verdict=REJECT reject=multi-block IR rejOp=return
[SISTA-COLLECT-DIAG] send1BC=4 selIdx=1 verdict=REJECT reject=non-simple block op rejOp=send
[SISTA-INJECT-SPLICE-DIAG] send2BC=6 selIdx=2 verdict=REJECT reject=non-simple block op rejOp=send
[CACHE-45] #methodDict -> getter=-1 setter=-1 retSelf=0 prim=0 cls=0x30056afa0 method=0x3003aa4d8
[asmjit-t1] code.code_size=3708 out of [1, 3584]
[asmjit-t1] code.code_size=3708 out of [1, 3584]
[SISTA-COLLECT-DIAG] send1BC=5 selIdx=2 verdict=REJECT reject=non-simple block op rejOp=send
[CACHE-46] #superclass -> getter=0 setter=-1 retSelf=0 prim=264 cls=0x300022e28 method=0x3003aa468
[CACHE-47] #superclass -> getter=0 setter=-1 retSelf=0 prim=264 cls=0x300022ce8 method=0x3003aa468
[CACHE-48] #superclass -> getter=0 setter=-1 retSelf=0 prim=264 cls=0x30001ba90 method=0x3003aa468
[CACHE-49] #superclass -> getter=0 setter=-1 retSelf=0 prim=264 cls=0x300019b10 method=0x3003aa468
[CACHE-50] #superclass -> getter=0 setter=-1 retSelf=0 prim=264 cls=0x300017938 method=0x3003aa468
[asmjit-t1] code.code_size=3908 out of [1, 3584]
[asmjit-t1] code.code_size=3912 out of [1, 3584]
[asmjit-t1] code.code_size=3908 out of [1, 3584]
[asmjit-t1] code.code_size=25212 out of [1, 25088]
[asmjit-t1] code.code_size=9944 out of [1, 8704]
[asmjit-t1] code.code_size=4936 out of [1, 4096]
[JIT] Stats: 1703936 sends, 2154 compiled, 17384 failed, 8411/16384 KB code | IC: 156335/248725 (62% hit, 1733 patched, 0 stale) | J2J-r: 0/0 J2J-a: 105095/183118 J2J-d: 2591 J2J-s: 43234/118765 | map: 3263 tracked, 2376 hot
[asmjit-t1] code.code_size=4716 out of [1, 4096]
[XFER-15] old=0x3037f5b30 pri=80 -> new=0x473e0a2a8 pri=80
[XFER-16] old=0x473e0a2a8 pri=80 -> new=0x3037f5b30 pri=80
[SISTA-COLLECT-DIAG] send1BC=5 selIdx=2 verdict=REJECT reject=multi-block IR rejOp=return
[SISTA-COLLECT-DIAG] send1BC=10 selIdx=2 verdict=REJECT reject=multi-block IR rejOp=return
[SISTA-COLLECT-DIAG] send1BC=6 selIdx=2 verdict=REJECT reject=non-simple block op rejOp=send
[SISTA-COLLECT-DIAG] send1BC=6 selIdx=2 verdict=REJECT reject=non-simple block op rejOp=send
[SISTA-COLLECT-DIAG] send1BC=8 selIdx=4 verdict=REJECT reject=recursion guard rejOp=return
[SISTA-COLLECT-DIAG] send1BC=5 selIdx=2 verdict=REJECT reject=non-simple block op rejOp=load_lit
[XFER-17] old=0x3037f5b30 pri=80 -> new=0x302c60998 pri=80
[XFER-18] old=0x302c60998 pri=80 -> new=0x3037f5b30 pri=80
[asmjit-t1] code.code_size=3704 out of [1, 3584]
[asmjit-t1] code.code_size=25728 out of [1, 25600]
[asmjit-t1] code.code_size=3700 out of [1, 3584]
[asmjit-t1] code.code_size=24324 out of [1, 24064]
[asmjit-t1] code.code_size=4720 out of [1, 4608]
[asmjit-t1] code.code_size=4720 out of [1, 4096]
[JIT] Stats: 1769472 sends, 2571 compiled, 18051 failed, 10098/16384 KB code | IC: 159149/255128 (62% hit, 2205 patched, 0 stale) | J2J-r: 0/0 J2J-a: 107412/187447 J2J-d: 3016 J2J-s: 44027/121419 | map: 3692 tracked, 2867 hot
[asmjit-t1] code.code_size=3108 out of [1, 3072]
[JIT] Stats: 1835008 sends, 2626 compiled, 18628 failed, 10313/16384 KB code | IC: 166497/267096 (62% hit, 2342 patched, 0 stale) | J2J-r: 0/0 J2J-a: 114160/198323 J2J-d: 3727 J2J-s: 47257/128668 | map: 3695 tracked, 2920 hot
[SISTA-COLLECT-DIAG] send1BC=5 selIdx=2 verdict=REJECT reject=non-simple block op rejOp=send
[SISTA-SELECT-CAND] pfbBC=2 send1BC=5 selIdx=2 litIdx=1 slot=0
[SISTA-COLLECT-DIAG] send1BC=5 selIdx=2 verdict=REJECT reject=multi-block IR rejOp=return
[SISTA-SELECT-CAND] pfbBC=2 send1BC=5 selIdx=2 litIdx=1 slot=0
[asmjit-t1] code.code_size=3912 out of [1, 3584]
[asmjit-t1] code.code_size=6768 out of [1, 6656]
[XFER-19] old=0x3037f5b30 pri=80 -> new=0x474112e78 pri=80
[XFER-20] old=0x474112e78 pri=80 -> new=0x3037f5b30 pri=80
[XFER-21] old=0x3037f5b30 pri=80 -> new=0x302c60998 pri=80
[XFER-22] old=0x302c60998 pri=80 -> new=0x3037f5b30 pri=80
[XFER-23] old=0x3037f5b30 pri=80 -> new=0x47410e2f0 pri=79
[XFER-24] old=0x47410e2f0 pri=79 -> new=0x3037f5b30 pri=80
[XFER-25] old=0x3037f5b30 pri=80 -> new=0x4730cc4c8 pri=70
[XFER-26] old=0x4730cc4c8 pri=70 -> new=0x3037f5b30 pri=80
[XFER-27] old=0x3037f5b30 pri=80 -> new=0x47301d1d8 pri=60
[DRAIN-1] initial=8 processed=8 wka=1 wkaarr-drop=1 kept=6 dec=1 pending=8->8
[XFER-28] old=0x303857c40 pri=60 -> new=0x3037f5640 pri=80
[XFER-29] old=0x3037f5640 pri=80 -> new=0x302c608e0 pri=80
[XFER-30] old=0x302c608e0 pri=80 -> new=0x3037f5640 pri=80
[XFER-31] old=0x3037f5640 pri=80 -> new=0x30385cf30 pri=80
[XFER-32] old=0x30385cf30 pri=80 -> new=0x3037f5640 pri=80
[SISTA-COLLECT-DIAG] send1BC=15 selIdx=4 verdict=REJECT reject=non-simple block op rejOp=send
[XFER-33] old=0x3037f5640 pri=80 -> new=0x473017840 pri=60
[XFER-34] old=0x473017840 pri=60 -> new=0x3037f5640 pri=80
[XFER-35] old=0x3037f5640 pri=80 -> new=0x473017840 pri=60
[XFER-36] old=0x473017840 pri=60 -> new=0x303857c98 pri=50
[XFER-37] old=0x303857c98 pri=50 -> new=0x47301cbc0 pri=51
[XFER-38] old=0x47301cbc0 pri=51 -> new=0x3037f5640 pri=80
[XFER-39] old=0x3037f5640 pri=80 -> new=0x473017840 pri=60
[XFER-40] old=0x473017840 pri=60 -> new=0x303857c98 pri=50
[XFER-41] old=0x303857c98 pri=50 -> new=0x3037f5640 pri=80
[XFER-42] old=0x3037f5640 pri=80 -> new=0x473017840 pri=60
[PREEMPT] P60→P80 (active=0x473017840 → 0x3037f5640)
[XFER-43] old=0x473017840 pri=60 -> new=0x3037f5640 pri=80
[XFER-44] old=0x3037f5640 pri=80 -> new=0x473017840 pri=60
[XFER-45] old=0x473017840 pri=60 -> new=0x3037ff170 pri=40
[XFER-46] old=0x3037ff170 pri=40 -> new=0x3037f5640 pri=80
[XFER-47] old=0x3037f5640 pri=80 -> new=0x473017840 pri=60
[XFER-48] old=0x473017840 pri=60 -> new=0x303805358 pri=40
[XFER-49] old=0x303805358 pri=40 -> new=0x3037f5640 pri=80
[PREEMPT] P40→P60 (active=0x473013890 → 0x473017840)
[JIT] Stats: 1900544 sends, 2778 compiled, 19182 failed, 10925/16384 KB code | IC: 169334/275054 (61% hit, 3187 patched, 0 stale) | J2J-r: 0/0 J2J-a: 116447/204045 J2J-d: 5652 J2J-s: 48229/132953 | map: 1799 tracked, 835 hot
[PREEMPT] P40→P60 (active=0x473013890 → 0x473017840)
[asmjit-t1] code.code_size=19432 out of [1, 13312]
[SISTA-SELECT-CAND] pfbBC=4 send1BC=7 selIdx=1 litIdx=0 slot=0
[SISTA-SELECT-EMIT] bc=4 slot=0 vid=4
[DNU-STACK] Full call stack for #suspend (DNU #3):
[DNU-STACK]   [0] SUnitRunner class>>runSingleTest:selector:timeout:priority:on:
[DNU-STACK]   [1] FullBlockClosure>>on:do:
[DNU-STACK]   [2] Process>>unwindTo:
[DNU-STACK]   [current] #suspend fd=2
[SISTA-RING] tag=suspend seq=31931 count=32:
  [0] #veryDeepInner:               RET   rcvr=0x303882c08 ret/top=0x303882c08 bailOp=0x00 argc=0 spΔ=0
  [1] #veryDeepCopyWith:            RET   rcvr=0x3009695b8 ret/top=0x3009695b8 bailOp=0x00 argc=0 spΔ=0
  [2] #veryDeepCopyWith:            RET   rcvr=0x300000000 ret/top=0x300000000 bailOp=0x00 argc=0 spΔ=0
  [3] #veryDeepFixupWith:           RET   rcvr=0x303882c08 ret/top=0x303882c08 bailOp=0x00 argc=0 spΔ=0
  [4] #max:                         RET   rcvr=0x1 ret/top=0x191 bailOp=0x00 argc=0 spΔ=0
  [5] #max:                         RET   rcvr=0x1 ret/top=0x141 bailOp=0x00 argc=0 spΔ=0
  [6] #max:                         RET   rcvr=0x1 ret/top=0x191 bailOp=0x00 argc=0 spΔ=0
  [7] #max:                         RET   rcvr=0x1 ret/top=0x141 bailOp=0x00 argc=0 spΔ=0
  [8] #isEmpty                      SEND  rcvr=0x303882c08 ret/top=0x303882c08 bailOp=0x72 argc=0 spΔ=1
  [9] #max:                         SEND  rcvr=0x8140000000000005 ret/top=0x84b8000000000005 bailOp=0x63 argc=0 spΔ=2
  [10] #max:                         SEND  rcvr=0x8140000000000005 ret/top=0x8468000000000005 bailOp=0x63 argc=0 spΔ=2
  [11] #isFinite                     SEND  rcvr=0x8140000000000005 ret/top=0x8140000000000005 bailOp=0x61 argc=0 spΔ=2
  [12] #isFinite                     SEND  rcvr=0x8140000000000005 ret/top=0x8140000000000005 bailOp=0x61 argc=0 spΔ=2
  [13] #max:                         SEND  rcvr=0x191 ret/top=0x84b8000000000005 bailOp=0x63 argc=0 spΔ=2
  [14] #isFinite                     SEND  rcvr=0x84b8000000000005 ret/top=0x84b8000000000005 bailOp=0x61 argc=0 spΔ=2
  [15] #max:                         SEND  rcvr=0x141 ret/top=0x8468000000000005 bailOp=0x63 argc=0 spΔ=2
  [16] #isFinite                     SEND  rcvr=0x8468000000000005 ret/top=0x8468000000000005 bailOp=0x61 argc=0 spΔ=2
  [17] #isFinite                     SEND  rcvr=0x84b8000000000005 ret/top=0x84b8000000000005 bailOp=0x61 argc=0 spΔ=2
  [18] #isFinite                     SEND  rcvr=0x8468000000000005 ret/top=0x8468000000000005 bailOp=0x61 argc=0 spΔ=2
  [19] #max:                         SEND  rcvr=0x1 ret/top=0x84b8000000000005 bailOp=0x63 argc=0 spΔ=2
  [20] #isFinite                     SEND  rcvr=0x84b8000000000005 ret/top=0x84b8000000000005 bailOp=0x61 argc=0 spΔ=2
  [21] #max:                         SEND  rcvr=0x1 ret/top=0x8468000000000005 bailOp=0x63 argc=0 spΔ=2
  [22] #isFinite                     SEND  rcvr=0x8468000000000005 ret/top=0x8468000000000005 bailOp=0x61 argc=0 spΔ=2
  [23] #max:                         SEND  rcvr=0x8140000000000005 ret/top=0x84b8000000000005 bailOp=0x63 argc=0 spΔ=2
  [24] #max:                         SEND  rcvr=0x8140000000000005 ret/top=0x8468000000000005 bailOp=0x63 argc=0 spΔ=2
  [25] #addedMorph:                  RET   rcvr=0x47302e838 ret/top=0x47302e838 bailOp=0x00 argc=0 spΔ=0
  [26] #noteNewOwner:                RET   rcvr=0x303882bb8 ret/top=0x303882bb8 bailOp=0x00 argc=0 spΔ=0
  [27] #arrayType                    RET   rcvr=0x3000178d0 ret/top=0x3000164b0 bailOp=0x00 argc=0 spΔ=0
  [28] #size                         RET   rcvr=0x473031610 ret/top=0x19 bailOp=0x00 argc=0 spΔ=0
  [29] #instanceVariablesToKeep      RET   rcvr=0x47302ca10 ret/top=0x3005a6960 bailOp=0x00 argc=0 spΔ=0
  [30] #instanceVariablesToKeep      RET   rcvr=0x47302ca10 ret/top=0x3005a6960 bailOp=0x00 argc=0 spΔ=0
  [31] #instanceVariablesToKeep      RET   rcvr=0x47302ca10 ret/top=0x3005a6960 bailOp=0x00 argc=0 spΔ=0
[DNU] #3: #suspend not understood by rcvr=0x300000000 argCount=0 fd=2 in #suspend P80
[DNU]   rcvr cls=3075 fmt=0 class=nil
[DNU] 1MB-aligned check: rcvr=0x300000000 classAtIdx(3075).isNil=0 trap_env=0
[DNU]   FP=0x477b0e9e8 SP=0x477b0ea00 base=0x477b0e950
[DNU]   receiver_=0x3037fba98 method_=0x30380bdb8
[DNU]   FP[-2] = 0x3000182e0
[DNU]   FP[-1] = 0x30380bde0
[DNU]   FP[0] = 0x473033cc8
[DNU]   FP[1] = 0x300000000
[DNU]   FP[2] = 0x300000000
[DNU]   FP[3] = 0x80001
[DNU]   FP[4] = 0x473032f80
[DNU]   FP[5] = 0x473033238
[DNU]   FP[6] = 0x300000000
[DNU]   FP[7] = 0x3008a0890
[DNU]   FP[8] = 0x473032f80
[DNU]   FP[9] = 0x473033238
[DNU]   FP[10] = 0x3018b0b68
[DNU-STACK] Full call stack for #suspend (DNU #4):
[DNU-STACK]   [0] SUnitRunner class>>runSingleTest:selector:timeout:priority:on:
[DNU-STACK]   [1] FullBlockClosure>>on:do:
[DNU-STACK]   [2] Process>>unwindTo:
[DNU-STACK]   [current] #suspend fd=2
[SISTA-RING] tag=suspend seq=31957 count=32:
  [0] #noteNewOwner:                RET   rcvr=0x303882bb8 ret/top=0x303882bb8 bailOp=0x00 argc=0 spΔ=0
  [1] #arrayType                    RET   rcvr=0x3000178d0 ret/top=0x3000164b0 bailOp=0x00 argc=0 spΔ=0
  [2] #size                         RET   rcvr=0x473031610 ret/top=0x19 bailOp=0x00 argc=0 spΔ=0
  [3] #instanceVariablesToKeep      RET   rcvr=0x47302ca10 ret/top=0x3005a6960 bailOp=0x00 argc=0 spΔ=0
  [4] #instanceVariablesToKeep      RET   rcvr=0x47302ca10 ret/top=0x3005a6960 bailOp=0x00 argc=0 spΔ=0
  [5] #instanceVariablesToKeep      RET   rcvr=0x47302ca10 ret/top=0x3005a6960 bailOp=0x00 argc=0 spΔ=0
  [6] #negative                     RET   rcvr=0x81 ret/top=0x300000010 bailOp=0x00 argc=0 spΔ=0
  [7] #>=                           SEND  rcvr=0x4730362e8 ret/top=0x4730362e8 bailOp=0x64 argc=0 spΔ=2
  [8] #<=                           SEND  rcvr=0x30385db68 ret/top=0x4730362e8 bailOp=0x63 argc=0 spΔ=2
  [9] #>                            SEND  rcvr=0x30385db68 ret/top=0x30385db68 bailOp=0x62 argc=0 spΔ=2
  [10] #handleNewProcess:            RET   rcvr=0x30385cd78 ret/top=0x30385cd78 bailOp=0x00 argc=0 spΔ=0
  [11] #handleNewProcess:            RET   rcvr=0x30385cd78 ret/top=0x30385cd78 bailOp=0x00 argc=0 spΔ=0
  [12] #compiledCode                 RET   rcvr=0x473041c48 ret/top=0x3003d0758 bailOp=0x00 argc=0 spΔ=0
  [13] #compiledCode                 RET   rcvr=0x473041c48 ret/top=0x3003d0758 bailOp=0x00 argc=0 spΔ=0
  [14] #compiledCode                 RET   rcvr=0x473042560 ret/top=0x3003d0758 bailOp=0x00 argc=0 spΔ=0
  [15] #compiledCode                 RET   rcvr=0x473042560 ret/top=0x3003d0758 bailOp=0x00 argc=0 spΔ=0
  [16] #resources                    RET   rcvr=0x30187ffb0 ret/top=0x300261d60 bailOp=0x00 argc=0 spΔ=0
  [17] #abs                          SEND  rcvr=0x6b0c6f7a00000005 ret/top=0x5 bailOp=0x64 argc=0 spΔ=2
  [18] #abs                          SEND  rcvr=0x6b0c6f7a00000005 ret/top=0x5 bailOp=0x64 argc=0 spΔ=2
  [19] #extent                       SEND  rcvr=0x473044ed0 ret/top=0x473044ee8 bailOp=0x61 argc=0 spΔ=2
  [20] #isEmpty                      SEND  rcvr=0x300f5cf08 ret/top=0x300f5cf08 bailOp=0x72 argc=0 spΔ=1
  [21] #isEmpty                      SEND  rcvr=0x300f5cf08 ret/top=0x300f5cf08 bailOp=0x72 argc=0 spΔ=1
  [22] #abs                          SEND  rcvr=0x6b0c6f8bc0000005 ret/top=0x5 bailOp=0x64 argc=0 spΔ=2
  [23] #abs                          SEND  rcvr=0x6b0c6f9d40000005 ret/top=0x5 bailOp=0x64 argc=0 spΔ=2
  [24] #extent                       SEND  rcvr=0x473045878 ret/top=0x473045890 bailOp=0x61 argc=0 spΔ=2
  [25] #isEmpty                      SEND  rcvr=0x300f5cf08 ret/top=0x300f5cf08 bailOp=0x72 argc=0 spΔ=1
  [26] #isEmpty                      SEND  rcvr=0x300f5cf08 ret/top=0x300f5cf08 bailOp=0x72 argc=0 spΔ=1
  [27] #arrayType                    RET   rcvr=0x3000178d0 ret/top=0x3000164b0 bailOp=0x00 argc=0 spΔ=0
  [28] #size                         RET   rcvr=0x473046cb0 ret/top=0x19 bailOp=0x00 argc=0 spΔ=0
  [29] #instanceVariablesToKeep      RET   rcvr=0x473042578 ret/top=0x3005a6960 bailOp=0x00 argc=0 spΔ=0
  [30] #instanceVariablesToKeep      RET   rcvr=0x473042578 ret/top=0x3005a6960 bailOp=0x00 argc=0 spΔ=0
  [31] #instanceVariablesToKeep      RET   rcvr=0x473042578 ret/top=0x3005a6960 bailOp=0x00 argc=0 spΔ=0
[DNU] #4: #suspend not understood by rcvr=0x300000000 argCount=0 fd=2 in #suspend P80
[DNU]   rcvr cls=3075 fmt=0 class=nil
[DNU] 1MB-aligned check: rcvr=0x300000000 classAtIdx(3075).isNil=0 trap_env=0
[asmjit-t1] code.code_size=5516 out of [1, 4608]
[asmjit-t1] code.code_size=12088 out of [1, 10752]
[PREEMPT] P40→P60 (active=0x47304ebc0 → 0x473052b70)
[asmjit-t1] code.code_size=3912 out of [1, 3584]
[SISTA-SELECT-CAND] pfbBC=1 send1BC=4 selIdx=1 litIdx=0 slot=0
[SISTA-SELECT-EMIT] bc=1 slot=0 vid=1
[PREEMPT] P40→P60 (active=0x47304ebc0 → 0x473052b70)
[asmjit-t1] code.code_size=4720 out of [1, 4096]
[asmjit-t1] code.code_size=10512 out of [1, 10240]
[asmjit-t1] code.code_size=3692 out of [1, 3584]
[SISTA-SELECT-CAND] pfbBC=10 send1BC=13 selIdx=4 litIdx=3 slot=0
[SISTA-SELECT-CAND] pfbBC=2 send1BC=5 selIdx=2 litIdx=1 slot=0
[asmjit-t1] code.code_size=3700 out of [1, 3584]
[SISTA-INJECT-SPLICE-DIAG] send2BC=5 selIdx=1 verdict=REJECT reject=recursion guard rejOp=return
[SISTA-INJECT-SPLICE-DIAG] send2BC=5 selIdx=1 verdict=REJECT reject=recursion guard rejOp=return
[SISTA-INJECT-SPLICE-DIAG] send2BC=6 selIdx=2 verdict=REJECT reject=non-simple block op rejOp=send
[SISTA-INJECT-SPLICE-DIAG] send2BC=5 selIdx=1 verdict=REJECT reject=multi-block IR rejOp=return
[asmjit-t1] code.code_size=5736 out of [1, 5120]
[asmjit-t1] code.code_size=3908 out of [1, 3584]
[JIT] Stats: 1966080 sends, 3052 compiled, 20032 failed, 12100/16384 KB code | IC: 175659/285913 (61% hit, 4047 patched, 0 stale) | J2J-r: 0/0 J2J-a: 121437/213964 J2J-d: 6320 J2J-s: 50628/139930 | map: 3162 tracked, 2060 hot
[asmjit-t1] code.code_size=3704 out of [1, 3584]
[asmjit-t1] code.code_size=3108 out of [1, 3072]
[asmjit-t1] code.code_size=5948 out of [1, 4608]
[JIT] Stats: 2031616 sends, 3157 compiled, 21044 failed, 12594/16384 KB code | IC: 181484/296931 (61% hit, 4257 patched, 0 stale) | J2J-r: 0/0 J2J-a: 126651/224062 J2J-d: 6546 J2J-s: 53168/146972 | map: 3297 tracked, 2290 hot
[asmjit-t1] code.code_size=3908 out of [1, 3584]
[JIT] Stats: 2097152 sends, 3176 compiled, 23375 failed, 12721/16384 KB code | IC: 192488/309917 (62% hit, 4315 patched, 0 stale) | J2J-r: 0/0 J2J-a: 135334/236841 J2J-d: 6579 J2J-s: 54434/152303 | map: 3356 tracked, 2310 hot
[JIT] Stats: 2162688 sends, 3179 compiled, 27759 failed, 12731/16384 KB code | IC: 205562/323327 (63% hit, 4402 patched, 0 stale) | J2J-r: 0/0 J2J-a: 144445/250132 J2J-d: 6643 J2J-s: 54954/156996 | map: 3376 tracked, 2324 hot
[JIT] AUTO-EXCLUDED exception infra #signal: (class Exception class)
[asmjit-t1] code.code_size=3700 out of [1, 3584]
[asmjit-t1] code.code_size=8824 out of [1, 7168]
[JIT] Stats: 2228224 sends, 3208 compiled, 30076 failed, 12925/16384 KB code | IC: 215443/336670 (63% hit, 4802 patched, 0 stale) | J2J-r: 0/0 J2J-a: 154063/262317 J2J-d: 6918 J2J-s: 58348/162887 | map: 3461 tracked, 2418 hot
[JIT] Stats: 2293760 sends, 3208 compiled, 34736 failed, 12925/16384 KB code | IC: 229487/350717 (65% hit, 4805 patched, 0 stale) | J2J-r: 0/0 J2J-a: 163407/276364 J2J-d: 6921 J2J-s: 58367/167609 | map: 3461 tracked, 2418 hot
[JIT] Stats: 2359296 sends, 3218 compiled, 37587 failed, 12981/16384 KB code | IC: 240368/365946 (65% hit, 5260 patched, 0 stale) | J2J-r: 0/0 J2J-a: 174499/289847 J2J-d: 7241 J2J-s: 62705/174264 | map: 3468 tracked, 2466 hot
[JIT] Stats: 2424832 sends, 3218 compiled, 41134 failed, 12981/16384 KB code | IC: 252717/379135 (66% hit, 5280 patched, 0 stale) | J2J-r: 0/0 J2J-a: 183269/303036 J2J-d: 7253 J2J-s: 62726/178703 | map: 3468 tracked, 2466 hot
[JIT] Stats: 2490368 sends, 3219 compiled, 44940 failed, 12998/16384 KB code | IC: 264817/393366 (67% hit, 5499 patched, 0 stale) | J2J-r: 0/0 J2J-a: 193292/316315 J2J-d: 7412 J2J-s: 65128/184303 | map: 3468 tracked, 2466 hot
[JIT] Stats: 2555904 sends, 3225 compiled, 47891 failed, 13018/16384 KB code | IC: 276018/406550 (67% hit, 5746 patched, 0 stale) | J2J-r: 0/0 J2J-a: 202551/328965 J2J-d: 7577 J2J-s: 66939/189486 | map: 3468 tracked, 2472 hot
[JIT] Stats: 2621440 sends, 3225 compiled, 52279 failed, 13018/16384 KB code | IC: 289325/420245 (68% hit, 5822 patched, 0 stale) | J2J-r: 0/0 J2J-a: 211725/342509 J2J-d: 7633 J2J-s: 67307/194217 | map: 3468 tracked, 2472 hot
[JIT] Stats: 2686976 sends, 3228 compiled, 54315 failed, 13024/16384 KB code | IC: 299146/434763 (68% hit, 6225 patched, 0 stale) | J2J-r: 0/0 J2J-a: 222199/355550 J2J-d: 7914 J2J-s: 71044/200455 | map: 3468 tracked, 2475 hot
[JIT] Stats: 2752512 sends, 3228 compiled, 58973 failed, 13024/16384 KB code | IC: 313191/448811 (69% hit, 6228 patched, 0 stale) | J2J-r: 0/0 J2J-a: 231543/369599 J2J-d: 7916 J2J-s: 71064/205180 | map: 3468 tracked, 2475 hot
[JIT] Stats: 2818048 sends, 3231 compiled, 62272 failed, 13034/16384 KB code | IC: 323954/462209 (70% hit, 6678 patched, 0 stale) | J2J-r: 0/0 J2J-a: 241517/381772 J2J-d: 8233 J2J-s: 75006/211248 | map: 3468 tracked, 2475 hot
[JIT] Stats: 2883584 sends, 3231 compiled, 65719 failed, 13034/16384 KB code | IC: 336204/475385 (70% hit, 6700 patched, 0 stale) | J2J-r: 0/0 J2J-a: 250285/394948 J2J-d: 8246 J2J-s: 75042/215691 | map: 3468 tracked, 2475 hot
[JIT] Stats: 2949120 sends, 3233 compiled, 69572 failed, 13043/16384 KB code | IC: 348265/489080 (71% hit, 6917 patched, 0 stale) | J2J-r: 0/0 J2J-a: 259913/407938 J2J-d: 8407 J2J-s: 77145/221100 | map: 3468 tracked, 2475 hot
[JIT] Stats: 3014656 sends, 3239 compiled, 72076 failed, 13087/16384 KB code | IC: 358876/502021 (71% hit, 7189 patched, 0 stale) | J2J-r: 0/0 J2J-a: 269044/420344 J2J-d: 8591 J2J-s: 79015/226228 | map: 3468 tracked, 2475 hot
[JIT] Stats: 3080192 sends, 3239 compiled, 76473 failed, 13087/16384 KB code | IC: 372193/515536 (72% hit, 7264 patched, 0 stale) | J2J-r: 0/0 J2J-a: 278037/433802 J2J-d: 8647 J2J-s: 79182/230854 | map: 3468 tracked, 2475 hot
[JIT] Stats: 3145728 sends, 3243 compiled, 78886 failed, 13109/16384 KB code | IC: 382457/530449 (72% hit, 7653 patched, 0 stale) | J2J-r: 0/0 J2J-a: 288867/447118 J2J-d: 8914 J2J-s: 83141/237232 | map: 3468 tracked, 2475 hot
[JIT] Stats: 3211264 sends, 3244 compiled, 83545 failed, 13111/16384 KB code | IC: 396501/544497 (72% hit, 7657 patched, 0 stale) | J2J-r: 0/0 J2J-a: 298211/461166 J2J-d: 8917 J2J-s: 83160/241955 | map: 3468 tracked, 2475 hot
[JIT] Stats: 3276800 sends, 3256 compiled, 86591 failed, 13149/16384 KB code | IC: 407480/559703 (72% hit, 8121 patched, 0 stale) | J2J-r: 0/0 J2J-a: 309228/474698 J2J-d: 9240 J2J-s: 87263/248501 | map: 3468 tracked, 2475 hot
[JIT] Stats: 3342336 sends, 3256 compiled, 89973 failed, 13149/16384 KB code | IC: 419664/572894 (73% hit, 8142 patched, 0 stale) | J2J-r: 0/0 J2J-a: 318000/487889 J2J-d: 9252 J2J-s: 87284/252940 | map: 3468 tracked, 2475 hot
[JIT] Stats: 3407872 sends, 3257 compiled, 93828 failed, 13152/16384 KB code | IC: 431788/586649 (73% hit, 8357 patched, 0 stale) | J2J-r: 0/0 J2J-a: 327630/500941 J2J-d: 9410 J2J-s: 89323/258344 | map: 3468 tracked, 2475 hot
[JIT] Stats: 3473408 sends, 3258 compiled, 96737 failed, 13154/16384 KB code | IC: 442696/599475 (73% hit, 8608 patched, 0 stale) | J2J-r: 0/0 J2J-a: 336764/513234 J2J-d: 9577 J2J-s: 91276/263439 | map: 3468 tracked, 2475 hot
[JIT] Stats: 3538944 sends, 3258 compiled, 101151 failed, 13154/16384 KB code | IC: 456048/612995 (74% hit, 8689 patched, 0 stale) | J2J-r: 0/0 J2J-a: 345757/526709 J2J-d: 9637 J2J-s: 91409/268049 | map: 3468 tracked, 2475 hot
[JIT] Stats: 3604480 sends, 3262 compiled, 103193 failed, 13191/16384 KB code | IC: 465610/626553 (74% hit, 9088 patched, 0 stale) | J2J-r: 0/0 J2J-a: 355651/539087 J2J-d: 9915 J2J-s: 94943/273998 | map: 3468 tracked, 2475 hot
[JIT] Stats: 3670016 sends, 3262 compiled, 107854 failed, 13191/16384 KB code | IC: 479654/640600 (74% hit, 9091 patched, 0 stale) | J2J-r: 0/0 J2J-a: 364998/553135 J2J-d: 9917 J2J-s: 94960/278716 | map: 3468 tracked, 2475 hot
[JIT] Stats: 3735552 sends, 3332 compiled, 110743 failed, 13512/16384 KB code | IC: 490686/654178 (75% hit, 9539 patched, 0 stale) | J2J-r: 0/0 J2J-a: 373473/565643 J2J-d: 10241 J2J-s: 98136/285828 | map: 3572 tracked, 2552 hot
[JIT] Stats: 3801088 sends, 3346 compiled, 112846 failed, 13565/16384 KB code | IC: 503450/669493 (75% hit, 9776 patched, 0 stale) | J2J-r: 0/0 J2J-a: 381326/579565 J2J-d: 10463 J2J-s: 102683/296371 | map: 3587 tracked, 2563 hot
[JIT] Stats: 3866624 sends, 3346 compiled, 116377 failed, 13565/16384 KB code | IC: 515787/682686 (75% hit, 9795 patched, 0 stale) | J2J-r: 0/0 J2J-a: 390097/592758 J2J-d: 10474 J2J-s: 102704/300813 | map: 3587 tracked, 2563 hot
[JIT] Stats: 3932160 sends, 3347 compiled, 120188 failed, 13566/16384 KB code | IC: 527907/696912 (75% hit, 10014 patched, 0 stale) | J2J-r: 0/0 J2J-a: 400110/606045 J2J-d: 10633 J2J-s: 105084/306410 | map: 3587 tracked, 2563 hot
[JIT] Stats: 3997696 sends, 3352 compiled, 123698 failed, 13608/16384 KB code | IC: 540146/710740 (75% hit, 10305 patched, 0 stale) | J2J-r: 0/0 J2J-a: 409353/619237 J2J-d: 10835 J2J-s: 107275/312533 | map: 3587 tracked, 2563 hot
[JIT] Stats: 4063232 sends, 3352 compiled, 128356 failed, 13608/16384 KB code | IC: 554194/724795 (76% hit, 10311 patched, 0 stale) | J2J-r: 0/0 J2J-a: 418703/633292 J2J-d: 10840 J2J-s: 107299/317262 | map: 3587 tracked, 2563 hot
[JIT] Stats: 4128768 sends, 3352 compiled, 130496 failed, 13608/16384 KB code | IC: 563409/737717 (76% hit, 10752 patched, 0 stale) | J2J-r: 0/0 J2J-a: 428353/644965 J2J-d: 11149 J2J-s: 111259/323172 | map: 3587 tracked, 2563 hot
[JIT] Stats: 4194304 sends, 3352 compiled, 135100 failed, 13608/16384 KB code | IC: 577285/751609 (76% hit, 10768 patched, 0 stale) | J2J-r: 0/0 J2J-a: 437594/658857 J2J-d: 11158 J2J-s: 111278/327842 | map: 3587 tracked, 2563 hot
[JIT] Stats: 4259840 sends, 3354 compiled, 138419 failed, 13612/16384 KB code | IC: 588447/766265 (76% hit, 11179 patched, 0 stale) | J2J-r: 0/0 J2J-a: 448066/671899 J2J-d: 11445 J2J-s: 115096/334159 | map: 3587 tracked, 2563 hot
[JIT] Stats: 4325376 sends, 3354 compiled, 141482 failed, 13612/16384 KB code | IC: 600285/779435 (77% hit, 11251 patched, 0 stale) | J2J-r: 0/0 J2J-a: 456903/685067 J2J-d: 11496 J2J-s: 115287/338678 | map: 3587 tracked, 2563 hot
[JIT] Stats: 4390912 sends, 3354 compiled, 145490 failed, 13612/16384 KB code | IC: 612717/793247 (77% hit, 11432 patched, 0 stale) | J2J-r: 0/0 J2J-a: 466516/698292 J2J-d: 11626 J2J-s: 116944/343909 | map: 3587 tracked, 2563 hot
[JIT] Stats: 4456448 sends, 3355 compiled, 148255 failed, 13616/16384 KB code | IC: 623505/806672 (77% hit, 11718 patched, 0 stale) | J2J-r: 0/0 J2J-a: 476080/710898 J2J-d: 11820 J2J-s: 119386/349358 | map: 3587 tracked, 2563 hot
[JIT] Stats: 4521984 sends, 3355 compiled, 152915 failed, 13616/16384 KB code | IC: 637556/820724 (77% hit, 11719 patched, 0 stale) | J2J-r: 0/0 J2J-a: 485429/724951 J2J-d: 11821 J2J-s: 119407/354083 | map: 3587 tracked, 2563 hot
[JIT] Stats: 4587520 sends, 3358 compiled, 154767 failed, 13627/16384 KB code | IC: 646957/834934 (77% hit, 12183 patched, 0 stale) | J2J-r: 0/0 J2J-a: 496000/737503 J2J-d: 12148 J2J-s: 123829/360412 | map: 3587 tracked, 2563 hot
[JIT] Stats: 4653056 sends, 3358 compiled, 159289 failed, 13627/16384 KB code | IC: 660594/848587 (77% hit, 12199 patched, 0 stale) | J2J-r: 0/0 J2J-a: 505080/751156 J2J-d: 12157 J2J-s: 123851/365007 | map: 3587 tracked, 2563 hot
[JIT] Stats: 4718592 sends, 3358 compiled, 162844 failed, 13627/16384 KB code | IC: 671696/862231 (77% hit, 12596 patched, 0 stale) | J2J-r: 0/0 J2J-a: 514897/763577 J2J-d: 12434 J2J-s: 127255/370944 | map: 3587 tracked, 2563 hot
[JIT] Stats: 4784128 sends, 3358 compiled, 166044 failed, 13627/16384 KB code | IC: 683609/875140 (78% hit, 12670 patched, 0 stale) | J2J-r: 0/0 J2J-a: 523817/776484 J2J-d: 12486 J2J-s: 127832/375505 | map: 3587 tracked, 2563 hot
[JIT] Stats: 4849664 sends, 3359 compiled, 170099 failed, 13629/16384 KB code | IC: 696183/889094 (78% hit, 12837 patched, 0 stale) | J2J-r: 0/0 J2J-a: 533484/789827 J2J-d: 12607 J2J-s: 129446/380761 | map: 3587 tracked, 2563 hot
[JIT] Stats: 4915200 sends, 3364 compiled, 172470 failed, 13648/16384 KB code | IC: 706352/901922 (78% hit, 13154 patched, 0 stale) | J2J-r: 0/0 J2J-a: 542719/802017 J2J-d: 12826 J2J-s: 131850/386081 | map: 3587 tracked, 2563 hot
[JIT] Stats: 4980736 sends, 3364 compiled, 177131 failed, 13648/16384 KB code | IC: 720404/915975 (78% hit, 13155 patched, 0 stale) | J2J-r: 0/0 J2J-a: 552067/816069 J2J-d: 12827 J2J-s: 131871/390806 | map: 3587 tracked, 2563 hot
[JIT] Stats: 5046272 sends, 3366 compiled, 179478 failed, 13655/16384 KB code | IC: 730480/930889 (78% hit, 13603 patched, 0 stale) | J2J-r: 0/0 J2J-a: 562927/829323 J2J-d: 13140 J2J-s: 135987/397243 | map: 3587 tracked, 2563 hot
[JIT] Stats: 5111808 sends, 3366 compiled, 183957 failed, 13655/16384 KB code | IC: 743988/944413 (78% hit, 13619 patched, 0 stale) | J2J-r: 0/0 J2J-a: 571921/842847 J2J-d: 13149 J2J-s: 136008/401794 | map: 3587 tracked, 2563 hot
[JIT] Stats: 5177344 sends, 3367 compiled, 187372 failed, 13663/16384 KB code | IC: 755138/958231 (78% hit, 14020 patched, 0 stale) | J2J-r: 0/0 J2J-a: 581837/855377 J2J-d: 13428 J2J-s: 139452/407781 | map: 3587 tracked, 2563 hot
[JIT] Stats: 5242880 sends, 3367 compiled, 190349 failed, 13663/16384 KB code | IC: 766830/971175 (78% hit, 14094 patched, 0 stale) | J2J-r: 0/0 J2J-a: 590791/868319 J2J-d: 13480 J2J-s: 140044/412358 | map: 3587 tracked, 2563 hot
[JIT] Stats: 5308416 sends, 3368 compiled, 194397 failed, 13665/16384 KB code | IC: 779376/985066 (79% hit, 14260 patched, 0 stale) | J2J-r: 0/0 J2J-a: 600407/881616 J2J-d: 13600 J2J-s: 141624/417585 | map: 3587 tracked, 2563 hot
[JIT] Stats: 5373952 sends, 3370 compiled, 197159 failed, 13684/16384 KB code | IC: 790097/998206 (79% hit, 14562 patched, 0 stale) | J2J-r: 0/0 J2J-a: 609628/894113 J2J-d: 13802 J2J-s: 143694/422891 | map: 3587 tracked, 2563 hot
[JIT] Stats: 5439488 sends, 3370 compiled, 201819 failed, 13684/16384 KB code | IC: 804151/1012261 (79% hit, 14563 patched, 0 stale) | J2J-r: 0/0 J2J-a: 618976/908168 J2J-d: 13803 J2J-s: 143715/427619 | map: 3587 tracked, 2563 hot
[JIT] Stats: 5505024 sends, 3371 compiled, 203719 failed, 13684/16384 KB code | IC: 814000/1026448 (79% hit, 15053 patched, 0 stale) | J2J-r: 0/0 J2J-a: 629022/921002 J2J-d: 14154 J2J-s: 147941/434560 | map: 3587 tracked, 2564 hot
[JIT] Stats: 5570560 sends, 3371 compiled, 207876 failed, 13684/16384 KB code | IC: 826960/1039640 (79% hit, 15072 patched, 0 stale) | J2J-r: 0/0 J2J-a: 637795/934193 J2J-d: 14165 J2J-s: 147962/438998 | map: 3587 tracked, 2564 hot
[JIT] Stats: 5636096 sends, 3373 compiled, 211591 failed, 13702/16384 KB code | IC: 838695/1053938 (79% hit, 15363 patched, 0 stale) | J2J-r: 0/0 J2J-a: 648056/947124 J2J-d: 14373 J2J-s: 151329/444977 | map: 3587 tracked, 2564 hot
[JIT] Stats: 5701632 sends, 3376 compiled, 214655 failed, 13710/16384 KB code | IC: 850191/1066865 (79% hit, 15539 patched, 0 stale) | J2J-r: 0/0 J2J-a: 656977/960016 J2J-d: 14489 J2J-s: 152083/449687 | map: 3587 tracked, 2564 hot
[JIT] Stats: 5767168 sends, 3377 compiled, 218983 failed, 13726/16384 KB code | IC: 863398/1081615 (79% hit, 15663 patched, 0 stale) | J2J-r: 0/0 J2J-a: 667195/974059 J2J-d: 14579 J2J-s: 153596/455011 | map: 3587 tracked, 2564 hot
[JIT] Stats: 5832704 sends, 3379 compiled, 221045 failed, 13732/16384 KB code | IC: 873284/1094830 (79% hit, 16025 patched, 0 stale) | J2J-r: 0/0 J2J-a: 676700/986303 J2J-d: 14829 J2J-s: 156561/460655 | map: 3587 tracked, 2564 hot
[JIT] Stats: 5898240 sends, 3379 compiled, 225708 failed, 13732/16384 KB code | IC: 887332/1108879 (80% hit, 16026 patched, 0 stale) | J2J-r: 0/0 J2J-a: 686048/1000352 J2J-d: 14830 J2J-s: 156578/465373 | map: 3587 tracked, 2564 hot
[JIT] Stats: 5963776 sends, 3379 compiled, 228385 failed, 13732/16384 KB code | IC: 897603/1122622 (79% hit, 16467 patched, 0 stale) | J2J-r: 0/0 J2J-a: 696218/1012760 J2J-d: 15141 J2J-s: 160605/471566 | map: 3587 tracked, 2564 hot
[JIT] Stats: 6029312 sends, 3379 compiled, 232455 failed, 13732/16384 KB code | IC: 910477/1135813 (80% hit, 16487 patched, 0 stale) | J2J-r: 0/0 J2J-a: 704989/1025952 J2J-d: 15153 J2J-s: 160626/476007 | map: 3587 tracked, 2564 hot
[JIT] Stats: 6094848 sends, 3380 compiled, 236199 failed, 13739/16384 KB code | IC: 922533/1150865 (80% hit, 16726 patched, 0 stale) | J2J-r: 0/0 J2J-a: 715746/1039443 J2J-d: 15322 J2J-s: 164096/482154 | map: 3587 tracked, 2564 hot
[JIT] Stats: 6160384 sends, 3381 compiled, 238884 failed, 13740/16384 KB code | IC: 933650/1164224 (80% hit, 16965 patched, 0 stale) | J2J-r: 0/0 J2J-a: 724782/1052685 J2J-d: 15486 J2J-s: 164749/486996 | map: 3587 tracked, 2564 hot
[JIT] Stats: 6225920 sends, 3382 compiled, 243262 failed, 13747/16384 KB code | IC: 946735/1178346 (80% hit, 17055 patched, 0 stale) | J2J-r: 0/0 J2J-a: 734595/1066338 J2J-d: 15553 J2J-s: 165982/492062 | map: 3587 tracked, 2564 hot
[JIT] Stats: 6291456 sends, 3384 compiled, 245662 failed, 13762/16384 KB code | IC: 956773/1191268 (80% hit, 17436 patched, 0 stale) | J2J-r: 0/0 J2J-a: 743610/1078481 J2J-d: 15816 J2J-s: 168420/497561 | map: 3587 tracked, 2564 hot
[JIT] Stats: 6356992 sends, 3384 compiled, 250323 failed, 13762/16384 KB code | IC: 970822/1205318 (80% hit, 17437 patched, 0 stale) | J2J-r: 0/0 J2J-a: 752957/1092532 J2J-d: 15817 J2J-s: 168439/502284 | map: 3587 tracked, 2564 hot
[JIT] Stats: 6422528 sends, 3384 compiled, 252732 failed, 13762/16384 KB code | IC: 981348/1220642 (80% hit, 17888 patched, 0 stale) | J2J-r: 0/0 J2J-a: 764084/1106178 J2J-d: 16133 J2J-s: 172574/508865 | map: 3587 tracked, 2564 hot
[JIT] Stats: 6488064 sends, 3384 compiled, 256817 failed, 13762/16384 KB code | IC: 994238/1233830 (80% hit, 17908 patched, 0 stale) | J2J-r: 0/0 J2J-a: 772850/1119366 J2J-d: 16145 J2J-s: 172599/513311 | map: 3587 tracked, 2564 hot
[JIT] Stats: 6553600 sends, 3384 compiled, 260514 failed, 13762/16384 KB code | IC: 1005823/1247529 (80% hit, 18149 patched, 0 stale) | J2J-r: 0/0 J2J-a: 782654/1131899 J2J-d: 16319 J2J-s: 175667/519052 | map: 3587 tracked, 2564 hot
[JIT] Stats: 6619136 sends, 3385 compiled, 263622 failed, 13764/16384 KB code | IC: 1017505/1260874 (80% hit, 18368 patched, 0 stale) | J2J-r: 0/0 J2J-a: 791679/1145161 J2J-d: 16465 J2J-s: 176232/523837 | map: 3587 tracked, 2564 hot
[JIT] Stats: 6684672 sends, 3386 compiled, 267946 failed, 13767/16384 KB code | IC: 1030712/1275640 (80% hit, 18494 patched, 0 stale) | J2J-r: 0/0 J2J-a: 801905/1159212 J2J-d: 16559 J2J-s: 177751/529167 | map: 3587 tracked, 2564 hot
[JIT] Stats: 6750208 sends, 3389 compiled, 269724 failed, 13777/16384 KB code | IC: 1040621/1289166 (80% hit, 18874 patched, 0 stale) | J2J-r: 0/0 J2J-a: 811364/1171695 J2J-d: 16824 J2J-s: 181061/535441 | map: 3587 tracked, 2564 hot
[JIT] Stats: 6815744 sends, 3389 compiled, 274382 failed, 13777/16384 KB code | IC: 1054666/1303214 (80% hit, 18877 patched, 0 stale) | J2J-r: 0/0 J2J-a: 820708/1185744 J2J-d: 16827 J2J-s: 181081/540166 | map: 3587 tracked, 2564 hot
[JIT] Stats: 6881280 sends, 3389 compiled, 277425 failed, 13777/16384 KB code | IC: 1065664/1318429 (80% hit, 19322 patched, 0 stale) | J2J-r: 0/0 J2J-a: 831724/1199280 J2J-d: 17137 J2J-s: 185160/546692 | map: 3587 tracked, 2564 hot
[JIT] Stats: 6946816 sends, 3389 compiled, 281202 failed, 13777/16384 KB code | IC: 1078244/1331622 (80% hit, 19343 patched, 0 stale) | J2J-r: 0/0 J2J-a: 840496/1212473 J2J-d: 17150 J2J-s: 185180/551132 | map: 3587 tracked, 2564 hot
[JIT] Stats: 7012352 sends, 3389 compiled, 284877 failed, 13777/16384 KB code | IC: 1089772/1344924 (81% hit, 19578 patched, 0 stale) | J2J-r: 0/0 J2J-a: 849913/1224934 J2J-d: 17320 J2J-s: 187593/556533 | map: 3587 tracked, 2564 hot
[JIT] Stats: 7077888 sends, 3389 compiled, 287567 failed, 13777/16384 KB code | IC: 1100911/1358311 (81% hit, 19817 patched, 0 stale) | J2J-r: 0/0 J2J-a: 859263/1237899 J2J-d: 17483 J2J-s: 189149/561687 | map: 3587 tracked, 2564 hot
[JIT] Stats: 7143424 sends, 3389 compiled, 291952 failed, 13777/16384 KB code | IC: 1114215/1372495 (81% hit, 19891 patched, 0 stale) | J2J-r: 0/0 J2J-a: 868930/1251683 J2J-d: 17537 J2J-s: 190017/566665 | map: 3587 tracked, 2564 hot
[JIT] Stats: 7208960 sends, 3389 compiled, 294393 failed, 13777/16384 KB code | IC: 1124516/1386767 (81% hit, 20284 patched, 0 stale) | J2J-r: 0/0 J2J-a: 879087/1264667 J2J-d: 17807 J2J-s: 193273/572681 | map: 3587 tracked, 2564 hot
[JIT] Stats: 7274496 sends, 3389 compiled, 299055 failed, 13777/16384 KB code | IC: 1138563/1400816 (81% hit, 20286 patched, 0 stale) | J2J-r: 0/0 J2J-a: 888434/1278717 J2J-d: 17809 J2J-s: 193289/577400 | map: 3587 tracked, 2564 hot
[JIT] Stats: 7340032 sends, 3389 compiled, 301660 failed, 13777/16384 KB code | IC: 1148801/1414521 (81% hit, 20751 patched, 0 stale) | J2J-r: 0/0 J2J-a: 898459/1291180 J2J-d: 18136 J2J-s: 197025/583501 | map: 3587 tracked, 2564 hot
[JIT] Stats: 7405568 sends, 3389 compiled, 305447 failed, 13777/16384 KB code | IC: 1161392/1427712 (81% hit, 20771 patched, 0 stale) | J2J-r: 0/0 J2J-a: 907230/1304371 J2J-d: 18148 J2J-s: 197046/587941 | map: 3587 tracked, 2564 hot
[JIT] Stats: 7471104 sends, 3389 compiled, 309126 failed, 13777/16384 KB code | IC: 1172924/1441050 (81% hit, 21011 patched, 0 stale) | J2J-r: 0/0 J2J-a: 916679/1316857 J2J-d: 18321 J2J-s: 199476/593352 | map: 3587 tracked, 2564 hot
[JIT] Stats: 7536640 sends, 3389 compiled, 312256 failed, 13777/16384 KB code | IC: 1184676/1454784 (81% hit, 21233 patched, 0 stale) | J2J-r: 0/0 J2J-a: 926073/1330195 J2J-d: 18469 J2J-s: 200682/598485 | map: 3587 tracked, 2564 hot
[JIT] Stats: 7602176 sends, 3390 compiled, 316639 failed, 13791/16384 KB code | IC: 1197768/1468500 (81% hit, 21320 patched, 0 stale) | J2J-r: 0/0 J2J-a: 935474/1343645 J2J-d: 18534 J2J-s: 201482/603327 | map: 3587 tracked, 2564 hot
[JIT] Stats: 7667712 sends, 3391 compiled, 319444 failed, 13806/16384 KB code | IC: 1208426/1481761 (81% hit, 21734 patched, 0 stale) | J2J-r: 0/0 J2J-a: 944844/1355813 J2J-d: 18826 J2J-s: 205005/609581 | map: 3587 tracked, 2564 hot
[JIT] Stats: 7733248 sends, 3391 compiled, 324105 failed, 13806/16384 KB code | IC: 1222472/1495809 (81% hit, 21736 patched, 0 stale) | J2J-r: 0/0 J2J-a: 954190/1369862 J2J-d: 18828 J2J-s: 205023/614302 | map: 3587 tracked, 2564 hot
[JIT] Stats: 7798784 sends, 3393 compiled, 327359 failed, 13845/16384 KB code | IC: 1233674/1510704 (81% hit, 22177 patched, 0 stale) | J2J-r: 0/0 J2J-a: 965218/1383051 J2J-d: 19135 J2J-s: 209485/620853 | map: 3587 tracked, 2564 hot
[JIT] Stats: 7864320 sends, 3393 compiled, 330908 failed, 13845/16384 KB code | IC: 1246024/1523893 (81% hit, 22197 patched, 0 stale) | J2J-r: 0/0 J2J-a: 973990/1396240 J2J-d: 19147 J2J-s: 209505/625289 | map: 3587 tracked, 2564 hot
[JIT] Stats: 7929856 sends, 3393 compiled, 334686 failed, 13845/16384 KB code | IC: 1257852/1537372 (81% hit, 22416 patched, 0 stale) | J2J-r: 0/0 J2J-a: 983489/1409001 J2J-d: 19308 J2J-s: 211661/630651 | map: 3587 tracked, 2564 hot
[JIT] Stats: 7995392 sends, 3393 compiled, 337293 failed, 13845/16384 KB code | IC: 1268829/1550514 (81% hit, 22669 patched, 0 stale) | J2J-r: 0/0 J2J-a: 992777/1421608 J2J-d: 19476 J2J-s: 213531/635823 | map: 3587 tracked, 2564 hot
[JIT] Stats: 8060928 sends, 3393 compiled, 341683 failed, 13845/16384 KB code | IC: 1282006/1563929 (81% hit, 22755 patched, 0 stale) | J2J-r: 0/0 J2J-a: 1001804/1434953 J2J-d: 19540 J2J-s: 213869/640472 | map: 3587 tracked, 2564 hot
[JIT] Stats: 8126464 sends, 3393 compiled, 344127 failed, 13845/16384 KB code | IC: 1292159/1577685 (81% hit, 23131 patched, 0 stale) | J2J-r: 0/0 J2J-a: 1011752/1447540 J2J-d: 19798 J2J-s: 217224/646399 | map: 3587 tracked, 2564 hot
[JIT] Stats: 8192000 sends, 3393 compiled, 348786 failed, 13845/16384 KB code | IC: 1306206/1591736 (82% hit, 23135 patched, 0 stale) | J2J-r: 0/0 J2J-a: 1021097/1461590 J2J-d: 19801 J2J-s: 217244/651124 | map: 3587 tracked, 2564 hot
[DNU-STACK] Full call stack for #suspend (DNU #5):
[DNU-STACK]   [0] SUnitRunner class>>runSingleTest:selector:timeout:priority:on:
[DNU-STACK]   [1] FullBlockClosure>>on:do:
[DNU-STACK]   [2] Process>>unwindTo:
[DNU-STACK]   [current] #suspend fd=2
[SISTA-RING] tag=suspend seq=370183 count=32:
  [0] #size                         RET   rcvr=0x473fabc28 ret/top=0x1 bailOp=0x00 argc=0 spΔ=0
  [1] #arrayType                    RET   rcvr=0x3000178d0 ret/top=0x3000164b0 bailOp=0x00 argc=0 spΔ=0
  [2] #size                         RET   rcvr=0x473fadd40 ret/top=0x1 bailOp=0x00 argc=0 spΔ=0
  [3] #arrayType                    RET   rcvr=0x3000178d0 ret/top=0x3000164b0 bailOp=0x00 argc=0 spΔ=0
  [4] #selectorNodeClass            RET   rcvr=0x473f7a8e0 ret/top=0x3000b66b8 bailOp=0x00 argc=0 spΔ=0
  [5] #atEnd                        RET   rcvr=0x473f7a990 ret/top=0x300000010 bailOp=0x00 argc=0 spΔ=0
  [6] #atEnd                        RET   rcvr=0x473f7a990 ret/top=0x300000010 bailOp=0x00 argc=0 spΔ=0
  [7] #atEnd                        RET   rcvr=0x473f7a990 ret/top=0x300000010 bailOp=0x00 argc=0 spΔ=0
  [8] #size                         RET   rcvr=0x473fa69a8 ret/top=0x1 bailOp=0x00 argc=0 spΔ=0
  [9] #messageNodeClass             RET   rcvr=0x473f7a8e0 ret/top=0x3000b64d8 bailOp=0x00 argc=0 spΔ=0
  [10] #receiver                     RET   rcvr=0x473faef98 ret/top=0x473faea30 bailOp=0x00 argc=0 spΔ=0
  [11] #sender                       RET   rcvr=0x473faef98 ret/top=0x473faee58 bailOp=0x00 argc=0 spΔ=0
  [12] #size                         RET   rcvr=0x473fae0d0 ret/top=0x1 bailOp=0x00 argc=0 spΔ=0
  [13] #size                         RET   rcvr=0x473fae0d0 ret/top=0x1 bailOp=0x00 argc=0 spΔ=0
  [14] #size                         RET   rcvr=0x473fae0d0 ret/top=0x1 bailOp=0x00 argc=0 spΔ=0
  [15] #size                         RET   rcvr=0x473fae0d0 ret/top=0x1 bailOp=0x00 argc=0 spΔ=0
  [16] #size                         RET   rcvr=0x303cb4468 ret/top=0x1 bailOp=0x00 argc=0 spΔ=0
  [17] #arrayType                    RET   rcvr=0x3000178d0 ret/top=0x3000164b0 bailOp=0x00 argc=0 spΔ=0
  [18] #size                         RET   rcvr=0x303cb4468 ret/top=0x1 bailOp=0x00 argc=0 spΔ=0
  [19] #size                         RET   rcvr=0x473fae0d0 ret/top=0x1 bailOp=0x00 argc=0 spΔ=0
  [20] #size                         RET   rcvr=0x473f66bf0 ret/top=0x1 bailOp=0x00 argc=0 spΔ=0
  [21] #size                         RET   rcvr=0x473f66bf0 ret/top=0x1 bailOp=0x00 argc=0 spΔ=0
  [22] #size                         RET   rcvr=0x473f66bf0 ret/top=0x1 bailOp=0x00 argc=0 spΔ=0
  [23] #size                         RET   rcvr=0x473f66bf0 ret/top=0x1 bailOp=0x00 argc=0 spΔ=0
  [24] #size                         RET   rcvr=0x303c9ba90 ret/top=0x1 bailOp=0x00 argc=0 spΔ=0
  [25] #arrayType                    RET   rcvr=0x3000178d0 ret/top=0x3000164b0 bailOp=0x00 argc=0 spΔ=0
  [26] #size                         RET   rcvr=0x303c9ba90 ret/top=0x1 bailOp=0x00 argc=0 spΔ=0
  [27] #size                         RET   rcvr=0x473f66bf0 ret/top=0x1 bailOp=0x00 argc=0 spΔ=0
  [28] #arrayType                    RET   rcvr=0x3000178d0 ret/top=0x3000164b0 bailOp=0x00 argc=0 spΔ=0
  [29] #instanceVariablesToKeep      RET   rcvr=0x473057b88 ret/top=0x3005a6960 bailOp=0x00 argc=0 spΔ=0
  [30] #instanceVariablesToKeep      RET   rcvr=0x473057b88 ret/top=0x3005a6960 bailOp=0x00 argc=0 spΔ=0
  [31] #instanceVariablesToKeep      RET   rcvr=0x473057b88 ret/top=0x3005a6960 bailOp=0x00 argc=0 spΔ=0
[DNU] #5: #suspend not understood by rcvr=0x300000000 argCount=0 fd=2 in #suspend P80
[DNU]   rcvr cls=3075 fmt=0 class=nil
[DNU] 1MB-aligned check: rcvr=0x300000000 classAtIdx(3075).isNil=0 trap_env=0
[asmjit-t1] code.code_size=10512 out of [1, 10240]
[JIT] Stats: 8257536 sends, 3401 compiled, 351580 failed, 13885/16384 KB code | IC: 1316922/1605931 (82% hit, 23691 patched, 0 stale) | J2J-r: 0/0 J2J-a: 1030601/1474063 J2J-d: 20205 J2J-s: 221435/658207 | map: 3590 tracked, 2577 hot
[JIT] Stats: 8323072 sends, 3405 compiled, 353976 failed, 13904/16384 KB code | IC: 1328275/1619628 (82% hit, 23781 patched, 0 stale) | J2J-r: 0/0 J2J-a: 1039585/1487489 J2J-d: 20270 J2J-s: 222464/663667 | map: 3590 tracked, 2583 hot
[JIT] Stats: 8388608 sends, 3405 compiled, 358365 failed, 13904/16384 KB code | IC: 1341272/1632947 (82% hit, 23869 patched, 0 stale) | J2J-r: 0/0 J2J-a: 1048692/1500696 J2J-d: 20334 J2J-s: 223062/668358 | map: 3590 tracked, 2583 hot
[JIT] Stats: 8454144 sends, 3406 compiled, 360744 failed, 13911/16384 KB code | IC: 1351498/1646835 (82% hit, 24244 patched, 0 stale) | J2J-r: 0/0 J2J-a: 1058740/1513299 J2J-d: 20590 J2J-s: 226576/674361 | map: 3590 tracked, 2583 hot
[JIT] Stats: 8519680 sends, 3406 compiled, 365404 failed, 13911/16384 KB code | IC: 1365545/1660884 (82% hit, 24246 patched, 0 stale) | J2J-r: 0/0 J2J-a: 1068085/1527347 J2J-d: 20592 J2J-s: 226595/679083 | map: 3590 tracked, 2583 hot
[JIT] Stats: 8585216 sends, 3406 compiled, 368158 failed, 13911/16384 KB code | IC: 1376035/1675488 (82% hit, 24708 patched, 0 stale) | J2J-r: 0/0 J2J-a: 1078744/1540480 J2J-d: 20917 J2J-s: 230554/685444 | map: 3590 tracked, 2583 hot
[JIT] Stats: 8650752 sends, 3406 compiled, 371834 failed, 13911/16384 KB code | IC: 1388512/1688677 (82% hit, 24728 patched, 0 stale) | J2J-r: 0/0 J2J-a: 1087516/1553669 J2J-d: 20929 J2J-s: 230574/689880 | map: 3590 tracked, 2583 hot
[JIT] Stats: 8716288 sends, 3406 compiled, 375539 failed, 13911/16384 KB code | IC: 1400064/1701909 (82% hit, 24962 patched, 0 stale) | J2J-r: 0/0 J2J-a: 1096888/1566176 J2J-d: 21098 J2J-s: 232784/695169 | map: 3590 tracked, 2583 hot
[JIT] Stats: 8781824 sends, 3406 compiled, 378601 failed, 13911/16384 KB code | IC: 1411598/1715392 (82% hit, 25194 patched, 0 stale) | J2J-r: 0/0 J2J-a: 1106345/1579134 J2J-d: 21255 J2J-s: 234575/700444 | map: 3590 tracked, 2583 hot
[JIT] Stats: 8847360 sends, 3406 compiled, 382981 failed, 13911/16384 KB code | IC: 1424720/1728773 (82% hit, 25280 patched, 0 stale) | J2J-r: 0/0 J2J-a: 1115385/1592432 J2J-d: 21319 J2J-s: 234995/705115 | map: 3590 tracked, 2583 hot
[JIT] Stats: 8912896 sends, 3406 compiled, 385031 failed, 13911/16384 KB code | IC: 1434482/1742889 (82% hit, 25675 patched, 0 stale) | J2J-r: 0/0 J2J-a: 1125648/1605240 J2J-d: 21593 J2J-s: 238566/711167 | map: 3590 tracked, 2583 hot
[JIT] Stats: 8978432 sends, 3406 compiled, 389690 failed, 13911/16384 KB code | IC: 1448529/1756938 (82% hit, 25677 patched, 0 stale) | J2J-r: 0/0 J2J-a: 1134992/1619288 J2J-d: 21595 J2J-s: 238586/715891 | map: 3590 tracked, 2583 hot
[JIT] Stats: 9043968 sends, 3406 compiled, 392882 failed, 13911/16384 KB code | IC: 1459444/1771089 (82% hit, 26123 patched, 0 stale) | J2J-r: 0/0 J2J-a: 1145441/1631972 J2J-d: 21907 J2J-s: 242746/722214 | map: 3590 tracked, 2583 hot
[JIT] Stats: 9109504 sends, 3406 compiled, 396440 failed, 13911/16384 KB code | IC: 1471805/1784280 (82% hit, 26143 patched, 0 stale) | J2J-r: 0/0 J2J-a: 1154212/1645163 J2J-d: 21919 J2J-s: 242766/726653 | map: 3590 tracked, 2583 hot
[JIT] Stats: 9175040 sends, 3406 compiled, 400274 failed, 13911/16384 KB code | IC: 1484138/1799188 (82% hit, 26365 patched, 0 stale) | J2J-r: 0/0 J2J-a: 1164734/1658918 J2J-d: 22080 J2J-s: 245397/732460 | map: 3590 tracked, 2583 hot
[JIT] Stats: 9240576 sends, 3406 compiled, 402837 failed, 13911/16384 KB code | IC: 1494913/1812293 (82% hit, 26623 patched, 0 stale) | J2J-r: 0/0 J2J-a: 1173972/1671489 J2J-d: 22254 J2J-s: 247243/737622 | map: 3590 tracked, 2583 hot
[JIT] Stats: 9306112 sends, 3406 compiled, 407220 failed, 13911/16384 KB code | IC: 1508126/1825741 (82% hit, 26708 patched, 0 stale) | J2J-r: 0/0 J2J-a: 1182985/1684867 J2J-d: 22317 J2J-s: 247531/742268 | map: 3590 tracked, 2583 hot
[JIT] Stats: 9371648 sends, 3406 compiled, 410869 failed, 13911/16384 KB code | IC: 1519266/1839301 (82% hit, 27090 patched, 0 stale) | J2J-r: 0/0 J2J-a: 1192767/1697267 J2J-d: 22583 J2J-s: 250868/748155 | map: 3590 tracked, 2583 hot
[JIT] Stats: 9437184 sends, 3406 compiled, 415528 failed, 13911/16384 KB code | IC: 1533310/1853349 (82% hit, 27094 patched, 0 stale) | J2J-r: 0/0 J2J-a: 1202111/1711315 J2J-d: 22586 J2J-s: 250888/752879 | map: 3590 tracked, 2583 hot
[JIT] Stats: 9502720 sends, 3406 compiled, 418426 failed, 13911/16384 KB code | IC: 1544053/1868135 (82% hit, 27546 patched, 0 stale) | J2J-r: 0/0 J2J-a: 1212859/1724532 J2J-d: 22904 J2J-s: 254955/759342 | map: 3590 tracked, 2583 hot
[JIT] Stats: 9568256 sends, 3406 compiled, 421947 failed, 13911/16384 KB code | IC: 1556382/1881328 (82% hit, 27566 patched, 0 stale) | J2J-r: 0/0 J2J-a: 1221627/1737725 J2J-d: 22916 J2J-s: 254978/763789 | map: 3590 tracked, 2583 hot
[JIT] Stats: 9633792 sends, 3407 compiled, 425791 failed, 13919/16384 KB code | IC: 1568475/1895392 (82% hit, 27786 patched, 0 stale) | J2J-r: 0/0 J2J-a: 1231567/1750929 J2J-d: 23075 J2J-s: 257295/769314 | map: 3590 tracked, 2583 hot
[JIT] Stats: 9699328 sends, 3407 compiled, 428731 failed, 13919/16384 KB code | IC: 1579617/1908563 (82% hit, 28035 patched, 0 stale) | J2J-r: 0/0 J2J-a: 1240845/1763567 J2J-d: 23240 J2J-s: 259125/774487 | map: 3590 tracked, 2583 hot
[JIT] Stats: 9764864 sends, 3407 compiled, 433121 failed, 13919/16384 KB code | IC: 1592926/1922243 (82% hit, 28110 patched, 0 stale) | J2J-r: 0/0 J2J-a: 1250009/1777103 J2J-d: 23294 J2J-s: 259477/779204 | map: 3590 tracked, 2583 hot
[JIT] Stats: 9830400 sends, 3409 compiled, 435182 failed, 13926/16384 KB code | IC: 1602893/1936629 (82% hit, 28501 patched, 0 stale) | J2J-r: 0/0 J2J-a: 1260432/1790045 J2J-d: 23564 J2J-s: 263228/785407 | map: 3590 tracked, 2583 hot
[JIT] Stats: 9895936 sends, 3409 compiled, 439843 failed, 13926/16384 KB code | IC: 1616939/1950677 (82% hit, 28503 patched, 0 stale) | J2J-r: 0/0 J2J-a: 1269777/1804093 J2J-d: 23566 J2J-s: 263246/790128 | map: 3590 tracked, 2583 hot
[JIT] Stats: 9961472 sends, 3409 compiled, 443113 failed, 13926/16384 KB code | IC: 1627972/1964637 (82% hit, 28944 patched, 0 stale) | J2J-r: 0/0 J2J-a: 1280205/1816650 J2J-d: 23872 J2J-s: 267409/796348 | map: 3590 tracked, 2583 hot
[JIT] Stats: 10027008 sends, 3409 compiled, 446662 failed, 13926/16384 KB code | IC: 1640325/1977827 (82% hit, 28964 patched, 0 stale) | J2J-r: 0/0 J2J-a: 1288975/1829840 J2J-d: 23884 J2J-s: 267431/800789 | map: 3590 tracked, 2583 hot
[JIT] Stats: 10092544 sends, 3409 compiled, 450453 failed, 13926/16384 KB code | IC: 1652143/1991257 (82% hit, 29184 patched, 0 stale) | J2J-r: 0/0 J2J-a: 1298456/1842580 J2J-d: 24046 J2J-s: 269560/806119 | map: 3590 tracked, 2583 hot
[JIT] Stats: 10158080 sends, 3409 compiled, 453976 failed, 13926/16384 KB code | IC: 1664438/2005138 (83% hit, 29474 patched, 0 stale) | J2J-r: 0/0 J2J-a: 1307734/1855827 J2J-d: 24249 J2J-s: 271760/812271 | map: 3590 tracked, 2583 hot
[JIT] Stats: 10223616 sends, 3409 compiled, 458618 failed, 13926/16384 KB code | IC: 1678433/2019140 (83% hit, 29480 patched, 0 stale) | J2J-r: 0/0 J2J-a: 1317050/1869828 J2J-d: 24254 J2J-s: 271782/816978 | map: 3590 tracked, 2583 hot
[JIT] Stats: 10289152 sends, 3411 compiled, 460752 failed, 13932/16384 KB code | IC: 1687581/2031942 (83% hit, 29926 patched, 0 stale) | J2J-r: 0/0 J2J-a: 1326561/1881394 J2J-d: 24565 J2J-s: 275653/822830 | map: 3590 tracked, 2583 hot
[JIT] Stats: 10354688 sends, 3411 compiled, 465379 failed, 13932/16384 KB code | IC: 1701526/2045903 (83% hit, 29942 patched, 0 stale) | J2J-r: 0/0 J2J-a: 1335848/1895355 J2J-d: 24574 J2J-s: 275672/827523 | map: 3590 tracked, 2583 hot
[JIT] Stats: 10420224 sends, 3412 compiled, 468709 failed, 13953/16384 KB code | IC: 1712765/2060740 (83% hit, 30346 patched, 0 stale) | J2J-r: 0/0 J2J-a: 1346535/1908627 J2J-d: 24856 J2J-s: 279597/833962 | map: 3590 tracked, 2583 hot
[JIT] Stats: 10485760 sends, 3412 compiled, 471783 failed, 13953/16384 KB code | IC: 1724597/2073884 (83% hit, 30418 patched, 0 stale) | J2J-r: 0/0 J2J-a: 1355335/1921770 J2J-d: 24907 J2J-s: 279749/838454 | map: 3590 tracked, 2583 hot
[JIT] Stats: 10551296 sends, 3412 compiled, 475780 failed, 13953/16384 KB code | IC: 1737046/2087739 (83% hit, 30604 patched, 0 stale) | J2J-r: 0/0 J2J-a: 1364967/1935024 J2J-d: 25041 J2J-s: 281448/843735 | map: 3590 tracked, 2583 hot
[JIT] Stats: 10616832 sends, 3412 compiled, 478559 failed, 13953/16384 KB code | IC: 1747861/2101217 (83% hit, 30889 patched, 0 stale) | J2J-r: 0/0 J2J-a: 1374557/1947677 J2J-d: 25234 J2J-s: 283867/849184 | map: 3590 tracked, 2583 hot
[JIT] Stats: 10682368 sends, 3412 compiled, 483221 failed, 13953/16384 KB code | IC: 1761912/2115269 (83% hit, 30890 patched, 0 stale) | J2J-r: 0/0 J2J-a: 1383907/1961729 J2J-d: 25235 J2J-s: 283886/853905 | map: 3590 tracked, 2583 hot
[JIT] Stats: 10747904 sends, 3414 compiled, 485070 failed, 13956/16384 KB code | IC: 1771339/2129609 (83% hit, 31349 patched, 0 stale) | J2J-r: 0/0 J2J-a: 1394518/1974385 J2J-d: 25558 J2J-s: 288291/860282 | map: 3590 tracked, 2583 hot
[JIT] Stats: 10813440 sends, 3414 compiled, 489609 failed, 13956/16384 KB code | IC: 1785020/2143306 (83% hit, 31365 patched, 0 stale) | J2J-r: 0/0 J2J-a: 1403629/1988082 J2J-d: 25567 J2J-s: 288310/864887 | map: 3590 tracked, 2583 hot
[JIT] Stats: 10878976 sends, 3414 compiled, 493215 failed, 13956/16384 KB code | IC: 1796627/2158412 (83% hit, 31760 patched, 0 stale) | J2J-r: 0/0 J2J-a: 1414482/2001507 J2J-d: 25840 J2J-s: 292226/871304 | map: 3590 tracked, 2583 hot
[JIT] Stats: 10944512 sends, 3414 compiled, 496432 failed, 13956/16384 KB code | IC: 1808607/2171743 (83% hit, 31832 patched, 0 stale) | J2J-r: 0/0 J2J-a: 1423435/2014836 J2J-d: 25891 J2J-s: 292425/875876 | map: 3590 tracked, 2583 hot
[JIT] Stats: 11010048 sends, 3414 compiled, 500460 failed, 13956/16384 KB code | IC: 1821196/2185793 (83% hit, 31997 patched, 0 stale) | J2J-r: 0/0 J2J-a: 1433157/2028226 J2J-d: 26011 J2J-s: 294116/881198 | map: 3590 tracked, 2583 hot
[JIT] Stats: 11075584 sends, 3415 compiled, 502815 failed, 13977/16384 KB code | IC: 1831331/2198557 (83% hit, 32309 patched, 0 stale) | J2J-r: 0/0 J2J-a: 1442297/2040374 J2J-d: 26226 J2J-s: 296419/886472 | map: 3590 tracked, 2583 hot
[JIT] Stats: 11141120 sends, 3415 compiled, 507475 failed, 13977/16384 KB code | IC: 1845382/2212609 (83% hit, 32310 patched, 0 stale) | J2J-r: 0/0 J2J-a: 1451645/2054426 J2J-d: 26227 J2J-s: 296440/891197 | map: 3590 tracked, 2583 hot
[JIT] Stats: 11206656 sends, 3415 compiled, 509783 failed, 13977/16384 KB code | IC: 1855372/2227122 (83% hit, 32762 patched, 0 stale) | J2J-r: 0/0 J2J-a: 1462462/2067253 J2J-d: 26544 J2J-s: 300930/897623 | map: 3590 tracked, 2583 hot
[JIT] Stats: 11272192 sends, 3415 compiled, 514276 failed, 13977/16384 KB code | IC: 1868927/2240693 (83% hit, 32778 patched, 0 stale) | J2J-r: 0/0 J2J-a: 1471485/2080824 J2J-d: 26553 J2J-s: 300952/902193 | map: 3590 tracked, 2583 hot
[JIT] Stats: 11337728 sends, 3417 compiled, 517686 failed, 13984/16384 KB code | IC: 1880186/2254896 (83% hit, 33183 patched, 0 stale) | J2J-r: 0/0 J2J-a: 1481688/2093628 J2J-d: 26836 J2J-s: 304541/908311 | map: 3590 tracked, 2583 hot
[JIT] Stats: 11403264 sends, 3417 compiled, 520696 failed, 13984/16384 KB code | IC: 1891946/2268080 (83% hit, 33256 patched, 0 stale) | J2J-r: 0/0 J2J-a: 1490655/2106810 J2J-d: 26888 J2J-s: 304917/912899 | map: 3590 tracked, 2583 hot
[JIT] Stats: 11468800 sends, 3417 compiled, 524782 failed, 13984/16384 KB code | IC: 1904672/2282509 (83% hit, 33423 patched, 0 stale) | J2J-r: 0/0 J2J-a: 1500700/2120488 J2J-d: 27006 J2J-s: 306693/918275 | map: 3590 tracked, 2583 hot
[JIT] Stats: 11534336 sends, 3417 compiled, 527550 failed, 13984/16384 KB code | IC: 1915655/2296396 (83% hit, 33715 patched, 0 stale) | J2J-r: 0/0 J2J-a: 1510422/2133482 J2J-d: 27204 J2J-s: 309014/923828 | map: 3590 tracked, 2583 hot
[JIT] Stats: 11599872 sends, 3417 compiled, 532212 failed, 13984/16384 KB code | IC: 1929707/2310449 (83% hit, 33716 patched, 0 stale) | J2J-r: 0/0 J2J-a: 1519772/2147535 J2J-d: 27205 J2J-s: 309033/928550 | map: 3590 tracked, 2583 hot
[JIT] Stats: 11665408 sends, 3417 compiled, 534111 failed, 13984/16384 KB code | IC: 1939529/2324501 (83% hit, 34207 patched, 0 stale) | J2J-r: 0/0 J2J-a: 1529799/2160245 J2J-d: 27557 J2J-s: 313353/935479 | map: 3590 tracked, 2583 hot
[JIT] Stats: 11730944 sends, 3417 compiled, 538269 failed, 13984/16384 KB code | IC: 1952493/2337694 (83% hit, 34226 patched, 0 stale) | J2J-r: 0/0 J2J-a: 1538570/2173437 J2J-d: 27568 J2J-s: 313376/939922 | map: 3590 tracked, 2583 hot
[JIT] Stats: 11796480 sends, 3418 compiled, 541998 failed, 13986/16384 KB code | IC: 1964215/2351937 (83% hit, 34513 patched, 0 stale) | J2J-r: 0/0 J2J-a: 1548807/2186333 J2J-d: 27774 J2J-s: 316718/945866 | map: 3590 tracked, 2583 hot
[JIT] Stats: 11862016 sends, 3418 compiled, 545058 failed, 13986/16384 KB code | IC: 1975703/2364853 (83% hit, 34696 patched, 0 stale) | J2J-r: 0/0 J2J-a: 1557730/2199211 J2J-d: 27895 J2J-s: 317498/950586 | map: 3590 tracked, 2583 hot
[JIT] Stats: 11927552 sends, 3418 compiled, 549391 failed, 13986/16384 KB code | IC: 1988916/2379597 (83% hit, 34815 patched, 0 stale) | J2J-r: 0/0 J2J-a: 1567945/2213251 J2J-d: 27981 J2J-s: 319001/955901 | map: 3590 tracked, 2583 hot
[JIT] Stats: 11993088 sends, 3419 compiled, 551486 failed, 13988/16384 KB code | IC: 1998870/2392937 (83% hit, 35174 patched, 0 stale) | J2J-r: 0/0 J2J-a: 1577544/2225616 J2J-d: 28229 J2J-s: 321993/961598 | map: 3590 tracked, 2583 hot
[JIT] Stats: 12058624 sends, 3419 compiled, 556149 failed, 13988/16384 KB code | IC: 2012918/2406987 (83% hit, 35176 patched, 0 stale) | J2J-r: 0/0 J2J-a: 1586893/2239667 J2J-d: 28231 J2J-s: 322010/966317 | map: 3590 tracked, 2583 hot
[JIT] Stats: 12124160 sends, 3421 compiled, 558837 failed, 14047/16384 KB code | IC: 2023052/2420503 (83% hit, 35623 patched, 0 stale) | J2J-r: 0/0 J2J-a: 1596911/2251931 J2J-d: 28544 J2J-s: 325973/972454 | map: 3590 tracked, 2583 hot
[JIT] Stats: 12189696 sends, 3421 compiled, 562877 failed, 14047/16384 KB code | IC: 2035896/2433693 (83% hit, 35643 patched, 0 stale) | J2J-r: 0/0 J2J-a: 1605681/2265122 J2J-d: 28556 J2J-s: 325995/976896 | map: 3590 tracked, 2583 hot
[JIT] Stats: 12255232 sends, 3421 compiled, 566626 failed, 14047/16384 KB code | IC: 2047959/2448720 (83% hit, 35879 patched, 0 stale) | J2J-r: 0/0 J2J-a: 1616418/2278609 J2J-d: 28724 J2J-s: 329416/983010 | map: 3590 tracked, 2583 hot
[JIT] Stats: 12320768 sends, 3421 compiled, 569286 failed, 14047/16384 KB code | IC: 2059002/2461664 (83% hit, 36121 patched, 0 stale) | J2J-r: 0/0 J2J-a: 1625431/2291413 J2J-d: 28889 J2J-s: 330481/987849 | map: 3590 tracked, 2583 hot
[JIT] Stats: 12386304 sends, 3421 compiled, 573673 failed, 14047/16384 KB code | IC: 2072071/2475637 (83% hit, 36207 patched, 0 stale) | J2J-r: 0/0 J2J-a: 1635123/2304982 J2J-d: 28953 J2J-s: 331607/992845 | map: 3590 tracked, 2583 hot
[JIT] Stats: 12451840 sends, 3422 compiled, 576056 failed, 14049/16384 KB code | IC: 2082052/2488266 (83% hit, 36587 patched, 0 stale) | J2J-r: 0/0 J2J-a: 1644211/2316768 J2J-d: 29214 J2J-s: 334497/998366 | map: 3590 tracked, 2583 hot
[JIT] Stats: 12517376 sends, 3422 compiled, 580716 failed, 14049/16384 KB code | IC: 2096099/2502315 (83% hit, 36589 patched, 0 stale) | J2J-r: 0/0 J2J-a: 1653557/2330818 J2J-d: 29216 J2J-s: 334517/1003090 | map: 3590 tracked, 2583 hot
[JIT] Stats: 12582912 sends, 3422 compiled, 583155 failed, 14049/16384 KB code | IC: 2106204/2516247 (83% hit, 37046 patched, 0 stale) | J2J-r: 0/0 J2J-a: 1663705/2343519 J2J-d: 29538 J2J-s: 338168/1009221 | map: 3590 tracked, 2583 hot
[JIT] Stats: 12648448 sends, 3422 compiled, 587181 failed, 14049/16384 KB code | IC: 2119033/2529435 (83% hit, 37066 patched, 0 stale) | J2J-r: 0/0 J2J-a: 1672474/2356707 J2J-d: 29550 J2J-s: 338191/1013662 | map: 3590 tracked, 2583 hot
[JIT] Stats: 12713984 sends, 3422 compiled, 590880 failed, 14049/16384 KB code | IC: 2130627/2543095 (83% hit, 37307 patched, 0 stale) | J2J-r: 0/0 J2J-a: 1682228/2369256 J2J-d: 29724 J2J-s: 341145/1019355 | map: 3590 tracked, 2583 hot
[JIT] Stats: 12779520 sends, 3422 compiled, 593991 failed, 14049/16384 KB code | IC: 2142323/2556507 (83% hit, 37525 patched, 0 stale) | J2J-r: 0/0 J2J-a: 1691324/2382528 J2J-d: 29869 J2J-s: 341841/1024210 | map: 3590 tracked, 2583 hot
[JIT] Stats: 12845056 sends, 3422 compiled, 598359 failed, 14049/16384 KB code | IC: 2155393/2570623 (83% hit, 37621 patched, 0 stale) | J2J-r: 0/0 J2J-a: 1701126/2396171 J2J-d: 29940 J2J-s: 343081/1029284 | map: 3590 tracked, 2583 hot
[JIT] Stats: 12910592 sends, 3424 compiled, 600088 failed, 14052/16384 KB code | IC: 2165097/2583721 (83% hit, 38041 patched, 0 stale) | J2J-r: 0/0 J2J-a: 1710156/2408367 J2J-d: 30238 J2J-s: 346183/1035484 | map: 3590 tracked, 2583 hot
[JIT] Stats: 12976128 sends, 3424 compiled, 604747 failed, 14052/16384 KB code | IC: 2179145/2597771 (83% hit, 38043 patched, 0 stale) | J2J-r: 0/0 J2J-a: 1719500/2422417 J2J-d: 30240 J2J-s: 346203/1040210 | map: 3590 tracked, 2583 hot
[JIT] Stats: 13041664 sends, 3424 compiled, 607785 failed, 14052/16384 KB code | IC: 2189897/2611892 (83% hit, 38485 patched, 0 stale) | J2J-r: 0/0 J2J-a: 1729965/2435055 J2J-d: 30549 J2J-s: 350413/1046520 | map: 3590 tracked, 2583 hot
[JIT] Stats: 13107200 sends, 3424 compiled, 611508 failed, 14052/16384 KB code | IC: 2202424/2625083 (83% hit, 38505 patched, 0 stale) | J2J-r: 0/0 J2J-a: 1738736/2448246 J2J-d: 30561 J2J-s: 350434/1050960 | map: 3590 tracked, 2583 hot
[JIT] Stats: 13172736 sends, 3424 compiled, 615189 failed, 14052/16384 KB code | IC: 2213919/2638297 (83% hit, 38746 patched, 0 stale) | J2J-r: 0/0 J2J-a: 1748096/2460694 J2J-d: 30736 J2J-s: 352714/1056271 | map: 3590 tracked, 2583 hot
[JIT] Stats: 13238272 sends, 3424 compiled, 618776 failed, 14052/16384 KB code | IC: 2225943/2651662 (83% hit, 38984 patched, 0 stale) | J2J-r: 0/0 J2J-a: 1757483/2473593 J2J-d: 30897 J2J-s: 354412/1061464 | map: 3590 tracked, 2583 hot
[JIT] Stats: 13303808 sends, 3424 compiled, 623159 failed, 14052/16384 KB code | IC: 2239006/2665034 (84% hit, 39071 patched, 0 stale) | J2J-r: 0/0 J2J-a: 1766572/2486861 J2J-d: 30961 J2J-s: 354925/1066149 | map: 3590 tracked, 2583 hot
[JIT] Stats: 13369344 sends, 3424 compiled, 625544 failed, 14052/16384 KB code | IC: 2248996/2678294 (83% hit, 39451 patched, 0 stale) | J2J-r: 0/0 J2J-a: 1776276/2498982 J2J-d: 31224 J2J-s: 358410/1071985 | map: 3590 tracked, 2583 hot
[JIT] Stats: 13434880 sends, 3424 compiled, 630203 failed, 14052/16384 KB code | IC: 2263043/2692345 (84% hit, 39455 patched, 0 stale) | J2J-r: 0/0 J2J-a: 1785620/2513033 J2J-d: 31227 J2J-s: 358430/1076712 | map: 3590 tracked, 2583 hot
[JIT] Stats: 13500416 sends, 3424 compiled, 632995 failed, 14052/16384 KB code | IC: 2273390/2705718 (84% hit, 39984 patched, 0 stale) | J2J-r: 0/0 J2J-a: 1795586/2525171 J2J-d: 31595 J2J-s: 362399/1082781 | map: 1997 tracked, 891 hot
[JIT] Stats: 13565952 sends, 3424 compiled, 636689 failed, 14052/16384 KB code | IC: 2285888/2718910 (84% hit, 40004 patched, 0 stale) | J2J-r: 0/0 J2J-a: 1804358/2538363 J2J-d: 31607 J2J-s: 362419/1087220 | map: 1999 tracked, 899 hot
[JIT] Stats: 13631488 sends, 3424 compiled, 640378 failed, 14052/16384 KB code | IC: 2297378/2732080 (84% hit, 40243 patched, 0 stale) | J2J-r: 0/0 J2J-a: 1813683/2550803 J2J-d: 31782 J2J-s: 364628/1092487 | map: 2056 tracked, 956 hot
[JIT] Stats: 13697024 sends, 3424 compiled, 644737 failed, 14052/16384 KB code | IC: 2310393/2745977 (84% hit, 40465 patched, 0 stale) | J2J-r: 0/0 J2J-a: 1823265/2564205 J2J-d: 31931 J2J-s: 366095/1097757 | map: 2062 tracked, 1050 hot
[JIT] Stats: 13762560 sends, 3424 compiled, 649126 failed, 14052/16384 KB code | IC: 2323451/2759392 (84% hit, 40550 patched, 0 stale) | J2J-r: 0/0 J2J-a: 1832408/2577489 J2J-d: 31995 J2J-s: 366667/1102463 | map: 2062 tracked, 1085 hot
[JIT] Stats: 13828096 sends, 3425 compiled, 650902 failed, 14065/16384 KB code | IC: 2333377/2773842 (84% hit, 40970 patched, 0 stale) | J2J-r: 0/0 J2J-a: 1842566/2590468 J2J-d: 32293 J2J-s: 370557/1109105 | map: 2095 tracked, 1141 hot
[JIT] Stats: 13893632 sends, 3425 compiled, 655561 failed, 14065/16384 KB code | IC: 2347423/2787892 (84% hit, 40974 patched, 0 stale) | J2J-r: 0/0 J2J-a: 1851910/2604518 J2J-d: 32296 J2J-s: 370577/1113831 | map: 2095 tracked, 1141 hot
[JIT] Stats: 13959168 sends, 3425 compiled, 658864 failed, 14065/16384 KB code | IC: 2358673/2802826 (84% hit, 41412 patched, 0 stale) | J2J-r: 0/0 J2J-a: 1862842/2617765 J2J-d: 32604 J2J-s: 374870/1120365 | map: 2095 tracked, 1148 hot
[JIT] Stats: 14024704 sends, 3425 compiled, 662343 failed, 14065/16384 KB code | IC: 2370953/2816015 (84% hit, 41432 patched, 0 stale) | J2J-r: 0/0 J2J-a: 1871613/2630954 J2J-d: 32616 J2J-s: 374890/1124802 | map: 2095 tracked, 1148 hot
[JIT] Stats: 14090240 sends, 3425 compiled, 666219 failed, 14065/16384 KB code | IC: 2383447/2831048 (84% hit, 41639 patched, 0 stale) | J2J-r: 0/0 J2J-a: 1882185/2644834 J2J-d: 32768 J2J-s: 377482/1130647 | map: 2095 tracked, 1148 hot
[JIT] Stats: 14155776 sends, 3425 compiled, 668755 failed, 14065/16384 KB code | IC: 2394207/2844010 (84% hit, 41897 patched, 0 stale) | J2J-r: 0/0 J2J-a: 1891343/2657254 J2J-d: 32941 J2J-s: 379345/1135754 | map: 2095 tracked, 1148 hot
[JIT] Stats: 14221312 sends, 3425 compiled, 673140 failed, 14065/16384 KB code | IC: 2407451/2857487 (84% hit, 41981 patched, 0 stale) | J2J-r: 0/0 J2J-a: 1900356/2670662 J2J-d: 33004 J2J-s: 379597/1140394 | map: 2095 tracked, 1148 hot
[JIT] Stats: 14286848 sends, 3426 compiled, 675576 failed, 14067/16384 KB code | IC: 2417513/2871155 (84% hit, 42358 patched, 0 stale) | J2J-r: 0/0 J2J-a: 1910282/2683159 J2J-d: 33264 J2J-s: 383013/1146314 | map: 2095 tracked, 1148 hot
[JIT] Stats: 14352384 sends, 3426 compiled, 680235 failed, 14067/16384 KB code | IC: 2431558/2885203 (84% hit, 42361 patched, 0 stale) | J2J-r: 0/0 J2J-a: 1919627/2697208 J2J-d: 33266 J2J-s: 383033/1151038 | map: 2095 tracked, 1148 hot
[DNU-STACK] Full call stack for #suspend (DNU #6):
[DNU-STACK]   [0] SUnitRunner class>>runSingleTest:selector:timeout:priority:on:
[DNU-STACK]   [1] FullBlockClosure>>on:do:
[DNU-STACK]   [2] Process>>unwindTo:
[DNU-STACK]   [current] #suspend fd=2
[SISTA-RING] tag=suspend seq=705845 count=32:
  [0] #atEnd                        RET   rcvr=0x47319ee78 ret/top=0x300000010 bailOp=0x00 argc=0 spΔ=0
  [1] #atEnd                        RET   rcvr=0x47319ee78 ret/top=0x300000010 bailOp=0x00 argc=0 spΔ=0
  [2] #max:                         RET   rcvr=0x1379 ret/top=0x1379 bailOp=0x00 argc=0 spΔ=0
  [3] #atEnd                        RET   rcvr=0x47319ee78 ret/top=0x300000010 bailOp=0x00 argc=0 spΔ=0
  [4] #isEmpty                      RET   rcvr=0x4731cc498 ret/top=0x300000020 bailOp=0x00 argc=0 spΔ=0
  [5] #messageNodeClass             RET   rcvr=0x47319edc8 ret/top=0x3000b64d8 bailOp=0x00 argc=0 spΔ=0
  [6] #receiver                     RET   rcvr=0x4731d4a88 ret/top=0x4731d4520 bailOp=0x00 argc=0 spΔ=0
  [7] #sender                       RET   rcvr=0x4731d4a88 ret/top=0x4731d4948 bailOp=0x00 argc=0 spΔ=0
  [8] #max:                         RET   rcvr=0x131 ret/top=0x131 bailOp=0x00 argc=0 spΔ=0
  [9] #size                         RET   rcvr=0x4731d3bc0 ret/top=0x1 bailOp=0x00 argc=0 spΔ=0
  [10] #size                         RET   rcvr=0x4731d3bc0 ret/top=0x1 bailOp=0x00 argc=0 spΔ=0
  [11] #size                         RET   rcvr=0x4731d3bc0 ret/top=0x1 bailOp=0x00 argc=0 spΔ=0
  [12] #size                         RET   rcvr=0x4731d3bc0 ret/top=0x1 bailOp=0x00 argc=0 spΔ=0
  [13] #size                         RET   rcvr=0x3040b31b0 ret/top=0x1 bailOp=0x00 argc=0 spΔ=0
  [14] #arrayType                    RET   rcvr=0x3000178d0 ret/top=0x3000164b0 bailOp=0x00 argc=0 spΔ=0
  [15] #size                         RET   rcvr=0x3040b31b0 ret/top=0x1 bailOp=0x00 argc=0 spΔ=0
  [16] #size                         RET   rcvr=0x4731d3bc0 ret/top=0x1 bailOp=0x00 argc=0 spΔ=0
  [17] #size                         RET   rcvr=0x47318b2a8 ret/top=0x1 bailOp=0x00 argc=0 spΔ=0
  [18] #size                         RET   rcvr=0x47318b2a8 ret/top=0x1 bailOp=0x00 argc=0 spΔ=0
  [19] #size                         RET   rcvr=0x47318b2a8 ret/top=0x1 bailOp=0x00 argc=0 spΔ=0
  [20] #size                         RET   rcvr=0x47318b2a8 ret/top=0x1 bailOp=0x00 argc=0 spΔ=0
  [21] #size                         RET   rcvr=0x30409a7d8 ret/top=0x1 bailOp=0x00 argc=0 spΔ=0
  [22] #arrayType                    RET   rcvr=0x3000178d0 ret/top=0x3000164b0 bailOp=0x00 argc=0 spΔ=0
  [23] #size                         RET   rcvr=0x30409a7d8 ret/top=0x1 bailOp=0x00 argc=0 spΔ=0
  [24] #size                         RET   rcvr=0x47318b2a8 ret/top=0x1 bailOp=0x00 argc=0 spΔ=0
  [25] #max:                         RET   rcvr=0x6c1 ret/top=0x6c1 bailOp=0x00 argc=0 spΔ=0
  [26] #max:                         RET   rcvr=0x1 ret/top=0x139 bailOp=0x00 argc=0 spΔ=0
  [27] #activeHand                   RET   rcvr=0x300f56f28 ret/top=0x300ff6c10 bailOp=0x00 argc=0 spΔ=0
  [28] #arrayType                    RET   rcvr=0x3000178d0 ret/top=0x3000164b0 bailOp=0x00 argc=0 spΔ=0
  [29] #instanceVariablesToKeep      RET   rcvr=0x303ffb090 ret/top=0x3005a6960 bailOp=0x00 argc=0 spΔ=0
  [30] #instanceVariablesToKeep      RET   rcvr=0x303ffb090 ret/top=0x3005a6960 bailOp=0x00 argc=0 spΔ=0
  [31] #instanceVariablesToKeep      RET   rcvr=0x303ffb090 ret/top=0x3005a6960 bailOp=0x00 argc=0 spΔ=0
[DNU] #6: #suspend not understood by rcvr=0x300000000 argCount=0 fd=2 in #suspend P80
[DNU]   rcvr cls=3075 fmt=0 class=nil
[DNU] 1MB-aligned check: rcvr=0x300000000 classAtIdx(3075).isNil=0 trap_env=0
[SISTA] hits=705893/7340032 cache=564 disp=705845 ret=705244 send=601 unk=0
[JIT] Stats: 14417920 sends, 3427 compiled, 683087 failed, 14080/16384 KB code | IC: 2442304/2899286 (84% hit, 42921 patched, 0 stale) | J2J-r: 0/0 J2J-a: 1929111/2709644 J2J-d: 33677 J2J-s: 387135/1158014 | map: 2342 tracked, 1278 hot
[JIT] Stats: 14483456 sends, 3427 compiled, 685277 failed, 14080/16384 KB code | IC: 2453457/2912895 (84% hit, 43013 patched, 0 stale) | J2J-r: 0/0 J2J-a: 1937996/2722803 J2J-d: 33744 J2J-s: 388555/1163697 | map: 2350 tracked, 1299 hot
[JIT] Stats: 14548992 sends, 3427 compiled, 689663 failed, 14080/16384 KB code | IC: 2466602/2926264 (84% hit, 43100 patched, 0 stale) | J2J-r: 0/0 J2J-a: 1946998/2736105 J2J-d: 33808 J2J-s: 388904/1168339 | map: 2350 tracked, 1299 hot
[JIT] Stats: 14614528 sends, 3427 compiled, 692073 failed, 14080/16384 KB code | IC: 2476883/2940904 (84% hit, 43475 patched, 0 stale) | J2J-r: 0/0 J2J-a: 1957513/2749268 J2J-d: 34066 J2J-s: 392528/1174545 | map: 2350 tracked, 1299 hot
[JIT] Stats: 14680064 sends, 3427 compiled, 696734 failed, 14080/16384 KB code | IC: 2490929/2954952 (84% hit, 43477 patched, 0 stale) | J2J-r: 0/0 J2J-a: 1966859/2763317 J2J-d: 34068 J2J-s: 392546/1179266 | map: 2350 tracked, 1299 hot
[JIT] Stats: 14745600 sends, 3427 compiled, 699980 failed, 14080/16384 KB code | IC: 2501684/2968751 (84% hit, 43930 patched, 0 stale) | J2J-r: 0/0 J2J-a: 1976847/2775881 J2J-d: 34391 J2J-s: 396143/1185367 | map: 2350 tracked, 1299 hot
[JIT] Stats: 14811136 sends, 3427 compiled, 704349 failed, 14080/16384 KB code | IC: 2514853/2981940 (84% hit, 43950 patched, 0 stale) | J2J-r: 0/0 J2J-a: 1985619/2789070 J2J-d: 34403 J2J-s: 396163/1189803 | map: 2350 tracked, 1299 hot
[JIT] Stats: 14876672 sends, 3429 compiled, 708155 failed, 14104/16384 KB code | IC: 2527101/2996508 (84% hit, 44157 patched, 0 stale) | J2J-r: 0/0 J2J-a: 1995828/2802574 J2J-d: 34555 J2J-s: 398644/1195522 | map: 2350 tracked, 1299 hot
[JIT] Stats: 14942208 sends, 3429 compiled, 711107 failed, 14104/16384 KB code | IC: 2538307/3009986 (84% hit, 44403 patched, 0 stale) | J2J-r: 0/0 J2J-a: 2005070/2815518 J2J-d: 34720 J2J-s: 400140/1200703 | map: 2350 tracked, 1299 hot
[JIT] Stats: 15007744 sends, 3429 compiled, 715492 failed, 14104/16384 KB code | IC: 2551523/3023437 (84% hit, 44488 patched, 0 stale) | J2J-r: 0/0 J2J-a: 2014083/2828899 J2J-d: 34783 J2J-s: 400422/1205346 | map: 2350 tracked, 1299 hot
[JIT] Stats: 15073280 sends, 3432 compiled, 717551 failed, 14116/16384 KB code | IC: 2561298/3037843 (84% hit, 44885 patched, 0 stale) | J2J-r: 0/0 J2J-a: 2024595/2841864 J2J-d: 35062 J2J-s: 404200/1211513 | map: 2350 tracked, 1299 hot
[JIT] Stats: 15138816 sends, 3432 compiled, 722212 failed, 14116/16384 KB code | IC: 2575345/3051893 (84% hit, 44888 patched, 0 stale) | J2J-r: 0/0 J2J-a: 2033941/2855914 J2J-d: 35064 J2J-s: 404218/1216235 | map: 2350 tracked, 1299 hot
[JIT] Stats: 15204352 sends, 3433 compiled, 725563 failed, 14127/16384 KB code | IC: 2586273/3065721 (84% hit, 45339 patched, 0 stale) | J2J-r: 0/0 J2J-a: 2044224/2868396 J2J-d: 35384 J2J-s: 408274/1222417 | map: 2350 tracked, 1299 hot
[JIT] Stats: 15269888 sends, 3433 compiled, 728992 failed, 14127/16384 KB code | IC: 2598501/3078882 (84% hit, 45361 patched, 0 stale) | J2J-r: 0/0 J2J-a: 2052992/2881556 J2J-d: 35397 J2J-s: 408320/1226854 | map: 2350 tracked, 1299 hot
[JIT] Stats: 15335424 sends, 3433 compiled, 732847 failed, 14127/16384 KB code | IC: 2610591/3092609 (84% hit, 45570 patched, 0 stale) | J2J-r: 0/0 J2J-a: 2062622/2894567 J2J-d: 35551 J2J-s: 410412/1232271 | map: 2350 tracked, 1299 hot
[JIT] Stats: 15400960 sends, 3433 compiled, 736295 failed, 14127/16384 KB code | IC: 2622086/3105536 (84% hit, 45832 patched, 0 stale) | J2J-r: 0/0 J2J-a: 2071748/2906969 J2J-d: 35729 J2J-s: 412262/1237380 | map: 2350 tracked, 1299 hot
[JIT] Stats: 15466496 sends, 3433 compiled, 740688 failed, 14127/16384 KB code | IC: 2635402/3119051 (84% hit, 45908 patched, 0 stale) | J2J-r: 0/0 J2J-a: 2080739/2920428 J2J-d: 35785 J2J-s: 412432/1242012 | map: 2351 tracked, 1300 hot
[JIT] Stats: 15532032 sends, 3435 compiled, 743118 failed, 14135/16384 KB code | IC: 2645668/3133942 (84% hit, 46295 patched, 0 stale) | J2J-r: 0/0 J2J-a: 2091535/2933700 J2J-d: 36051 J2J-s: 416367/1248355 | map: 2351 tracked, 1300 hot
[JIT] Stats: 15597568 sends, 3435 compiled, 747777 failed, 14135/16384 KB code | IC: 2659711/3147988 (84% hit, 46298 patched, 0 stale) | J2J-r: 0/0 J2J-a: 2100880/2947746 J2J-d: 36053 J2J-s: 416386/1253075 | map: 2351 tracked, 1300 hot
[JIT] Stats: 15663104 sends, 3435 compiled, 750761 failed, 14135/16384 KB code | IC: 2670184/3161527 (84% hit, 46751 patched, 0 stale) | J2J-r: 0/0 J2J-a: 2110896/2960032 J2J-d: 36376 J2J-s: 420285/1259172 | map: 2351 tracked, 1300 hot
[JIT] Stats: 15728640 sends, 3435 compiled, 754153 failed, 14135/16384 KB code | IC: 2682368/3174652 (84% hit, 46773 patched, 0 stale) | J2J-r: 0/0 J2J-a: 2119661/2973157 J2J-d: 36389 J2J-s: 420358/1263604 | map: 2351 tracked, 1300 hot
[JIT] Stats: 15794176 sends, 3435 compiled, 758003 failed, 14135/16384 KB code | IC: 2694471/3188395 (84% hit, 46988 patched, 0 stale) | J2J-r: 0/0 J2J-a: 2129276/2986183 J2J-d: 36549 J2J-s: 422407/1269008 | map: 2351 tracked, 1300 hot
[JIT] Stats: 15859712 sends, 3436 compiled, 760919 failed, 14138/16384 KB code | IC: 2705416/3201360 (84% hit, 47241 patched, 0 stale) | J2J-r: 0/0 J2J-a: 2138425/2998615 J2J-d: 36718 J2J-s: 424242/1274109 | map: 2351 tracked, 1300 hot
[JIT] Stats: 15925248 sends, 3436 compiled, 765323 failed, 14138/16384 KB code | IC: 2718760/3214915 (84% hit, 47322 patched, 0 stale) | J2J-r: 0/0 J2J-a: 2147447/3012108 J2J-d: 36778 J2J-s: 424415/1278747 | map: 2351 tracked, 1300 hot
[JIT] Stats: 15990784 sends, 3437 compiled, 768590 failed, 14142/16384 KB code | IC: 2729537/3228402 (84% hit, 47704 patched, 0 stale) | J2J-r: 0/0 J2J-a: 2157243/3024417 J2J-d: 37044 J2J-s: 427858/1284636 | map: 2351 tracked, 1300 hot
[JIT] Stats: 16056320 sends, 3437 compiled, 773252 failed, 14142/16384 KB code | IC: 2743581/3242450 (84% hit, 47708 patched, 0 stale) | J2J-r: 0/0 J2J-a: 2166590/3038464 J2J-d: 37047 J2J-s: 427875/1289353 | map: 2351 tracked, 1300 hot
[JIT] Stats: 16121856 sends, 3437 compiled, 776948 failed, 14142/16384 KB code | IC: 2754963/3256395 (84% hit, 48144 patched, 0 stale) | J2J-r: 0/0 J2J-a: 2176743/3051172 J2J-d: 37355 J2J-s: 431516/1295477 | map: 2351 tracked, 1300 hot
[JIT] Stats: 16187392 sends, 3437 compiled, 781317 failed, 14142/16384 KB code | IC: 2768132/3269584 (84% hit, 48164 patched, 0 stale) | J2J-r: 0/0 J2J-a: 2185515/3064361 J2J-d: 37367 J2J-s: 431536/1299913 | map: 2351 tracked, 1300 hot
[JIT] Stats: 16252928 sends, 3437 compiled, 785163 failed, 14142/16384 KB code | IC: 2780133/3283231 (84% hit, 48380 patched, 0 stale) | J2J-r: 0/0 J2J-a: 2195129/3077296 J2J-d: 37527 J2J-s: 433668/1305310 | map: 2351 tracked, 1300 hot
[JIT] Stats: 16318464 sends, 3437 compiled, 787290 failed, 14142/16384 KB code | IC: 2790817/3296610 (84% hit, 48672 patched, 0 stale) | J2J-r: 0/0 J2J-a: 2204028/3090026 J2J-d: 37730 J2J-s: 435815/1311271 | map: 2351 tracked, 1300 hot
[JIT] Stats: 16384000 sends, 3437 compiled, 791952 failed, 14142/16384 KB code | IC: 2804870/3310664 (84% hit, 48673 patched, 0 stale) | J2J-r: 0/0 J2J-a: 2213378/3104080 J2J-d: 37731 J2J-s: 435834/1315994 | map: 2351 tracked, 1300 hot
[JIT] Stats: 16449536 sends, 3437 compiled, 794146 failed, 14142/16384 KB code | IC: 2814364/3324286 (84% hit, 49121 patched, 0 stale) | J2J-r: 0/0 J2J-a: 2223428/3116257 J2J-d: 38045 J2J-s: 439880/1322092 | map: 2351 tracked, 1300 hot
[JIT] Stats: 16515072 sends, 3437 compiled, 798714 failed, 14142/16384 KB code | IC: 2828142/3338080 (84% hit, 49137 patched, 0 stale) | J2J-r: 0/0 J2J-a: 2232599/3130050 J2J-d: 38054 J2J-s: 439902/1326736 | map: 2351 tracked, 1300 hot
[JIT] Stats: 16580608 sends, 3437 compiled, 802072 failed, 14142/16384 KB code | IC: 2839520/3353232 (84% hit, 49536 patched, 0 stale) | J2J-r: 0/0 J2J-a: 2243439/3143480 J2J-d: 38334 J2J-s: 443834/1333188 | map: 2351 tracked, 1300 hot
[JIT] Stats: 16646144 sends, 3437 compiled, 805101 failed, 14142/16384 KB code | IC: 2851303/3366352 (84% hit, 49608 patched, 0 stale) | J2J-r: 0/0 J2J-a: 2252383/3156599 J2J-d: 38385 J2J-s: 444229/1337755 | map: 2351 tracked, 1300 hot
[JIT] Stats: 16711680 sends, 3437 compiled, 809146 failed, 14142/16384 KB code | IC: 2864092/3381032 (84% hit, 49764 patched, 0 stale) | J2J-r: 0/0 J2J-a: 2262556/3170414 J2J-d: 38496 J2J-s: 446118/1343251 | map: 2351 tracked, 1300 hot
[JIT] Stats: 16777216 sends, 3437 compiled, 811877 failed, 14142/16384 KB code | IC: 2874825/3394452 (84% hit, 50065 patched, 0 stale) | J2J-r: 0/0 J2J-a: 2272123/3183000 J2J-d: 38703 J2J-s: 448614/1348728 | map: 2351 tracked, 1300 hot
[JIT] Stats: 16842752 sends, 3437 compiled, 816537 failed, 14142/16384 KB code | IC: 2888879/3408507 (84% hit, 50066 patched, 0 stale) | J2J-r: 0/0 J2J-a: 2281471/3197054 J2J-d: 38704 J2J-s: 448635/1353455 | map: 2351 tracked, 1300 hot
[JIT] Stats: 16908288 sends, 3437 compiled, 818465 failed, 14142/16384 KB code | IC: 2898509/3423066 (84% hit, 50527 patched, 0 stale) | J2J-r: 0/0 J2J-a: 2292256/3209919 J2J-d: 39030 J2J-s: 453062/1359888 | map: 2351 tracked, 1300 hot
[JIT] Stats: 16973824 sends, 3437 compiled, 822942 failed, 14142/16384 KB code | IC: 2912008/3436581 (84% hit, 50543 patched, 0 stale) | J2J-r: 0/0 J2J-a: 2301244/3223434 J2J-d: 39039 J2J-s: 453082/1364435 | map: 2351 tracked, 1300 hot
[JIT] Stats: 17039360 sends, 3438 compiled, 826417 failed, 14150/16384 KB code | IC: 2922985/3450210 (84% hit, 50936 patched, 0 stale) | J2J-r: 0/0 J2J-a: 2310987/3235809 J2J-d: 39316 J2J-s: 456440/1370355 | map: 2351 tracked, 1300 hot
[JIT] Stats: 17104896 sends, 3438 compiled, 829682 failed, 14150/16384 KB code | IC: 2934983/3463289 (84% hit, 51009 patched, 0 stale) | J2J-r: 0/0 J2J-a: 2320043/3248886 J2J-d: 39368 J2J-s: 457057/1374990 | map: 2351 tracked, 1300 hot
[JIT] Stats: 17170432 sends, 3438 compiled, 833791 failed, 14150/16384 KB code | IC: 2947834/3478021 (84% hit, 51165 patched, 0 stale) | J2J-r: 0/0 J2J-a: 2330281/3262775 J2J-d: 39479 J2J-s: 458872/1380427 | map: 2351 tracked, 1300 hot
[JIT] Stats: 17235968 sends, 3438 compiled, 836102 failed, 14150/16384 KB code | IC: 2958118/3491614 (84% hit, 51478 patched, 0 stale) | J2J-r: 0/0 J2J-a: 2339783/3275550 J2J-d: 39696 J2J-s: 461149/1385933 | map: 2351 tracked, 1300 hot
[JIT] Stats: 17301504 sends, 3438 compiled, 840763 failed, 14150/16384 KB code | IC: 2972170/3505667 (84% hit, 51479 patched, 0 stale) | J2J-r: 0/0 J2J-a: 2349132/3289603 J2J-d: 39697 J2J-s: 461169/1390657 | map: 2351 tracked, 1300 hot
[JIT] Stats: 17367040 sends, 3438 compiled, 843083 failed, 14150/16384 KB code | IC: 2981795/3518828 (84% hit, 51929 patched, 0 stale) | J2J-r: 0/0 J2J-a: 2358960/3301523 J2J-d: 40016 J2J-s: 465129/1396635 | map: 2351 tracked, 1300 hot
[JIT] Stats: 17432576 sends, 3438 compiled, 847526 failed, 14150/16384 KB code | IC: 2995190/3532239 (84% hit, 51945 patched, 0 stale) | J2J-r: 0/0 J2J-a: 2367880/3314934 J2J-d: 40025 J2J-s: 465149/1401146 | map: 2351 tracked, 1300 hot
[JIT] Stats: 17498112 sends, 3439 compiled, 850983 failed, 14156/16384 KB code | IC: 3006309/3545854 (84% hit, 52345 patched, 0 stale) | J2J-r: 0/0 J2J-a: 2377637/3327315 J2J-d: 40306 J2J-s: 468468/1407018 | map: 2351 tracked, 1300 hot
[JIT] Stats: 17563648 sends, 3439 compiled, 853997 failed, 14156/16384 KB code | IC: 3018122/3559362 (84% hit, 52420 patched, 0 stale) | J2J-r: 0/0 J2J-a: 2386797/3340822 J2J-d: 40359 J2J-s: 468809/1411703 | map: 2351 tracked, 1300 hot
[JIT] Stats: 17629184 sends, 3440 compiled, 858047 failed, 14162/16384 KB code | IC: 3030696/3573297 (84% hit, 52585 patched, 0 stale) | J2J-r: 0/0 J2J-a: 2396416/3354140 J2J-d: 40481 J2J-s: 470392/1416952 | map: 2351 tracked, 1300 hot
[JIT] Stats: 17694720 sends, 3440 compiled, 860813 failed, 14162/16384 KB code | IC: 3041415/3586442 (84% hit, 52879 patched, 0 stale) | J2J-r: 0/0 J2J-a: 2405638/3366645 J2J-d: 40680 J2J-s: 472441/1422244 | map: 2351 tracked, 1300 hot
[JIT] Stats: 17760256 sends, 3440 compiled, 865473 failed, 14162/16384 KB code | IC: 3055469/3600497 (84% hit, 52880 patched, 0 stale) | J2J-r: 0/0 J2J-a: 2414986/3380699 J2J-d: 40681 J2J-s: 472462/1426971 | map: 2351 tracked, 1300 hot
[JIT] Stats: 17825792 sends, 3440 compiled, 867361 failed, 14162/16384 KB code | IC: 3065314/3614666 (84% hit, 53364 patched, 0 stale) | J2J-r: 0/0 J2J-a: 2425044/3393484 J2J-d: 41031 J2J-s: 476760/1433923 | map: 2351 tracked, 1300 hot
[JIT] Stats: 17891328 sends, 3440 compiled, 871522 failed, 14162/16384 KB code | IC: 3078283/3627858 (84% hit, 53383 patched, 0 stale) | J2J-r: 0/0 J2J-a: 2433813/3406676 J2J-d: 41042 J2J-s: 476785/1438370 | map: 2351 tracked, 1300 hot
[JIT] Stats: 17956864 sends, 3440 compiled, 875233 failed, 14162/16384 KB code | IC: 3089831/3641615 (84% hit, 53666 patched, 0 stale) | J2J-r: 0/0 J2J-a: 2443688/3419224 J2J-d: 41248 J2J-s: 479956/1444158 | map: 2351 tracked, 1300 hot
[JIT] Stats: 18022400 sends, 3440 compiled, 879491 failed, 14162/16384 KB code | IC: 3102548/3654786 (84% hit, 53842 patched, 0 stale) | J2J-r: 0/0 J2J-a: 2452620/3432362 J2J-d: 41364 J2J-s: 480481/1448874 | map: 2351 tracked, 1300 hot
[JIT] Stats: 18087936 sends, 3440 compiled, 883790 failed, 14162/16384 KB code | IC: 3115497/3668879 (84% hit, 53966 patched, 0 stale) | J2J-r: 0/0 J2J-a: 2462384/3445950 J2J-d: 41458 J2J-s: 481787/1453989 | map: 2351 tracked, 1300 hot
[JIT] Stats: 18153472 sends, 3440 compiled, 885849 failed, 14162/16384 KB code | IC: 3125163/3681577 (84% hit, 54316 patched, 0 stale) | J2J-r: 0/0 J2J-a: 2471449/3457872 J2J-d: 41699 J2J-s: 484465/1459466 | map: 2351 tracked, 1300 hot
[JIT] Stats: 18219008 sends, 3440 compiled, 890510 failed, 14162/16384 KB code | IC: 3139213/3695628 (84% hit, 54317 patched, 0 stale) | J2J-r: 0/0 J2J-a: 2480796/3471923 J2J-d: 41700 J2J-s: 484485/1464190 | map: 2351 tracked, 1300 hot
[JIT] Stats: 18284544 sends, 3440 compiled, 893214 failed, 14162/16384 KB code | IC: 3149824/3710397 (84% hit, 54757 patched, 0 stale) | J2J-r: 0/0 J2J-a: 2491741/3485002 J2J-d: 42010 J2J-s: 488928/1470694 | map: 2351 tracked, 1300 hot
[JIT] Stats: 18350080 sends, 3440 compiled, 897303 failed, 14162/16384 KB code | IC: 3162718/3723587 (84% hit, 54777 patched, 0 stale) | J2J-r: 0/0 J2J-a: 2500510/3498192 J2J-d: 42022 J2J-s: 488951/1475137 | map: 2351 tracked, 1300 hot
[JIT] Stats: 18415616 sends, 3440 compiled, 901036 failed, 14162/16384 KB code | IC: 3174320/3737317 (84% hit, 55017 patched, 0 stale) | J2J-r: 0/0 J2J-a: 2510364/3510761 J2J-d: 42196 J2J-s: 492018/1480864 | map: 2351 tracked, 1300 hot
[JIT] Stats: 18481152 sends, 3440 compiled, 903693 failed, 14162/16384 KB code | IC: 3185349/3750189 (84% hit, 55258 patched, 0 stale) | J2J-r: 0/0 J2J-a: 2519304/3523555 J2J-d: 42361 J2J-s: 492949/1485632 | map: 2351 tracked, 1300 hot
[JIT] Stats: 18546688 sends, 3440 compiled, 908062 failed, 14162/16384 KB code | IC: 3198386/3764215 (84% hit, 55354 patched, 0 stale) | J2J-r: 0/0 J2J-a: 2529048/3537136 J2J-d: 42434 J2J-s: 494163/1490675 | map: 2351 tracked, 1300 hot
[JIT] Stats: 18612224 sends, 3440 compiled, 910487 failed, 14162/16384 KB code | IC: 3208454/3777191 (84% hit, 55725 patched, 0 stale) | J2J-r: 0/0 J2J-a: 2538104/3549330 J2J-d: 42690 J2J-s: 496566/1496149 | map: 2351 tracked, 1300 hot
[JIT] Stats: 18677760 sends, 3440 compiled, 915149 failed, 14162/16384 KB code | IC: 3222506/3791244 (84% hit, 55726 patched, 0 stale) | J2J-r: 0/0 J2J-a: 2547452/3563383 J2J-d: 42691 J2J-s: 496585/1500873 | map: 2351 tracked, 1300 hot
[JIT] Stats: 18743296 sends, 3441 compiled, 917442 failed, 14169/16384 KB code | IC: 3232407/3804685 (84% hit, 56176 patched, 0 stale) | J2J-r: 0/0 J2J-a: 2557469/3575562 J2J-d: 43010 J2J-s: 500578/1506956 | map: 2351 tracked, 1300 hot
[JIT] Stats: 18808832 sends, 3441 compiled, 921540 failed, 14169/16384 KB code | IC: 3245310/3817876 (85% hit, 56196 patched, 0 stale) | J2J-r: 0/0 J2J-a: 2566239/3588753 J2J-d: 43022 J2J-s: 500600/1511398 | map: 2351 tracked, 1300 hot
[JIT] Stats: 18874368 sends, 3442 compiled, 925297 failed, 14176/16384 KB code | IC: 3257388/3833108 (84% hit, 56441 patched, 0 stale) | J2J-r: 0/0 J2J-a: 2577163/3602356 J2J-d: 43200 J2J-s: 504154/1517577 | map: 2351 tracked, 1300 hot
[JIT] Stats: 18939904 sends, 3442 compiled, 928393 failed, 14176/16384 KB code | IC: 3269069/3846429 (84% hit, 56661 patched, 0 stale) | J2J-r: 0/0 J2J-a: 2586254/3615592 J2J-d: 43349 J2J-s: 504850/1522401 | map: 2351 tracked, 1300 hot
[JIT] Stats: 19005440 sends, 3442 compiled, 932733 failed, 14176/16384 KB code | IC: 3281986/3860301 (85% hit, 56788 patched, 0 stale) | J2J-r: 0/0 J2J-a: 2595893/3629052 J2J-d: 43444 J2J-s: 506054/1527413 | map: 2351 tracked, 1300 hot
[JIT] Stats: 19070976 sends, 3442 compiled, 934530 failed, 14176/16384 KB code | IC: 3292023/3874197 (84% hit, 57163 patched, 0 stale) | J2J-r: 0/0 J2J-a: 2605501/3641834 J2J-d: 43705 J2J-s: 509321/1533794 | map: 2351 tracked, 1300 hot
[JIT] Stats: 19136512 sends, 3442 compiled, 939191 failed, 14176/16384 KB code | IC: 3306069/3888245 (85% hit, 57165 patched, 0 stale) | J2J-r: 0/0 J2J-a: 2614847/3655882 J2J-d: 43707 J2J-s: 509339/1538514 | map: 2351 tracked, 1300 hot
[JIT] Stats: 19202048 sends, 3442 compiled, 942172 failed, 14176/16384 KB code | IC: 3316751/3902355 (84% hit, 57605 patched, 0 stale) | J2J-r: 0/0 J2J-a: 2625282/3668525 J2J-d: 44016 J2J-s: 513503/1544814 | map: 2351 tracked, 1300 hot
[JIT] Stats: 19267584 sends, 3442 compiled, 945949 failed, 14176/16384 KB code | IC: 3329331/3915546 (85% hit, 57625 patched, 0 stale) | J2J-r: 0/0 J2J-a: 2634054/3681716 J2J-d: 44028 J2J-s: 513523/1549252 | map: 2351 tracked, 1300 hot
[JIT] Stats: 19333120 sends, 3442 compiled, 949628 failed, 14176/16384 KB code | IC: 3340890/3928972 (85% hit, 57861 patched, 0 stale) | J2J-r: 0/0 J2J-a: 2643555/3694263 J2J-d: 44200 J2J-s: 515958/1554676 | map: 2351 tracked, 1300 hot
[JIT] Stats: 19398656 sends, 3443 compiled, 952320 failed, 14190/16384 KB code | IC: 3352023/3942349 (85% hit, 58098 patched, 0 stale) | J2J-r: 0/0 J2J-a: 2652900/3707233 J2J-d: 44362 J2J-s: 517493/1559819 | map: 2351 tracked, 1300 hot
[JIT] Stats: 19464192 sends, 3443 compiled, 956706 failed, 14190/16384 KB code | IC: 3365330/3956534 (85% hit, 58172 patched, 0 stale) | J2J-r: 0/0 J2J-a: 2662567/3721020 J2J-d: 44416 J2J-s: 518359/1564798 | map: 2351 tracked, 1300 hot
[JIT] Stats: 19529728 sends, 3444 compiled, 959127 failed, 14204/16384 KB code | IC: 3375565/3970404 (85% hit, 58561 patched, 0 stale) | J2J-r: 0/0 J2J-a: 2672740/3733614 J2J-d: 44687 J2J-s: 522005/1570798 | map: 2351 tracked, 1300 hot
[JIT] Stats: 19595264 sends, 3444 compiled, 963786 failed, 14204/16384 KB code | IC: 3389613/3984455 (85% hit, 58564 patched, 0 stale) | J2J-r: 0/0 J2J-a: 2682085/3747665 J2J-d: 44689 J2J-s: 522025/1575524 | map: 2351 tracked, 1300 hot
[JIT] Stats: 19660800 sends, 3444 compiled, 967121 failed, 14204/16384 KB code | IC: 3400594/3998348 (85% hit, 59020 patched, 0 stale) | J2J-r: 0/0 J2J-a: 2692212/3760327 J2J-d: 45013 J2J-s: 525672/1581633 | map: 2351 tracked, 1300 hot
[JIT] Stats: 19726336 sends, 3444 compiled, 971486 failed, 14204/16384 KB code | IC: 3413762/4011536 (85% hit, 59040 patched, 0 stale) | J2J-r: 0/0 J2J-a: 2700981/3773515 J2J-d: 45025 J2J-s: 525695/1586074 | map: 2351 tracked, 1300 hot
[JIT] Stats: 19791872 sends, 3444 compiled, 975173 failed, 14204/16384 KB code | IC: 3425285/4024832 (85% hit, 59278 patched, 0 stale) | J2J-r: 0/0 J2J-a: 2710401/3785987 J2J-d: 45198 J2J-s: 528072/1591446 | map: 2351 tracked, 1300 hot
[JIT] Stats: 19857408 sends, 3445 compiled, 978302 failed, 14206/16384 KB code | IC: 3437035/4038564 (85% hit, 59499 patched, 0 stale) | J2J-r: 0/0 J2J-a: 2719812/3799304 J2J-d: 45345 J2J-s: 529331/1596594 | map: 2351 tracked, 1300 hot
[JIT] Stats: 19922944 sends, 3445 compiled, 982685 failed, 14206/16384 KB code | IC: 3450104/4052166 (85% hit, 59585 patched, 0 stale) | J2J-r: 0/0 J2J-a: 2729120/3812687 J2J-d: 45409 J2J-s: 530062/1601393 | map: 2351 tracked, 1300 hot
[JIT] Stats: 19988480 sends, 3445 compiled, 984430 failed, 14206/16384 KB code | IC: 3459673/4065448 (85% hit, 60003 patched, 0 stale) | J2J-r: 0/0 J2J-a: 2738542/3824850 J2J-d: 45706 J2J-s: 533638/1607642 | map: 2351 tracked, 1300 hot
[JIT] Stats: 20054016 sends, 3445 compiled, 989089 failed, 14206/16384 KB code | IC: 3473721/4079499 (85% hit, 60006 patched, 0 stale) | J2J-r: 0/0 J2J-a: 2747887/3838900 J2J-d: 45708 J2J-s: 533658/1612367 | map: 2351 tracked, 1300 hot
[JIT] Stats: 20119552 sends, 3447 compiled, 992380 failed, 14211/16384 KB code | IC: 3484854/4094468 (85% hit, 60454 patched, 0 stale) | J2J-r: 0/0 J2J-a: 2758836/3852288 J2J-d: 46025 J2J-s: 537730/1618808 | map: 2351 tracked, 1300 hot
[JIT] Stats: 20185088 sends, 3447 compiled, 995915 failed, 14211/16384 KB code | IC: 3497188/4107656 (85% hit, 60474 patched, 0 stale) | J2J-r: 0/0 J2J-a: 2767608/3865476 J2J-d: 46037 J2J-s: 537750/1623243 | map: 2351 tracked, 1300 hot
[JIT] Stats: 20250624 sends, 3447 compiled, 999721 failed, 14211/16384 KB code | IC: 3509123/4121364 (85% hit, 60698 patched, 0 stale) | J2J-r: 0/0 J2J-a: 2777266/3878411 J2J-d: 46201 J2J-s: 539953/1628666 | map: 2351 tracked, 1300 hot
[JIT] Stats: 20316160 sends, 3447 compiled, 1002312 failed, 14211/16384 KB code | IC: 3520046/4134454 (85% hit, 60950 patched, 0 stale) | J2J-r: 0/0 J2J-a: 2786518/3890966 J2J-d: 46370 J2J-s: 541817/1633816 | map: 2351 tracked, 1300 hot
[JIT] Stats: 20381696 sends, 3447 compiled, 1006702 failed, 14211/16384 KB code | IC: 3533239/4147884 (85% hit, 61035 patched, 0 stale) | J2J-r: 0/0 J2J-a: 2795543/3904326 J2J-d: 46434 J2J-s: 542138/1638465 | map: 2351 tracked, 1300 hot
[JIT] Stats: 20447232 sends, 3447 compiled, 1010355 failed, 14211/16384 KB code | IC: 3544550/4161517 (85% hit, 61408 patched, 0 stale) | J2J-r: 0/0 J2J-a: 2805427/3916804 J2J-d: 46692 J2J-s: 545497/1644351 | map: 2351 tracked, 1300 hot
[JIT] Stats: 20512768 sends, 3447 compiled, 1015014 failed, 14211/16384 KB code | IC: 3558596/4175567 (85% hit, 61412 patched, 0 stale) | J2J-r: 0/0 J2J-a: 2814772/3930855 J2J-d: 46695 J2J-s: 545517/1649077 | map: 2351 tracked, 1300 hot
[DNU-STACK] Full call stack for #suspend (DNU #7):
[DNU-STACK]   [0] SUnitRunner class>>runSingleTest:selector:timeout:priority:on:
[DNU-STACK]   [1] FullBlockClosure>>on:do:
[DNU-STACK]   [2] Process>>unwindTo:
[DNU-STACK]   [current] #suspend fd=2
[SISTA-RING] tag=suspend seq=1046579 count=32:
  [0] #max:                         RET   rcvr=0x1379 ret/top=0x1379 bailOp=0x00 argc=0 spΔ=0
  [1] #atEnd                        RET   rcvr=0x473d659e8 ret/top=0x300000010 bailOp=0x00 argc=0 spΔ=0
  [2] #atEnd                        RET   rcvr=0x473d659e8 ret/top=0x300000010 bailOp=0x00 argc=0 spΔ=0
  [3] #max:                         RET   rcvr=0x1379 ret/top=0x1379 bailOp=0x00 argc=0 spΔ=0
  [4] #atEnd                        RET   rcvr=0x473d659e8 ret/top=0x300000010 bailOp=0x00 argc=0 spΔ=0
  [5] #isEmpty                      RET   rcvr=0x473d915e8 ret/top=0x300000020 bailOp=0x00 argc=0 spΔ=0
  [6] #messageNodeClass             RET   rcvr=0x473d65938 ret/top=0x3000b64d8 bailOp=0x00 argc=0 spΔ=0
  [7] #receiver                     RET   rcvr=0x473d9a028 ret/top=0x473d99ac0 bailOp=0x00 argc=0 spΔ=0
  [8] #sender                       RET   rcvr=0x473d9a028 ret/top=0x473d99ee8 bailOp=0x00 argc=0 spΔ=0
  [9] #max:                         RET   rcvr=0x131 ret/top=0x131 bailOp=0x00 argc=0 spΔ=0
  [10] #size                         RET   rcvr=0x473d99160 ret/top=0x1 bailOp=0x00 argc=0 spΔ=0
  [11] #size                         RET   rcvr=0x473d99160 ret/top=0x1 bailOp=0x00 argc=0 spΔ=0
  [12] #size                         RET   rcvr=0x473d99160 ret/top=0x1 bailOp=0x00 argc=0 spΔ=0
  [13] #size                         RET   rcvr=0x473d99160 ret/top=0x1 bailOp=0x00 argc=0 spΔ=0
  [14] #size                         RET   rcvr=0x30448e4e8 ret/top=0x1 bailOp=0x00 argc=0 spΔ=0
  [15] #arrayType                    RET   rcvr=0x3000178d0 ret/top=0x3000164b0 bailOp=0x00 argc=0 spΔ=0
  [16] #size                         RET   rcvr=0x30448e4e8 ret/top=0x1 bailOp=0x00 argc=0 spΔ=0
  [17] #size                         RET   rcvr=0x473d99160 ret/top=0x1 bailOp=0x00 argc=0 spΔ=0
  [18] #size                         RET   rcvr=0x473d51f10 ret/top=0x1 bailOp=0x00 argc=0 spΔ=0
  [19] #size                         RET   rcvr=0x473d51f10 ret/top=0x1 bailOp=0x00 argc=0 spΔ=0
  [20] #size                         RET   rcvr=0x473d51f10 ret/top=0x1 bailOp=0x00 argc=0 spΔ=0
  [21] #size                         RET   rcvr=0x473d51f10 ret/top=0x1 bailOp=0x00 argc=0 spΔ=0
  [22] #size                         RET   rcvr=0x304475af0 ret/top=0x1 bailOp=0x00 argc=0 spΔ=0
  [23] #arrayType                    RET   rcvr=0x3000178d0 ret/top=0x3000164b0 bailOp=0x00 argc=0 spΔ=0
  [24] #size                         RET   rcvr=0x304475af0 ret/top=0x1 bailOp=0x00 argc=0 spΔ=0
  [25] #size                         RET   rcvr=0x473d51f10 ret/top=0x1 bailOp=0x00 argc=0 spΔ=0
  [26] #max:                         RET   rcvr=0x6c1 ret/top=0x6c1 bailOp=0x00 argc=0 spΔ=0
  [27] #activeHand                   RET   rcvr=0x300f56f28 ret/top=0x300ff6c10 bailOp=0x00 argc=0 spΔ=0
  [28] #arrayType                    RET   rcvr=0x3000178d0 ret/top=0x3000164b0 bailOp=0x00 argc=0 spΔ=0
  [29] #instanceVariablesToKeep      RET   rcvr=0x4731e9df0 ret/top=0x3005a6960 bailOp=0x00 argc=0 spΔ=0
  [30] #instanceVariablesToKeep      RET   rcvr=0x4731e9df0 ret/top=0x3005a6960 bailOp=0x00 argc=0 spΔ=0
  [31] #instanceVariablesToKeep      RET   rcvr=0x4731e9df0 ret/top=0x3005a6960 bailOp=0x00 argc=0 spΔ=0
[DNU] #7: #suspend not understood by rcvr=0x300000000 argCount=0 fd=2 in #suspend P80
[DNU]   rcvr cls=3075 fmt=0 class=nil
[DNU] 1MB-aligned check: rcvr=0x300000000 classAtIdx(3075).isNil=0 trap_env=0
[JIT] Stats: 20578304 sends, 3448 compiled, 1018151 failed, 14211/16384 KB code | IC: 3569650/4189702 (85% hit, 61962 patched, 0 stale) | J2J-r: 0/0 J2J-a: 2824281/3943321 J2J-d: 47097 J2J-s: 549688/1656129 | map: 2352 tracked, 1395 hot
[JIT] Stats: 20643840 sends, 3448 compiled, 1021956 failed, 14211/16384 KB code | IC: 3582420/4203561 (85% hit, 62054 patched, 0 stale) | J2J-r: 0/0 J2J-a: 2833288/3956837 J2J-d: 47164 J2J-s: 550757/1661696 | map: 2352 tracked, 1402 hot
[JIT] Stats: 20709376 sends, 3448 compiled, 1026340 failed, 14211/16384 KB code | IC: 3595464/4216893 (85% hit, 62139 patched, 0 stale) | J2J-r: 0/0 J2J-a: 2842356/3970072 J2J-d: 47228 J2J-s: 551269/1666368 | map: 2352 tracked, 1402 hot
[JIT] Stats: 20774912 sends, 3448 compiled, 1028697 failed, 14211/16384 KB code | IC: 3605440/4230150 (85% hit, 62513 patched, 0 stale) | J2J-r: 0/0 J2J-a: 2852010/3982200 J2J-d: 47487 J2J-s: 554699/1672206 | map: 2352 tracked, 1402 hot
[JIT] Stats: 20840448 sends, 3448 compiled, 1033355 failed, 14211/16384 KB code | IC: 3619487/4244200 (85% hit, 62516 patched, 0 stale) | J2J-r: 0/0 J2J-a: 2861354/3996250 J2J-d: 47489 J2J-s: 554719/1676932 | map: 2352 tracked, 1402 hot
[JIT] Stats: 20905984 sends, 3448 compiled, 1036084 failed, 14211/16384 KB code | IC: 3629704/4257926 (85% hit, 62976 patched, 0 stale) | J2J-r: 0/0 J2J-a: 2871451/4008678 J2J-d: 47817 J2J-s: 558654/1683126 | map: 2352 tracked, 1402 hot
[JIT] Stats: 20971520 sends, 3448 compiled, 1039705 failed, 14211/16384 KB code | IC: 3642131/4271117 (85% hit, 62996 patched, 0 stale) | J2J-r: 0/0 J2J-a: 2880220/4021869 J2J-d: 47829 J2J-s: 558677/1687570 | map: 2352 tracked, 1402 hot
[JIT] Stats: 21037056 sends, 3450 compiled, 1043445 failed, 14215/16384 KB code | IC: 3654218/4285781 (85% hit, 63210 patched, 0 stale) | J2J-r: 0/0 J2J-a: 2890543/4035367 J2J-d: 47985 J2J-s: 561289/1693300 | map: 2352 tracked, 1402 hot
[JIT] Stats: 21102592 sends, 3450 compiled, 1046472 failed, 14215/16384 KB code | IC: 3665642/4299233 (85% hit, 63456 patched, 0 stale) | J2J-r: 0/0 J2J-a: 2899954/4048286 J2J-d: 48150 J2J-s: 563052/1698554 | map: 2352 tracked, 1402 hot
[JIT] Stats: 21168128 sends, 3450 compiled, 1050858 failed, 14215/16384 KB code | IC: 3678947/4313065 (85% hit, 63530 patched, 0 stale) | J2J-r: 0/0 J2J-a: 2909270/4061895 J2J-d: 48204 J2J-s: 563566/1703354 | map: 2352 tracked, 1402 hot
[JIT] Stats: 21233664 sends, 3450 compiled, 1052828 failed, 14215/16384 KB code | IC: 3688683/4327053 (85% hit, 63930 patched, 0 stale) | J2J-r: 0/0 J2J-a: 2919510/4074460 J2J-d: 48484 J2J-s: 567448/1709493 | map: 2352 tracked, 1402 hot
[JIT] Stats: 21299200 sends, 3450 compiled, 1057488 failed, 14215/16384 KB code | IC: 3702728/4341101 (85% hit, 63933 patched, 0 stale) | J2J-r: 0/0 J2J-a: 2928856/4088508 J2J-d: 48486 J2J-s: 567466/1714213 | map: 2352 tracked, 1402 hot
[JIT] Stats: 21364736 sends, 3459 compiled, 1060718 failed, 14248/16384 KB code | IC: 3713426/4354538 (85% hit, 64384 patched, 0 stale) | J2J-r: 0/0 J2J-a: 2938833/4100705 J2J-d: 48806 J2J-s: 571395/1720290 | map: 2352 tracked, 1403 hot
[JIT] Stats: 21430272 sends, 3460 compiled, 1064231 failed, 14249/16384 KB code | IC: 3725742/4367728 (85% hit, 64404 patched, 0 stale) | J2J-r: 0/0 J2J-a: 2947603/4113895 J2J-d: 48818 J2J-s: 571417/1724731 | map: 2352 tracked, 1403 hot
[JIT] Stats: 21495808 sends, 3464 compiled, 1068073 failed, 14266/16384 KB code | IC: 3738038/4382377 (85% hit, 64616 patched, 0 stale) | J2J-r: 0/0 J2J-a: 2957896/4127484 J2J-d: 48974 J2J-s: 573914/1730467 | map: 2352 tracked, 1403 hot
[JIT] Stats: 21561344 sends, 3466 compiled, 1070662 failed, 14269/16384 KB code | IC: 3748850/4395812 (85% hit, 64875 patched, 0 stale) | J2J-r: 0/0 J2J-a: 2967189/4140385 J2J-d: 49150 J2J-s: 575521/1735665 | map: 2352 tracked, 1403 hot
[JIT] Stats: 21626880 sends, 3466 compiled, 1075053 failed, 14269/16384 KB code | IC: 3762091/4409285 (85% hit, 64960 patched, 0 stale) | J2J-r: 0/0 J2J-a: 2976210/4153789 J2J-d: 49213 J2J-s: 575794/1740314 | map: 2352 tracked, 1403 hot
[JIT] Stats: 21692416 sends, 3466 compiled, 1077445 failed, 14269/16384 KB code | IC: 3772109/4423103 (85% hit, 65336 patched, 0 stale) | J2J-r: 0/0 J2J-a: 2986403/4166252 J2J-d: 49472 J2J-s: 579644/1746368 | map: 2352 tracked, 1403 hot
[JIT] Stats: 21757952 sends, 3466 compiled, 1082106 failed, 14269/16384 KB code | IC: 3786153/4437151 (85% hit, 65340 patched, 0 stale) | J2J-r: 0/0 J2J-a: 2995749/4180300 J2J-d: 49475 J2J-s: 579662/1751088 | map: 2352 tracked, 1403 hot
[JIT] Stats: 21823488 sends, 3468 compiled, 1085058 failed, 14278/16384 KB code | IC: 3797040/4452341 (85% hit, 65794 patched, 0 stale) | J2J-r: 0/0 J2J-a: 3006744/4193817 J2J-d: 49796 J2J-s: 583738/1757613 | map: 2352 tracked, 1403 hot
[JIT] Stats: 21889024 sends, 3468 compiled, 1088533 failed, 14278/16384 KB code | IC: 3809317/4465530 (85% hit, 65814 patched, 0 stale) | J2J-r: 0/0 J2J-a: 3015514/4207006 J2J-d: 49808 J2J-s: 583760/1762053 | map: 2352 tracked, 1403 hot
[JIT] Stats: 21954560 sends, 3468 compiled, 1092439 failed, 14278/16384 KB code | IC: 3821787/4480456 (85% hit, 66021 patched, 0 stale) | J2J-r: 0/0 J2J-a: 3026049/4220837 J2J-d: 49960 J2J-s: 586296/1767829 | map: 2352 tracked, 1403 hot
[JIT] Stats: 22020096 sends, 3468 compiled, 1095365 failed, 14278/16384 KB code | IC: 3832882/4493872 (85% hit, 66273 patched, 0 stale) | J2J-r: 0/0 J2J-a: 3035340/4233704 J2J-d: 50129 J2J-s: 587913/1773004 | map: 2352 tracked, 1403 hot
[JIT] Stats: 22085632 sends, 3468 compiled, 1099757 failed, 14278/16384 KB code | IC: 3846145/4507364 (85% hit, 66355 patched, 0 stale) | J2J-r: 0/0 J2J-a: 3044360/4247127 J2J-d: 50189 J2J-s: 588159/1777646 | map: 2352 tracked, 1403 hot
[JIT] Stats: 22151168 sends, 3468 compiled, 1101810 failed, 14278/16384 KB code | IC: 3855960/4521535 (85% hit, 66744 patched, 0 stale) | J2J-r: 0/0 J2J-a: 3054613/4259933 J2J-d: 50459 J2J-s: 591749/1783722 | map: 2352 tracked, 1403 hot
[JIT] Stats: 22216704 sends, 3468 compiled, 1106469 failed, 14278/16384 KB code | IC: 3870007/4535586 (85% hit, 66748 patched, 0 stale) | J2J-r: 0/0 J2J-a: 3063958/4273984 J2J-d: 50462 J2J-s: 591769/1788448 | map: 2352 tracked, 1403 hot
[JIT] Stats: 22282240 sends, 3468 compiled, 1109799 failed, 14278/16384 KB code | IC: 3881475/4550980 (85% hit, 67186 patched, 0 stale) | J2J-r: 0/0 J2J-a: 3075138/4287684 J2J-d: 50769 J2J-s: 595904/1795032 | map: 2352 tracked, 1403 hot
[JIT] Stats: 22347776 sends, 3468 compiled, 1113329 failed, 14278/16384 KB code | IC: 3893808/4564169 (85% hit, 67206 patched, 0 stale) | J2J-r: 0/0 J2J-a: 3083908/4300873 J2J-d: 50781 J2J-s: 595926/1799472 | map: 2352 tracked, 1403 hot
[JIT] Stats: 22413312 sends, 3468 compiled, 1117127 failed, 14278/16384 KB code | IC: 3905673/4577669 (85% hit, 67421 patched, 0 stale) | J2J-r: 0/0 J2J-a: 3093413/4313661 J2J-d: 50940 J2J-s: 598054/1804827 | map: 2352 tracked, 1403 hot
[JIT] Stats: 22478848 sends, 3468 compiled, 1120670 failed, 14278/16384 KB code | IC: 3917954/4591525 (85% hit, 67707 patched, 0 stale) | J2J-r: 0/0 J2J-a: 3102676/4326893 J2J-d: 51140 J2J-s: 600221/1810946 | map: 2352 tracked, 1403 hot
[JIT] Stats: 22544384 sends, 3468 compiled, 1125314 failed, 14278/16384 KB code | IC: 3931959/4605537 (85% hit, 67713 patched, 0 stale) | J2J-r: 0/0 J2J-a: 3111997/4340904 J2J-d: 51145 J2J-s: 600245/1815660 | map: 2352 tracked, 1403 hot
[JIT] Stats: 22609920 sends, 3468 compiled, 1127445 failed, 14278/16384 KB code | IC: 3941099/4618308 (85% hit, 68154 patched, 0 stale) | J2J-r: 0/0 J2J-a: 3121506/4352422 J2J-d: 51456 J2J-s: 604157/1821508 | map: 2352 tracked, 1403 hot
[JIT] Stats: 22675456 sends, 3468 compiled, 1132072 failed, 14278/16384 KB code | IC: 3955054/4632279 (85% hit, 68170 patched, 0 stale) | J2J-r: 0/0 J2J-a: 3130796/4366393 J2J-d: 51465 J2J-s: 604179/1826211 | map: 2352 tracked, 1403 hot
[JIT] Stats: 22740992 sends, 3468 compiled, 1135457 failed, 14278/16384 KB code | IC: 3966186/4646781 (85% hit, 68580 patched, 0 stale) | J2J-r: 0/0 J2J-a: 3141317/4379452 J2J-d: 51753 J2J-s: 607956/1832456 | map: 2352 tracked, 1403 hot
[JIT] Stats: 22806528 sends, 3468 compiled, 1138517 failed, 14278/16384 KB code | IC: 3978006/4659970 (85% hit, 68652 patched, 0 stale) | J2J-r: 0/0 J2J-a: 3150183/4392639 J2J-d: 51804 J2J-s: 608159/1836977 | map: 2352 tracked, 1403 hot
[JIT] Stats: 22872064 sends, 3468 compiled, 1142529 failed, 14278/16384 KB code | IC: 3990461/4673814 (85% hit, 68831 patched, 0 stale) | J2J-r: 0/0 J2J-a: 3159805/4405888 J2J-d: 51934 J2J-s: 609819/1842226 | map: 2352 tracked, 1403 hot
[JIT] Stats: 22937600 sends, 3468 compiled, 1145307 failed, 14278/16384 KB code | IC: 4001337/4687602 (85% hit, 69116 patched, 0 stale) | J2J-r: 0/0 J2J-a: 3169485/4418816 J2J-d: 52128 J2J-s: 612117/1847737 | map: 2352 tracked, 1403 hot
[JIT] Stats: 23003136 sends, 3468 compiled, 1149967 failed, 14278/16384 KB code | IC: 4015389/4701655 (85% hit, 69117 patched, 0 stale) | J2J-r: 0/0 J2J-a: 3178833/4432869 J2J-d: 52129 J2J-s: 612138/1852463 | map: 2352 tracked, 1403 hot
[JIT] Stats: 23068672 sends, 3468 compiled, 1151818 failed, 14278/16384 KB code | IC: 4024836/4716089 (85% hit, 69572 patched, 0 stale) | J2J-r: 0/0 J2J-a: 3189476/4445597 J2J-d: 52451 J2J-s: 616508/1858845 | map: 2352 tracked, 1403 hot
[JIT] Stats: 23134208 sends, 3468 compiled, 1156358 failed, 14278/16384 KB code | IC: 4038519/4729788 (85% hit, 69588 patched, 0 stale) | J2J-r: 0/0 J2J-a: 3198589/4459296 J2J-d: 52460 J2J-s: 616527/1863450 | map: 2352 tracked, 1403 hot
[JIT] Stats: 23199744 sends, 3468 compiled, 1159960 failed, 14278/16384 KB code | IC: 4050155/4744952 (85% hit, 69973 patched, 0 stale) | J2J-r: 0/0 J2J-a: 3209466/4472752 J2J-d: 52728 J2J-s: 620456/1869888 | map: 2352 tracked, 1403 hot
[JIT] Stats: 23265280 sends, 3468 compiled, 1163157 failed, 14278/16384 KB code | IC: 4062078/4757940 (85% hit, 70046 patched, 0 stale) | J2J-r: 0/0 J2J-a: 3218400/4485738 J2J-d: 52780 J2J-s: 620965/1874446 | map: 2352 tracked, 1403 hot
[JIT] Stats: 23330816 sends, 3468 compiled, 1167239 failed, 14278/16384 KB code | IC: 4074926/4772750 (85% hit, 70204 patched, 0 stale) | J2J-r: 0/0 J2J-a: 3228695/4499667 J2J-d: 52893 J2J-s: 622876/1879957 | map: 2352 tracked, 1403 hot
[JIT] Stats: 23396352 sends, 3468 compiled, 1169613 failed, 14278/16384 KB code | IC: 4085240/4785963 (85% hit, 70516 patched, 0 stale) | J2J-r: 0/0 J2J-a: 3238211/4512094 J2J-d: 53110 J2J-s: 625469/1885422 | map: 2352 tracked, 1403 hot
[JIT] Stats: 23461888 sends, 3468 compiled, 1174274 failed, 14278/16384 KB code | IC: 4099291/4800016 (85% hit, 70518 patched, 0 stale) | J2J-r: 0/0 J2J-a: 3247561/4526148 J2J-d: 53112 J2J-s: 625489/1890146 | map: 2352 tracked, 1403 hot
[JIT] Stats: 23527424 sends, 3468 compiled, 1176572 failed, 14278/16384 KB code | IC: 4108836/4813069 (85% hit, 70967 patched, 0 stale) | J2J-r: 0/0 J2J-a: 3257331/4537970 J2J-d: 53430 J2J-s: 629462/1896098 | map: 2352 tracked, 1403 hot
[JIT] Stats: 23592960 sends, 3468 compiled, 1181045 failed, 14278/16384 KB code | IC: 4122324/4826573 (85% hit, 70983 patched, 0 stale) | J2J-r: 0/0 J2J-a: 3266311/4551474 J2J-d: 53439 J2J-s: 629482/1900642 | map: 2352 tracked, 1403 hot
[JIT] Stats: 23658496 sends, 3468 compiled, 1184493 failed, 14278/16384 KB code | IC: 4133452/4840261 (85% hit, 71380 patched, 0 stale) | J2J-r: 0/0 J2J-a: 3276159/4563931 J2J-d: 53718 J2J-s: 632862/1906560 | map: 2352 tracked, 1403 hot
[JIT] Stats: 23724032 sends, 3468 compiled, 1188763 failed, 14278/16384 KB code | IC: 4146511/4853698 (85% hit, 71454 patched, 0 stale) | J2J-r: 0/0 J2J-a: 3285241/4577366 J2J-d: 53771 J2J-s: 633161/1911209 | map: 2352 tracked, 1403 hot
[JIT] Stats: 23789568 sends, 3468 compiled, 1192806 failed, 14278/16384 KB code | IC: 4159040/4867592 (85% hit, 71618 patched, 0 stale) | J2J-r: 0/0 J2J-a: 3294860/4590656 J2J-d: 53891 J2J-s: 634747/1916432 | map: 2352 tracked, 1403 hot
[JIT] Stats: 23855104 sends, 3468 compiled, 1195577 failed, 14278/16384 KB code | IC: 4169793/4880805 (85% hit, 71917 patched, 0 stale) | J2J-r: 0/0 J2J-a: 3304147/4603234 J2J-d: 54095 J2J-s: 636819/1921755 | map: 2352 tracked, 1403 hot
[JIT] Stats: 23920640 sends, 3468 compiled, 1200239 failed, 14278/16384 KB code | IC: 4183845/4894858 (85% hit, 71918 patched, 0 stale) | J2J-r: 0/0 J2J-a: 3313497/4617287 J2J-d: 54096 J2J-s: 636838/1926477 | map: 2352 tracked, 1403 hot
[JIT] Stats: 23986176 sends, 3468 compiled, 1203158 failed, 14278/16384 KB code | IC: 4194667/4908871 (85% hit, 72402 patched, 0 stale) | J2J-r: 0/0 J2J-a: 3323478/4629964 J2J-d: 54446 J2J-s: 641112/1933374 | map: 2352 tracked, 1403 hot
[JIT] Stats: 24051712 sends, 3468 compiled, 1207525 failed, 14278/16384 KB code | IC: 4207843/4922066 (85% hit, 72421 patched, 0 stale) | J2J-r: 0/0 J2J-a: 3332251/4643159 J2J-d: 54457 J2J-s: 641135/1937818 | map: 2352 tracked, 1403 hot
[JIT] Stats: 24117248 sends, 3468 compiled, 1211244 failed, 14278/16384 KB code | IC: 4219555/4936323 (85% hit, 72725 patched, 0 stale) | J2J-r: 0/0 J2J-a: 3342488/4656062 J2J-d: 54672 J2J-s: 644499/1943789 | map: 2352 tracked, 1403 hot
[JIT] Stats: 24182784 sends, 3468 compiled, 1214317 failed, 14278/16384 KB code | IC: 4231081/4949282 (85% hit, 72887 patched, 0 stale) | J2J-r: 0/0 J2J-a: 3351415/4668970 J2J-d: 54782 J2J-s: 645247/1948504 | map: 2352 tracked, 1403 hot
[JIT] Stats: 24248320 sends, 3469 compiled, 1218637 failed, 14279/16384 KB code | IC: 4244272/4964030 (85% hit, 73007 patched, 0 stale) | J2J-r: 0/0 J2J-a: 3361633/4683006 J2J-d: 54870 J2J-s: 646766/1953827 | map: 2352 tracked, 1403 hot
[JIT] Stats: 24313856 sends, 3470 compiled, 1220735 failed, 14281/16384 KB code | IC: 4254243/4977623 (85% hit, 73360 patched, 0 stale) | J2J-r: 0/0 J2J-a: 3371191/4695633 J2J-d: 55114 J2J-s: 649409/1959479 | map: 2352 tracked, 1403 hot
[JIT] Stats: 24379392 sends, 3470 compiled, 1225396 failed, 14281/16384 KB code | IC: 4268291/4991672 (85% hit, 73361 patched, 0 stale) | J2J-r: 0/0 J2J-a: 3380537/4709682 J2J-d: 55115 J2J-s: 649428/1964201 | map: 2352 tracked, 1403 hot
[JIT] Stats: 24444928 sends, 3475 compiled, 1228038 failed, 14300/16384 KB code | IC: 4278406/5005090 (85% hit, 73806 patched, 0 stale) | J2J-r: 0/0 J2J-a: 3390499/4721859 J2J-d: 55429 J2J-s: 653354/1970270 | map: 2352 tracked, 1403 hot
[JIT] Stats: 24510464 sends, 3475 compiled, 1232140 failed, 14300/16384 KB code | IC: 4291309/5018279 (85% hit, 73826 patched, 0 stale) | J2J-r: 0/0 J2J-a: 3399271/4735048 J2J-d: 55441 J2J-s: 653375/1974707 | map: 2352 tracked, 1403 hot
[JIT] Stats: 24576000 sends, 3477 compiled, 1235846 failed, 14305/16384 KB code | IC: 4302908/5032015 (85% hit, 74064 patched, 0 stale) | J2J-r: 0/0 J2J-a: 3409096/4747596 J2J-d: 55613 J2J-s: 656473/1980472 | map: 2352 tracked, 1403 hot
[JIT] Stats: 24641536 sends, 3477 compiled, 1238510 failed, 14305/16384 KB code | IC: 4313960/5044932 (85% hit, 74301 patched, 0 stale) | J2J-r: 0/0 J2J-a: 3418029/4760455 J2J-d: 55776 J2J-s: 657334/1985241 | map: 2352 tracked, 1403 hot
[JIT] Stats: 24707072 sends, 3477 compiled, 1242864 failed, 14305/16384 KB code | IC: 4327210/5059673 (85% hit, 74409 patched, 0 stale) | J2J-r: 0/0 J2J-a: 3428241/4774507 J2J-d: 55856 J2J-s: 658803/1990541 | map: 2352 tracked, 1403 hot
[JIT] Stats: 24772608 sends, 3477 compiled, 1245336 failed, 14305/16384 KB code | IC: 4337550/5073383 (85% hit, 74760 patched, 0 stale) | J2J-r: 0/0 J2J-a: 3437890/4787242 J2J-d: 56097 J2J-s: 661469/1996229 | map: 2352 tracked, 1403 hot
[JIT] Stats: 24838144 sends, 3477 compiled, 1249998 failed, 14305/16384 KB code | IC: 4351600/5087434 (85% hit, 74761 patched, 0 stale) | J2J-r: 0/0 J2J-a: 3447237/4801293 J2J-d: 56098 J2J-s: 661488/2000952 | map: 2352 tracked, 1403 hot
[JIT] Stats: 24903680 sends, 3477 compiled, 1252296 failed, 14305/16384 KB code | IC: 4361524/5101160 (85% hit, 75212 patched, 0 stale) | J2J-r: 0/0 J2J-a: 3457273/4813772 J2J-d: 56417 J2J-s: 665198/2007033 | map: 2352 tracked, 1403 hot
[JIT] Stats: 24969216 sends, 3477 compiled, 1256405 failed, 14305/16384 KB code | IC: 4374439/5114352 (85% hit, 75232 patched, 0 stale) | J2J-r: 0/0 J2J-a: 3466042/4826964 J2J-d: 56429 J2J-s: 665221/2011478 | map: 2352 tracked, 1403 hot
[JIT] Stats: 25034752 sends, 3477 compiled, 1260103 failed, 14305/16384 KB code | IC: 4386018/5128064 (85% hit, 75470 patched, 0 stale) | J2J-r: 0/0 J2J-a: 3475846/4839486 J2J-d: 56601 J2J-s: 668317/2017236 | map: 2352 tracked, 1403 hot
[JIT] Stats: 25100288 sends, 3477 compiled, 1263207 failed, 14305/16384 KB code | IC: 4397733/5141490 (85% hit, 75693 patched, 0 stale) | J2J-r: 0/0 J2J-a: 3484941/4852849 J2J-d: 56752 J2J-s: 668879/2022049 | map: 2352 tracked, 1403 hot
[JIT] Stats: 25165824 sends, 3477 compiled, 1267511 failed, 14305/16384 KB code | IC: 4410686/5155586 (85% hit, 75819 patched, 0 stale) | J2J-r: 0/0 J2J-a: 3494715/4866439 J2J-d: 56847 J2J-s: 670195/2027166 | map: 2352 tracked, 1403 hot
[JIT] Stats: 25231360 sends, 3477 compiled, 1269308 failed, 14305/16384 KB code | IC: 4420497/5168801 (85% hit, 76194 patched, 0 stale) | J2J-r: 0/0 J2J-a: 3503743/4878802 J2J-d: 57110 J2J-s: 673027/2033274 | map: 2352 tracked, 1403 hot
[JIT] Stats: 25296896 sends, 3477 compiled, 1273966 failed, 14305/16384 KB code | IC: 4434543/5182849 (85% hit, 76196 patched, 0 stale) | J2J-r: 0/0 J2J-a: 3513087/4892851 J2J-d: 57112 J2J-s: 673047/2037999 | map: 2352 tracked, 1403 hot
[JIT] Stats: 25362432 sends, 3477 compiled, 1276915 failed, 14305/16384 KB code | IC: 4445191/5196936 (85% hit, 76634 patched, 0 stale) | J2J-r: 0/0 J2J-a: 3523541/4905473 J2J-d: 57420 J2J-s: 677243/2044291 | map: 2352 tracked, 1403 hot
[JIT] Stats: 25427968 sends, 3477 compiled, 1280734 failed, 14305/16384 KB code | IC: 4457812/5210126 (85% hit, 76654 patched, 0 stale) | J2J-r: 0/0 J2J-a: 3532312/4918663 J2J-d: 57432 J2J-s: 677264/2048730 | map: 2352 tracked, 1403 hot
[JIT] Stats: 25493504 sends, 3477 compiled, 1284425 failed, 14305/16384 KB code | IC: 4469315/5223431 (85% hit, 76894 patched, 0 stale) | J2J-r: 0/0 J2J-a: 3541763/4931109 J2J-d: 57607 J2J-s: 679723/2054127 | map: 2352 tracked, 1403 hot
[JIT] Stats: 25559040 sends, 3477 compiled, 1288379 failed, 14305/16384 KB code | IC: 4481743/5237096 (85% hit, 77129 patched, 0 stale) | J2J-r: 0/0 J2J-a: 3551079/4944410 J2J-d: 57767 J2J-s: 680866/2059238 | map: 2352 tracked, 1403 hot
[JIT] Stats: 25624576 sends, 3477 compiled, 1292757 failed, 14305/16384 KB code | IC: 4494806/5250717 (85% hit, 77215 patched, 0 stale) | J2J-r: 0/0 J2J-a: 3560407/4957801 J2J-d: 57831 J2J-s: 681617/2064045 | map: 2352 tracked, 1403 hot
[JIT] Stats: 25690112 sends, 3477 compiled, 1295133 failed, 14305/16384 KB code | IC: 4504774/5263669 (85% hit, 77591 patched, 0 stale) | J2J-r: 0/0 J2J-a: 3569799/4969748 J2J-d: 58091 J2J-s: 684824/2069741 | map: 2352 tracked, 1403 hot
[JIT] Stats: 25755648 sends, 3477 compiled, 1299792 failed, 14305/16384 KB code | IC: 4518820/5277717 (85% hit, 77593 patched, 0 stale) | J2J-r: 0/0 J2J-a: 3579143/4983796 J2J-d: 58093 J2J-s: 684844/2074465 | map: 2352 tracked, 1403 hot
[JIT] Stats: 25821184 sends, 3477 compiled, 1302356 failed, 14305/16384 KB code | IC: 4529034/5291588 (85% hit, 78046 patched, 0 stale) | J2J-r: 0/0 J2J-a: 3589201/4996418 J2J-d: 58414 J2J-s: 688451/2080564 | map: 2352 tracked, 1403 hot
[JIT] Stats: 25886720 sends, 3477 compiled, 1306212 failed, 14305/16384 KB code | IC: 4541690/5304777 (85% hit, 78066 patched, 0 stale) | J2J-r: 0/0 J2J-a: 3597973/5009607 J2J-d: 58426 J2J-s: 688471/2085000 | map: 2352 tracked, 1403 hot
[JIT] Stats: 25952256 sends, 3477 compiled, 1309940 failed, 14305/16384 KB code | IC: 4553680/5319503 (85% hit, 78302 patched, 0 stale) | J2J-r: 0/0 J2J-a: 3608439/5023015 J2J-d: 58596 J2J-s: 691454/2090869 | map: 2352 tracked, 1403 hot
[JIT] Stats: 26017792 sends, 3477 compiled, 1313058 failed, 14305/16384 KB code | IC: 4565430/5333164 (85% hit, 78524 patched, 0 stale) | J2J-r: 0/0 J2J-a: 3617841/5036330 J2J-d: 58746 J2J-s: 692668/2095979 | map: 2352 tracked, 1403 hot
[JIT] Stats: 26083328 sends, 3477 compiled, 1317446 failed, 14305/16384 KB code | IC: 4578561/5347053 (85% hit, 78611 patched, 0 stale) | J2J-r: 0/0 J2J-a: 3627385/5049888 J2J-d: 58810 J2J-s: 693579/2100897 | map: 2352 tracked, 1403 hot
[JIT] Stats: 26148864 sends, 3477 compiled, 1319191 failed, 14305/16384 KB code | IC: 4588144/5360232 (85% hit, 79030 patched, 0 stale) | J2J-r: 0/0 J2J-a: 3636716/5061996 J2J-d: 59105 J2J-s: 697066/2107094 | map: 2352 tracked, 1403 hot
[JIT] Stats: 26214400 sends, 3477 compiled, 1323851 failed, 14305/16384 KB code | IC: 4602191/5374281 (85% hit, 79032 patched, 0 stale) | J2J-r: 0/0 J2J-a: 3646062/5076046 J2J-d: 59107 J2J-s: 697084/2111816 | map: 2352 tracked, 1403 hot
[JIT] Stats: 26279936 sends, 3479 compiled, 1326940 failed, 14312/16384 KB code | IC: 4613170/5389334 (85% hit, 79473 patched, 0 stale) | J2J-r: 0/0 J2J-a: 3656917/5089418 J2J-d: 59416 J2J-s: 701081/2118256 | map: 2352 tracked, 1403 hot
[JIT] Stats: 26345472 sends, 3479 compiled, 1330554 failed, 14312/16384 KB code | IC: 4625586/5402523 (85% hit, 79494 patched, 0 stale) | J2J-r: 0/0 J2J-a: 3665687/5102607 J2J-d: 59429 J2J-s: 701103/2122696 | map: 2352 tracked, 1403 hot
[JIT] Stats: 26411008 sends, 3480 compiled, 1334298 failed, 14316/16384 KB code | IC: 4637410/5416356 (85% hit, 79711 patched, 0 stale) | J2J-r: 0/0 J2J-a: 3675462/5115556 J2J-d: 59587 J2J-s: 703429/2128140 | map: 2352 tracked, 1403 hot
[JIT] Stats: 26476544 sends, 3480 compiled, 1336977 failed, 14316/16384 KB code | IC: 4648579/5429754 (85% hit, 79966 patched, 0 stale) | J2J-r: 0/0 J2J-a: 3684893/5128420 J2J-d: 59758 J2J-s: 705247/2133374 | map: 2352 tracked, 1403 hot
[JIT] Stats: 26542080 sends, 3480 compiled, 1341364 failed, 14316/16384 KB code | IC: 4661885/5443671 (85% hit, 80042 patched, 0 stale) | J2J-r: 0/0 J2J-a: 3694291/5142075 J2J-d: 59814 J2J-s: 705841/2138218 | map: 2352 tracked, 1403 hot
[JIT] Stats: 26607616 sends, 3481 compiled, 1343824 failed, 14323/16384 KB code | IC: 4672318/5458157 (85% hit, 80427 patched, 0 stale) | J2J-r: 0/0 J2J-a: 3704754/5155152 J2J-d: 60080 J2J-s: 709437/2144361 | map: 2352 tracked, 1403 hot
[JIT] Stats: 26673152 sends, 3481 compiled, 1348484 failed, 14323/16384 KB code | IC: 4686362/5472204 (85% hit, 80430 patched, 0 stale) | J2J-r: 0/0 J2J-a: 3714099/5169200 J2J-d: 60083 J2J-s: 709455/2149082 | map: 2352 tracked, 1403 hot
[DNU-STACK] Full call stack for #suspend (DNU #8):
[DNU-STACK]   [0] SUnitRunner class>>runSingleTest:selector:timeout:priority:on:
[DNU-STACK]   [1] FullBlockClosure>>on:do:
[DNU-STACK]   [2] Process>>unwindTo:
[DNU-STACK]   [current] #suspend fd=2
[SISTA-RING] tag=suspend seq=1385300 count=32:
  [0] #max:                         RET   rcvr=0x1379 ret/top=0x1379 bailOp=0x00 argc=0 spΔ=0
  [1] #atEnd                        RET   rcvr=0x474930de0 ret/top=0x300000010 bailOp=0x00 argc=0 spΔ=0
  [2] #atEnd                        RET   rcvr=0x474930de0 ret/top=0x300000010 bailOp=0x00 argc=0 spΔ=0
  [3] #max:                         RET   rcvr=0x1379 ret/top=0x1379 bailOp=0x00 argc=0 spΔ=0
  [4] #atEnd                        RET   rcvr=0x474930de0 ret/top=0x300000010 bailOp=0x00 argc=0 spΔ=0
  [5] #isEmpty                      RET   rcvr=0x47495d268 ret/top=0x300000020 bailOp=0x00 argc=0 spΔ=0
  [6] #messageNodeClass             RET   rcvr=0x474930d30 ret/top=0x3000b64d8 bailOp=0x00 argc=0 spΔ=0
  [7] #receiver                     RET   rcvr=0x474966180 ret/top=0x474965c18 bailOp=0x00 argc=0 spΔ=0
  [8] #sender                       RET   rcvr=0x474966180 ret/top=0x474966040 bailOp=0x00 argc=0 spΔ=0
  [9] #max:                         RET   rcvr=0x131 ret/top=0x131 bailOp=0x00 argc=0 spΔ=0
  [10] #size                         RET   rcvr=0x4749652b8 ret/top=0x1 bailOp=0x00 argc=0 spΔ=0
  [11] #size                         RET   rcvr=0x4749652b8 ret/top=0x1 bailOp=0x00 argc=0 spΔ=0
  [12] #size                         RET   rcvr=0x4749652b8 ret/top=0x1 bailOp=0x00 argc=0 spΔ=0
  [13] #size                         RET   rcvr=0x4749652b8 ret/top=0x1 bailOp=0x00 argc=0 spΔ=0
  [14] #size                         RET   rcvr=0x3048699c8 ret/top=0x1 bailOp=0x00 argc=0 spΔ=0
  [15] #arrayType                    RET   rcvr=0x3000178d0 ret/top=0x3000164b0 bailOp=0x00 argc=0 spΔ=0
  [16] #size                         RET   rcvr=0x3048699c8 ret/top=0x1 bailOp=0x00 argc=0 spΔ=0
  [17] #size                         RET   rcvr=0x4749652b8 ret/top=0x1 bailOp=0x00 argc=0 spΔ=0
  [18] #size                         RET   rcvr=0x47491cfd8 ret/top=0x1 bailOp=0x00 argc=0 spΔ=0
  [19] #size                         RET   rcvr=0x47491cfd8 ret/top=0x1 bailOp=0x00 argc=0 spΔ=0
  [20] #size                         RET   rcvr=0x47491cfd8 ret/top=0x1 bailOp=0x00 argc=0 spΔ=0
  [21] #size                         RET   rcvr=0x47491cfd8 ret/top=0x1 bailOp=0x00 argc=0 spΔ=0
  [22] #size                         RET   rcvr=0x304850fd0 ret/top=0x1 bailOp=0x00 argc=0 spΔ=0
  [23] #arrayType                    RET   rcvr=0x3000178d0 ret/top=0x3000164b0 bailOp=0x00 argc=0 spΔ=0
  [24] #size                         RET   rcvr=0x304850fd0 ret/top=0x1 bailOp=0x00 argc=0 spΔ=0
  [25] #size                         RET   rcvr=0x47491cfd8 ret/top=0x1 bailOp=0x00 argc=0 spΔ=0
  [26] #max:                         RET   rcvr=0x6c1 ret/top=0x6c1 bailOp=0x00 argc=0 spΔ=0
  [27] #activeHand                   RET   rcvr=0x300f56f28 ret/top=0x300ff6c10 bailOp=0x00 argc=0 spΔ=0
  [28] #arrayType                    RET   rcvr=0x3000178d0 ret/top=0x3000164b0 bailOp=0x00 argc=0 spΔ=0
  [29] #instanceVariablesToKeep      RET   rcvr=0x473dadb38 ret/top=0x3005a6960 bailOp=0x00 argc=0 spΔ=0
  [30] #instanceVariablesToKeep      RET   rcvr=0x473dadb38 ret/top=0x3005a6960 bailOp=0x00 argc=0 spΔ=0
  [31] #instanceVariablesToKeep      RET   rcvr=0x473dadb38 ret/top=0x3005a6960 bailOp=0x00 argc=0 spΔ=0
[DNU] #8: #suspend not understood by rcvr=0x300000000 argCount=0 fd=2 in #suspend P80
[DNU]   rcvr cls=3075 fmt=0 class=nil
[DNU] 1MB-aligned check: rcvr=0x300000000 classAtIdx(3075).isNil=0 trap_env=0
[JIT] Stats: 26738688 sends, 3483 compiled, 1351267 failed, 14330/16384 KB code | IC: 4697275/5487063 (85% hit, 80985 patched, 0 stale) | J2J-r: 0/0 J2J-a: 3724061/5182112 J2J-d: 60487 J2J-s: 713920/2156421 | map: 2353 tracked, 1403 hot
[JIT] Stats: 26804224 sends, 3484 compiled, 1355342 failed, 14332/16384 KB code | IC: 4710231/5500781 (85% hit, 81173 patched, 0 stale) | J2J-r: 0/0 J2J-a: 3733005/5195559 J2J-d: 60624 J2J-s: 714896/2161890 | map: 1818 tracked, 754 hot
[JIT] Stats: 26869760 sends, 3484 compiled, 1359727 failed, 14332/16384 KB code | IC: 4723538/5514976 (85% hit, 81247 patched, 0 stale) | J2J-r: 0/0 J2J-a: 3742683/5209351 J2J-d: 60678 J2J-s: 715775/2166876 | map: 1917 tracked, 837 hot
[JIT] Stats: 26935296 sends, 3486 compiled, 1362116 failed, 14336/16384 KB code | IC: 4733748/5528835 (85% hit, 81635 patched, 0 stale) | J2J-r: 0/0 J2J-a: 3752746/5221925 J2J-d: 60947 J2J-s: 719327/2172872 | map: 2106 tracked, 1038 hot
[JIT] Stats: 27000832 sends, 3486 compiled, 1366775 failed, 14336/16384 KB code | IC: 4747792/5542881 (85% hit, 81637 patched, 0 stale) | J2J-r: 0/0 J2J-a: 3762090/5235972 J2J-d: 60949 J2J-s: 719346/2177594 | map: 2106 tracked, 1038 hot
[JIT] Stats: 27066368 sends, 3488 compiled, 1369503 failed, 14341/16384 KB code | IC: 4758419/5557688 (85% hit, 82087 patched, 0 stale) | J2J-r: 0/0 J2J-a: 3773047/5249100 J2J-d: 61267 J2J-s: 723773/2184120 | map: 2117 tracked, 1139 hot
[JIT] Stats: 27131904 sends, 3488 compiled, 1373153 failed, 14341/16384 KB code | IC: 4770874/5570877 (85% hit, 82107 patched, 0 stale) | J2J-r: 0/0 J2J-a: 3781815/5262289 J2J-d: 61279 J2J-s: 723797/2188564 | map: 2117 tracked, 1139 hot
[JIT] Stats: 27197440 sends, 3489 compiled, 1376916 failed, 14344/16384 KB code | IC: 4782921/5585442 (85% hit, 82329 patched, 0 stale) | J2J-r: 0/0 J2J-a: 3792124/5275731 J2J-d: 61438 J2J-s: 726397/2194241 | map: 2117 tracked, 1139 hot
[JIT] Stats: 27262976 sends, 3492 compiled, 1379958 failed, 14350/16384 KB code | IC: 4794424/5599235 (85% hit, 82565 patched, 0 stale) | J2J-r: 0/0 J2J-a: 3801609/5289002 J2J-d: 61599 J2J-s: 727917/2199530 | map: 2118 tracked, 1144 hot
[JIT] Stats: 27328512 sends, 3492 compiled, 1384342 failed, 14350/16384 KB code | IC: 4807540/5612587 (85% hit, 82652 patched, 0 stale) | J2J-r: 0/0 J2J-a: 3810624/5302286 J2J-d: 61663 J2J-s: 728300/2204175 | map: 2118 tracked, 1144 hot
[JIT] Stats: 27394048 sends, 3492 compiled, 1386309 failed, 14350/16384 KB code | IC: 4817041/5625853 (85% hit, 83046 patched, 0 stale) | J2J-r: 0/0 J2J-a: 3820348/5314383 J2J-d: 61940 J2J-s: 731875/2210055 | map: 2118 tracked, 1150 hot
[JIT] Stats: 27459584 sends, 3492 compiled, 1390970 failed, 14350/16384 KB code | IC: 4831087/5639901 (85% hit, 83048 patched, 0 stale) | J2J-r: 0/0 J2J-a: 3829693/5328431 J2J-d: 61942 J2J-s: 731893/2214776 | map: 2118 tracked, 1150 hot
[JIT] Stats: 27525120 sends, 3492 compiled, 1394227 failed, 14350/16384 KB code | IC: 4842287/5655082 (85% hit, 83484 patched, 0 stale) | J2J-r: 0/0 J2J-a: 3840682/5341942 J2J-d: 62248 J2J-s: 735968/2221301 | map: 2118 tracked, 1150 hot
[JIT] Stats: 27590656 sends, 3492 compiled, 1397781 failed, 14350/16384 KB code | IC: 4854644/5668271 (85% hit, 83504 patched, 0 stale) | J2J-r: 0/0 J2J-a: 3849451/5355131 J2J-d: 62260 J2J-s: 735990/2225742 | map: 2118 tracked, 1150 hot
[JIT] Stats: 27656192 sends, 3492 compiled, 1401628 failed, 14350/16384 KB code | IC: 4866768/5682582 (85% hit, 83726 patched, 0 stale) | J2J-r: 0/0 J2J-a: 3859601/5368510 J2J-d: 62426 J2J-s: 738388/2231314 | map: 2118 tracked, 1150 hot
[JIT] Stats: 27721728 sends, 3492 compiled, 1404224 failed, 14350/16384 KB code | IC: 4877601/5695991 (85% hit, 83985 patched, 0 stale) | J2J-r: 0/0 J2J-a: 3868898/5381383 J2J-d: 62602 J2J-s: 740031/2236517 | map: 2118 tracked, 1150 hot
[JIT] Stats: 27787264 sends, 3492 compiled, 1408613 failed, 14350/16384 KB code | IC: 4890909/5709686 (85% hit, 84059 patched, 0 stale) | J2J-r: 0/0 J2J-a: 3878076/5394925 J2J-d: 62656 J2J-s: 740400/2241243 | map: 2118 tracked, 1150 hot
[JIT] Stats: 27852800 sends, 3492 compiled, 1411902 failed, 14350/16384 KB code | IC: 4901779/5723264 (85% hit, 84439 patched, 0 stale) | J2J-r: 0/0 J2J-a: 3888096/5407201 J2J-d: 62920 J2J-s: 744207/2247240 | map: 2118 tracked, 1150 hot
[JIT] Stats: 27918336 sends, 3492 compiled, 1416561 failed, 14350/16384 KB code | IC: 4915825/5737314 (85% hit, 84443 patched, 0 stale) | J2J-r: 0/0 J2J-a: 3897441/5421251 J2J-d: 62923 J2J-s: 744227/2251965 | map: 2118 tracked, 1150 hot
[JIT] Stats: 27983872 sends, 3492 compiled, 1419466 failed, 14350/16384 KB code | IC: 4926188/5750730 (85% hit, 84897 patched, 0 stale) | J2J-r: 0/0 J2J-a: 3907423/5433425 J2J-d: 63246 J2J-s: 748174/2258032 | map: 2118 tracked, 1150 hot
[JIT] Stats: 28049408 sends, 3492 compiled, 1423834 failed, 14350/16384 KB code | IC: 4939357/5763919 (85% hit, 84917 patched, 0 stale) | J2J-r: 0/0 J2J-a: 3916194/5446614 J2J-d: 63258 J2J-s: 748194/2262469 | map: 2118 tracked, 1150 hot
[JIT] Stats: 28114944 sends, 3492 compiled, 1427675 failed, 14350/16384 KB code | IC: 4951339/5777545 (85% hit, 85132 patched, 0 stale) | J2J-r: 0/0 J2J-a: 3925794/5459530 J2J-d: 63417 J2J-s: 750325/2267860 | map: 2118 tracked, 1150 hot
[JIT] Stats: 28180480 sends, 3492 compiled, 1430623 failed, 14350/16384 KB code | IC: 4962458/5790899 (85% hit, 85382 patched, 0 stale) | J2J-r: 0/0 J2J-a: 3935005/5472349 J2J-d: 63583 J2J-s: 751862/2272988 | map: 2118 tracked, 1150 hot
[JIT] Stats: 28246016 sends, 3492 compiled, 1435012 failed, 14350/16384 KB code | IC: 4975767/5804600 (85% hit, 85458 patched, 0 stale) | J2J-r: 0/0 J2J-a: 3944185/5485897 J2J-d: 63639 J2J-s: 752234/2277721 | map: 2118 tracked, 1150 hot

=== Injecting Right-Click (World Menu) ===
[TEST] Injected mouse DOWN at (50,300) button=2 subtype=1 queueAddr=0x10484fd98 isEmpty=0
[TEST] Injected mouse UP at (50,300) subtype=2
[JIT] Stats: 28311552 sends, 3495 compiled, 1437110 failed, 14384/16384 KB code | IC: 4985814/5819237 (85% hit, 85850 patched, 0 stale) | J2J-r: 0/0 J2J-a: 3954807/5499037 J2J-d: 63910 J2J-s: 756029/2283968 | map: 2123 tracked, 1155 hot
[JIT] Stats: 28377088 sends, 3495 compiled, 1441769 failed, 14384/16384 KB code | IC: 4999863/5833288 (85% hit, 85852 patched, 0 stale) | J2J-r: 0/0 J2J-a: 3964151/5513088 J2J-d: 63912 J2J-s: 756049/2288695 | map: 2123 tracked, 1155 hot
[JIT] Stats: 28442624 sends, 3495 compiled, 1445004 failed, 14384/16384 KB code | IC: 5010856/5847479 (85% hit, 86296 patched, 0 stale) | J2J-r: 0/0 J2J-a: 3974461/5525954 J2J-d: 64223 J2J-s: 759764/2294893 | map: 2123 tracked, 1155 hot
[JIT] Stats: 28508160 sends, 3495 compiled, 1448583 failed, 14384/16384 KB code | IC: 5023235/5860668 (85% hit, 86316 patched, 0 stale) | J2J-r: 0/0 J2J-a: 3983233/5539143 J2J-d: 64235 J2J-s: 759784/2299329 | map: 2123 tracked, 1155 hot
[JIT] Stats: 28573696 sends, 3496 compiled, 1452338 failed, 14385/16384 KB code | IC: 5034963/5874042 (85% hit, 86532 patched, 0 stale) | J2J-r: 0/0 J2J-a: 3992663/5551805 J2J-d: 64395 J2J-s: 761917/2304638 | map: 2123 tracked, 1155 hot
[JIT] Stats: 28639232 sends, 3496 compiled, 1454544 failed, 14385/16384 KB code | IC: 5045976/5887944 (85% hit, 86820 patched, 0 stale) | J2J-r: 0/0 J2J-a: 4001935/5565071 J2J-d: 64594 J2J-s: 764072/2310770 | map: 2126 tracked, 1155 hot
[JIT] Stats: 28704768 sends, 3496 compiled, 1459141 failed, 14385/16384 KB code | IC: 5059841/5901816 (85% hit, 86826 patched, 0 stale) | J2J-r: 0/0 J2J-a: 4011162/5578942 J2J-d: 64599 J2J-s: 764096/2315438 | map: 2126 tracked, 1155 hot
[JIT] Stats: 28770304 sends, 3497 compiled, 1461288 failed, 14387/16384 KB code | IC: 5068995/5914542 (85% hit, 87275 patched, 0 stale) | J2J-r: 0/0 J2J-a: 4020662/5590441 J2J-d: 64914 J2J-s: 768004/2321271 | map: 2126 tracked, 1155 hot
[JIT] Stats: 28835840 sends, 3497 compiled, 1465948 failed, 14387/16384 KB code | IC: 5083039/5928592 (85% hit, 87281 patched, 0 stale) | J2J-r: 0/0 J2J-a: 4030008/5604491 J2J-d: 64917 J2J-s: 768022/2325993 | map: 2126 tracked, 1155 hot
[JIT] Stats: 28901376 sends, 3497 compiled, 1469212 failed, 14387/16384 KB code | IC: 5093859/5942507 (85% hit, 87731 patched, 0 stale) | J2J-r: 0/0 J2J-a: 4040067/5617127 J2J-d: 65237 J2J-s: 771662/2332138 | map: 2126 tracked, 1155 hot
[JIT] Stats: 28966912 sends, 3497 compiled, 1472315 failed, 14387/16384 KB code | IC: 5105748/5955580 (85% hit, 87757 patched, 0 stale) | J2J-r: 0/0 J2J-a: 4048824/5630201 J2J-d: 65253 J2J-s: 771783/2336575 | map: 2126 tracked, 1155 hot
[JIT] Stats: 29032448 sends, 3497 compiled, 1476280 failed, 14387/16384 KB code | IC: 5118425/5970275 (85% hit, 87933 patched, 0 stale) | J2J-r: 0/0 J2J-a: 4059017/5643995 J2J-d: 65381 J2J-s: 773794/2342143 | map: 2126 tracked, 1155 hot
[JIT] Stats: 29097984 sends, 3497 compiled, 1479079 failed, 14387/16384 KB code | IC: 5129204/5983485 (85% hit, 88219 patched, 0 stale) | J2J-r: 0/0 J2J-a: 4068471/5656444 J2J-d: 65576 J2J-s: 776190/2347504 | map: 2126 tracked, 1155 hot
[JIT] Stats: 29163520 sends, 3497 compiled, 1483739 failed, 14387/16384 KB code | IC: 5143260/5997542 (85% hit, 88220 patched, 0 stale) | J2J-r: 0/0 J2J-a: 4077819/5670501 J2J-d: 65577 J2J-s: 776211/2352234 | map: 2126 tracked, 1155 hot
[JIT] Stats: 29229056 sends, 3497 compiled, 1485523 failed, 14387/16384 KB code | IC: 5152087/6010417 (85% hit, 88682 patched, 0 stale) | J2J-r: 0/0 J2J-a: 4087408/5682111 J2J-d: 65906 J2J-s: 780152/2358125 | map: 2126 tracked, 1155 hot
[JIT] Stats: 29294592 sends, 3497 compiled, 1490116 failed, 14387/16384 KB code | IC: 5165936/6024282 (85% hit, 88698 patched, 0 stale) | J2J-r: 0/0 J2J-a: 4096628/5695975 J2J-d: 65915 J2J-s: 780173/2362790 | map: 2126 tracked, 1155 hot
[JIT] Stats: 29360128 sends, 3497 compiled, 1493786 failed, 14387/16384 KB code | IC: 5177599/6039433 (85% hit, 89092 patched, 0 stale) | J2J-r: 0/0 J2J-a: 4107563/5709452 J2J-d: 66190 J2J-s: 784151/2369239 | map: 2126 tracked, 1155 hot
[JIT] Stats: 29425664 sends, 3497 compiled, 1496937 failed, 14387/16384 KB code | IC: 5189520/6052699 (85% hit, 89164 patched, 0 stale) | J2J-r: 0/0 J2J-a: 4116421/5722715 J2J-d: 66241 J2J-s: 784276/2373766 | map: 2126 tracked, 1155 hot
[JIT] Stats: 29491200 sends, 3497 compiled, 1500915 failed, 14387/16384 KB code | IC: 5201985/6066614 (85% hit, 89341 patched, 0 stale) | J2J-r: 0/0 J2J-a: 4126045/5735992 J2J-d: 66372 J2J-s: 785956/2379059 | map: 2126 tracked, 1155 hot
[JIT] Stats: 29556736 sends, 3497 compiled, 1504226 failed, 14387/16384 KB code | IC: 5213063/6079301 (85% hit, 89636 patched, 0 stale) | J2J-r: 0/0 J2J-a: 4135176/5748084 J2J-d: 66575 J2J-s: 788233/2384264 | map: 2126 tracked, 1155 hot
[JIT] Stats: 29622272 sends, 3497 compiled, 1508886 failed, 14387/16384 KB code | IC: 5227116/6093355 (85% hit, 89637 patched, 0 stale) | J2J-r: 0/0 J2J-a: 4144524/5762138 J2J-d: 66576 J2J-s: 788254/2388991 | map: 2126 tracked, 1155 hot
[JIT] Stats: 29687808 sends, 3497 compiled, 1512093 failed, 14387/16384 KB code | IC: 5237373/6106261 (85% hit, 90086 patched, 0 stale) | J2J-r: 0/0 J2J-a: 4154090/5773805 J2J-d: 66894 J2J-s: 792077/2394841 | map: 2126 tracked, 1155 hot
[JIT] Stats: 29753344 sends, 3497 compiled, 1516675 failed, 14387/16384 KB code | IC: 5251182/6120086 (85% hit, 90102 patched, 0 stale) | J2J-r: 0/0 J2J-a: 4163287/5787630 J2J-d: 66903 J2J-s: 792096/2399488 | map: 2126 tracked, 1155 hot
[JIT] Stats: 29818880 sends, 3497 compiled, 1520015 failed, 14387/16384 KB code | IC: 5262216/6133947 (85% hit, 90503 patched, 0 stale) | J2J-r: 0/0 J2J-a: 4173336/5800243 J2J-d: 67184 J2J-s: 795667/2405553 | map: 2126 tracked, 1155 hot
[JIT] Stats: 29884416 sends, 3497 compiled, 1523093 failed, 14387/16384 KB code | IC: 5274050/6147126 (85% hit, 90574 patched, 0 stale) | J2J-r: 0/0 J2J-a: 4182113/5813421 J2J-d: 67234 J2J-s: 795741/2410025 | map: 2126 tracked, 1155 hot
[JIT] Stats: 29949952 sends, 3497 compiled, 1527060 failed, 14387/16384 KB code | IC: 5286488/6161056 (85% hit, 90752 patched, 0 stale) | J2J-r: 0/0 J2J-a: 4191768/5826699 J2J-d: 67366 J2J-s: 797463/2415329 | map: 2126 tracked, 1155 hot
[JIT] Stats: 30015488 sends, 3497 compiled, 1529910 failed, 14387/16384 KB code | IC: 5297334/6174242 (85% hit, 91037 patched, 0 stale) | J2J-r: 0/0 J2J-a: 4201025/5839299 J2J-d: 67557 J2J-s: 799389/2420565 | map: 2126 tracked, 1155 hot
[JIT] Stats: 30081024 sends, 3497 compiled, 1534545 failed, 14387/16384 KB code | IC: 5311312/6188227 (85% hit, 91043 patched, 0 stale) | J2J-r: 0/0 J2J-a: 4210328/5853283 J2J-d: 67562 J2J-s: 799413/2425270 | map: 2126 tracked, 1155 hot
[JIT] Stats: 30146560 sends, 3497 compiled, 1536328 failed, 14387/16384 KB code | IC: 5321052/6202342 (85% hit, 91528 patched, 0 stale) | J2J-r: 0/0 J2J-a: 4220386/5866050 J2J-d: 67911 J2J-s: 803703/2432196 | map: 2126 tracked, 1159 hot
[JIT] Stats: 30212096 sends, 3497 compiled, 1540619 failed, 14387/16384 KB code | IC: 5334151/6215537 (85% hit, 91547 patched, 0 stale) | J2J-r: 0/0 J2J-a: 4229161/5879245 J2J-d: 67922 J2J-s: 803726/2436638 | map: 2126 tracked, 1159 hot
[JIT] Stats: 30277632 sends, 3497 compiled, 1544233 failed, 14387/16384 KB code | IC: 5345571/6229536 (85% hit, 91884 patched, 0 stale) | J2J-r: 0/0 J2J-a: 4239218/5891902 J2J-d: 68157 J2J-s: 807099/2442541 | map: 2126 tracked, 1159 hot
[JIT] Stats: 30343168 sends, 3498 compiled, 1547405 failed, 14390/16384 KB code | IC: 5357302/6242469 (85% hit, 92010 patched, 0 stale) | J2J-r: 0/0 J2J-a: 4248190/5904830 J2J-d: 68245 J2J-s: 807843/2447237 | map: 2126 tracked, 1159 hot
[JIT] Stats: 30408704 sends, 3498 compiled, 1551631 failed, 14390/16384 KB code | IC: 5370083/6256402 (85% hit, 92138 patched, 0 stale) | J2J-r: 0/0 J2J-a: 4257852/5918256 J2J-d: 68340 J2J-s: 809203/2452341 | map: 2126 tracked, 1159 hot
[JIT] Stats: 30474240 sends, 3499 compiled, 1553789 failed, 14393/16384 KB code | IC: 5379985/6269467 (85% hit, 92492 patched, 0 stale) | J2J-r: 0/0 J2J-a: 4266973/5930590 J2J-d: 68583 J2J-s: 811466/2457763 | map: 2126 tracked, 1159 hot
[JIT] Stats: 30539776 sends, 3499 compiled, 1558449 failed, 14393/16384 KB code | IC: 5394037/6283520 (85% hit, 92493 patched, 0 stale) | J2J-r: 0/0 J2J-a: 4276319/5944644 J2J-d: 68584 J2J-s: 811486/2462491 | map: 2126 tracked, 1159 hot
[JIT] Stats: 30605312 sends, 3499 compiled, 1561027 failed, 14393/16384 KB code | IC: 5404571/6298761 (85% hit, 92934 patched, 0 stale) | J2J-r: 0/0 J2J-a: 4287379/5958224 J2J-d: 68894 J2J-s: 815588/2469041 | map: 2126 tracked, 1159 hot
[JIT] Stats: 30670848 sends, 3499 compiled, 1565271 failed, 14393/16384 KB code | IC: 5417621/6311956 (85% hit, 92953 patched, 0 stale) | J2J-r: 0/0 J2J-a: 4296155/5971418 J2J-d: 68905 J2J-s: 815609/2473479 | map: 2126 tracked, 1159 hot
[JIT] Stats: 30736384 sends, 3499 compiled, 1568875 failed, 14393/16384 KB code | IC: 5428989/6325635 (85% hit, 93281 patched, 0 stale) | J2J-r: 0/0 J2J-a: 4305933/5983867 J2J-d: 69136 J2J-s: 818831/2479303 | map: 2126 tracked, 1159 hot
[JIT] Stats: 30801920 sends, 3500 compiled, 1572542 failed, 14396/16384 KB code | IC: 5441146/6338552 (85% hit, 93428 patched, 0 stale) | J2J-r: 0/0 J2J-a: 4314894/5996775 J2J-d: 69242 J2J-s: 819570/2483985 | map: 2126 tracked, 1159 hot
[JIT] Stats: 30867456 sends, 3500 compiled, 1576783 failed, 14396/16384 KB code | IC: 5453968/6352531 (85% hit, 93555 patched, 0 stale) | J2J-r: 0/0 J2J-a: 4324582/6010243 J2J-d: 69337 J2J-s: 820922/2489098 | map: 2126 tracked, 1159 hot
[JIT] Stats: 30932992 sends, 3500 compiled, 1579320 failed, 14396/16384 KB code | IC: 5464208/6365376 (85% hit, 93895 patched, 0 stale) | J2J-r: 0/0 J2J-a: 4333672/6022359 J2J-d: 69570 J2J-s: 823341/2494488 | map: 2126 tracked, 1159 hot
[JIT] Stats: 30998528 sends, 3500 compiled, 1583980 failed, 14396/16384 KB code | IC: 5478257/6379427 (85% hit, 93897 patched, 0 stale) | J2J-r: 0/0 J2J-a: 4343018/6036410 J2J-d: 69572 J2J-s: 823361/2499213 | map: 2126 tracked, 1159 hot
[JIT] Stats: 31064064 sends, 3500 compiled, 1587280 failed, 14396/16384 KB code | IC: 5489190/6393258 (85% hit, 94349 patched, 0 stale) | J2J-r: 0/0 J2J-a: 4353050/6049004 J2J-d: 69893 J2J-s: 826949/2505290 | map: 2126 tracked, 1159 hot
[JIT] Stats: 31129600 sends, 3500 compiled, 1591650 failed, 14396/16384 KB code | IC: 5502365/6406452 (85% hit, 94368 patched, 0 stale) | J2J-r: 0/0 J2J-a: 4361826/6062198 J2J-d: 69904 J2J-s: 826970/2509728 | map: 2126 tracked, 1159 hot
[JIT] Stats: 31195136 sends, 3500 compiled, 1595220 failed, 14396/16384 KB code | IC: 5513637/6420057 (85% hit, 94700 patched, 0 stale) | J2J-r: 0/0 J2J-a: 4371558/6074576 J2J-d: 70137 J2J-s: 830195/2515530 | map: 2126 tracked, 1159 hot
[JIT] Stats: 31260672 sends, 3500 compiled, 1599311 failed, 14396/16384 KB code | IC: 5526452/6433109 (85% hit, 94824 patched, 0 stale) | J2J-r: 0/0 J2J-a: 4380672/6087625 J2J-d: 70224 J2J-s: 830991/2520257 | map: 2126 tracked, 1159 hot
[JIT] Stats: 31326208 sends, 3500 compiled, 1603493 failed, 14396/16384 KB code | IC: 5539166/6446987 (85% hit, 94951 patched, 0 stale) | J2J-r: 0/0 J2J-a: 4390282/6100990 J2J-d: 70319 J2J-s: 832381/2525379 | map: 2126 tracked, 1159 hot
[JIT] Stats: 31391744 sends, 3500 compiled, 1605395 failed, 14396/16384 KB code | IC: 5549131/6460099 (85% hit, 95330 patched, 0 stale) | J2J-r: 0/0 J2J-a: 4399409/6113284 J2J-d: 70585 J2J-s: 835318/2531432 | map: 2126 tracked, 1159 hot
[JIT] Stats: 31457280 sends, 3500 compiled, 1610058 failed, 14396/16384 KB code | IC: 5563179/6474148 (85% hit, 95331 patched, 0 stale) | J2J-r: 0/0 J2J-a: 4408758/6127334 J2J-d: 70586 J2J-s: 835335/2536150 | map: 2126 tracked, 1159 hot
[JIT] Stats: 31522816 sends, 3500 compiled, 1612879 failed, 14396/16384 KB code | IC: 5573952/6489223 (85% hit, 95773 patched, 0 stale) | J2J-r: 0/0 J2J-a: 4419772/6140694 J2J-d: 70896 J2J-s: 839600/2542691 | map: 2126 tracked, 1159 hot
[JIT] Stats: 31588352 sends, 3500 compiled, 1616849 failed, 14396/16384 KB code | IC: 5586726/6502414 (85% hit, 95793 patched, 0 stale) | J2J-r: 0/0 J2J-a: 4428543/6153885 J2J-d: 70908 J2J-s: 839621/2547131 | map: 2126 tracked, 1159 hot
[JIT] Stats: 31653888 sends, 3500 compiled, 1620557 failed, 14396/16384 KB code | IC: 5598698/6517135 (85% hit, 96025 patched, 0 stale) | J2J-r: 0/0 J2J-a: 4438984/6167186 J2J-d: 71074 J2J-s: 842817/2553130 | map: 2126 tracked, 1159 hot
[JIT] Stats: 31719424 sends, 3500 compiled, 1623273 failed, 14396/16384 KB code | IC: 5609839/6530254 (85% hit, 96259 patched, 0 stale) | J2J-r: 0/0 J2J-a: 4448166/6180098 J2J-d: 71235 J2J-s: 844054/2558080 | map: 2126 tracked, 1159 hot
[JIT] Stats: 31784960 sends, 3500 compiled, 1627654 failed, 14396/16384 KB code | IC: 5622886/6544052 (85% hit, 96344 patched, 0 stale) | J2J-r: 0/0 J2J-a: 4457693/6193566 J2J-d: 71299 J2J-s: 845030/2562990 | map: 2126 tracked, 1159 hot
[JIT] Stats: 31850496 sends, 3500 compiled, 1630061 failed, 14396/16384 KB code | IC: 5632931/6557231 (85% hit, 96724 patched, 0 stale) | J2J-r: 0/0 J2J-a: 4466941/6205857 J2J-d: 71562 J2J-s: 847656/2568592 | map: 2126 tracked, 1159 hot
[JIT] Stats: 31916032 sends, 3500 compiled, 1634723 failed, 14396/16384 KB code | IC: 5646982/6571283 (85% hit, 96725 patched, 0 stale) | J2J-r: 0/0 J2J-a: 4476289/6219909 J2J-d: 71563 J2J-s: 847674/2573314 | map: 2126 tracked, 1159 hot
[JIT] Stats: 31981568 sends, 3500 compiled, 1637177 failed, 14396/16384 KB code | IC: 5657087/6584851 (85% hit, 97177 patched, 0 stale) | J2J-r: 0/0 J2J-a: 4486389/6232212 J2J-d: 71884 J2J-s: 851682/2579453 | map: 2126 tracked, 1159 hot
[JIT] Stats: 32047104 sends, 3500 compiled, 1641151 failed, 14396/16384 KB code | IC: 5669863/6598042 (85% hit, 97197 patched, 0 stale) | J2J-r: 0/0 J2J-a: 4495161/6245402 J2J-d: 71896 J2J-s: 851702/2583890 | map: 2126 tracked, 1159 hot
[JIT] Stats: 32112640 sends, 3500 compiled, 1644856 failed, 14396/16384 KB code | IC: 5681457/6611653 (85% hit, 97434 patched, 0 stale) | J2J-r: 0/0 J2J-a: 4504864/6257954 J2J-d: 72068 J2J-s: 854539/2589520 | map: 2126 tracked, 1159 hot
[JIT] Stats: 32178176 sends, 3500 compiled, 1647943 failed, 14396/16384 KB code | IC: 5693109/6624773 (85% hit, 97656 patched, 0 stale) | J2J-r: 0/0 J2J-a: 4514050/6270880 J2J-d: 72218 J2J-s: 855740/2594444 | map: 2126 tracked, 1159 hot
[JIT] Stats: 32243712 sends, 3500 compiled, 1652328 failed, 14396/16384 KB code | IC: 5706162/6638685 (85% hit, 97741 patched, 0 stale) | J2J-r: 0/0 J2J-a: 4523690/6284409 J2J-d: 72282 J2J-s: 856819/2599405 | map: 2126 tracked, 1159 hot
[JIT] Stats: 32309248 sends, 3500 compiled, 1654072 failed, 14396/16384 KB code | IC: 5715738/6651615 (85% hit, 98157 patched, 0 stale) | J2J-r: 0/0 J2J-a: 4532774/6296391 J2J-d: 72576 J2J-s: 860057/2605474 | map: 2126 tracked, 1159 hot
[JIT] Stats: 32374784 sends, 3500 compiled, 1658734 failed, 14396/16384 KB code | IC: 5729786/6665665 (85% hit, 98159 patched, 0 stale) | J2J-r: 0/0 J2J-a: 4542121/6310440 J2J-d: 72578 J2J-s: 860074/2610193 | map: 2126 tracked, 1159 hot
[JIT] Stats: 32440320 sends, 3500 compiled, 1661838 failed, 14396/16384 KB code | IC: 5740849/6680825 (85% hit, 98595 patched, 0 stale) | J2J-r: 0/0 J2J-a: 4553224/6323927 J2J-d: 72884 J2J-s: 864315/2616746 | map: 2126 tracked, 1159 hot
[JIT] Stats: 32505856 sends, 3500 compiled, 1665555 failed, 14396/16384 KB code | IC: 5753368/6694016 (85% hit, 98615 patched, 0 stale) | J2J-r: 0/0 J2J-a: 4561996/6337118 J2J-d: 72896 J2J-s: 864335/2621184 | map: 2126 tracked, 1159 hot
[JIT] Stats: 32571392 sends, 3500 compiled, 1669234 failed, 14396/16384 KB code | IC: 5764866/6707239 (85% hit, 98850 patched, 0 stale) | J2J-r: 0/0 J2J-a: 4571347/6349566 J2J-d: 73068 J2J-s: 866600/2626490 | map: 2126 tracked, 1159 hot
[JIT] Stats: 32636928 sends, 3500 compiled, 1673223 failed, 14396/16384 KB code | IC: 5777477/6721048 (85% hit, 99082 patched, 0 stale) | J2J-r: 0/0 J2J-a: 4580808/6362909 J2J-d: 73224 J2J-s: 867947/2631702 | map: 2126 tracked, 1159 hot
[JIT] Stats: 32702464 sends, 3500 compiled, 1677608 failed, 14396/16384 KB code | IC: 5790547/6734553 (85% hit, 99168 patched, 0 stale) | J2J-r: 0/0 J2J-a: 4590021/6376244 J2J-d: 73288 J2J-s: 868576/2636446 | map: 2126 tracked, 1159 hot
[JIT] Stats: 32768000 sends, 3500 compiled, 1680040 failed, 14396/16384 KB code | IC: 5800746/6748094 (85% hit, 99543 patched, 0 stale) | J2J-r: 0/0 J2J-a: 4599652/6388707 J2J-d: 73546 J2J-s: 871583/2642219 | map: 2126 tracked, 1159 hot
[JIT] Stats: 32833536 sends, 3500 compiled, 1684699 failed, 14396/16384 KB code | IC: 5814794/6762144 (85% hit, 99545 patched, 0 stale) | J2J-r: 0/0 J2J-a: 4608995/6402756 J2J-d: 73548 J2J-s: 871603/2646945 | map: 2126 tracked, 1159 hot
[DNU-STACK] Full call stack for #suspend (DNU #9):
[DNU-STACK]   [0] SUnitRunner class>>runSingleTest:selector:timeout:priority:on:
[DNU-STACK]   [1] FullBlockClosure>>on:do:
[DNU-STACK]   [2] Process>>unwindTo:
[DNU-STACK]   [current] #suspend fd=2
[SISTA-RING] tag=suspend seq=1726288 count=32:
  [0] #max:                         RET   rcvr=0x1379 ret/top=0x1379 bailOp=0x00 argc=0 spΔ=0
  [1] #atEnd                        RET   rcvr=0x473b58c68 ret/top=0x300000010 bailOp=0x00 argc=0 spΔ=0
  [2] #atEnd                        RET   rcvr=0x473b58c68 ret/top=0x300000010 bailOp=0x00 argc=0 spΔ=0
  [3] #max:                         RET   rcvr=0x1379 ret/top=0x1379 bailOp=0x00 argc=0 spΔ=0
  [4] #atEnd                        RET   rcvr=0x473b58c68 ret/top=0x300000010 bailOp=0x00 argc=0 spΔ=0
  [5] #isEmpty                      RET   rcvr=0x473b85a88 ret/top=0x300000020 bailOp=0x00 argc=0 spΔ=0
  [6] #messageNodeClass             RET   rcvr=0x473b58bb8 ret/top=0x3000b64d8 bailOp=0x00 argc=0 spΔ=0
  [7] #receiver                     RET   rcvr=0x473b8e0f8 ret/top=0x473b8db90 bailOp=0x00 argc=0 spΔ=0
  [8] #sender                       RET   rcvr=0x473b8e0f8 ret/top=0x473b8dfb8 bailOp=0x00 argc=0 spΔ=0
  [9] #max:                         RET   rcvr=0x131 ret/top=0x131 bailOp=0x00 argc=0 spΔ=0
  [10] #size                         RET   rcvr=0x473b8d230 ret/top=0x1 bailOp=0x00 argc=0 spΔ=0
  [11] #size                         RET   rcvr=0x473b8d230 ret/top=0x1 bailOp=0x00 argc=0 spΔ=0
  [12] #size                         RET   rcvr=0x473b8d230 ret/top=0x1 bailOp=0x00 argc=0 spΔ=0
  [13] #size                         RET   rcvr=0x473b8d230 ret/top=0x1 bailOp=0x00 argc=0 spΔ=0
  [14] #size                         RET   rcvr=0x304c50248 ret/top=0x1 bailOp=0x00 argc=0 spΔ=0
  [15] #arrayType                    RET   rcvr=0x3000178d0 ret/top=0x3000164b0 bailOp=0x00 argc=0 spΔ=0
  [16] #size                         RET   rcvr=0x304c50248 ret/top=0x1 bailOp=0x00 argc=0 spΔ=0
  [17] #size                         RET   rcvr=0x473b8d230 ret/top=0x1 bailOp=0x00 argc=0 spΔ=0
  [18] #size                         RET   rcvr=0x473b45fb8 ret/top=0x1 bailOp=0x00 argc=0 spΔ=0
  [19] #size                         RET   rcvr=0x473b45fb8 ret/top=0x1 bailOp=0x00 argc=0 spΔ=0
  [20] #size                         RET   rcvr=0x473b45fb8 ret/top=0x1 bailOp=0x00 argc=0 spΔ=0
  [21] #size                         RET   rcvr=0x473b45fb8 ret/top=0x1 bailOp=0x00 argc=0 spΔ=0
  [22] #size                         RET   rcvr=0x304c37850 ret/top=0x1 bailOp=0x00 argc=0 spΔ=0
  [23] #arrayType                    RET   rcvr=0x3000178d0 ret/top=0x3000164b0 bailOp=0x00 argc=0 spΔ=0
  [24] #size                         RET   rcvr=0x304c37850 ret/top=0x1 bailOp=0x00 argc=0 spΔ=0
  [25] #size                         RET   rcvr=0x473b45fb8 ret/top=0x1 bailOp=0x00 argc=0 spΔ=0
  [26] #max:                         RET   rcvr=0x6c1 ret/top=0x6c1 bailOp=0x00 argc=0 spΔ=0
  [27] #activeHand                   RET   rcvr=0x300f56f28 ret/top=0x300ff6c10 bailOp=0x00 argc=0 spΔ=0
  [28] #arrayType                    RET   rcvr=0x3000178d0 ret/top=0x3000164b0 bailOp=0x00 argc=0 spΔ=0
  [29] #instanceVariablesToKeep      RET   rcvr=0x30486b870 ret/top=0x3005a6960 bailOp=0x00 argc=0 spΔ=0
  [30] #instanceVariablesToKeep      RET   rcvr=0x30486b870 ret/top=0x3005a6960 bailOp=0x00 argc=0 spΔ=0
  [31] #instanceVariablesToKeep      RET   rcvr=0x30486b870 ret/top=0x3005a6960 bailOp=0x00 argc=0 spΔ=0
[DNU] #9: #suspend not understood by rcvr=0x300000000 argCount=0 fd=2 in #suspend P80
[DNU]   rcvr cls=3075 fmt=0 class=nil
[DNU] 1MB-aligned check: rcvr=0x300000000 classAtIdx(3075).isNil=0 trap_env=0
[DNU-STACK] Full call stack for #suspend (DNU #10):
[DNU-STACK]   [0] SUnitRunner class>>runSingleTest:selector:timeout:priority:on:
[DNU-STACK]   [1] FullBlockClosure>>on:do:
[DNU-STACK]   [2] Process>>unwindTo:
[DNU-STACK]   [current] #suspend fd=2
[SISTA-RING] tag=suspend seq=1726317 count=32:
  [0] #instanceVariablesToKeep      RET   rcvr=0x30486b870 ret/top=0x3005a6960 bailOp=0x00 argc=0 spΔ=0
  [1] #instanceVariablesToKeep      RET   rcvr=0x30486b870 ret/top=0x3005a6960 bailOp=0x00 argc=0 spΔ=0
  [2] #instanceVariablesToKeep      RET   rcvr=0x30486b870 ret/top=0x3005a6960 bailOp=0x00 argc=0 spΔ=0
  [3] #>=                           SEND  rcvr=0x473b95a08 ret/top=0x473b95a08 bailOp=0x64 argc=0 spΔ=2
  [4] #<=                           SEND  rcvr=0x30385db68 ret/top=0x473b95a08 bailOp=0x63 argc=0 spΔ=2
  [5] #>                            SEND  rcvr=0x30385db68 ret/top=0x30385db68 bailOp=0x62 argc=0 spΔ=2
  [6] #isDead                       SEND  rcvr=0x473b98b88 ret/top=0x109 bailOp=0x80 argc=0 spΔ=1
  [7] #method                       RET   rcvr=0x473b98b88 ret/top=0x3003d0758 bailOp=0x00 argc=0 spΔ=0
  [8] #isDead                       SEND  rcvr=0x473b98b88 ret/top=0x109 bailOp=0x80 argc=0 spΔ=1
  [9] #handleNewProcess:            RET   rcvr=0x30385cd78 ret/top=0x30385cd78 bailOp=0x00 argc=0 spΔ=0
  [10] #max:                         RET   rcvr=0x29 ret/top=0x29 bailOp=0x00 argc=0 spΔ=0
  [11] #isDead                       SEND  rcvr=0x473b98b88 ret/top=0x109 bailOp=0x80 argc=0 spΔ=1
  [12] #isDead                       SEND  rcvr=0x473b98b88 ret/top=0x109 bailOp=0x80 argc=0 spΔ=1
  [13] #isDead                       SEND  rcvr=0x473b9b1e8 ret/top=0x189 bailOp=0x80 argc=0 spΔ=1
  [14] #isDead                       SEND  rcvr=0x473b9b1e8 ret/top=0x189 bailOp=0x80 argc=0 spΔ=1
  [15] #isDead                       SEND  rcvr=0x473b9cb38 ret/top=0x109 bailOp=0x80 argc=0 spΔ=1
  [16] #isDead                       SEND  rcvr=0x473b9cb38 ret/top=0x109 bailOp=0x80 argc=0 spΔ=1
  [17] #handleNewProcess:            RET   rcvr=0x30385cd78 ret/top=0x30385cd78 bailOp=0x00 argc=0 spΔ=0
  [18] #max:                         RET   rcvr=0x29 ret/top=0x29 bailOp=0x00 argc=0 spΔ=0
  [19] #compiledCode                 RET   rcvr=0x473ba12d8 ret/top=0x3003d0758 bailOp=0x00 argc=0 spΔ=0
  [20] #compiledCode                 RET   rcvr=0x473ba12d8 ret/top=0x3003d0758 bailOp=0x00 argc=0 spΔ=0
  [21] #compiledCode                 RET   rcvr=0x473ba1bf0 ret/top=0x3003d0758 bailOp=0x00 argc=0 spΔ=0
  [22] #compiledCode                 RET   rcvr=0x473ba1bf0 ret/top=0x3003d0758 bailOp=0x00 argc=0 spΔ=0
  [23] #resources                    RET   rcvr=0x30187ffb0 ret/top=0x300261d60 bailOp=0x00 argc=0 spΔ=0
  [24] #max:                         RET   rcvr=0x1 ret/top=0x191 bailOp=0x00 argc=0 spΔ=0
  [25] #max:                         RET   rcvr=0x1 ret/top=0x141 bailOp=0x00 argc=0 spΔ=0
  [26] #assert:                      SEND  rcvr=0x473ba2280 ret/top=0x30038eeb0 bailOp=0xa1 argc=0 spΔ=3
  [27] #activeHand                   RET   rcvr=0x300f56f28 ret/top=0x300ff6c10 bailOp=0x00 argc=0 spΔ=0
  [28] #arrayType                    RET   rcvr=0x3000178d0 ret/top=0x3000164b0 bailOp=0x00 argc=0 spΔ=0
  [29] #instanceVariablesToKeep      RET   rcvr=0x473ba2280 ret/top=0x3005a6960 bailOp=0x00 argc=0 spΔ=0
  [30] #instanceVariablesToKeep      RET   rcvr=0x473ba2280 ret/top=0x3005a6960 bailOp=0x00 argc=0 spΔ=0
  [31] #instanceVariablesToKeep      RET   rcvr=0x473ba2280 ret/top=0x3005a6960 bailOp=0x00 argc=0 spΔ=0
[DNU] #10: #suspend not understood by rcvr=0x300000000 argCount=0 fd=2 in #suspend P80
[DNU]   rcvr cls=3075 fmt=0 class=nil
[DNU] 1MB-aligned check: rcvr=0x300000000 classAtIdx(3075).isNil=0 trap_env=0
[JIT] Stats: 32899072 sends, 3503 compiled, 1687342 failed, 14420/16384 KB code | IC: 5825270/6776084 (85% hit, 100116 patched, 0 stale) | J2J-r: 0/0 J2J-a: 4618252/6415024 J2J-d: 73968 J2J-s: 875878/2654148 | map: 2357 tracked, 1385 hot
[JIT] Stats: 32964608 sends, 3504 compiled, 1689815 failed, 14421/16384 KB code | IC: 5836640/6789419 (85% hit, 100199 patched, 0 stale) | J2J-r: 0/0 J2J-a: 4627263/6428133 J2J-d: 74026 J2J-s: 877134/2659492 | map: 2363 tracked, 1387 hot
[JIT] Stats: 33030144 sends, 3504 compiled, 1694197 failed, 14421/16384 KB code | IC: 5849685/6803034 (85% hit, 100284 patched, 0 stale) | J2J-r: 0/0 J2J-a: 4636611/6441510 J2J-d: 74090 J2J-s: 877930/2664310 | map: 2363 tracked, 1387 hot
[JIT] Stats: 33095680 sends, 3504 compiled, 1697460 failed, 14421/16384 KB code | IC: 5860546/6815956 (85% hit, 100659 patched, 0 stale) | J2J-r: 0/0 J2J-a: 4645959/6453453 J2J-d: 74349 J2J-s: 881077/2669985 | map: 2363 tracked, 1387 hot
[JIT] Stats: 33161216 sends, 3504 compiled, 1702120 failed, 14421/16384 KB code | IC: 5874592/6830004 (86% hit, 100661 patched, 0 stale) | J2J-r: 0/0 J2J-a: 4655304/6467501 J2J-d: 74351 J2J-s: 881095/2674706 | map: 2363 tracked, 1387 hot
[JIT] Stats: 33226752 sends, 3504 compiled, 1705057 failed, 14421/16384 KB code | IC: 5885001/6843454 (85% hit, 101115 patched, 0 stale) | J2J-r: 0/0 J2J-a: 4665252/6479719 J2J-d: 74674 J2J-s: 884986/2680795 | map: 2363 tracked, 1387 hot
[JIT] Stats: 33292288 sends, 3504 compiled, 1709426 failed, 14421/16384 KB code | IC: 5898171/6856644 (86% hit, 101135 patched, 0 stale) | J2J-r: 0/0 J2J-a: 4674024/6492908 J2J-d: 74686 J2J-s: 885006/2685231 | map: 2363 tracked, 1387 hot
[JIT] Stats: 33357824 sends, 3504 compiled, 1713115 failed, 14421/16384 KB code | IC: 5910042/6870966 (86% hit, 101369 patched, 0 stale) | J2J-r: 0/0 J2J-a: 4684128/6506059 J2J-d: 74855 J2J-s: 887737/2690952 | map: 2363 tracked, 1387 hot
[JIT] Stats: 33423360 sends, 3504 compiled, 1716187 failed, 14421/16384 KB code | IC: 5921631/6884722 (86% hit, 101594 patched, 0 stale) | J2J-r: 0/0 J2J-a: 4693553/6519401 J2J-d: 75008 J2J-s: 889034/2696149 | map: 2363 tracked, 1387 hot
[JIT] Stats: 33488896 sends, 3504 compiled, 1720577 failed, 14421/16384 KB code | IC: 5934694/6898179 (86% hit, 101680 patched, 0 stale) | J2J-r: 0/0 J2J-a: 4702734/6532708 J2J-d: 75072 J2J-s: 889646/2700880 | map: 2363 tracked, 1387 hot
[JIT] Stats: 33554432 sends, 3504 compiled, 1722554 failed, 14421/16384 KB code | IC: 5944543/6912214 (86% hit, 102070 patched, 0 stale) | J2J-r: 0/0 J2J-a: 4712770/6545421 J2J-d: 75345 J2J-s: 893098/2706942 | map: 2363 tracked, 1387 hot
[JIT] Stats: 33619968 sends, 3504 compiled, 1727214 failed, 14421/16384 KB code | IC: 5958591/6926264 (86% hit, 102072 patched, 0 stale) | J2J-r: 0/0 J2J-a: 4722115/6559471 J2J-d: 75347 J2J-s: 893116/2711665 | map: 2363 tracked, 1387 hot
[JIT] Stats: 33685504 sends, 3504 compiled, 1730269 failed, 14421/16384 KB code | IC: 5969597/6941258 (86% hit, 102511 patched, 0 stale) | J2J-r: 0/0 J2J-a: 4733089/6572745 J2J-d: 75657 J2J-s: 897442/2718218 | map: 2363 tracked, 1387 hot
[JIT] Stats: 33751040 sends, 3504 compiled, 1733968 failed, 14421/16384 KB code | IC: 5982099/6954447 (86% hit, 102531 patched, 0 stale) | J2J-r: 0/0 J2J-a: 4741859/6585935 J2J-d: 75669 J2J-s: 897464/2722659 | map: 2363 tracked, 1387 hot
[JIT] Stats: 33816576 sends, 3504 compiled, 1737686 failed, 14421/16384 KB code | IC: 5993966/6968747 (86% hit, 102773 patched, 0 stale) | J2J-r: 0/0 J2J-a: 4751981/6599145 J2J-d: 75845 J2J-s: 900034/2728262 | map: 2363 tracked, 1387 hot
[JIT] Stats: 33882112 sends, 3504 compiled, 1740375 failed, 14421/16384 KB code | IC: 6005102/6982200 (86% hit, 103014 patched, 0 stale) | J2J-r: 0/0 J2J-a: 4761436/6612087 J2J-d: 76009 J2J-s: 901812/2733510 | map: 2363 tracked, 1387 hot
[JIT] Stats: 33947648 sends, 3504 compiled, 1744751 failed, 14421/16384 KB code | IC: 6018165/6995495 (86% hit, 103099 patched, 0 stale) | J2J-r: 0/0 J2J-a: 4770435/6625314 J2J-d: 76073 J2J-s: 902235/2738154 | map: 2363 tracked, 1387 hot
[JIT] Stats: 34013184 sends, 3504 compiled, 1748350 failed, 14421/16384 KB code | IC: 6029388/7009137 (86% hit, 103473 patched, 0 stale) | J2J-r: 0/0 J2J-a: 4780207/6637791 J2J-d: 76333 J2J-s: 905469/2744027 | map: 2363 tracked, 1387 hot
[JIT] Stats: 34078720 sends, 3504 compiled, 1753009 failed, 14421/16384 KB code | IC: 6043436/7023188 (86% hit, 103476 patched, 0 stale) | J2J-r: 0/0 J2J-a: 4789551/6651842 J2J-d: 76335 J2J-s: 905489/2748754 | map: 2363 tracked, 1387 hot
[JIT] Stats: 34144256 sends, 3504 compiled, 1755778 failed, 14421/16384 KB code | IC: 6054150/7038419 (86% hit, 103926 patched, 0 stale) | J2J-r: 0/0 J2J-a: 4800574/6665392 J2J-d: 76653 J2J-s: 909574/2755293 | map: 2363 tracked, 1387 hot
[JIT] Stats: 34209792 sends, 3504 compiled, 1759442 failed, 14421/16384 KB code | IC: 6066617/7051609 (86% hit, 103946 patched, 0 stale) | J2J-r: 0/0 J2J-a: 4809345/6678582 J2J-d: 76665 J2J-s: 909596/2759733 | map: 2363 tracked, 1387 hot
[JIT] Stats: 34275328 sends, 3504 compiled, 1763136 failed, 14421/16384 KB code | IC: 6078170/7064867 (86% hit, 104179 patched, 0 stale) | J2J-r: 0/0 J2J-a: 4818706/6691092 J2J-d: 76835 J2J-s: 911792/2765024 | map: 2363 tracked, 1387 hot
[JIT] Stats: 34340864 sends, 3504 compiled, 1766211 failed, 14421/16384 KB code | IC: 6089678/7078294 (86% hit, 104409 patched, 0 stale) | J2J-r: 0/0 J2J-a: 4828151/6704008 J2J-d: 76991 J2J-s: 913572/2770258 | map: 2363 tracked, 1387 hot
[JIT] Stats: 34406400 sends, 3505 compiled, 1770597 failed, 14424/16384 KB code | IC: 6102782/7091685 (86% hit, 104494 patched, 0 stale) | J2J-r: 0/0 J2J-a: 4837223/6717302 J2J-d: 77055 J2J-s: 914034/2774935 | map: 2363 tracked, 1387 hot
[JIT] Stats: 34471936 sends, 3505 compiled, 1772609 failed, 14424/16384 KB code | IC: 6112515/7104998 (86% hit, 104874 patched, 0 stale) | J2J-r: 0/0 J2J-a: 4846966/6729447 J2J-d: 77319 J2J-s: 917563/2780800 | map: 2363 tracked, 1387 hot
[JIT] Stats: 34537472 sends, 3505 compiled, 1777270 failed, 14424/16384 KB code | IC: 6126561/7119047 (86% hit, 104877 patched, 0 stale) | J2J-r: 0/0 J2J-a: 4856313/6743497 J2J-d: 77321 J2J-s: 917581/2785521 | map: 2363 tracked, 1387 hot
[JIT] Stats: 34603008 sends, 3507 compiled, 1780961 failed, 14431/16384 KB code | IC: 6137926/7132964 (86% hit, 105315 patched, 0 stale) | J2J-r: 0/0 J2J-a: 4866441/6756181 J2J-d: 77631 J2J-s: 921209/2791632 | map: 2363 tracked, 1387 hot
[JIT] Stats: 34668544 sends, 3507 compiled, 1785328 failed, 14431/16384 KB code | IC: 6151095/7146153 (86% hit, 105335 patched, 0 stale) | J2J-r: 0/0 J2J-a: 4875212/6769370 J2J-d: 77643 J2J-s: 921230/2796070 | map: 2363 tracked, 1387 hot
[JIT] Stats: 34734080 sends, 3508 compiled, 1789010 failed, 14435/16384 KB code | IC: 6162603/7159395 (86% hit, 105571 patched, 0 stale) | J2J-r: 0/0 J2J-a: 4884580/6781832 J2J-d: 77815 J2J-s: 923509/2801387 | map: 2363 tracked, 1387 hot
[JIT] Stats: 34799616 sends, 3509 compiled, 1791288 failed, 14437/16384 KB code | IC: 6173837/7173430 (86% hit, 105839 patched, 0 stale) | J2J-r: 0/0 J2J-a: 4893913/6795299 J2J-d: 78002 J2J-s: 925521/2807516 | map: 2363 tracked, 1387 hot
[JIT] Stats: 34865152 sends, 3509 compiled, 1795758 failed, 14437/16384 KB code | IC: 6187316/7186980 (86% hit, 105880 patched, 0 stale) | J2J-r: 0/0 J2J-a: 4902925/6808831 J2J-d: 78032 J2J-s: 925576/2812088 | map: 2363 tracked, 1387 hot
[JIT] Stats: 34930688 sends, 3512 compiled, 1798082 failed, 14442/16384 KB code | IC: 6197441/7201862 (86% hit, 106291 patched, 0 stale) | J2J-r: 0/0 J2J-a: 4913822/6821979 J2J-d: 78319 J2J-s: 929850/2818543 | map: 2363 tracked, 1387 hot
[JIT] Stats: 34996224 sends, 3512 compiled, 1802743 failed, 14442/16384 KB code | IC: 6211483/7215909 (86% hit, 106296 patched, 0 stale) | J2J-r: 0/0 J2J-a: 4923170/6836026 J2J-d: 78322 J2J-s: 929868/2823260 | map: 2363 tracked, 1387 hot
[JIT] Stats: 35061760 sends, 3512 compiled, 1805878 failed, 14442/16384 KB code | IC: 6222159/7229672 (86% hit, 106753 patched, 0 stale) | J2J-r: 0/0 J2J-a: 4933201/6848514 J2J-d: 78647 J2J-s: 933631/2829408 | map: 2363 tracked, 1387 hot
[JIT] Stats: 35127296 sends, 3512 compiled, 1809100 failed, 14442/16384 KB code | IC: 6234159/7242665 (86% hit, 106775 patched, 0 stale) | J2J-r: 0/0 J2J-a: 4941950/6861507 J2J-d: 78660 J2J-s: 933814/2833834 | map: 2363 tracked, 1387 hot
[JIT] Stats: 35192832 sends, 3512 compiled, 1813003 failed, 14442/16384 KB code | IC: 6246767/7257465 (86% hit, 106984 patched, 0 stale) | J2J-r: 0/0 J2J-a: 4952219/6875332 J2J-d: 78813 J2J-s: 935986/2839506 | map: 2363 tracked, 1387 hot
[JIT] Stats: 35258368 sends, 3512 compiled, 1815889 failed, 14442/16384 KB code | IC: 6257649/7270592 (86% hit, 107234 patched, 0 stale) | J2J-r: 0/0 J2J-a: 4961650/6887762 J2J-d: 78980 J2J-s: 938264/2844765 | map: 2363 tracked, 1387 hot
[JIT] Stats: 35323904 sends, 3512 compiled, 1820454 failed, 14442/16384 KB code | IC: 6271418/7284368 (86% hit, 107240 patched, 0 stale) | J2J-r: 0/0 J2J-a: 4970814/6901538 J2J-d: 78985 J2J-s: 938288/2849401 | map: 2363 tracked, 1387 hot
[JIT] Stats: 35389440 sends, 3512 compiled, 1823146 failed, 14442/16384 KB code | IC: 6281163/7297164 (86% hit, 107708 patched, 0 stale) | J2J-r: 0/0 J2J-a: 4980381/6913096 J2J-d: 79317 J2J-s: 942245/2855275 | map: 2363 tracked, 1387 hot
[JIT] Stats: 35454976 sends, 3512 compiled, 1827804 failed, 14442/16384 KB code | IC: 6295206/7311212 (86% hit, 107713 patched, 0 stale) | J2J-r: 0/0 J2J-a: 4989725/6927144 J2J-d: 79320 J2J-s: 942265/2859999 | map: 2363 tracked, 1387 hot
[JIT] Stats: 35520512 sends, 3512 compiled, 1831420 failed, 14442/16384 KB code | IC: 6306356/7325031 (86% hit, 108156 patched, 0 stale) | J2J-r: 0/0 J2J-a: 4999769/6939711 J2J-d: 79634 J2J-s: 945926/2866111 | map: 2363 tracked, 1387 hot
[JIT] Stats: 35586048 sends, 3512 compiled, 1834561 failed, 14442/16384 KB code | IC: 6318258/7337870 (86% hit, 108178 patched, 0 stale) | J2J-r: 0/0 J2J-a: 5008498/6952549 J2J-d: 79647 J2J-s: 946238/2870531 | map: 2363 tracked, 1387 hot
[JIT] Stats: 35651584 sends, 3512 compiled, 1838548 failed, 14442/16384 KB code | IC: 6330998/7352781 (86% hit, 108355 patched, 0 stale) | J2J-r: 0/0 J2J-a: 5018887/6966496 J2J-d: 79776 J2J-s: 948360/2876166 | map: 2363 tracked, 1387 hot
[JIT] Stats: 35717120 sends, 3512 compiled, 1841035 failed, 14442/16384 KB code | IC: 6341458/7366224 (86% hit, 108650 patched, 0 stale) | J2J-r: 0/0 J2J-a: 5028316/6979259 J2J-d: 79978 J2J-s: 950383/2881494 | map: 2363 tracked, 1387 hot
[JIT] Stats: 35782656 sends, 3512 compiled, 1845662 failed, 14442/16384 KB code | IC: 6355413/7380186 (86% hit, 108656 patched, 0 stale) | J2J-r: 0/0 J2J-a: 5037603/6993220 J2J-d: 79983 J2J-s: 950407/2886192 | map: 2363 tracked, 1387 hot
[JIT] Stats: 35848192 sends, 3512 compiled, 1847847 failed, 14442/16384 KB code | IC: 6364603/7393296 (86% hit, 109114 patched, 0 stale) | J2J-r: 0/0 J2J-a: 5047171/7005089 J2J-d: 80305 J2J-s: 954021/2892033 | map: 2363 tracked, 1387 hot
[JIT] Stats: 35913728 sends, 3512 compiled, 1852508 failed, 14442/16384 KB code | IC: 6378648/7407345 (86% hit, 109118 patched, 0 stale) | J2J-r: 0/0 J2J-a: 5056519/7019138 J2J-d: 80307 J2J-s: 954039/2896752 | map: 2363 tracked, 1387 hot
[JIT] Stats: 35979264 sends, 3512 compiled, 1855747 failed, 14442/16384 KB code | IC: 6389554/7421189 (86% hit, 109570 patched, 0 stale) | J2J-r: 0/0 J2J-a: 5066600/7031720 J2J-d: 80628 J2J-s: 957735/2902876 | map: 2363 tracked, 1387 hot
[JIT] Stats: 36044800 sends, 3512 compiled, 1858906 failed, 14442/16384 KB code | IC: 6401475/7434046 (86% hit, 109592 patched, 0 stale) | J2J-r: 0/0 J2J-a: 5075333/7044577 J2J-d: 80641 J2J-s: 958030/2907294 | map: 2363 tracked, 1387 hot
[JIT] Stats: 36110336 sends, 3512 compiled, 1862837 failed, 14442/16384 KB code | IC: 6414110/7448752 (86% hit, 109768 patched, 0 stale) | J2J-r: 0/0 J2J-a: 5085544/7058346 J2J-d: 80770 J2J-s: 960113/2912890 | map: 2363 tracked, 1387 hot
[JIT] Stats: 36175872 sends, 3512 compiled, 1865738 failed, 14442/16384 KB code | IC: 6425105/7462037 (86% hit, 110046 patched, 0 stale) | J2J-r: 0/0 J2J-a: 5094951/7070987 J2J-d: 80957 J2J-s: 962194/2918177 | map: 2363 tracked, 1387 hot
[JIT] Stats: 36241408 sends, 3512 compiled, 1870297 failed, 14442/16384 KB code | IC: 6438852/7475791 (86% hit, 110052 patched, 0 stale) | J2J-r: 0/0 J2J-a: 5104101/7084740 J2J-d: 80962 J2J-s: 962216/2922802 | map: 2363 tracked, 1387 hot
[JIT] Stats: 36306944 sends, 3513 compiled, 1872088 failed, 14445/16384 KB code | IC: 6448996/7490844 (86% hit, 110535 patched, 0 stale) | J2J-r: 0/0 J2J-a: 5114781/7098217 J2J-d: 81308 J2J-s: 966737/2930046 | map: 2363 tracked, 1387 hot
[JIT] Stats: 36372480 sends, 3513 compiled, 1876457 failed, 14445/16384 KB code | IC: 6462172/7504036 (86% hit, 110551 patched, 0 stale) | J2J-r: 0/0 J2J-a: 5123554/7111409 J2J-d: 81317 J2J-s: 966758/2934486 | map: 2363 tracked, 1387 hot
[JIT] Stats: 36438016 sends, 3514 compiled, 1880023 failed, 14448/16384 KB code | IC: 6473719/7518681 (86% hit, 110921 patched, 0 stale) | J2J-r: 0/0 J2J-a: 5134050/7124499 J2J-d: 81577 J2J-s: 970369/2940623 | map: 2363 tracked, 1387 hot
[JIT] Stats: 36503552 sends, 3514 compiled, 1883261 failed, 14448/16384 KB code | IC: 6485587/7531936 (86% hit, 111012 patched, 0 stale) | J2J-r: 0/0 J2J-a: 5143150/7137751 J2J-d: 81641 J2J-s: 970931/2945334 | map: 2363 tracked, 1387 hot
[JIT] Stats: 36569088 sends, 3514 compiled, 1887441 failed, 14448/16384 KB code | IC: 6498575/7546619 (86% hit, 111132 patched, 0 stale) | J2J-r: 0/0 J2J-a: 5153304/7151648 J2J-d: 81729 J2J-s: 972618/2950740 | map: 2363 tracked, 1387 hot
[JIT] Stats: 36634624 sends, 3514 compiled, 1889643 failed, 14448/16384 KB code | IC: 6508499/7559337 (86% hit, 111485 patched, 0 stale) | J2J-r: 0/0 J2J-a: 5162452/7163659 J2J-d: 81973 J2J-s: 975178/2956113 | map: 2363 tracked, 1387 hot
[JIT] Stats: 36700160 sends, 3514 compiled, 1894305 failed, 14448/16384 KB code | IC: 6522550/7573389 (86% hit, 111486 patched, 0 stale) | J2J-r: 0/0 J2J-a: 5171802/7177711 J2J-d: 81974 J2J-s: 975197/2960834 | map: 2363 tracked, 1387 hot
[JIT] Stats: 36765696 sends, 3514 compiled, 1896771 failed, 14448/16384 KB code | IC: 6532590/7587212 (86% hit, 111935 patched, 0 stale) | J2J-r: 0/0 J2J-a: 5182005/7190195 J2J-d: 82292 J2J-s: 979166/2967011 | map: 2363 tracked, 1387 hot
[JIT] Stats: 36831232 sends, 3514 compiled, 1901059 failed, 14448/16384 KB code | IC: 6545687/7600409 (86% hit, 111954 patched, 0 stale) | J2J-r: 0/0 J2J-a: 5190781/7203392 J2J-d: 82303 J2J-s: 979188/2971453 | map: 2363 tracked, 1387 hot
[JIT] Stats: 36896768 sends, 3514 compiled, 1904679 failed, 14448/16384 KB code | IC: 6557561/7615696 (86% hit, 112280 patched, 0 stale) | J2J-r: 0/0 J2J-a: 5201698/7216923 J2J-d: 82530 J2J-s: 982989/2977799 | map: 2363 tracked, 1387 hot
[JIT] Stats: 36962304 sends, 3514 compiled, 1907481 failed, 14448/16384 KB code | IC: 6568915/7628758 (86% hit, 112425 patched, 0 stale) | J2J-r: 0/0 J2J-a: 5210712/7229976 J2J-d: 82634 J2J-s: 983669/2982514 | map: 2363 tracked, 1387 hot
[JIT] Stats: 37027840 sends, 3514 compiled, 1911741 failed, 14448/16384 KB code | IC: 6582012/7643583 (86% hit, 112552 patched, 0 stale) | J2J-r: 0/0 J2J-a: 5221012/7244017 J2J-d: 82726 J2J-s: 985338/2987905 | map: 2363 tracked, 1387 hot
[JIT] Stats: 37093376 sends, 3514 compiled, 1914284 failed, 14448/16384 KB code | IC: 6592451/7656797 (86% hit, 112888 patched, 0 stale) | J2J-r: 0/0 J2J-a: 5230484/7256318 J2J-d: 82957 J2J-s: 988135/2993477 | map: 2363 tracked, 1387 hot
[JIT] Stats: 37158912 sends, 3514 compiled, 1918947 failed, 14448/16384 KB code | IC: 6606501/7670848 (86% hit, 112889 patched, 0 stale) | J2J-r: 0/0 J2J-a: 5239833/7270369 J2J-d: 82958 J2J-s: 988153/2998197 | map: 2363 tracked, 1387 hot
[JIT] Stats: 37224448 sends, 3514 compiled, 1921165 failed, 14448/16384 KB code | IC: 6616569/7685413 (86% hit, 113343 patched, 0 stale) | J2J-r: 0/0 J2J-a: 5250586/7283418 J2J-d: 83280 J2J-s: 992260/3004530 | map: 2363 tracked, 1387 hot
[JIT] Stats: 37289984 sends, 3514 compiled, 1925407 failed, 14448/16384 KB code | IC: 6629622/7698610 (86% hit, 113362 patched, 0 stale) | J2J-r: 0/0 J2J-a: 5259359/7296614 J2J-d: 83291 J2J-s: 992284/3008976 | map: 2363 tracked, 1387 hot
[JIT] Stats: 37355520 sends, 3514 compiled, 1929045 failed, 14448/16384 KB code | IC: 6641428/7713566 (86% hit, 113693 patched, 0 stale) | J2J-r: 0/0 J2J-a: 5270035/7309925 J2J-d: 83521 J2J-s: 995934/3015194 | map: 2363 tracked, 1387 hot
[JIT] Stats: 37421056 sends, 3514 compiled, 1932219 failed, 14448/16384 KB code | IC: 6653231/7726512 (86% hit, 113821 patched, 0 stale) | J2J-r: 0/0 J2J-a: 5279034/7322864 J2J-d: 83610 J2J-s: 996671/3019865 | map: 2363 tracked, 1387 hot
[JIT] Stats: 37486592 sends, 3514 compiled, 1936441 failed, 14448/16384 KB code | IC: 6666076/7740568 (86% hit, 113948 patched, 0 stale) | J2J-r: 0/0 J2J-a: 5288756/7336369 J2J-d: 83706 J2J-s: 998087/3025043 | map: 2363 tracked, 1387 hot
[JIT] Stats: 37552128 sends, 3514 compiled, 1938329 failed, 14448/16384 KB code | IC: 6676022/7753753 (86% hit, 114328 patched, 0 stale) | J2J-r: 0/0 J2J-a: 5297892/7348731 J2J-d: 83974 J2J-s: 1001002/3031131 | map: 2363 tracked, 1387 hot
[JIT] Stats: 37617664 sends, 3514 compiled, 1942990 failed, 14448/16384 KB code | IC: 6690073/7767805 (86% hit, 114329 patched, 0 stale) | J2J-r: 0/0 J2J-a: 5307238/7362783 J2J-d: 83975 J2J-s: 1001022/3035857 | map: 2363 tracked, 1387 hot
[JIT] Stats: 37683200 sends, 3514 compiled, 1945824 failed, 14448/16384 KB code | IC: 6700608/7781903 (86% hit, 114772 patched, 0 stale) | J2J-r: 0/0 J2J-a: 5317687/7375407 J2J-d: 84286 J2J-s: 1005211/3042148 | map: 2363 tracked, 1387 hot
[JIT] Stats: 37748736 sends, 3514 compiled, 1949754 failed, 14448/16384 KB code | IC: 6713341/7795093 (86% hit, 114792 patched, 0 stale) | J2J-r: 0/0 J2J-a: 5326457/7388597 J2J-d: 84298 J2J-s: 1005233/3046589 | map: 2363 tracked, 1387 hot
[JIT] Stats: 37814272 sends, 3514 compiled, 1953458 failed, 14448/16384 KB code | IC: 6724900/7808599 (86% hit, 115029 patched, 0 stale) | J2J-r: 0/0 J2J-a: 5336081/7401108 J2J-d: 84470 J2J-s: 1007953/3052140 | map: 2363 tracked, 1387 hot
[JIT] Stats: 37879808 sends, 3514 compiled, 1956126 failed, 14448/16384 KB code | IC: 6735981/7821717 (86% hit, 115269 patched, 0 stale) | J2J-r: 0/0 J2J-a: 5345222/7413967 J2J-d: 84634 J2J-s: 1009221/3057109 | map: 2363 tracked, 1387 hot
[JIT] Stats: 37945344 sends, 3514 compiled, 1960508 failed, 14448/16384 KB code | IC: 6749058/7835534 (86% hit, 115355 patched, 0 stale) | J2J-r: 0/0 J2J-a: 5354737/7427461 J2J-d: 84698 J2J-s: 1010152/3062012 | map: 2363 tracked, 1387 hot
[JIT] Stats: 38010880 sends, 3514 compiled, 1962899 failed, 14448/16384 KB code | IC: 6759331/7849329 (86% hit, 115732 patched, 0 stale) | J2J-r: 0/0 J2J-a: 5364546/7440074 J2J-d: 84960 J2J-s: 1013315/3067912 | map: 2363 tracked, 1387 hot
[JIT] Stats: 38076416 sends, 3514 compiled, 1967562 failed, 14448/16384 KB code | IC: 6773379/7863378 (86% hit, 115733 patched, 0 stale) | J2J-r: 0/0 J2J-a: 5373895/7454123 J2J-d: 84961 J2J-s: 1013332/3072629 | map: 2363 tracked, 1387 hot
[JIT] Stats: 38141952 sends, 3514 compiled, 1970068 failed, 14448/16384 KB code | IC: 6783963/7878376 (86% hit, 116185 patched, 0 stale) | J2J-r: 0/0 J2J-a: 5384936/7467392 J2J-d: 85281 J2J-s: 1017743/3079197 | map: 2363 tracked, 1387 hot
[JIT] Stats: 38207488 sends, 3514 compiled, 1973990 failed, 14448/16384 KB code | IC: 6796686/7891566 (86% hit, 116205 patched, 0 stale) | J2J-r: 0/0 J2J-a: 5393709/7480582 J2J-d: 85293 J2J-s: 1017763/3083633 | map: 2363 tracked, 1387 hot
[JIT] Stats: 38273024 sends, 3514 compiled, 1977726 failed, 14448/16384 KB code | IC: 6808709/7906414 (86% hit, 116442 patched, 0 stale) | J2J-r: 0/0 J2J-a: 5404276/7494020 J2J-d: 85463 J2J-s: 1020923/3089607 | map: 2363 tracked, 1387 hot
[JIT] Stats: 38338560 sends, 3514 compiled, 1980842 failed, 14448/16384 KB code | IC: 6820450/7920029 (86% hit, 116663 patched, 0 stale) | J2J-r: 0/0 J2J-a: 5413588/7507373 J2J-d: 85612 J2J-s: 1021920/3094628 | map: 2363 tracked, 1387 hot
[JIT] Stats: 38404096 sends, 3514 compiled, 1985225 failed, 14448/16384 KB code | IC: 6833506/7933862 (86% hit, 116748 patched, 0 stale) | J2J-r: 0/0 J2J-a: 5423144/7520864 J2J-d: 85676 J2J-s: 1022918/3099554 | map: 2363 tracked, 1387 hot
[JIT] Stats: 38469632 sends, 3514 compiled, 1986978 failed, 14448/16384 KB code | IC: 6843086/7946883 (86% hit, 117164 patched, 0 stale) | J2J-r: 0/0 J2J-a: 5432335/7532894 J2J-d: 85971 J2J-s: 1026252/3105661 | map: 2363 tracked, 1387 hot
[JIT] Stats: 38535168 sends, 3514 compiled, 1991637 failed, 14448/16384 KB code | IC: 6857133/7960933 (86% hit, 117167 patched, 0 stale) | J2J-r: 0/0 J2J-a: 5441679/7546944 J2J-d: 85973 J2J-s: 1026272/3110387 | map: 2363 tracked, 1387 hot
[JIT] Stats: 38600704 sends, 3515 compiled, 1994785 failed, 14449/16384 KB code | IC: 6868214/7975810 (86% hit, 117607 patched, 0 stale) | J2J-r: 0/0 J2J-a: 5452752/7560143 J2J-d: 86282 J2J-s: 1030767/3116935 | map: 2363 tracked, 1387 hot
[JIT] Stats: 38666240 sends, 3515 compiled, 1998442 failed, 14449/16384 KB code | IC: 6880676/7989002 (86% hit, 117627 patched, 0 stale) | J2J-r: 0/0 J2J-a: 5461523/7573335 J2J-d: 86294 J2J-s: 1030788/3121376 | map: 2363 tracked, 1387 hot
[JIT] Stats: 38731776 sends, 3515 compiled, 2002146 failed, 14449/16384 KB code | IC: 6892225/8002195 (86% hit, 117861 patched, 0 stale) | J2J-r: 0/0 J2J-a: 5470849/7585821 J2J-d: 86464 J2J-s: 1032949/3126640 | map: 2363 tracked, 1387 hot
[JIT] Stats: 38797312 sends, 3515 compiled, 2004900 failed, 14449/16384 KB code | IC: 6903582/8016068 (86% hit, 118102 patched, 0 stale) | J2J-r: 0/0 J2J-a: 5480397/7599181 J2J-d: 86627 J2J-s: 1034434/3131920 | map: 2363 tracked, 1387 hot
[JIT] Stats: 38862848 sends, 3517 compiled, 2009285 failed, 14457/16384 KB code | IC: 6916683/8029507 (86% hit, 118187 patched, 0 stale) | J2J-r: 0/0 J2J-a: 5489518/7612497 J2J-d: 86691 J2J-s: 1034947/3136621 | map: 2363 tracked, 1387 hot
[JIT] Stats: 38928384 sends, 3519 compiled, 2011706 failed, 14464/16384 KB code | IC: 6926860/8043010 (86% hit, 118556 patched, 0 stale) | J2J-r: 0/0 J2J-a: 5499243/7624859 J2J-d: 86945 J2J-s: 1038213/3142458 | map: 2363 tracked, 1387 hot
[JIT] Stats: 38993920 sends, 3519 compiled, 2016366 failed, 14464/16384 KB code | IC: 6940907/8057059 (86% hit, 118558 patched, 0 stale) | J2J-r: 0/0 J2J-a: 5508587/7638908 J2J-d: 86947 J2J-s: 1038232/3147182 | map: 2363 tracked, 1387 hot
[JIT] Stats: 39059456 sends, 3520 compiled, 2019117 failed, 14466/16384 KB code | IC: 6951851/8072364 (86% hit, 119038 patched, 0 stale) | J2J-r: 0/0 J2J-a: 5519558/7652494 J2J-d: 87290 J2J-s: 1042583/3154074 | map: 2363 tracked, 1387 hot
[JIT] Stats: 39124992 sends, 3520 compiled, 2022650 failed, 14466/16384 KB code | IC: 6964191/8085558 (86% hit, 119058 patched, 0 stale) | J2J-r: 0/0 J2J-a: 5528329/7665688 J2J-d: 87302 J2J-s: 1042604/3158517 | map: 2363 tracked, 1387 hot
[JIT] Stats: 39190528 sends, 3520 compiled, 2026450 failed, 14466/16384 KB code | IC: 6976272/8099709 (86% hit, 119267 patched, 0 stale) | J2J-r: 0/0 J2J-a: 5538275/7678906 J2J-d: 87455 J2J-s: 1044959/3164088 | map: 2363 tracked, 1387 hot
[JIT] Stats: 39256064 sends, 3520 compiled, 2030721 failed, 14466/16384 KB code | IC: 6988972/8113343 (86% hit, 119506 patched, 0 stale) | J2J-r: 0/0 J2J-a: 5547686/7692018 J2J-d: 87614 J2J-s: 1046481/3169294 | map: 2363 tracked, 1387 hot
[JIT] Stats: 39321600 sends, 3520 compiled, 2035107 failed, 14466/16384 KB code | IC: 7002117/8126725 (86% hit, 119592 patched, 0 stale) | J2J-r: 0/0 J2J-a: 5556705/7705330 J2J-d: 87678 J2J-s: 1046839/3173938 | map: 2363 tracked, 1387 hot
[DNU] #11: #delete not understood by rcvr=0x300000000 argCount=0 fd=2 in #tearDown P40
[DNU]   rcvr cls=3075 fmt=0 class=nil
[DNU] 1MB-aligned check: rcvr=0x300000000 classAtIdx(3075).isNil=0 trap_env=0
[JIT] Stats: 39387136 sends, 3523 compiled, 2038035 failed, 14471/16384 KB code | IC: 7013417/8141537 (86% hit, 120047 patched, 0 stale) | J2J-r: 0/0 J2J-a: 5566928/7718557 J2J-d: 88006 J2J-s: 1051190/3181218 | map: 2373 tracked, 1409 hot
[JIT] Stats: 39452672 sends, 3523 compiled, 2042402 failed, 14471/16384 KB code | IC: 7026591/8154730 (86% hit, 120066 patched, 0 stale) | J2J-r: 0/0 J2J-a: 5575702/7731751 J2J-d: 88017 J2J-s: 1051214/3185661 | map: 2373 tracked, 1409 hot
[JIT] Stats: 39518208 sends, 3526 compiled, 2045960 failed, 14531/16384 KB code | IC: 7038284/8169749 (86% hit, 120438 patched, 0 stale) | J2J-r: 0/0 J2J-a: 5586409/7745072 J2J-d: 88275 J2J-s: 1054953/3191944 | map: 2373 tracked, 1409 hot
[JIT] Stats: 39583744 sends, 3526 compiled, 2049161 failed, 14531/16384 KB code | IC: 7050102/8182860 (86% hit, 120529 patched, 0 stale) | J2J-r: 0/0 J2J-a: 5595444/7758181 J2J-d: 88339 J2J-s: 1055584/3196646 | map: 2373 tracked, 1409 hot
[JIT] Stats: 39649280 sends, 3526 compiled, 2053378 failed, 14531/16384 KB code | IC: 7063112/8197568 (86% hit, 120652 patched, 0 stale) | J2J-r: 0/0 J2J-a: 5605647/7772118 J2J-d: 88428 J2J-s: 1057236/3202011 | map: 2373 tracked, 1409 hot
[JIT] Stats: 39714816 sends, 3528 compiled, 2055531 failed, 14561/16384 KB code | IC: 7073168/8210832 (86% hit, 121004 patched, 0 stale) | J2J-r: 0/0 J2J-a: 5615122/7784483 J2J-d: 88673 J2J-s: 1059982/3207594 | map: 2373 tracked, 1409 hot
[JIT] Stats: 39780352 sends, 3528 compiled, 2060191 failed, 14561/16384 KB code | IC: 7087219/8224884 (86% hit, 121005 patched, 0 stale) | J2J-r: 0/0 J2J-a: 5624468/7798535 J2J-d: 88674 J2J-s: 1060002/3212320 | map: 2373 tracked, 1409 hot
[JIT] Stats: 39845888 sends, 3529 compiled, 2062784 failed, 14566/16384 KB code | IC: 7097721/8239665 (86% hit, 121444 patched, 0 stale) | J2J-r: 0/0 J2J-a: 5635416/7811637 J2J-d: 88983 J2J-s: 1064438/3218837 | map: 2373 tracked, 1409 hot
[JIT] Stats: 39911424 sends, 3529 compiled, 2066971 failed, 14566/16384 KB code | IC: 7110714/8252859 (86% hit, 121463 patched, 0 stale) | J2J-r: 0/0 J2J-a: 5644192/7824831 J2J-d: 88994 J2J-s: 1064459/3223275 | map: 2373 tracked, 1409 hot
[JIT] Stats: 39976960 sends, 3531 compiled, 2070630 failed, 14573/16384 KB code | IC: 7122189/8266605 (86% hit, 121781 patched, 0 stale) | J2J-r: 0/0 J2J-a: 5654034/7837358 J2J-d: 89218 J2J-s: 1067656/3229097 | map: 2373 tracked, 1409 hot
[JIT] Stats: 40042496 sends, 3531 compiled, 2073329 failed, 14573/16384 KB code | IC: 7133343/8279510 (86% hit, 121942 patched, 0 stale) | J2J-r: 0/0 J2J-a: 5662954/7850231 J2J-d: 89333 J2J-s: 1068425/3233806 | map: 2373 tracked, 1409 hot
[JIT] Stats: 40108032 sends, 3531 compiled, 2077624 failed, 14573/16384 KB code | IC: 7146284/8293603 (86% hit, 122070 patched, 0 stale) | J2J-r: 0/0 J2J-a: 5672716/7863816 J2J-d: 89431 J2J-s: 1069737/3238926 | map: 2373 tracked, 1409 hot
[JIT] Stats: 40173568 sends, 3532 compiled, 2080059 failed, 14579/16384 KB code | IC: 7156315/8306220 (86% hit, 122407 patched, 0 stale) | J2J-r: 0/0 J2J-a: 5681745/7875685 J2J-d: 89661 J2J-s: 1072395/3244366 | map: 2373 tracked, 1409 hot
[JIT] Stats: 40239104 sends, 3532 compiled, 2084720 failed, 14579/16384 KB code | IC: 7170364/8320271 (86% hit, 122409 patched, 0 stale) | J2J-r: 0/0 J2J-a: 5691091/7889736 J2J-d: 89663 J2J-s: 1072415/3249091 | map: 2373 tracked, 1409 hot
[JIT] Stats: 40304640 sends, 3532 compiled, 2087417 failed, 14579/16384 KB code | IC: 7180882/8335101 (86% hit, 122925 patched, 0 stale) | J2J-r: 0/0 J2J-a: 5702058/7902880 J2J-d: 90026 J2J-s: 1076846/3255626 | map: 2021 tracked, 909 hot
[JIT] Stats: 40370176 sends, 3532 compiled, 2091489 failed, 14579/16384 KB code | IC: 7193757/8348292 (86% hit, 122945 patched, 0 stale) | J2J-r: 0/0 J2J-a: 5710829/7916071 J2J-d: 90038 J2J-s: 1076866/3260065 | map: 2025 tracked, 917 hot
[JIT] Stats: 40435712 sends, 3532 compiled, 2095194 failed, 14579/16384 KB code | IC: 7205366/8362025 (86% hit, 123186 patched, 0 stale) | J2J-r: 0/0 J2J-a: 5720637/7928630 J2J-d: 90214 J2J-s: 1079919/3265812 | map: 2062 tracked, 980 hot
[JIT] Stats: 40501248 sends, 3532 compiled, 2098242 failed, 14579/16384 KB code | IC: 7216816/8374971 (86% hit, 123410 patched, 0 stale) | J2J-r: 0/0 J2J-a: 5729604/7941493 J2J-d: 90366 J2J-s: 1080829/3270601 | map: 2069 tracked, 1069 hot
[JIT] Stats: 40566784 sends, 3532 compiled, 2102618 failed, 14579/16384 KB code | IC: 7230106/8389724 (86% hit, 123493 patched, 0 stale) | J2J-r: 0/0 J2J-a: 5739833/7955559 J2J-d: 90428 J2J-s: 1082279/3275881 | map: 2069 tracked, 1104 hot
[JIT] Stats: 40632320 sends, 3532 compiled, 2104680 failed, 14579/16384 KB code | IC: 7239988/8403387 (86% hit, 123882 patched, 0 stale) | J2J-r: 0/0 J2J-a: 5749420/7968228 J2J-d: 90697 J2J-s: 1084949/3281569 | map: 2069 tracked, 1117 hot
[JIT] Stats: 40697856 sends, 3532 compiled, 2109340 failed, 14579/16384 KB code | IC: 7254037/8417437 (86% hit, 123883 patched, 0 stale) | J2J-r: 0/0 J2J-a: 5758766/7982278 J2J-d: 90698 J2J-s: 1084969/3286293 | map: 2069 tracked, 1117 hot
[SEL-CORRUPT #1] selector fmt=3 cls=3299 slots=3 raw=0x30038e128 bc=0x40 litIdx=-1 method=0x30036b930 (#becomeForward:) fd=1
[SEL-CORRUPT]   3 literals: [0]='elementsForwardIdentityTo:' [1]=0x30038e128 [2]=0x300079578
[SEL-CORRUPT]   IP=0x30036b95b method bytes=0x30036b938
[DNU] #12: #(sel fmt=3 size=24 cls=3299 raw=0x30038e128) not understood by rcvr=0x473104920 argCount=0 fd=1 in #becomeForward: P40
[DNU]   rcvr cls=51 fmt=2 class=Array
[SEL-CORRUPT #2] selector fmt=3 cls=3299 slots=3 raw=0x30038e128 bc=0x40 litIdx=-1 method=0x30036b930 (#becomeForward:) fd=3
[SEL-CORRUPT]   3 literals: [0]='elementsForwardIdentityTo:' [1]=0x30038e128 [2]=0x300079578
[SEL-CORRUPT]   IP=0x30036b95b method bytes=0x30036b938
[DNU] #13: #(sel fmt=3 size=24 cls=3299 raw=0x30038e128) not understood by rcvr=0x473111418 argCount=0 fd=3 in #becomeForward: P40
[DNU]   rcvr cls=51 fmt=2 class=Array
[JIT] Stats: 40763392 sends, 3534 compiled, 2111539 failed, 14583/16384 KB code | IC: 7263254/8429706 (86% hit, 124213 patched, 0 stale) | J2J-r: 0/0 J2J-a: 5767695/7993836 J2J-d: 90943 J2J-s: 1087673/3291530 | map: 2110 tracked, 1145 hot
[asmjit-t1] code.code_size=5772 out of [1, 5632]
[asmjit-t1] code.code_size=4712 out of [1, 4096]
[JIT] Stats: 40828928 sends, 3599 compiled, 2112170 failed, 14895/16384 KB code | IC: 7272066/8440380 (86% hit, 124371 patched, 0 stale) | J2J-r: 0/0 J2J-a: 5771196/8004217 J2J-d: 91064 J2J-s: 1089447/3298871 | map: 2247 tracked, 1277 hot
[JIT] Stats: 40894464 sends, 3608 compiled, 2114194 failed, 14917/16384 KB code | IC: 7280322/8453850 (86% hit, 124569 patched, 0 stale) | J2J-r: 0/0 J2J-a: 5778250/8016706 J2J-d: 91273 J2J-s: 1093214/3307661 | map: 2436 tracked, 1442 hot
[JIT] Stats: 40960000 sends, 3612 compiled, 2116378 failed, 14929/16384 KB code | IC: 7288042/8466926 (86% hit, 124590 patched, 0 stale) | J2J-r: 0/0 J2J-a: 5785367/8028954 J2J-d: 91362 J2J-s: 1096892/3316252 | map: 2439 tracked, 1447 hot
[asmjit-t1] code.code_size=12492 out of [1, 12288]
[JIT] Stats: 41025536 sends, 3615 compiled, 2116521 failed, 14940/16384 KB code | IC: 7289844/8474674 (86% hit, 124609 patched, 0 stale) | J2J-r: 0/0 J2J-a: 5788104/8034317 J2J-d: 91371 J2J-s: 1097242/3319206 | map: 2452 tracked, 1451 hot
[JIT] Stats: 41091072 sends, 3615 compiled, 2116540 failed, 14940/16384 KB code | IC: 7291336/8482150 (85% hit, 124609 patched, 0 stale) | J2J-r: 0/0 J2J-a: 5790636/8039338 J2J-d: 91371 J2J-s: 1097447/3321900 | map: 2452 tracked, 1451 hot
[JIT] Stats: 41156608 sends, 3615 compiled, 2116558 failed, 14940/16384 KB code | IC: 7292797/8489606 (85% hit, 124611 patched, 0 stale) | J2J-r: 0/0 J2J-a: 5793169/8044346 J2J-d: 91371 J2J-s: 1097641/3324569 | map: 2452 tracked, 1451 hot
[JIT] Stats: 41222144 sends, 3615 compiled, 2116575 failed, 14940/16384 KB code | IC: 7294250/8497060 (85% hit, 124611 patched, 0 stale) | J2J-r: 0/0 J2J-a: 5795684/8049348 J2J-d: 91371 J2J-s: 1097816/3327231 | map: 2452 tracked, 1451 hot
[JIT] Stats: 41287680 sends, 3615 compiled, 2116592 failed, 14940/16384 KB code | IC: 7295719/8504509 (85% hit, 124612 patched, 0 stale) | J2J-r: 0/0 J2J-a: 5798213/8054349 J2J-d: 91371 J2J-s: 1098024/3329911 | map: 2452 tracked, 1451 hot
[JIT] Stats: 41353216 sends, 3615 compiled, 2116609 failed, 14940/16384 KB code | IC: 7297179/8511986 (85% hit, 124612 patched, 0 stale) | J2J-r: 0/0 J2J-a: 5800747/8059368 J2J-d: 91371 J2J-s: 1098215/3332587 | map: 2452 tracked, 1451 hot
[JIT] Stats: 41418752 sends, 3615 compiled, 2116627 failed, 14940/16384 KB code | IC: 7298642/8519470 (85% hit, 124612 patched, 0 stale) | J2J-r: 0/0 J2J-a: 5803283/8064393 J2J-d: 91371 J2J-s: 1098404/3335265 | map: 2452 tracked, 1451 hot
[JIT] Stats: 41484288 sends, 3615 compiled, 2116646 failed, 14940/16384 KB code | IC: 7300131/8526933 (85% hit, 124612 patched, 0 stale) | J2J-r: 0/0 J2J-a: 5805792/8069408 J2J-d: 91371 J2J-s: 1098594/3337961 | map: 2452 tracked, 1451 hot
[JIT] Stats: 41549824 sends, 3617 compiled, 2116665 failed, 14942/16384 KB code | IC: 7302318/8534465 (85% hit, 124615 patched, 0 stale) | J2J-r: 0/0 J2J-a: 5808194/8074755 J2J-d: 91373 J2J-s: 1098752/3341064 | map: 2457 tracked, 1456 hot
[JIT] Stats: 41615360 sends, 3617 compiled, 2116681 failed, 14942/16384 KB code | IC: 7309976/8542123 (85% hit, 124615 patched, 0 stale) | J2J-r: 0/0 J2J-a: 5809079/8082413 J2J-d: 91373 J2J-s: 1098768/3347853 | map: 2457 tracked, 1456 hot
[JIT] Stats: 41680896 sends, 3617 compiled, 2116698 failed, 14942/16384 KB code | IC: 7317571/8549718 (85% hit, 124615 patched, 0 stale) | J2J-r: 0/0 J2J-a: 5809796/8090008 J2J-d: 91373 J2J-s: 1098785/3354748 | map: 2457 tracked, 1456 hot
[JIT] Stats: 41746432 sends, 3617 compiled, 2116714 failed, 14942/16384 KB code | IC: 7325235/8557382 (85% hit, 124615 patched, 0 stale) | J2J-r: 0/0 J2J-a: 5810695/8097672 J2J-d: 91373 J2J-s: 1098801/3361529 | map: 2457 tracked, 1456 hot
[JIT] Stats: 41811968 sends, 3617 compiled, 2116732 failed, 14942/16384 KB code | IC: 7332703/8564850 (85% hit, 124615 patched, 0 stale) | J2J-r: 0/0 J2J-a: 5811088/8105140 J2J-d: 91373 J2J-s: 1098819/3368622 | map: 2457 tracked, 1456 hot
[JIT] Stats: 41877504 sends, 3617 compiled, 2116749 failed, 14942/16384 KB code | IC: 7340361/8572508 (85% hit, 124615 patched, 0 stale) | J2J-r: 0/0 J2J-a: 5811964/8112798 J2J-d: 91373 J2J-s: 1098836/3375421 | map: 2457 tracked, 1456 hot
[JIT] Stats: 41943040 sends, 3617 compiled, 2116765 failed, 14942/16384 KB code | IC: 7347959/8580106 (85% hit, 124615 patched, 0 stale) | J2J-r: 0/0 J2J-a: 5812695/8120396 J2J-d: 91373 J2J-s: 1098852/3382304 | map: 2457 tracked, 1456 hot
[JIT] Stats: 42008576 sends, 3617 compiled, 2116784 failed, 14942/16384 KB code | IC: 7355640/8587787 (85% hit, 124615 patched, 0 stale) | J2J-r: 0/0 J2J-a: 5813626/8128077 J2J-d: 91373 J2J-s: 1098871/3389073 | map: 2457 tracked, 1456 hot
[JIT] Stats: 42074112 sends, 3617 compiled, 2116799 failed, 14942/16384 KB code | IC: 7363000/8595147 (85% hit, 124615 patched, 0 stale) | J2J-r: 0/0 J2J-a: 5813754/8135437 J2J-d: 91373 J2J-s: 1098886/3396320 | map: 2457 tracked, 1456 hot
[JIT] Stats: 42139648 sends, 3617 compiled, 2116815 failed, 14942/16384 KB code | IC: 7370525/8602672 (85% hit, 124615 patched, 0 stale) | J2J-r: 0/0 J2J-a: 5814298/8142962 J2J-d: 91373 J2J-s: 1098902/3403317 | map: 2457 tracked, 1456 hot
[JIT] Stats: 42205184 sends, 3617 compiled, 2116831 failed, 14942/16384 KB code | IC: 7378178/8610325 (85% hit, 124615 patched, 0 stale) | J2J-r: 0/0 J2J-a: 5815176/8150614 J2J-d: 91373 J2J-s: 1098918/3410107 | map: 2457 tracked, 1456 hot
[JIT] Stats: 42270720 sends, 3617 compiled, 2116850 failed, 14942/16384 KB code | IC: 7385775/8617922 (85% hit, 124615 patched, 0 stale) | J2J-r: 0/0 J2J-a: 5815898/8158212 J2J-d: 91373 J2J-s: 1098937/3417002 | map: 2457 tracked, 1456 hot
[JIT] Stats: 42336256 sends, 3617 compiled, 2116866 failed, 14942/16384 KB code | IC: 7393365/8625512 (85% hit, 124615 patched, 0 stale) | J2J-r: 0/0 J2J-a: 5816611/8165802 J2J-d: 91373 J2J-s: 1098953/3423895 | map: 2457 tracked, 1456 hot
[JIT] Stats: 42401792 sends, 3617 compiled, 2116882 failed, 14942/16384 KB code | IC: 7400906/8633053 (85% hit, 124615 patched, 0 stale) | J2J-r: 0/0 J2J-a: 5817198/8173343 J2J-d: 91373 J2J-s: 1098969/3430865 | map: 2457 tracked, 1456 hot
[JIT] Stats: 42467328 sends, 3617 compiled, 2116901 failed, 14942/16384 KB code | IC: 7408552/8640699 (85% hit, 124615 patched, 0 stale) | J2J-r: 0/0 J2J-a: 5818044/8180989 J2J-d: 91373 J2J-s: 1098988/3437684 | map: 2457 tracked, 1456 hot
[JIT] Stats: 42532864 sends, 3617 compiled, 2116917 failed, 14942/16384 KB code | IC: 7416142/8648289 (85% hit, 124615 patched, 0 stale) | J2J-r: 0/0 J2J-a: 5818757/8188579 J2J-d: 91373 J2J-s: 1099004/3444577 | map: 2457 tracked, 1456 hot
[JIT] Stats: 42598400 sends, 3617 compiled, 2116933 failed, 14942/16384 KB code | IC: 7423734/8655881 (85% hit, 124615 patched, 0 stale) | J2J-r: 0/0 J2J-a: 5819469/8196171 J2J-d: 91373 J2J-s: 1099020/3451473 | map: 2457 tracked, 1456 hot
[JIT] Stats: 42663936 sends, 3617 compiled, 2116948 failed, 14942/16384 KB code | IC: 7431060/8663207 (85% hit, 124615 patched, 0 stale) | J2J-r: 0/0 J2J-a: 5819516/8203497 J2J-d: 91373 J2J-s: 1099035/3458767 | map: 2457 tracked, 1456 hot
[JIT] Stats: 42729472 sends, 3617 compiled, 2116965 failed, 14942/16384 KB code | IC: 7438392/8670539 (85% hit, 124615 patched, 0 stale) | J2J-r: 0/0 J2J-a: 5819568/8210828 J2J-d: 91373 J2J-s: 1099052/3466063 | map: 2457 tracked, 1456 hot
[JIT] Stats: 42795008 sends, 3619 compiled, 2116982 failed, 14955/16384 KB code | IC: 7445132/8677932 (85% hit, 124616 patched, 0 stale) | J2J-r: 0/0 J2J-a: 5820476/8218221 J2J-d: 91374 J2J-s: 1099719/3473215 | map: 2460 tracked, 1458 hot
[JIT] Stats: 42860544 sends, 3619 compiled, 2117000 failed, 14955/16384 KB code | IC: 7448782/8685126 (85% hit, 124616 patched, 0 stale) | J2J-r: 0/0 J2J-a: 5824074/8225414 J2J-d: 91374 J2J-s: 1103279/3480370 | map: 2460 tracked, 1458 hot
[JIT] Stats: 42926080 sends, 3619 compiled, 2117020 failed, 14955/16384 KB code | IC: 7452452/8692357 (85% hit, 124616 patched, 0 stale) | J2J-r: 0/0 J2J-a: 5827689/8232640 J2J-d: 91374 J2J-s: 1106849/3487551 | map: 2460 tracked, 1458 hot
[asmjit-t1] code.code_size=4728 out of [1, 4096]
[SISTA-SELECT-CAND] pfbBC=10 send1BC=13 selIdx=4 litIdx=3 slot=0
[SISTA-INJECT-SPLICE-DIAG] send2BC=5 selIdx=1 verdict=REJECT reject=recursion guard rejOp=return
[SISTA-INJECT-SPLICE-DIAG] send2BC=5 selIdx=1 verdict=REJECT reject=recursion guard rejOp=return
[SISTA-INJECT-SPLICE-DIAG] send2BC=5 selIdx=1 verdict=REJECT reject=multi-block IR rejOp=return
[SISTA-INJECT-SPLICE-DIAG] send2BC=6 selIdx=2 verdict=REJECT reject=non-simple block op rejOp=send
[asmjit-t1] code.code_size=3916 out of [1, 3584]
[JIT] Stats: 42991616 sends, 3665 compiled, 2117676 failed, 15152/16384 KB code | IC: 7458011/8701788 (85% hit, 125223 patched, 0 stale) | J2J-r: 0/0 J2J-a: 5832720/8241673 J2J-d: 91830 J2J-s: 1110287/3494902 | map: 2550 tracked, 1226 hot
[JIT] Stats: 43057152 sends, 3666 compiled, 2118765 failed, 15153/16384 KB code | IC: 7467891/8715815 (85% hit, 125250 patched, 0 stale) | J2J-r: 0/0 J2J-a: 5842522/8255513 J2J-d: 91852 J2J-s: 1114057/3502703 | map: 2578 tracked, 1291 hot
[SISTA-SELECT-CAND] pfbBC=1 send1BC=4 selIdx=1 litIdx=0 slot=0
[SISTA-SELECT-EMIT] bc=1 slot=0 vid=1
[JIT] Stats: 43122688 sends, 3673 compiled, 2120129 failed, 15209/16384 KB code | IC: 7478682/8731290 (85% hit, 125424 patched, 0 stale) | J2J-r: 0/0 J2J-a: 5853280/8270549 J2J-d: 91999 J2J-s: 1118719/3511574 | map: 2906 tracked, 1459 hot
[SISTA-SELECT-CAND] pfbBC=2 send1BC=5 selIdx=2 litIdx=1 slot=0
[DNU] #14: #isTempVectorTemp not understood by rcvr=0x300000000 argCount=0 fd=17 in #visitLocalVariableNode: P40
[DNU]   rcvr cls=3075 fmt=0 class=nil
[DNU] 1MB-aligned check: rcvr=0x300000000 classAtIdx(3075).isNil=0 trap_env=0
[JIT] Stats: 43188224 sends, 3729 compiled, 2122025 failed, 15434/16384 KB code | IC: 7486402/8742448 (85% hit, 125771 patched, 0 stale) | J2J-r: 0/0 J2J-a: 5858437/8280714 J2J-d: 92293 J2J-s: 1120982/3518439 | map: 3228 tracked, 2158 hot
[DNU] #15: #suspend not understood by rcvr=0x300000000 argCount=0 fd=2 in #suspend P80
[DNU]   rcvr cls=3075 fmt=0 class=nil
[DNU] 1MB-aligned check: rcvr=0x300000000 classAtIdx(3075).isNil=0 trap_env=0
[asmjit-t1] code.code_size=3908 out of [1, 3584]
[asmjit-t1] code.code_size=11272 out of [1, 9216]
[asmjit-t1] code.code_size=7912 out of [1, 7680]
[asmjit-t1] code.code_size=4708 out of [1, 4096]
[asmjit-t1] code.code_size=5776 out of [1, 5632]
[asmjit-t1] code.code_size=8868 out of [1, 8192]
[asmjit-t1] code.code_size=3912 out of [1, 3584]
[asmjit-t1] code.code_size=3912 out of [1, 3584]
[asmjit-t1] code.code_size=3700 out of [1, 3584]
[asmjit-t1] code.code_size=5736 out of [1, 5120]
[asmjit-t1] code.code_size=5776 out of [1, 5632]
[JIT] Stats: 43253760 sends, 3934 compiled, 2124671 failed, 16384/16384 KB code | IC: 7493083/8753855 (85% hit, 127528 patched, 0 stale) | J2J-r: 0/0 J2J-a: 5863569/8290810 J2J-d: 93545 J2J-s: 1122989/3525180 | map: 4109 tracked, 2848 hot
[asmjit-t1] code.code_size=3708 out of [1, 3584]
[asmjit-t1] code.code_size=4716 out of [1, 4096]
[asmjit-t1] code.code_size=8840 out of [1, 7168]
[JIT] Stats: 43319296 sends, 3934 compiled, 2128021 failed, 16384/16384 KB code | IC: 7499898/8764187 (85% hit, 128821 patched, 0 stale) | J2J-r: 0/0 J2J-a: 5868556/8300168 J2J-d: 94493 J2J-s: 1125039/3531279 | map: 4283 tracked, 2991 hot
[asmjit-t1] code.code_size=11080 out of [1, 10240]
[asmjit-t1] code.code_size=24584 out of [1, 23552]
[SISTA-COLLECT-CAND] pfbBC=9 send1BC=12 selIdx=2 litIdx=1 slot=0 outerVecTemp=-1
[SISTA-SPEC-HELPER-EMIT] class=CharacterSetComplement ssIdx=6 nArgs=1 bcOff=3
[SISTA-HELPER-EMIT] class=#CharacterSetComplement method_len=21
[SISTA-COLLECT-EMIT] bc=9 slot=0 vid=9 capture=0
[SISTA-SPLICE-LOWER-FAIL] method=0x300341b10 failedAt=v11 op=store_ivar
[asmjit-t1] code.code_size=3916 out of [1, 3584]
[asmjit-t1] code.code_size=3920 out of [1, 3584]
[asmjit-t1] code.code_size=7564 out of [1, 5632]
[JIT] Stats: 43384832 sends, 3934 compiled, 2131407 failed, 16384/16384 KB code | IC: 7506531/8774058 (85% hit, 129123 patched, 0 stale) | J2J-r: 0/0 J2J-a: 5874437/8309568 J2J-d: 94689 J2J-s: 1127465/3536929 | map: 4531 tracked, 3316 hot
[asmjit-t1] code.code_size=13600 out of [1, 12800]
[SISTA-INJECT-SPLICE-DIAG] send2BC=76 selIdx=14 verdict=REJECT reject=multi-block IR rejOp=return
[asmjit-t1] code.code_size=15392 out of [1, 11776]
[asmjit-t1] code.code_size=15172 out of [1, 11776]
[asmjit-t1] code.code_size=14372 out of [1, 11264]
[asmjit-t1] code.code_size=14080 out of [1, 10240]
[asmjit-t1] code.code_size=4928 out of [1, 4096]
[asmjit-t1] code.code_size=6644 out of [1, 6144]
[asmjit-t1] code.code_size=7564 out of [1, 5632]
[asmjit-t1] code.code_size=3116 out of [1, 3072]
[asmjit-t1] code.code_size=3916 out of [1, 3584]
[asmjit-t1] code.code_size=3108 out of [1, 3072]
[asmjit-t1] code.code_size=6760 out of [1, 5120]
[asmjit-t1] code.code_size=5948 out of [1, 4608]
[asmjit-t1] code.code_size=8720 out of [1, 8704]
[JIT] Stats: 43450368 sends, 3934 compiled, 2134143 failed, 16384/16384 KB code | IC: 7512562/8782531 (85% hit, 129246 patched, 0 stale) | J2J-r: 0/0 J2J-a: 5879492/8317345 J2J-d: 94860 J2J-s: 1129779/3541682 | map: 4832 tracked, 3593 hot
[asmjit-t1] code.code_size=5516 out of [1, 4608]
[asmjit-t1] code.code_size=3916 out of [1, 3584]
[asmjit-t1] code.code_size=3916 out of [1, 3584]
[asmjit-t1] code.code_size=3916 out of [1, 3584]
[asmjit-t1] code.code_size=3916 out of [1, 3584]
[asmjit-t1] code.code_size=9460 out of [1, 9216]
[asmjit-t1] code.code_size=5524 out of [1, 4608]
[asmjit-t1] code.code_size=8876 out of [1, 8704]
[asmjit-t1] code.code_size=3696 out of [1, 3584]
[asmjit-t1] code.code_size=3692 out of [1, 3584]
[asmjit-t1] code.code_size=3692 out of [1, 3584]
[asmjit-t1] code.code_size=3916 out of [1, 3584]
[asmjit-t1] code.code_size=5508 out of [1, 4608]
[asmjit-t1] code.code_size=4716 out of [1, 4096]
[asmjit-t1] code.code_size=3700 out of [1, 3584]
[asmjit-t1] code.code_size=5732 out of [1, 5120]
[asmjit-t1] code.code_size=5516 out of [1, 4608]
[asmjit-t1] code.code_size=3700 out of [1, 3584]
[asmjit-t1] code.code_size=4936 out of [1, 4096]
[asmjit-t1] code.code_size=3700 out of [1, 3584]
[asmjit-t1] code.code_size=7548 out of [1, 5632]
[asmjit-t1] code.code_size=5780 out of [1, 5632]
[asmjit-t1] code.code_size=6800 out of [1, 6144]
[asmjit-t1] code.code_size=5732 out of [1, 5120]
[JIT] Stats: 43515904 sends, 3934 compiled, 2136583 failed, 16384/16384 KB code | IC: 7518345/8791462 (85% hit, 129302 patched, 0 stale) | J2J-r: 0/0 J2J-a: 5885598/8325518 J2J-d: 95344 J2J-s: 1131974/3545559 | map: 5284 tracked, 4020 hot
[asmjit-t1] code.code_size=11428 out of [1, 7680]
[asmjit-t1] code.code_size=19620 out of [1, 18432]
[asmjit-t1] code.code_size=19804 out of [1, 19456]
[JIT] Stats: 43581440 sends, 3934 compiled, 2139859 failed, 16384/16384 KB code | IC: 7524333/8800335 (85% hit, 129321 patched, 0 stale) | J2J-r: 0/0 J2J-a: 5891306/8333642 J2J-d: 95690 J2J-s: 1134188/3549766 | map: 5394 tracked, 4080 hot
[asmjit-t1] code.code_size=17880 out of [1, 16896]
[asmjit-t1] code.code_size=8568 out of [1, 6144]
[asmjit-t1] code.code_size=8568 out of [1, 6144]
[asmjit-t1] code.code_size=10536 out of [1, 9728]
[asmjit-t1] code.code_size=10724 out of [1, 10240]
[JIT] Stats: 43646976 sends, 3934 compiled, 2144204 failed, 16384/16384 KB code | IC: 7530725/8809097 (85% hit, 129347 patched, 0 stale) | J2J-r: 0/0 J2J-a: 5896358/8341689 J2J-d: 95892 J2J-s: 1136526/3554758 | map: 5569 tracked, 4249 hot
[asmjit-t1] code.code_size=4928 out of [1, 4096]
[asmjit-t1] code.code_size=10536 out of [1, 9728]
[DNU] #16: #asText not understood by rcvr=0x300000000 argCount=0 fd=3 in #newContents: P40
[DNU]   rcvr cls=3075 fmt=0 class=nil
[DNU] 1MB-aligned check: rcvr=0x300000000 classAtIdx(3075).isNil=0 trap_env=0
[asmjit-t1] code.code_size=5152 out of [1, 4096]
[asmjit-t1] code.code_size=5152 out of [1, 4096]
[JIT] Stats: 43712512 sends, 3934 compiled, 2145963 failed, 16384/16384 KB code | IC: 7537071/8820320 (85% hit, 129883 patched, 0 stale) | J2J-r: 0/0 J2J-a: 5902190/8352043 J2J-d: 96372 J2J-s: 1139211/3561599 | map: 5637 tracked, 4339 hot
[JIT] Stats: 43778048 sends, 3934 compiled, 2147503 failed, 16384/16384 KB code | IC: 7543427/8831812 (85% hit, 130004 patched, 0 stale) | J2J-r: 0/0 J2J-a: 5908977/8362855 J2J-d: 96466 J2J-s: 1142290/3568412 | map: 5648 tracked, 4373 hot
[DNU] #17: #isTempVectorTemp not understood by rcvr=0x300000000 argCount=0 fd=25 in #visitLocalVariableNode: P40
[DNU]   rcvr cls=3075 fmt=0 class=nil
[DNU] 1MB-aligned check: rcvr=0x300000000 classAtIdx(3075).isNil=0 trap_env=0
[JIT] Stats: 43843584 sends, 3934 compiled, 2149291 failed, 16384/16384 KB code | IC: 7550103/8843500 (85% hit, 130042 patched, 0 stale) | J2J-r: 0/0 J2J-a: 5914924/8373660 J2J-d: 96540 J2J-s: 1145071/3575686 | map: 5654 tracked, 4377 hot
[JIT] Stats: 43909120 sends, 3934 compiled, 2151432 failed, 16384/16384 KB code | IC: 7556605/8855099 (85% hit, 130051 patched, 0 stale) | J2J-r: 0/0 J2J-a: 5921846/8384550 J2J-d: 96549 J2J-s: 1148297/3582580 | map: 5654 tracked, 4377 hot
[DNU] #18: #isTempVectorTemp not understood by rcvr=0x300000000 argCount=0 fd=0 in #visitLocalVariableNode: P40
[DNU]   rcvr cls=3075 fmt=0 class=nil
[DNU] 1MB-aligned check: rcvr=0x300000000 classAtIdx(3075).isNil=0 trap_env=0
[asmjit-t1] code.code_size=5744 out of [1, 4608]
[JIT] Stats: 43974656 sends, 3934 compiled, 2152338 failed, 16384/16384 KB code | IC: 7562773/8865503 (85% hit, 130105 patched, 0 stale) | J2J-r: 0/0 J2J-a: 5926728/8394228 J2J-d: 96612 J2J-s: 1151470/3590169 | map: 5664 tracked, 4392 hot
[SISTA-SELECT-CAND] pfbBC=10 send1BC=13 selIdx=4 litIdx=3 slot=0
[SISTA-INJECT-SPLICE-DIAG] send2BC=5 selIdx=1 verdict=REJECT reject=recursion guard rejOp=return
[SISTA-INJECT-SPLICE-DIAG] send2BC=5 selIdx=1 verdict=REJECT reject=recursion guard rejOp=return
[SISTA-INJECT-SPLICE-DIAG] send2BC=5 selIdx=1 verdict=REJECT reject=multi-block IR rejOp=return
[SISTA-INJECT-SPLICE-DIAG] send2BC=6 selIdx=2 verdict=REJECT reject=non-simple block op rejOp=send
[SISTA-SELECT-CAND] pfbBC=1 send1BC=4 selIdx=1 litIdx=0 slot=0
[SISTA-SELECT-EMIT] bc=1 slot=0 vid=1
[JIT] Stats: 44040192 sends, 3934 compiled, 2153222 failed, 16384/16384 KB code | IC: 7568589/8875127 (85% hit, 130910 patched, 0 stale) | J2J-r: 0/0 J2J-a: 5931144/8403289 J2J-d: 97243 J2J-s: 1154481/3597534 | map: 4792 tracked, 3105 hot
[asmjit-t1] code.code_size=17388 out of [1, 16896]
[JIT] Stats: 44105728 sends, 3934 compiled, 2157974 failed, 16384/16384 KB code | IC: 7577047/8886233 (85% hit, 131110 patched, 0 stale) | J2J-r: 0/0 J2J-a: 5937329/8413897 J2J-d: 97484 J2J-s: 1156647/3603860 | map: 4970 tracked, 3347 hot
[asmjit-t1] code.code_size=5744 out of [1, 4608]
[asmjit-t1] code.code_size=4724 out of [1, 4096]
[SISTA-SELECT-CAND] pfbBC=2 send1BC=5 selIdx=2 litIdx=1 slot=0
[JIT] Stats: 44171264 sends, 3934 compiled, 2160687 failed, 16384/16384 KB code | IC: 7585298/8898296 (85% hit, 131235 patched, 0 stale) | J2J-r: 0/0 J2J-a: 5943590/8424454 J2J-d: 97683 J2J-s: 1159635/3610859 | map: 5081 tracked, 3542 hot
[SISTA-IVINJECT-DIAG] toBC=46 verdict=REJECT reject=non-simple block op rejOp=send
[SISTA-IVINJECT-DIAG] toBC=31 verdict=REJECT reject=non-simple block op rejOp=send
[SISTA-IVINJECT-DIAG] toBC=47 verdict=REJECT reject=non-simple block op rejOp=send
[asmjit-t1] code.code_size=4720 out of [1, 4096]
[JIT] Stats: 44236800 sends, 3934 compiled, 2162422 failed, 16384/16384 KB code | IC: 7593083/8909915 (85% hit, 131378 patched, 0 stale) | J2J-r: 0/0 J2J-a: 5948712/8435125 J2J-d: 97859 J2J-s: 1162267/3618626 | map: 5258 tracked, 3973 hot
[JIT] Stats: 44302336 sends, 3934 compiled, 2166561 failed, 16384/16384 KB code | IC: 7602084/8921462 (85% hit, 131411 patched, 0 stale) | J2J-r: 0/0 J2J-a: 5955186/8445935 J2J-d: 97939 J2J-s: 1165143/3625540 | map: 5275 tracked, 4009 hot
[asmjit-t1] code.code_size=11496 out of [1, 10240]
[DNU] #19: #close not understood by rcvr=0x300000000 argCount=0 fd=1 in #close P40
[DNU]   rcvr cls=3075 fmt=0 class=nil
[DNU] 1MB-aligned check: rcvr=0x300000000 classAtIdx(3075).isNil=0 trap_env=0
[JIT] Stats: 44367872 sends, 3934 compiled, 2168571 failed, 16384/16384 KB code | IC: 7610198/8933414 (85% hit, 131483 patched, 0 stale) | J2J-r: 0/0 J2J-a: 5960815/8456708 J2J-d: 98094 J2J-s: 1168109/3633446 | map: 5354 tracked, 4128 hot
[JIT] Stats: 44433408 sends, 3934 compiled, 2169797 failed, 16384/16384 KB code | IC: 7619589/8947111 (85% hit, 131494 patched, 0 stale) | J2J-r: 0/0 J2J-a: 5970466/8470161 J2J-d: 98101 J2J-s: 1171686/3640817 | map: 5359 tracked, 4137 hot
[JIT] Stats: 44498944 sends, 3934 compiled, 2170944 failed, 16384/16384 KB code | IC: 7629198/8961218 (85% hit, 131494 patched, 0 stale) | J2J-r: 0/0 J2J-a: 5980667/8484110 J2J-d: 98101 J2J-s: 1175319/3648190 | map: 5359 tracked, 4138 hot
[DNU] #20: #suspend not understood by rcvr=0x300000000 argCount=0 fd=2 in #suspend P80
[DNU]   rcvr cls=3075 fmt=0 class=nil
[DNU] 1MB-aligned check: rcvr=0x300000000 classAtIdx(3075).isNil=0 trap_env=0
[JIT] Stats: 44564480 sends, 3934 compiled, 2172759 failed, 16384/16384 KB code | IC: 7640615/8976977 (85% hit, 131626 patched, 0 stale) | J2J-r: 0/0 J2J-a: 5990700/8498902 J2J-d: 98200 J2J-s: 1180163/3657771 | map: 5595 tracked, 4330 hot
[JIT] Stats: 44630016 sends, 3934 compiled, 2176440 failed, 16384/16384 KB code | IC: 7649528/8988632 (85% hit, 131639 patched, 0 stale) | J2J-r: 0/0 J2J-a: 5996619/8509701 J2J-d: 98271 J2J-s: 1182797/3664948 | map: 5595 tracked, 4331 hot
[asmjit-t1] code.code_size=5736 out of [1, 5120]
[JIT] Stats: 44695552 sends, 3934 compiled, 2178305 failed, 16384/16384 KB code | IC: 7657283/9000466 (85% hit, 131660 patched, 0 stale) | J2J-r: 0/0 J2J-a: 6002296/8520318 J2J-d: 98404 J2J-s: 1185810/3672625 | map: 5599 tracked, 4352 hot
[DNU] #21: #close not understood by rcvr=0x300000000 argCount=0 fd=1 in #close P40
[DNU]   rcvr cls=3075 fmt=0 class=nil
[DNU] 1MB-aligned check: rcvr=0x300000000 classAtIdx(3075).isNil=0 trap_env=0
[JIT] Stats: 44761088 sends, 3934 compiled, 2179965 failed, 16384/16384 KB code | IC: 7667437/9014688 (85% hit, 131660 patched, 0 stale) | J2J-r: 0/0 J2J-a: 6011525/8533773 J2J-d: 98404 J2J-s: 1189396/3680419 | map: 5600 tracked, 4352 hot
[JIT] Stats: 44826624 sends, 3934 compiled, 2181233 failed, 16384/16384 KB code | IC: 7677569/9029057 (85% hit, 131662 patched, 0 stale) | J2J-r: 0/0 J2J-a: 6021552/8547896 J2J-d: 98404 J2J-s: 1193486/3688597 | map: 5600 tracked, 4352 hot
[JIT] Stats: 44892160 sends, 3934 compiled, 2182737 failed, 16384/16384 KB code | IC: 7688646/9044913 (85% hit, 131662 patched, 0 stale) | J2J-r: 0/0 J2J-a: 6032865/8563315 J2J-d: 98405 J2J-s: 1198347/3697550 | map: 5600 tracked, 4354 hot
[DNU] #22: #suspend not understood by rcvr=0x300000000 argCount=0 fd=2 in #suspend P80
[DNU]   rcvr cls=3075 fmt=0 class=nil
[DNU] 1MB-aligned check: rcvr=0x300000000 classAtIdx(3075).isNil=0 trap_env=0
[JIT] Stats: 44957696 sends, 3934 compiled, 2185828 failed, 16384/16384 KB code | IC: 7698094/9057624 (84% hit, 131667 patched, 0 stale) | J2J-r: 0/0 J2J-a: 6038826/8574720 J2J-d: 98475 J2J-s: 1201286/3705588 | map: 5608 tracked, 4440 hot
[JIT] Stats: 45023232 sends, 3934 compiled, 2191255 failed, 16384/16384 KB code | IC: 7707572/9069652 (84% hit, 131670 patched, 0 stale) | J2J-r: 0/0 J2J-a: 6046095/8585931 J2J-d: 98513 J2J-s: 1204415/3712403 | map: 5608 tracked, 4440 hot
[JIT] Stats: 45088768 sends, 3934 compiled, 2193169 failed, 16384/16384 KB code | IC: 7714327/9080572 (84% hit, 131677 patched, 0 stale) | J2J-r: 0/0 J2J-a: 6051317/8595939 J2J-d: 98619 J2J-s: 1207017/3719457 | map: 5610 tracked, 4446 hot
[DNU] #23: #close not understood by rcvr=0x300000000 argCount=0 fd=1 in #close P40
[DNU]   rcvr cls=3075 fmt=0 class=nil
[DNU] 1MB-aligned check: rcvr=0x300000000 classAtIdx(3075).isNil=0 trap_env=0
[JIT] Stats: 45154304 sends, 3934 compiled, 2195003 failed, 16384/16384 KB code | IC: 7725197/9095164 (84% hit, 131687 patched, 0 stale) | J2J-r: 0/0 J2J-a: 6059430/8609261 J2J-d: 98662 J2J-s: 1211134/3728718 | map: 5611 tracked, 4446 hot
[JIT] Stats: 45219840 sends, 3934 compiled, 2196293 failed, 16384/16384 KB code | IC: 7734416/9108777 (84% hit, 131687 patched, 0 stale) | J2J-r: 0/0 J2J-a: 6069277/8622705 J2J-d: 98662 J2J-s: 1214731/3735904 | map: 5611 tracked, 4446 hot
[JIT] Stats: 45285376 sends, 3934 compiled, 2197621 failed, 16384/16384 KB code | IC: 7745052/9123804 (84% hit, 131687 patched, 0 stale) | J2J-r: 0/0 J2J-a: 6079927/8637449 J2J-d: 98662 J2J-s: 1219194/3744453 | map: 5611 tracked, 4446 hot
[DNU] #24: #suspend not understood by rcvr=0x300000000 argCount=0 fd=2 in #suspend P80
[DNU]   rcvr cls=3075 fmt=0 class=nil
[DNU] 1MB-aligned check: rcvr=0x300000000 classAtIdx(3075).isNil=0 trap_env=0
[JIT] Stats: 45350912 sends, 3934 compiled, 2199743 failed, 16384/16384 KB code | IC: 7755910/9138555 (84% hit, 131688 patched, 0 stale) | J2J-r: 0/0 J2J-a: 6087978/8650886 J2J-d: 98686 J2J-s: 1223224/3753605 | map: 5613 tracked, 4446 hot
[JIT] Stats: 45416448 sends, 3934 compiled, 2205094 failed, 16384/16384 KB code | IC: 7764171/9149518 (84% hit, 131692 patched, 0 stale) | J2J-r: 0/0 J2J-a: 6093737/8661323 J2J-d: 98766 J2J-s: 1225630/3760444 | map: 5613 tracked, 4446 hot
[JIT] Stats: 45481984 sends, 3934 compiled, 2209622 failed, 16384/16384 KB code | IC: 7773836/9162036 (84% hit, 132180 patched, 0 stale) | J2J-r: 0/0 J2J-a: 6101238/8672846 J2J-d: 99129 J2J-s: 1229109/3767677 | map: 4260 tracked, 3040 hot
[DNU] #25: #isTempVectorTemp not understood by rcvr=0x300000000 argCount=0 fd=0 in #visitLocalVariableNode: P40
[DNU]   rcvr cls=3075 fmt=0 class=nil
[DNU] 1MB-aligned check: rcvr=0x300000000 classAtIdx(3075).isNil=0 trap_env=0
[SISTA-SELECT-CAND] pfbBC=1 send1BC=4 selIdx=1 litIdx=0 slot=0
[SISTA-SELECT-EMIT] bc=1 slot=0 vid=1
[JIT] Stats: 45547520 sends, 3934 compiled, 2213363 failed, 16384/16384 KB code | IC: 7782274/9173392 (84% hit, 132560 patched, 0 stale) | J2J-r: 0/0 J2J-a: 6106665/8683521 J2J-d: 99520 J2J-s: 1231387/3774805 | map: 4792 tracked, 3372 hot
[JIT] Stats: 45613056 sends, 3934 compiled, 2220193 failed, 16384/16384 KB code | IC: 7791987/9184620 (84% hit, 132574 patched, 0 stale) | J2J-r: 0/0 J2J-a: 6113267/8694263 J2J-d: 99532 J2J-s: 1233956/3781323 | map: 4792 tracked, 3407 hot
[DNU] #26: #isTempVectorTemp not understood by rcvr=0x300000000 argCount=0 fd=0 in #visitLocalVariableNode: P40
[DNU]   rcvr cls=3075 fmt=0 class=nil
[DNU] 1MB-aligned check: rcvr=0x300000000 classAtIdx(3075).isNil=0 trap_env=0
[DNU] #27: #close not understood by rcvr=0x300000000 argCount=0 fd=1 in #close P40
[DNU]   rcvr cls=3075 fmt=0 class=nil
[DNU] 1MB-aligned check: rcvr=0x300000000 classAtIdx(3075).isNil=0 trap_env=0
[JIT] Stats: 45678592 sends, 3934 compiled, 2222875 failed, 16384/16384 KB code | IC: 7802667/9198324 (84% hit, 132655 patched, 0 stale) | J2J-r: 0/0 J2J-a: 6120593/8706515 J2J-d: 99638 J2J-s: 1237794/3789703 | map: 4891 tracked, 3675 hot
[JIT] Stats: 45744128 sends, 3934 compiled, 2228460 failed, 16384/16384 KB code | IC: 7811597/9209577 (84% hit, 132676 patched, 0 stale) | J2J-r: 0/0 J2J-a: 6126426/8717161 J2J-d: 99741 J2J-s: 1240152/3796606 | map: 4891 tracked, 3718 hot
[JIT] Stats: 45809664 sends, 3934 compiled, 2233776 failed, 16384/16384 KB code | IC: 7821757/9221923 (84% hit, 132677 patched, 0 stale) | J2J-r: 0/0 J2J-a: 6134040/8728589 J2J-d: 99746 J2J-s: 1243618/3803623 | map: 4891 tracked, 3718 hot
[JIT] Stats: 45875200 sends, 3934 compiled, 2235962 failed, 16384/16384 KB code | IC: 7828029/9232764 (84% hit, 132893 patched, 0 stale) | J2J-r: 0/0 J2J-a: 6139095/8738676 J2J-d: 100022 J2J-s: 1246306/3811039 | map: 5230 tracked, 4032 hot
[JIT] Stats: 45940736 sends, 3934 compiled, 2239306 failed, 16384/16384 KB code | IC: 7838269/9245591 (84% hit, 132941 patched, 0 stale) | J2J-r: 0/0 J2J-a: 6147144/8750733 J2J-d: 100091 J2J-s: 1249104/3817770 | map: 5279 tracked, 4054 hot
[JIT] Stats: 46006272 sends, 3934 compiled, 2243475 failed, 16384/16384 KB code | IC: 7851474/9260352 (84% hit, 132942 patched, 0 stale) | J2J-r: 0/0 J2J-a: 6157669/8765260 J2J-d: 100092 J2J-s: 1253456/3826116 | map: 5280 tracked, 4055 hot
[JIT] Stats: 46071808 sends, 3934 compiled, 2247996 failed, 16384/16384 KB code | IC: 7865317/9275551 (84% hit, 132942 patched, 0 stale) | J2J-r: 0/0 J2J-a: 6168519/8780124 J2J-d: 100092 J2J-s: 1257847/3834511 | map: 5280 tracked, 4055 hot
[DNU] #28: #suspend not understood by rcvr=0x300000000 argCount=0 fd=2 in #suspend P80
[DNU]   rcvr cls=3075 fmt=0 class=nil
[DNU] 1MB-aligned check: rcvr=0x300000000 classAtIdx(3075).isNil=0 trap_env=0
[SISTA-COLLECT-CAND] pfbBC=9 send1BC=12 selIdx=2 litIdx=1 slot=0 outerVecTemp=-1
[SISTA-SPEC-HELPER-EMIT] class=CharacterSetComplement ssIdx=6 nArgs=1 bcOff=3
[SISTA-HELPER-EMIT] class=#CharacterSetComplement method_len=21
[SISTA-COLLECT-EMIT] bc=9 slot=0 vid=9 capture=0
[SISTA-SPLICE-LOWER-FAIL] method=0x300341b10 failedAt=v11 op=store_ivar
[asmjit-t1] code.code_size=7612 out of [1, 6656]
[asmjit-t1] code.code_size=8872 out of [1, 8192]
[asmjit-t1] code.code_size=39288 out of [1, 35328]
[asmjit-t1] code.code_size=11228 out of [1, 8704]
[asmjit-t1] code.code_size=12212 out of [1, 8192]
[asmjit-t1] code.code_size=13264 out of [1, 9728]
[asmjit-t1] code.code_size=12776 out of [1, 10240]
[asmjit-t1] code.code_size=15172 out of [1, 11776]
[asmjit-t1] code.code_size=14372 out of [1, 11264]
[asmjit-t1] code.code_size=14080 out of [1, 10240]
[JIT] Stats: 46137344 sends, 3934 compiled, 2252895 failed, 16384/16384 KB code | IC: 7871426/9285966 (84% hit, 133144 patched, 0 stale) | J2J-r: 0/0 J2J-a: 6174646/8789916 J2J-d: 100620 J2J-s: 1260404/3840537 | map: 5545 tracked, 4301 hot
[asmjit-t1] code.code_size=11540 out of [1, 10752]
[JIT] Stats: 46202880 sends, 3934 compiled, 2259160 failed, 16384/16384 KB code | IC: 7876620/9295827 (84% hit, 133183 patched, 0 stale) | J2J-r: 0/0 J2J-a: 6180895/8798946 J2J-d: 101262 J2J-s: 1263080/3845756 | map: 5564 tracked, 4355 hot
[asmjit-t1] code.code_size=7596 out of [1, 6656]
[asmjit-t1] code.code_size=3912 out of [1, 3584]
[asmjit-t1] code.code_size=6760 out of [1, 5120]
[asmjit-t1] code.code_size=9484 out of [1, 7680]
[asmjit-t1] code.code_size=3920 out of [1, 3584]
[DNU] #29: #asText not understood by rcvr=0x300000000 argCount=0 fd=6 in #newContents: P40
[DNU]   rcvr cls=3075 fmt=0 class=nil
[DNU] 1MB-aligned check: rcvr=0x300000000 classAtIdx(3075).isNil=0 trap_env=0
[JIT] Stats: 46268416 sends, 3934 compiled, 2265304 failed, 16384/16384 KB code | IC: 7881835/9305104 (84% hit, 133205 patched, 0 stale) | J2J-r: 0/0 J2J-a: 6186468/8807353 J2J-d: 101764 J2J-s: 1265496/3850728 | map: 5570 tracked, 4507 hot
[JIT] Stats: 46333952 sends, 3934 compiled, 2270518 failed, 16384/16384 KB code | IC: 7890928/9316641 (84% hit, 133236 patched, 0 stale) | J2J-r: 0/0 J2J-a: 6192314/8818145 J2J-d: 101894 J2J-s: 1267900/3857729 | map: 5614 tracked, 4547 hot
[JIT] Stats: 46399488 sends, 3934 compiled, 2275932 failed, 16384/16384 KB code | IC: 7900610/9328812 (84% hit, 133260 patched, 0 stale) | J2J-r: 0/0 J2J-a: 6199154/8829332 J2J-d: 101981 J2J-s: 1271025/3864890 | map: 5639 tracked, 4568 hot
[DNU] #30: #isTempVectorTemp not understood by rcvr=0x300000000 argCount=0 fd=53 in #visitLocalVariableNode: P40
[DNU]   rcvr cls=3075 fmt=0 class=nil
[DNU] 1MB-aligned check: rcvr=0x300000000 classAtIdx(3075).isNil=0 trap_env=0
[JIT] Stats: 46465024 sends, 3934 compiled, 2281313 failed, 16384/16384 KB code | IC: 7909509/9340113 (84% hit, 133268 patched, 0 stale) | J2J-r: 0/0 J2J-a: 6204981/8840020 J2J-d: 102100 J2J-s: 1273327/3871719 | map: 5639 tracked, 4577 hot
[JIT] Stats: 46530560 sends, 3934 compiled, 2286620 failed, 16384/16384 KB code | IC: 7919073/9352244 (84% hit, 133568 patched, 0 stale) | J2J-r: 0/0 J2J-a: 6211683/8851147 J2J-d: 102332 J2J-s: 1276397/3878904 | map: 4061 tracked, 3067 hot
[DNU] #31: #isTempVectorTemp not understood by rcvr=0x300000000 argCount=0 fd=25 in #visitLocalVariableNode: P40
[DNU]   rcvr cls=3075 fmt=0 class=nil
[DNU] 1MB-aligned check: rcvr=0x300000000 classAtIdx(3075).isNil=0 trap_env=0
[SISTA-SELECT-EMIT] bc=1 slot=0 vid=1
[JIT] Stats: 46596096 sends, 3934 compiled, 2289448 failed, 16384/16384 KB code | IC: 7928694/9365506 (84% hit, 134123 patched, 0 stale) | J2J-r: 0/0 J2J-a: 6217685/8863107 J2J-d: 102789 J2J-s: 1279605/3887651 | map: 4790 tracked, 3586 hot
[JIT] Stats: 46661632 sends, 3934 compiled, 2296620 failed, 16384/16384 KB code | IC: 7937570/9376459 (84% hit, 134191 patched, 0 stale) | J2J-r: 0/0 J2J-a: 6223955/8873630 J2J-d: 102856 J2J-s: 1282102/3894191 | map: 4852 tracked, 3671 hot
[JIT] Stats: 46727168 sends, 3934 compiled, 2301203 failed, 16384/16384 KB code | IC: 7947412/9388829 (84% hit, 134239 patched, 0 stale) | J2J-r: 0/0 J2J-a: 6231468/8884974 J2J-d: 102915 J2J-s: 1285652/3901296 | map: 4891 tracked, 3717 hot
[JIT] Stats: 46792704 sends, 3934 compiled, 2303652 failed, 16384/16384 KB code | IC: 7953950/9399929 (84% hit, 134482 patched, 0 stale) | J2J-r: 0/0 J2J-a: 6236812/8895183 J2J-d: 103177 J2J-s: 1288691/3908892 | map: 5244 tracked, 4036 hot
[DNU] #32: #close not understood by rcvr=0x300000000 argCount=0 fd=1 in #close P40
[DNU]   rcvr cls=3075 fmt=0 class=nil
[DNU] 1MB-aligned check: rcvr=0x300000000 classAtIdx(3075).isNil=0 trap_env=0
[JIT] Stats: 46858240 sends, 3934 compiled, 2305582 failed, 16384/16384 KB code | IC: 7962957/9413055 (84% hit, 134562 patched, 0 stale) | J2J-r: 0/0 J2J-a: 6244175/8907185 J2J-d: 103286 J2J-s: 1291941/3916704 | map: 5341 tracked, 4101 hot
[JIT] Stats: 46923776 sends, 3934 compiled, 2306989 failed, 16384/16384 KB code | IC: 7971548/9426473 (84% hit, 134564 patched, 0 stale) | J2J-r: 0/0 J2J-a: 6253893/8920461 J2J-d: 103288 J2J-s: 1295474/3923787 | map: 5342 tracked, 4101 hot
[JIT] Stats: 46989312 sends, 3934 compiled, 2308415 failed, 16384/16384 KB code | IC: 7981400/9441351 (84% hit, 134564 patched, 0 stale) | J2J-r: 0/0 J2J-a: 6264490/8935054 J2J-d: 103288 J2J-s: 1299930/3932231 | map: 5342 tracked, 4102 hot
[DNU] #33: #suspend not understood by rcvr=0x300000000 argCount=0 fd=2 in #suspend P80
[DNU]   rcvr cls=3075 fmt=0 class=nil
[DNU] 1MB-aligned check: rcvr=0x300000000 classAtIdx(3075).isNil=0 trap_env=0
[DNU] #34: #suspend not understood by rcvr=0x300000000 argCount=0 fd=2 in #suspend P80
[DNU]   rcvr cls=3075 fmt=0 class=nil
[DNU] 1MB-aligned check: rcvr=0x300000000 classAtIdx(3075).isNil=0 trap_env=0
[DNU] #35: #suspend not understood by rcvr=0x300000000 argCount=0 fd=2 in #suspend P80
[DNU]   rcvr cls=3075 fmt=0 class=nil
[DNU] 1MB-aligned check: rcvr=0x300000000 classAtIdx(3075).isNil=0 trap_env=0
[DNU] #36: #suspend not understood by rcvr=0x300000000 argCount=0 fd=2 in #suspend P80
[DNU]   rcvr cls=3075 fmt=0 class=nil
[DNU] 1MB-aligned check: rcvr=0x300000000 classAtIdx(3075).isNil=0 trap_env=0
[asmjit-t1] code.code_size=3908 out of [1, 3584]
[asmjit-t1] code.code_size=3916 out of [1, 3584]
[asmjit-t1] code.code_size=7808 out of [1, 6656]
[DNU] #37: #suspend not understood by rcvr=0x300000000 argCount=0 fd=2 in #suspend P80
[DNU]   rcvr cls=3075 fmt=0 class=nil
[DNU] 1MB-aligned check: rcvr=0x300000000 classAtIdx(3075).isNil=0 trap_env=0
[DNU] #38: #suspend not understood by rcvr=0x300000000 argCount=0 fd=2 in #suspend P80
[DNU]   rcvr cls=3075 fmt=0 class=nil
[DNU] 1MB-aligned check: rcvr=0x300000000 classAtIdx(3075).isNil=0 trap_env=0
[DNU] #39: #suspend not understood by rcvr=0x300000000 argCount=0 fd=2 in #suspend P80
[DNU]   rcvr cls=3075 fmt=0 class=nil
[DNU] 1MB-aligned check: rcvr=0x300000000 classAtIdx(3075).isNil=0 trap_env=0
[DNU] #40: #suspend not understood by rcvr=0x300000000 argCount=0 fd=2 in #suspend P80
[DNU]   rcvr cls=3075 fmt=0 class=nil
[DNU] 1MB-aligned check: rcvr=0x300000000 classAtIdx(3075).isNil=0 trap_env=0
[asmjit-t1] code.code_size=4708 out of [1, 4096]
[asmjit-t1] code.code_size=3912 out of [1, 3584]
[DNU] #41: #suspend not understood by rcvr=0x300000000 argCount=0 fd=2 in #suspend P80
[DNU]   rcvr cls=3075 fmt=0 class=nil
[DNU] 1MB-aligned check: rcvr=0x300000000 classAtIdx(3075).isNil=0 trap_env=0
[JIT] Stats: 47054848 sends, 3934 compiled, 2310919 failed, 16384/16384 KB code | IC: 7991353/9455120 (84% hit, 134736 patched, 0 stale) | J2J-r: 0/0 J2J-a: 6272228/8948102 J2J-d: 103421 J2J-s: 1303788/3941297 | map: 5843 tracked, 4482 hot
[asmjit-t1] code.code_size=13572 out of [1, 11264]
[asmjit-t1] code.code_size=3912 out of [1, 3584]
[asmjit-t1] code.code_size=7892 out of [1, 7680]
[DNU] #42: #suspend not understood by rcvr=0x300000000 argCount=0 fd=2 in #suspend P80
[DNU]   rcvr cls=3075 fmt=0 class=nil
[DNU] 1MB-aligned check: rcvr=0x300000000 classAtIdx(3075).isNil=0 trap_env=0
[SISTA-COLLECT-CAND] pfbBC=9 send1BC=12 selIdx=2 litIdx=1 slot=0 outerVecTemp=-1
[SISTA-SPEC-HELPER-EMIT] class=CharacterSetComplement ssIdx=6 nArgs=1 bcOff=3
[SISTA-HELPER-EMIT] class=#CharacterSetComplement method_len=21
[SISTA-COLLECT-EMIT] bc=9 slot=0 vid=9 capture=0
[SISTA-SPLICE-LOWER-FAIL] method=0x300341b10 failedAt=v11 op=store_ivar
[JIT] Stats: 47120384 sends, 3934 compiled, 2316824 failed, 16384/16384 KB code | IC: 7997089/9464714 (84% hit, 134870 patched, 0 stale) | J2J-r: 0/0 J2J-a: 6277781/8957157 J2J-d: 103919 J2J-s: 1305989/3946746 | map: 5972 tracked, 4579 hot
[JIT] Stats: 47185920 sends, 3934 compiled, 2322188 failed, 16384/16384 KB code | IC: 8003776/9473528 (84% hit, 134875 patched, 0 stale) | J2J-r: 0/0 J2J-a: 6282588/8965256 J2J-d: 104038 J2J-s: 1308173/3951916 | map: 6000 tracked, 4590 hot
[SISTA-SELECT-EMIT] bc=2 slot=0 vid=3
[asmjit-t1] code.code_size=3700 out of [1, 3584]
[asmjit-t1] code.code_size=4928 out of [1, 4096]
[JIT] Stats: 47251456 sends, 3934 compiled, 2329536 failed, 16384/16384 KB code | IC: 8009384/9482602 (84% hit, 134904 patched, 0 stale) | J2J-r: 0/0 J2J-a: 6288673/8973522 J2J-d: 104880 J2J-s: 1310812/3956229 | map: 6105 tracked, 4655 hot
[asmjit-t1] code.code_size=4720 out of [1, 4096]
[JIT] Stats: 47316992 sends, 3934 compiled, 2337758 failed, 16384/16384 KB code | IC: 8014857/9492112 (84% hit, 134908 patched, 0 stale) | J2J-r: 0/0 J2J-a: 6294998/8982112 J2J-d: 105704 J2J-s: 1313909/3961231 | map: 6105 tracked, 4666 hot
[JIT] Stats: 47382528 sends, 3934 compiled, 2345462 failed, 16384/16384 KB code | IC: 8019513/9500373 (84% hit, 134908 patched, 0 stale) | J2J-r: 0/0 J2J-a: 6300635/8989567 J2J-d: 106331 J2J-s: 1316916/3965684 | map: 6105 tracked, 4666 hot
[DIAG] P40 WeakSet>>ifNotNil: ip=27 fd=5
[DIAG]   [-1] WeakSet>>detect:ifFound:ifNone:
[DIAG]   [-2] WeakSet>>detect:ifNone:
[DIAG]   [-3] FreeTypeFont class>>face:pointSize:simulatedEmphasis:
[DIAG]   [-4] FreeTypeFont class>>forLogicalFont:fileInfo:simulatedEmphasis:
[DIAG]   [-5] FreeTypeFontProvider>>fontFor:familyName:
[DIAG-TIMER] usecArmed=1 msArmed=0 timerWasArmed=1 timerSem=set lastSignal=0s ago nextUsec=0xe0f4720569284 nextMs=0
[DIAG-TIMER] wakeup delta=680454 usec (0.680 sec)
[DIAG-QUEUE] P80 proc=0x3037f5640 susp=SUnitRunner class>>ifFalse:
[DIAG-QUEUE] P60 proc=0x473a5de38 susp=SUnitRunner class>>ifFalse:
[DIAG-QUEUE] P10 proc=0x303857be8 susp=ProcessorScheduler class>>idleProcess
[JIT] Stats: 47448064 sends, 3934 compiled, 2351632 failed, 16384/16384 KB code | IC: 8025059/9509195 (84% hit, 134931 patched, 0 stale) | J2J-r: 0/0 J2J-a: 6305859/8997522 J2J-d: 106852 J2J-s: 1319727/3970676 | map: 6216 tracked, 4763 hot
[PROGRESS] 10s: ~1146270721 steps
[asmjit-t1] code.code_size=3108 out of [1, 3072]
[asmjit-t1] code.code_size=3108 out of [1, 3072]
[asmjit-t1] code.code_size=3108 out of [1, 3072]
[asmjit-t1] code.code_size=4720 out of [1, 4096]
[asmjit-t1] code.code_size=4720 out of [1, 4096]
[JIT] Stats: 47513600 sends, 3934 compiled, 2359073 failed, 16384/16384 KB code | IC: 8029752/9516958 (84% hit, 134939 patched, 0 stale) | J2J-r: 0/0 J2J-a: 6310506/9004149 J2J-d: 107176 J2J-s: 1322469/3974816 | map: 6268 tracked, 4797 hot
[asmjit-t1] code.code_size=10616 out of [1, 7168]
[asmjit-t1] code.code_size=10616 out of [1, 7168]
[asmjit-t1] code.code_size=5740 out of [1, 4608]
[asmjit-t1] code.code_size=6800 out of [1, 6144]
[JIT] Stats: 47579136 sends, 3934 compiled, 2367237 failed, 16384/16384 KB code | IC: 8035209/9526098 (84% hit, 134939 patched, 0 stale) | J2J-r: 0/0 J2J-a: 6316338/9012216 J2J-d: 107756 J2J-s: 1325357/3979493 | map: 6278 tracked, 4839 hot
[JIT] Stats: 47644672 sends, 3934 compiled, 2375668 failed, 16384/16384 KB code | IC: 8040709/9535643 (84% hit, 134939 patched, 0 stale) | J2J-r: 0/0 J2J-a: 6322689/9020824 J2J-d: 108576 J2J-s: 1328455/3984489 | map: 6278 tracked, 4839 hot
[JIT] Stats: 47710208 sends, 3934 compiled, 2383600 failed, 16384/16384 KB code | IC: 8045417/9543987 (84% hit, 134939 patched, 0 stale) | J2J-r: 0/0 J2J-a: 6328382/9028359 J2J-d: 109208 J2J-s: 1331477/3988978 | map: 6278 tracked, 4839 hot
[JIT] Stats: 47775744 sends, 3934 compiled, 2391589 failed, 16384/16384 KB code | IC: 8050318/9552260 (84% hit, 134939 patched, 0 stale) | J2J-r: 0/0 J2J-a: 6333507/9035593 J2J-d: 109716 J2J-s: 1334377/3993407 | map: 6279 tracked, 4844 hot
[asmjit-t1] code.code_size=15152 out of [1, 12800]
[asmjit-t1] code.code_size=15152 out of [1, 12800]
[DNU] #43: #suspend not understood by rcvr=0x300000000 argCount=0 fd=2 in #suspend P80
[DNU]   rcvr cls=3075 fmt=0 class=nil
[DNU] 1MB-aligned check: rcvr=0x300000000 classAtIdx(3075).isNil=0 trap_env=0
[DNU] #44: #suspend not understood by rcvr=0x300000000 argCount=0 fd=2 in #suspend P80
[DNU]   rcvr cls=3075 fmt=0 class=nil
[DNU] 1MB-aligned check: rcvr=0x300000000 classAtIdx(3075).isNil=0 trap_env=0
[asmjit-t1] code.code_size=3912 out of [1, 3584]
[DNU] #45: #suspend not understood by rcvr=0x300000000 argCount=0 fd=2 in #suspend P80
[DNU]   rcvr cls=3075 fmt=0 class=nil
[DNU] 1MB-aligned check: rcvr=0x300000000 classAtIdx(3075).isNil=0 trap_env=0
[DNU] #46: #suspend not understood by rcvr=0x300000000 argCount=0 fd=2 in #suspend P80
[DNU]   rcvr cls=3075 fmt=0 class=nil
[DNU] 1MB-aligned check: rcvr=0x300000000 classAtIdx(3075).isNil=0 trap_env=0
[DNU] #47: #suspend not understood by rcvr=0x300000000 argCount=0 fd=2 in #suspend P80
[DNU]   rcvr cls=3075 fmt=0 class=nil
[DNU] 1MB-aligned check: rcvr=0x300000000 classAtIdx(3075).isNil=0 trap_env=0
[JIT] Stats: 47841280 sends, 3934 compiled, 2397314 failed, 16384/16384 KB code | IC: 8056234/9561202 (84% hit, 134960 patched, 0 stale) | J2J-r: 0/0 J2J-a: 6338481/9043632 J2J-d: 110204 J2J-s: 1337343/3999087 | map: 6375 tracked, 4925 hot
[MUSTBOOL] #1 fd=5 value_class=Dictionary value=0x4746283f8 in=#emitReturn:resultTempVar:context:inCallout: rcv_class=FFIVoid method=0x30097d3e8 numLits=11 ipOff=8
[MUSTBOOL] method header=0x8000000020800059 slotCount=17 method_class=CompiledMethod method_format=30 method_classIdx=3101
[MUSTBOOL]   slot[0]=0x8000000020800059
[MUSTBOOL]   slot[1]=0x300960e60 class=3085 format=23 bytes="isPointer"
[MUSTBOOL]   slot[2]=0x30095f798 class=3085 format=18 bytes="shouldAutoReleaseReturnedValue"
[MUSTBOOL]   slot[3]=0x3001135c8 class=3085 format=17 bytes="pushDup"
[MUSTBOOL]   slot[4]=0x3009462a8 class=3085 format=21 bytes="autoRelease"
[MUSTBOOL]   slot[5]=0x300084520 class=3085 format=19 bytes="send:"
[MUSTBOOL]   slot[6]=0x3000844e0 class=3085 format=18 bytes="popTop"
[MUSTBOOL]   slot[7]=0x300113458 class=3085 format=23 bytes="returnTop"
[MUSTBOOL]   slot[8]=0x300962840 class=3085 format=17 bytes="emitSelfReturn:"
[MUSTBOOL]   slot[9]=0x300050708 class=3085 format=17 bytes="ifTrue:"
[MUSTBOOL]   slot[10]=0x300960f88 class=3085 format=21 bytes="emitReturn:resultTempVar:context:inCallout:"
[MUSTBOOL]   slot[11]=0x30092d330 class=3139 format=1
[MUSTBOOL]   slot[12]=0xaef814313ef804c (raw bytecode bytes)
[MUSTBOOL]   slot[13]=0xd8942353d8825340 (raw bytecode bytes)
[MUSTBOOL]   slot[14]=0x4f5c8640d84fb085 (raw bytecode bytes)
[MUSTBOOL]   slot[15]=0x1d01005c97404cd8 (raw bytecode bytes)
[MUSTBOOL] bytecodes near ipOff=8: 4c 80 ef 13 43 81 ef 0a 40 53 82 d8 53
[MUSTBOOL] full bytecodes (31):
    0: 4c 80 ef 13 43 81 ef 0a 40 53 82 d8 53 23 94 d8 85 b0 4f d8 40 86 5c 4f d8 4c 40 97 5c 00 01
[MUSTBOOL] receiver slotCount=2 class=FFIVoid
[MUSTBOOL]   recv.slot[0]=0x9 (SmI(1))
[MUSTBOOL]   recv.slot[1]=0x300000000 (nil)
[MUSTBOOL] stack: sp=0x477b0ea38 fp=0x477b0ea08 depth=5
[MUSTBOOL]   sp[-3]=0x474624c10 (Context)
[MUSTBOOL]   sp[-2]=0x4746283b8 (FFICallout)
[MUSTBOOL]   sp[-1]=0x4746283f8 (Dictionary)
[MUSTBOOL]   sp[0]=0x300000020 (True)
[MUSTBOOL]   sp[1]=0x1 (SmallInteger)
[MUSTBOOL]   recent[0] TFCalloutMethodBuilder>>generateMethodFromSpec:
[MUSTBOOL]   recent[1] OCIRBuilder class>>buildIR:
[MUSTBOOL]   recent[2] TFCalloutMethodBuilder>>ifNotNil:
[MUSTBOOL]   recent[3] TFCalloutMethodBuilder>>generateFFICallout:spec:ffiLibrary:
[MUSTBOOL]   recent[4] FFITypeDeclaration>>emitReturn:resultTempVar:context:inCallout:
[asmjit-t1] code.code_size=10560 out of [1, 10240]
[JIT] Stats: 47906816 sends, 3934 compiled, 2400601 failed, 16384/16384 KB code | IC: 8063190/9571338 (84% hit, 135049 patched, 0 stale) | J2J-r: 0/0 J2J-a: 6344664/9053344 J2J-d: 110319 J2J-s: 1340249/4005385 | map: 6616 tracked, 5133 hot
[JIT] Stats: 47972352 sends, 3934 compiled, 2401573 failed, 16384/16384 KB code | IC: 8068485/9580108 (84% hit, 135075 patched, 0 stale) | J2J-r: 0/0 J2J-a: 6348731/9061792 J2J-d: 110352 J2J-s: 1343374/4012659 | map: 6631 tracked, 5162 hot
[SISTA-SELECT-EMIT] bc=1 slot=0 vid=1
[JIT] Stats: 48037888 sends, 3934 compiled, 2402939 failed, 16384/16384 KB code | IC: 8074991/9590448 (84% hit, 135804 patched, 0 stale) | J2J-r: 0/0 J2J-a: 6353693/9071189 J2J-d: 110909 J2J-s: 1346925/4020509 | map: 5725 tracked, 3878 hot
[DNU] #48: #suspend not understood by rcvr=0x300000000 argCount=0 fd=2 in #suspend P80
[DNU]   rcvr cls=3075 fmt=0 class=nil
[DNU] 1MB-aligned check: rcvr=0x300000000 classAtIdx(3075).isNil=0 trap_env=0
[JIT] Stats: 48103424 sends, 3934 compiled, 2406694 failed, 16384/16384 KB code | IC: 8083077/9602495 (84% hit, 136230 patched, 0 stale) | J2J-r: 0/0 J2J-a: 6359664/9081956 J2J-d: 111304 J2J-s: 1349967/4028066 | map: 6157 tracked, 4563 hot
[JIT] Stats: 48168960 sends, 3934 compiled, 2408165 failed, 16384/16384 KB code | IC: 8092771/9616514 (84% hit, 136249 patched, 0 stale) | J2J-r: 0/0 J2J-a: 6369332/9095613 J2J-d: 111319 J2J-s: 1353721/4035798 | map: 6171 tracked, 4584 hot
[JIT] Stats: 48234496 sends, 3934 compiled, 2409488 failed, 16384/16384 KB code | IC: 8102105/9630051 (84% hit, 136249 patched, 0 stale) | J2J-r: 0/0 J2J-a: 6379029/9109006 J2J-d: 111320 J2J-s: 1357115/4042880 | map: 6171 tracked, 4584 hot
[DNU] #49: #suspend not understood by rcvr=0x300000000 argCount=0 fd=2 in #suspend P80
[DNU]   rcvr cls=3075 fmt=0 class=nil
[DNU] 1MB-aligned check: rcvr=0x300000000 classAtIdx(3075).isNil=0 trap_env=0
[JIT] Stats: 48300032 sends, 3934 compiled, 2411423 failed, 16384/16384 KB code | IC: 8113957/9646521 (84% hit, 136249 patched, 0 stale) | J2J-r: 0/0 J2J-a: 6389813/9124504 J2J-d: 111324 J2J-s: 1362284/4052739 | map: 6171 tracked, 4656 hot
[JIT] Stats: 48365568 sends, 3934 compiled, 2412803 failed, 16384/16384 KB code | IC: 8123234/9660063 (84% hit, 136249 patched, 0 stale) | J2J-r: 0/0 J2J-a: 6399330/9137844 J2J-d: 111325 J2J-s: 1365746/4060016 | map: 6171 tracked, 4656 hot
[JIT] Stats: 48431104 sends, 3934 compiled, 2414339 failed, 16384/16384 KB code | IC: 8132863/9674270 (84% hit, 136249 patched, 0 stale) | J2J-r: 0/0 J2J-a: 6409616/9151840 J2J-d: 111327 J2J-s: 1369468/4067440 | map: 6171 tracked, 4656 hot
[DNU] #50: #suspend not understood by rcvr=0x300000000 argCount=0 fd=2 in #suspend P80
[DNU]   rcvr cls=3075 fmt=0 class=nil
[DNU] 1MB-aligned check: rcvr=0x300000000 classAtIdx(3075).isNil=0 trap_env=0
[JIT] Stats: 48496640 sends, 3934 compiled, 2416290 failed, 16384/16384 KB code | IC: 8144704/9690429 (84% hit, 136249 patched, 0 stale) | J2J-r: 0/0 J2J-a: 6419870/9167026 J2J-d: 111330 J2J-s: 1374372/4077251 | map: 6171 tracked, 4656 hot
[JIT] Stats: 48562176 sends, 3934 compiled, 2417787 failed, 16384/16384 KB code | IC: 8153785/9703734 (84% hit, 136249 patched, 0 stale) | J2J-r: 0/0 J2J-a: 6429288/9180176 J2J-d: 111331 J2J-s: 1377742/4084345 | map: 6171 tracked, 4656 hot
[JIT] Stats: 48627712 sends, 3934 compiled, 2419277 failed, 16384/16384 KB code | IC: 8163998/9718379 (84% hit, 136249 patched, 0 stale) | J2J-r: 0/0 J2J-a: 6439778/9194581 J2J-d: 111333 J2J-s: 1381870/4092381 | map: 6171 tracked, 4656 hot
[DNU] #51: #suspend not understood by rcvr=0x300000000 argCount=0 fd=2 in #suspend P80
[DNU]   rcvr cls=3075 fmt=0 class=nil
[DNU] 1MB-aligned check: rcvr=0x300000000 classAtIdx(3075).isNil=0 trap_env=0
[JIT] Stats: 48693248 sends, 3934 compiled, 2421369 failed, 16384/16384 KB code | IC: 8175339/9734381 (83% hit, 136249 patched, 0 stale) | J2J-r: 0/0 J2J-a: 6450336/9209662 J2J-d: 111336 J2J-s: 1386631/4101640 | map: 6171 tracked, 4656 hot
[JIT] Stats: 48758784 sends, 3934 compiled, 2422862 failed, 16384/16384 KB code | IC: 8184571/9747900 (83% hit, 136250 patched, 0 stale) | J2J-r: 0/0 J2J-a: 6459909/9223026 J2J-d: 111337 J2J-s: 1390062/4108854 | map: 6171 tracked, 4656 hot
[JIT] Stats: 48824320 sends, 3934 compiled, 2424321 failed, 16384/16384 KB code | IC: 8194759/9762391 (83% hit, 136250 patched, 0 stale) | J2J-r: 0/0 J2J-a: 6470153/9237279 J2J-d: 111339 J2J-s: 1394078/4116871 | map: 6171 tracked, 4656 hot
[DNU] #52: #suspend not understood by rcvr=0x300000000 argCount=0 fd=2 in #suspend P80
[DNU]   rcvr cls=3075 fmt=0 class=nil
[DNU] 1MB-aligned check: rcvr=0x300000000 classAtIdx(3075).isNil=0 trap_env=0
[JIT] Stats: 48889856 sends, 3934 compiled, 2426439 failed, 16384/16384 KB code | IC: 8206060/9777945 (83% hit, 136293 patched, 0 stale) | J2J-r: 0/0 J2J-a: 6479737/9251763 J2J-d: 111373 J2J-s: 1398597/4126257 | map: 6228 tracked, 4700 hot
[JIT] Stats: 48955392 sends, 3934 compiled, 2427991 failed, 16384/16384 KB code | IC: 8215132/9791229 (83% hit, 136293 patched, 0 stale) | J2J-r: 0/0 J2J-a: 6489160/9264884 J2J-d: 111374 J2J-s: 1401988/4133338 | map: 6228 tracked, 4700 hot
[JIT] Stats: 49020928 sends, 3934 compiled, 2429612 failed, 16384/16384 KB code | IC: 8225353/9805842 (83% hit, 136293 patched, 0 stale) | J2J-r: 0/0 J2J-a: 6499746/9279283 J2J-d: 111376 J2J-s: 1406182/4141338 | map: 6228 tracked, 4700 hot
[DNU] #53: #suspend not understood by rcvr=0x300000000 argCount=0 fd=2 in #suspend P80
[DNU]   rcvr cls=3075 fmt=0 class=nil
[DNU] 1MB-aligned check: rcvr=0x300000000 classAtIdx(3075).isNil=0 trap_env=0
[JIT] Stats: 49086464 sends, 3934 compiled, 2431755 failed, 16384/16384 KB code | IC: 8236201/9821172 (83% hit, 136299 patched, 0 stale) | J2J-r: 0/0 J2J-a: 6509606/9293635 J2J-d: 111381 J2J-s: 1410512/4150135 | map: 6229 tracked, 4702 hot
[JIT] Stats: 49152000 sends, 3934 compiled, 2433310 failed, 16384/16384 KB code | IC: 8245436/9834664 (83% hit, 136303 patched, 0 stale) | J2J-r: 0/0 J2J-a: 6519229/9306977 J2J-d: 111384 J2J-s: 1413956/4157289 | map: 6229 tracked, 4702 hot
[JIT] Stats: 49217536 sends, 3934 compiled, 2434858 failed, 16384/16384 KB code | IC: 8255510/9849137 (83% hit, 136303 patched, 0 stale) | J2J-r: 0/0 J2J-a: 6529636/9321217 J2J-d: 111386 J2J-s: 1418096/4165254 | map: 6229 tracked, 4702 hot
[DNU] #54: #suspend not understood by rcvr=0x300000000 argCount=0 fd=2 in #suspend P80
[DNU]   rcvr cls=3075 fmt=0 class=nil
[DNU] 1MB-aligned check: rcvr=0x300000000 classAtIdx(3075).isNil=0 trap_env=0
[JIT] Stats: 49283072 sends, 3934 compiled, 2436982 failed, 16384/16384 KB code | IC: 8264599/9860504 (83% hit, 136309 patched, 0 stale) | J2J-r: 0/0 J2J-a: 6537422/9332348 J2J-d: 111391 J2J-s: 1421721/4172213 | map: 6232 tracked, 4707 hot
[JIT] Stats: 49348608 sends, 3934 compiled, 2439801 failed, 16384/16384 KB code | IC: 8275523/9875210 (83% hit, 136312 patched, 0 stale) | J2J-r: 0/0 J2J-a: 6546802/9346079 J2J-d: 111396 J2J-s: 1425547/4180375 | map: 6237 tracked, 4707 hot
[JIT] Stats: 49414144 sends, 3934 compiled, 2441322 failed, 16384/16384 KB code | IC: 8285595/9889396 (83% hit, 136312 patched, 0 stale) | J2J-r: 0/0 J2J-a: 6556690/9360021 J2J-d: 111398 J2J-s: 1429569/4188441 | map: 6237 tracked, 4707 hot
[DNU] #55: #suspend not understood by rcvr=0x300000000 argCount=0 fd=2 in #suspend P80
[DNU]   rcvr cls=3075 fmt=0 class=nil
[DNU] 1MB-aligned check: rcvr=0x300000000 classAtIdx(3075).isNil=0 trap_env=0
[JIT] Stats: 49479680 sends, 3934 compiled, 2443468 failed, 16384/16384 KB code | IC: 8296021/9904169 (83% hit, 136312 patched, 0 stale) | J2J-r: 0/0 J2J-a: 6566359/9373990 J2J-d: 111399 J2J-s: 1433622/4196772 | map: 6238 tracked, 4707 hot
[JIT] Stats: 49545216 sends, 3934 compiled, 2445055 failed, 16384/16384 KB code | IC: 8305268/9917660 (83% hit, 136312 patched, 0 stale) | J2J-r: 0/0 J2J-a: 6575939/9387319 J2J-d: 111400 J2J-s: 1437053/4203944 | map: 6238 tracked, 4707 hot
[JIT] Stats: 49610752 sends, 3934 compiled, 2446640 failed, 16384/16384 KB code | IC: 8315382/9932212 (83% hit, 136312 patched, 0 stale) | J2J-r: 0/0 J2J-a: 6586383/9401638 J2J-d: 111402 J2J-s: 1441197/4211955 | map: 6238 tracked, 4707 hot
[DNU] #56: #suspend not understood by rcvr=0x300000000 argCount=0 fd=2 in #suspend P80
[DNU]   rcvr cls=3075 fmt=0 class=nil
[DNU] 1MB-aligned check: rcvr=0x300000000 classAtIdx(3075).isNil=0 trap_env=0
[JIT] Stats: 49676288 sends, 3934 compiled, 2449105 failed, 16384/16384 KB code | IC: 8325006/9943606 (83% hit, 136312 patched, 0 stale) | J2J-r: 0/0 J2J-a: 6594028/9412794 J2J-d: 111404 J2J-s: 1444902/4219160 | map: 6239 tracked, 4708 hot
[JIT] Stats: 49741824 sends, 3934 compiled, 2451583 failed, 16384/16384 KB code | IC: 8335173/9957832 (83% hit, 136312 patched, 0 stale) | J2J-r: 0/0 J2J-a: 6603422/9426267 J2J-d: 111404 J2J-s: 1448399/4226720 | map: 6239 tracked, 4708 hot
[JIT] Stats: 49807360 sends, 3934 compiled, 2453104 failed, 16384/16384 KB code | IC: 8345487/9972318 (83% hit, 136312 patched, 0 stale) | J2J-r: 0/0 J2J-a: 6613451/9440512 J2J-d: 111406 J2J-s: 1452453/4234982 | map: 6239 tracked, 4708 hot
[DNU] #57: #suspend not understood by rcvr=0x300000000 argCount=0 fd=2 in #suspend P80
[DNU]   rcvr cls=3075 fmt=0 class=nil
[DNU] 1MB-aligned check: rcvr=0x300000000 classAtIdx(3075).isNil=0 trap_env=0
[JIT] Stats: 49872896 sends, 3934 compiled, 2454985 failed, 16384/16384 KB code | IC: 8356580/9987926 (83% hit, 136313 patched, 0 stale) | J2J-r: 0/0 J2J-a: 6624351/9455648 J2J-d: 111410 J2J-s: 1457175/4243923 | map: 6240 tracked, 4708 hot
[JIT] Stats: 49938432 sends, 3934 compiled, 2457046 failed, 16384/16384 KB code | IC: 8366522/10002242 (83% hit, 136313 patched, 0 stale) | J2J-r: 0/0 J2J-a: 6633885/9469258 J2J-d: 111411 J2J-s: 1460880/4251689 | map: 6240 tracked, 4708 hot
[JIT] Stats: 50003968 sends, 3934 compiled, 2458664 failed, 16384/16384 KB code | IC: 8376234/10016116 (83% hit, 136313 patched, 0 stale) | J2J-r: 0/0 J2J-a: 6643695/9482935 J2J-d: 111412 J2J-s: 1464569/4259238 | map: 6240 tracked, 4708 hot
[DNU] #58: #suspend not understood by rcvr=0x300000000 argCount=0 fd=2 in #suspend P80
[DNU]   rcvr cls=3075 fmt=0 class=nil
[DNU] 1MB-aligned check: rcvr=0x300000000 classAtIdx(3075).isNil=0 trap_env=0
[JIT] Stats: 50069504 sends, 3934 compiled, 2460454 failed, 16384/16384 KB code | IC: 8386615/10030390 (83% hit, 136313 patched, 0 stale) | J2J-r: 0/0 J2J-a: 6653633/9496861 J2J-d: 111415 J2J-s: 1468967/4267609 | map: 6241 tracked, 4708 hot
[JIT] Stats: 50135040 sends, 3934 compiled, 2463503 failed, 16384/16384 KB code | IC: 8397041/10043112 (83% hit, 136313 patched, 0 stale) | J2J-r: 0/0 J2J-a: 6661638/9508853 J2J-d: 111415 J2J-s: 1472602/4275219 | map: 6241 tracked, 4708 hot
[JIT] Stats: 50200576 sends, 3934 compiled, 2465116 failed, 16384/16384 KB code | IC: 8406359/10056627 (83% hit, 136313 patched, 0 stale) | J2J-r: 0/0 J2J-a: 6671252/9522215 J2J-d: 111416 J2J-s: 1476044/4282401 | map: 6241 tracked, 4708 hot
[JIT] Stats: 50266112 sends, 3934 compiled, 2466659 failed, 16384/16384 KB code | IC: 8416734/10071431 (83% hit, 136313 patched, 0 stale) | J2J-r: 0/0 J2J-a: 6681814/9536776 J2J-d: 111418 J2J-s: 1480225/4290573 | map: 6241 tracked, 4708 hot
[DNU] #59: #suspend not understood by rcvr=0x300000000 argCount=0 fd=2 in #suspend P80
[DNU]   rcvr cls=3075 fmt=0 class=nil
[DNU] 1MB-aligned check: rcvr=0x300000000 classAtIdx(3075).isNil=0 trap_env=0
[JIT] Stats: 50331648 sends, 3934 compiled, 2468910 failed, 16384/16384 KB code | IC: 8427502/10086397 (83% hit, 136314 patched, 0 stale) | J2J-r: 0/0 J2J-a: 6691202/9550745 J2J-d: 111421 J2J-s: 1484367/4299272 | map: 6242 tracked, 4708 hot
[JIT] Stats: 50397184 sends, 3934 compiled, 2470495 failed, 16384/16384 KB code | IC: 8437060/10100405 (83% hit, 136314 patched, 0 stale) | J2J-r: 0/0 J2J-a: 6701339/9564610 J2J-d: 111422 J2J-s: 1488069/4306694 | map: 6242 tracked, 4708 hot
[JIT] Stats: 50462720 sends, 3934 compiled, 2472098 failed, 16384/16384 KB code | IC: 8447597/10115334 (83% hit, 136314 patched, 0 stale) | J2J-r: 0/0 J2J-a: 6711971/9579257 J2J-d: 111425 J2J-s: 1492456/4315088 | map: 6242 tracked, 4708 hot
[DNU] #60: #suspend not understood by rcvr=0x300000000 argCount=0 fd=2 in #suspend P80
[DNU]   rcvr cls=3075 fmt=0 class=nil
[DNU] 1MB-aligned check: rcvr=0x300000000 classAtIdx(3075).isNil=0 trap_env=0
[JIT] Stats: 50528256 sends, 3934 compiled, 2474352 failed, 16384/16384 KB code | IC: 8458099/10130021 (83% hit, 136314 patched, 0 stale) | J2J-r: 0/0 J2J-a: 6721211/9593028 J2J-d: 111426 J2J-s: 1496302/4323441 | map: 6243 tracked, 4708 hot
[JIT] Stats: 50593792 sends, 3934 compiled, 2475932 failed, 16384/16384 KB code | IC: 8468408/10144773 (83% hit, 136314 patched, 0 stale) | J2J-r: 0/0 J2J-a: 6731778/9607589 J2J-d: 111428 J2J-s: 1500386/4331510 | map: 6243 tracked, 4708 hot
[JIT] Stats: 50659328 sends, 3934 compiled, 2477569 failed, 16384/16384 KB code | IC: 8478932/10159737 (83% hit, 136314 patched, 0 stale) | J2J-r: 0/0 J2J-a: 6742419/9622273 J2J-d: 111430 J2J-s: 1504696/4339854 | map: 6243 tracked, 4708 hot
[JIT] Stats: 50724864 sends, 3934 compiled, 2479899 failed, 16384/16384 KB code | IC: 8489355/10174200 (83% hit, 136317 patched, 0 stale) | J2J-r: 0/0 J2J-a: 6751217/9635810 J2J-d: 111433 J2J-s: 1508529/4348390 | map: 6258 tracked, 4713 hot
[JIT] Stats: 50790400 sends, 3934 compiled, 2481578 failed, 16384/16384 KB code | IC: 8499456/10188537 (83% hit, 136317 patched, 0 stale) | J2J-r: 0/0 J2J-a: 6761485/9649959 J2J-d: 111435 J2J-s: 1512671/4356405 | map: 6258 tracked, 4713 hot
[JIT] Stats: 50855936 sends, 3934 compiled, 2483215 failed, 16384/16384 KB code | IC: 8509672/10203339 (83% hit, 136439 patched, 0 stale) | J2J-r: 0/0 J2J-a: 6772082/9664472 J2J-d: 111523 J2J-s: 1516812/4364453 | map: 4670 tracked, 3357 hot
[SISTA-SELECT-EMIT] bc=1 slot=0 vid=1

=== Execution Summary ===
Active bytecode steps: 1244622246

=== JIT Stats ===
  compiled: 3448 methods
  IC: 8512589 hits / 10207180 total (83.4%), patches=136676 stale=0
  IC miss breakdown: noSelBits=1062922 cold=15468 poly=77128 noICData=539073
  activations: 10687655 hits / 10687655 total (100.0%)
  resume (J2J-r): 0 chains / 0 total (0.0%)
  J2J stencil: calls=4367190 returns=1518063 patches=111695
  materialize: count=0 totalDepth=0
  chain: actChain=34 actFall=41030 | primChain=5256116 primFall=3737
  yields=0 OSR=76752
  T2-IC: 0 hits / 0 total (0.0%)
  T2 (asmjit): compiled=0 bailed=0
  inline-prim: at=0 atPut=0 size=0 bitOp=0 floatOp=0 bcFloat=8757 bcArithBail=12668 remoteTemp=2064 basicNew=3541/0 basicNew0=0 sistaSelfRec=0/0 multiSlot=0 retLit=0 tempRet=0 intCmp=0 intArith=0 evenOdd=0 sistaShortcut=0 getter=0 setter=0 retSelf=0
  canSkipJ2JSave: 486/3801 real-compiled methods qualify (12.8%); ic-hits=0 fires=0
=================

=== Display Check ===
Pixel count: 2
First 100 pixels: 2 modified from gradient
Stopping heartbeat thread...

=== Display Surface Stats ===
Size: 1024x768
Update calls: 0
Pixels changed: NO
Initial checksum: 0x3fbf8040
Current checksum: 0x3fbf8040

Sample pixels:
  [0,0]: 0xff808080 (A=255 R=128 G=128 B=128)
  [10,35]: 0xff808080 (A=255 R=128 G=128 B=128)
  [100,100]: 0xff808080 (A=255 R=128 G=128 B=128)
  [512,384]: 0xff808080 (A=255 R=128 G=128 B=128)
  [1023,767]: 0xff808080 (A=255 R=128 G=128 B=128)

Unique colors: 1
  0xff808080: 786432 pixels

Framebuffer saved to /tmp/pharo-display.ppm

=== Test Complete ===
